entity,brier_score,decile
Q229166,0.04784078991175553,7
Q158250,0.030773313590086053,5
Q210462,0.03448796810503222,5
Q229021,0.022974809171256314,3
Q154421,0.01629122779227737,2
Q229223,0.04091587046601576,6
Q436996,0.03649650855244216,6
Q320218,0.012874478153680344,1
Q59314,0.06088469804942788,9
Q124112,0.04265362967977329,7
Q212518,0.02704120017402909,4
Q228871,0.02849785523853611,4
Q448876,0.028385252325753424,4
Q2657882,0.029195884127198916,4
Q142546,0.034092492273135,5
Q69171,0.03367963548098037,5
Q1374481,0.059807711258816974,8
Q315083,0.039075762135582254,6
Q905187,0.02401623990645556,3
Q299309,0.029189441501366906,4
Q233618,0.03840143323171825,6
Q460457,0.03262581911972481,5
Q259461,0.04781469940211185,7
Q438065,0.03352554585937404,5
Q88896,0.049414328334165404,7
Q302650,0.056604036553221534,8
Q709509,0.05404308288890264,8
Q236472,0.042074596680927015,6
Q86632,0.026757989889471045,4
Q938423,0.04192839116670788,6
Q386349,0.033270952902504265,5
Q155378,0.03461512965155309,5
Q239075,0.04427873706372035,7
Q723404,0.015303392091483445,2
Q1277039,0.028748110417350748,4
Q110379,0.03888544553921296,6
Q716398,0.03897465594386022,6
Q7171604,0.036867610012653804,6
Q3441473,0.049451270131545044,7
Q2473293,0.06977524099233509,9
Q955818,0.011259885001161894,1
Q73272104,0.020295598897649942,3
Q234344,0.025356264763543333,4
Q79178,0.05304639645337233,8
Q5233363,0.03026452467057848,5
Q496503,0.026596966509433828,4
Q314606,0.05254387235569112,8
Q268311,0.03287755752684695,5
Q930937,0.026273078185549182,4
Q266313,0.03058088941004439,5
Q40299,0.049177992426133986,7
Q538542,0.05831755589504457,8
Q335587,0.029682703280901966,4
Q28943186,0.03047292964167641,5
Q939550,0.015805511892902687,2
Q3559331,0.029425614181442135,4
Q3074028,0.03350965403875018,5
Q976165,0.014973025678447001,2
Q50574810,0.0641945031317573,9
Q84765,0.05017592437267924,7
Q454944,0.03510057772499537,5
Q460262,0.002965895508727734,0
Q380180,0.04599263070092447,7
Q975046,0.021243244078976535,3
Q71412,0.016470254165596904,2
Q2713545,0.06530458894929853,9
Q3367717,0.03187102705162163,5
Q354462,0.04457258053267617,7
Q447862,0.04006493263359954,6
Q725650,0.02196682375072169,3
Q4673343,0.04179624705736011,6
Q1281170,0.04260544598231131,7
Q356331,0.028305642191925863,4
Q75559,0.04953918085717735,7
Q3379202,0.07720047492159121,9
Q1319770,0.025297382582903413,4
Q15528381,0.0453698809871594,7
Q6761944,0.014664299514237266,2
Q2576513,0.03925989204117918,6
Q457410,0.004902680840923701,0
Q10898133,0.010306207700714987,1
Q350506,0.05337770746324562,8
Q235489,0.038046512799023074,6
Q3181396,0.021050034898710362,3
Q592524,0.058451147154102955,8
Q4678398,0.014360579361754104,2
Q435487,0.059734875895151446,8
Q2900955,0.0004960505100704574,0
Q3050472,0.048323673987369295,7
Q2118568,0.0347172598555433,5
Q109568963,0.034842952129249344,5
Q777625,0.04302113625736465,7
Q3046262,0.04660855898591431,7
Q111238,0.042608145961477,7
Q3026948,0.04000818102646898,6
Q174930,0.024287040007903198,4
Q975203,0.015508299059326512,2
Q110314832,0.03898134076698609,6
Q5058003,0.058913105601020255,8
Q90029,0.00916317157247611,1
Q2925059,0.03181951016255049,5
Q1035938,0.03029010525910539,5
Q1585851,0.008135527055991515,0
Q2049922,0.028875274495669324,4
Q3103203,0.017689913683728364,2
Q725070,0.04989257397919095,7
Q18206549,0.023076259576656898,3
Q4748667,0.031024442253526217,5
Q2461823,0.050832363488017736,8
Q2067384,0.016420310511044617,2
Q242778,0.021136753461035235,3
Q1421566,0.03746207214440286,6
Q354603,0.022672390259401896,3
Q3370617,0.041396549597799606,6
Q4704371,0.025869848172936236,4
Q1062414,0.03864823244959027,6
Q5213674,0.03695656344049676,6
Q17403476,0.04622096718435065,7
Q454379,0.04911191540100288,7
Q559007,0.029509317756042736,4
Q3505991,0.029969096721704582,5
Q1226205,0.012880830253143839,1
Q86336,0.007266578725637352,0
Q12471431,0.012106363927592604,1
Q5549551,0.06922225514245357,9
Q4485021,0.013915819269495682,1
Q7349286,0.021231453032732,3
Q3434086,0.05663972592993973,8
Q597985,0.011061755246056348,1
Q16218779,0.03951260097259205,6
Q3291420,0.05635608085848282,8
Q937805,0.023636322616048113,3
Q3431313,0.046549090489294793,7
Q3536295,0.030549983136295398,5
Q26923822,0.05276483947908026,8
Q2928904,0.023096945166295953,3
Q2207669,0.03552651117023263,5
Q11216625,0.02891915918538693,4
Q16090757,0.061605317719847286,9
Q3783485,0.02993727543281758,5
Q9004686,0.07928623212981543,9
Q110757,0.05260796788439149,8
Q3818856,0.03786430903492558,6
Q2863647,0.05464225511262368,8
Q104766,0.008739033800599644,1
Q2052882,0.037312311207668314,6
Q7245624,0.042250554305249356,6
Q1248813,0.036932631034628856,6
Q270081,0.015646109406514383,2
Q538842,0.0618576491045997,9
Q2551259,0.04470353359890535,7
Q3179060,0.010425806371674803,1
Q16224236,0.00936678129655382,1
Q3175098,0.0411379054632803,6
Q7490953,0.06620083716392408,9
Q2735756,0.016835369338605754,2
Q3815699,0.06137887663062573,9
Q23615571,0.013214894369199827,1
Q1617424,0.04309368351109526,7
Q94907475,0.014643655474421882,2
Q6115262,0.059568035780342886,8
Q3900863,0.020047533541608712,3
Q3302338,0.013814153207086385,1
Q443575,0.056236965277364395,8
Q12506459,0.054011453650503104,8
Q7300380,0.012699551692848863,1
Q15498620,0.011456202686999909,1
Q33026764,0.024605485157134212,4
Q3784506,0.057378219351823134,8
Q7363882,0.0639808481716921,9
Q4027099,0.01830526672686052,2
Q1700357,0.03772476142902714,6
Q3560666,0.04826569922924819,7
Q210792,0.01657054499038165,2
Q3308948,0.05244733144372451,8
Q11837826,0.029153540009368407,4
Q23072512,0.015538448290152525,2
Q455029,0.014815896943185717,2
Q2159268,0.0005796664200178027,0
Q3389623,0.01635568599896305,2
Q15509115,0.03319496892148879,5
Q3505614,0.0016684885174269983,0
Q669144,0.029483555481801475,4
Q28001783,0.06516138663444576,9
Q1600880,0.01371792982156508,1
Q95814,0.006312841454452823,0
Q432332,0.027618165768456944,4
Q7851089,0.04236917835652957,7
Q3543348,0.022404743326355628,3
Q4828887,0.018884713373615667,2
Q2256714,0.02242071889585603,3
Q5748042,0.02735667179852636,4
Q439874,0.020093573318073293,3
Q5142021,0.05195658895669931,8
Q7641468,0.06819342281658519,9
Q1688983,0.00998355496104644,1
Q2159369,0.01365369468146721,1
Q3185910,0.012206448532835612,1
Q2533146,0.051909708434589495,8
Q18715957,0.006961679143620248,0
Q152020,0.04299105876640931,7
Q94698650,0.049039771869504,7
Q5129225,0.09334656321524858,9
Q6161055,0.040316730360728074,6
Q2341270,0.014604517198697792,2
Q532229,0.0019768141705231368,0
Q5257627,0.014979102927595026,2
Q3544809,0.009642598966169497,1
Q2960982,0.015464737487588637,2
Q2353036,0.07511987094910841,9
Q3082481,0.05346823238354121,8
Q1874966,0.041008555275879696,6
Q23731498,0.04226008086522517,7
Q276301,0.015772173311380002,2
Q22662868,0.047292381915999986,7
Q3564998,0.026079449501911506,4
Q732161,0.04089500178868573,6
Q1711950,0.03376438421317565,5
Q72126265,0.04982977562876369,7
Q21122386,0.031411827418453074,5
Q3237653,0.040404468865036035,6
Q5460727,0.0476410258803495,7
Q639236,0.04335483080543552,7
Q517689,0.025807721658505797,4
Q7332058,0.040935157602253844,6
Q21078137,0.06557302249445242,9
Q1581669,0.01932022001688183,3
Q103066582,0.013966613855909658,1
Q2837277,0.06117066520253972,9
Q16163821,0.003126157714881193,0
Q11838533,0.026229015806408528,4
Q3426714,0.03352212553952808,5
Q16188616,0.029106986915336884,4
Q4269666,0.0004035689253139591,0
Q15644544,0.024923631536123966,4
Q5405327,0.04777955367192872,7
Q6759968,0.021965470440736726,3
Q3556367,0.023338366840876777,3
Q3550232,0.07300123868488925,9
Q16006472,0.04280801428679238,7
Q1239525,0.03601019977879278,6
Q3013892,0.043614930148570805,7
Q3510133,0.02254681458253716,3
Q18633966,0.01463908788441169,2
Q6204806,0.08054753729652488,9
Q5263755,0.0678515843106351,9
Q3575591,0.004247844513937272,0
Q6551638,0.032045277576107374,5
Q23887610,0.04479783076487524,7
Q2941851,0.03658466903401963,6
Q6200824,0.041559139768225194,6
Q5443899,0.06631011477122506,9
Q7041818,0.05135005641407886,8
Q18001519,0.02702976424725569,4
Q16731523,0.04308154989139495,7
Q56600101,0.05695082292582905,8
Q781753,0.019380479941962427,3
Q5096407,0.06730706523476047,9
Q1232334,0.0010356935380477765,0
Q22959281,0.06729928127583328,9
Q712823,0.06267909807705373,9
Q3081359,0.08459685182987804,9
Q132915874,0.04967574347121265,7
Q65067265,0.09450597561242455,9
Q225456,0.046140168329892074,7
Q3341029,0.03495128381611206,5
Q3611682,0.02820149572670049,4
Q12524009,0.031066954341057447,5
Q6761982,0.025632560402305965,4
Q2829659,0.03480722369484858,5
Q522038,0.051254655538280805,8
Q991475,0.06797428412714851,9
Q54820920,0.010103551168221474,1
Q3160617,0.014069958147777943,2
Q915980,0.040728328838969645,6
Q1189618,0.05220555857328439,8
Q1448212,0.052724051866436625,8
Q97486040,0.05111358517944859,8
Q16106999,0.054470186218513995,8
Q7660212,0.045425165982648695,7
Q17386334,0.029989023775014584,5
Q18715750,0.034101536064523055,5
Q4727017,0.021996451127726885,3
Q15815136,0.030125434425804766,5
Q5049247,0.05586334804915913,8
Q106602874,0.06033039601019052,9
Q11833634,0.02221479795237271,3
Q5882331,0.03180125537178877,5
Q1804820,0.03748849156347347,6
Q723461,0.025634222838690664,4
Q6129432,0.01513489297100316,2
Q4885794,0.06540295479043852,9
Q5930636,0.015333142383550926,2
Q2592153,0.032560305842212145,5
Q3069199,0.023596316430610546,3
Q3435742,0.014387657747745912,2
Q96201,0.02832319123494484,4
Q5547470,0.054594408574276394,8
Q5301561,0.06992784826812258,9
Q3784116,0.03481569589750668,5
Q3163544,0.027912934968073306,4
Q7505879,0.050973080807297094,8
Q3309478,0.01233625007580036,1
Q2216690,0.008729718731386189,1
Q7368304,0.04367084279590422,7
Q21483297,0.05380206797541013,8
Q2939610,0.04051819471248665,6
Q2975115,0.018414916221336595,2
Q105386602,0.025032024350529047,4
Q57593237,0.028922055363469455,4
Q21476378,0.049802370895821624,7
Q5106863,0.011997043341303212,1
Q5673233,0.03367911728452531,5
Q3591442,0.04731165941990338,7
Q4935608,0.0369776403777647,6
Q60473879,0.042229101917440344,6
Q12486446,0.00351397590765693,0
Q506953,0.01814643655863719,2
Q17410945,0.020860089994199495,3
Q95391821,0.023000197267415767,3
Q15515416,0.012548619841236239,1
Q3089651,0.08422814008294809,9
Q6860815,0.04810689630791669,7
Q5170419,0.04698549384009365,7
Q5239053,0.01648470042046655,2
Q3538225,0.029463263427069633,4
Q2165483,0.04669715182850497,7
Q1352452,0.039538888687554195,6
Q22673847,0.01765522595752799,2
Q19667270,0.005965313324180595,0
Q30232303,0.012746246540617437,1
Q7322792,0.035313256555508064,5
Q22958059,0.045932012753110554,7
Q94268182,0.06440556781818133,9
Q4754421,0.060076709356756144,8
Q12497946,0.010558826275573283,1
Q19946603,0.01357107805281572,1
Q41715,0.035240712550693026,5
Q16213612,0.021621619483533285,3
Q4898911,0.038788036623062835,6
Q2855860,0.039528457457424525,6
Q1500209,0.032093850848670134,5
Q4683085,0.06215769190977553,9
Q535126,0.03367602363533222,5
Q2412670,0.06539293143828813,9
Q6289364,0.045215667776987635,7
Q63031848,0.038988133589431435,6
Q7821298,0.028205472381105372,4
Q100792115,0.023239862081100085,3
Q15966750,0.012852679323909218,1
Q21035820,0.03330080182634895,5
Q12970176,0.024733798777857488,4
Q97153932,0.02035962008476826,3
Q98830684,0.022242526138867125,3
Q19502471,0.026371083059515972,4
Q21517313,0.06353912294329687,9
Q5769365,0.05524977035041129,8
Q24451590,0.08115042951036879,9
Q6377203,0.04580372825601158,7
Q3293090,0.02783199369561889,4
Q3173285,0.009820949393149397,1
Q3514655,0.06895367786629839,9
Q5349475,0.015135982227425931,2
Q93101789,0.0010722080325680351,0
Q7861641,0.01473031895788376,2
Q100233515,0.02120855428340335,3
Q62675840,0.040451736840930376,6
Q7366909,0.057679947833429626,8
Q3524958,0.01448865615321082,2
Q3958239,0.054169074963645945,8
Q55675042,0.025807860108202952,4
Q24059375,0.0032448552322964096,0
Q6079884,0.028048443710050653,4
Q18210661,0.028904632202692626,4
Q5264808,0.01749793285601379,2
Q95174209,0.05433387123835538,8
Q3645482,0.03679442955874847,6
Q3515360,0.0021559237741047253,0
Q16631862,0.04845215647310587,7
Q3441245,0.03208421593273743,5
Q6306866,0.021862181128172967,3
Q64482025,0.039156751349162605,6
Q6408925,0.030406939542258028,5
Q22077815,0.03873604691910222,6
Q6577204,0.05217090793699223,8
Q687484,0.027414684319021696,4
Q7399819,0.05861480020868318,8
Q136325266,0.0646339802803203,9
Q2978305,0.049991800589588166,7
Q7831200,0.08716184900611675,9
Q15460937,0.04705150739443944,7
Q12484109,0.05011905928143245,7
Q7537856,0.04069969143490932,6
Q1550747,0.030871301804972634,5
Q123508788,0.0010895925782806726,0
Q55231409,0.027970992633007685,4
Q20457401,0.07015487021535399,9
Q31187108,0.04667894302188178,7
Q110640735,0.022256127330533473,3
Q12497096,0.042374909781849684,7
Q1477187,0.02577557014645461,4
Q4891560,0.03474780230903741,5
Q21063745,0.019034083724559992,3
Q126872623,0.04310989143975128,7
Q7416091,0.04092925139743798,6
Q10346285,0.019342304826570605,3
Q5415005,0.03965748918132214,6
Q3545304,0.062161497799990875,9
Q12701951,0.024289627463029373,4
Q2129151,0.02499442303315325,4
Q22928530,0.06415435797897368,9
Q1381773,0.012900242351397587,1
Q2039725,0.010512052245011802,1
Q22277117,0.05466569968078301,8
Q15711150,0.0265913375011313,4
Q861955,0.035849336673997,6
Q50841052,0.02342146323613475,3
Q7516933,0.0013244940386756567,0
Q22575705,0.04898038406875056,7
Q1737292,0.0008812737098461429,0
Q181028,0.022290002046585492,3
Q20974024,0.01221007426250545,1
Q5053442,0.00259368376813799,0
Q12512164,0.05892666418681299,8
Q2674063,0.02268936301114313,3
Q101008704,0.03052220412289788,5
Q12470536,0.021712476606582178,3
Q23900763,0.04393447269529155,7
Q4725874,0.06275499990029351,9
Q18354514,0.04157775633623816,6
Q12498460,0.018983154187952773,2
Q16138397,0.03587548623665548,6
Q1707890,0.06706514786675348,9
Q3067913,0.05139162089205982,8
Q22673548,0.057036866197437294,8
Q18684675,0.07324106796857452,9
Q84265938,0.041323887012254,6
Q3491453,0.06123722312102278,9
Q7147717,0.02309090368226189,3
Q14952263,0.03834788514603995,6
Q7129656,0.0302772046851578,5
Q95313857,0.04250161340259784,7
Q7684064,0.05392530037693093,8
Q7586356,0.0028335855093313015,0
Q7812515,0.06357365526086924,9
Q46996041,0.024119812827179864,3
Q95713809,0.018870533733061898,2
Q3514000,0.07678068607342553,9
Q13014261,0.03474492575279565,5
Q12971471,0.05207251175864563,8
Q3899134,0.05318960085306034,8
Q4347073,0.025010585867912535,4
Q95903101,0.021350507350530873,3
Q7380618,0.05435229409926982,8
Q3545912,0.059353770652114224,8
Q1448635,0.027321506272085155,4
Q2053428,0.0116781700773264,1
Q12471924,0.015327194347609985,2
Q30925980,0.021009240065927658,3
Q12710117,0.044157449391094596,7
Q116985802,0.037819626655386164,6
Q2634510,0.051467991824322115,8
Q5269022,0.02207432975360706,3
Q7698112,0.023800962582037434,3
Q124220636,0.040824453140999285,6
Q5267654,0.05287599981807616,8
Q7683925,0.03528350121588205,5
Q112858247,0.05900713143247061,8
Q116153705,0.034478200647949264,5
Q1613914,0.020308893878712406,3
Q7363866,0.019622406915236527,3
Q111011975,0.094281571637983,9
Q113535728,0.03546686923216873,5
Q4019000,0.045299233247529186,7
Q2735987,0.01192894103299682,1
Q129259255,0.0026427609382873958,0
Q7846939,0.020177804765626122,3
Q286458,0.06008057283872794,8
Q4724780,0.06287018120236897,9
Q22212088,0.012995831026371288,1
Q111837843,0.0603182349272852,9
Q67205124,0.00673525144883922,0
Q29535290,0.003125182160507664,0
Q7520252,0.010720823234989211,1
Q3064476,0.023266064320082297,3
Q4766243,0.015804060347211157,2
Q95625341,0.045380803284332825,7
Q116977049,0.015136701371569746,2
Q7246472,0.047111606924108124,7
Q6266102,0.06700289369596717,9
Q24059386,0.030634576882871047,5
Q11193668,0.05927668700739403,8
Q5273048,0.03941998560883975,6
Q12701623,0.04561617121355151,7
Q24250411,0.06119731745065906,9
Q95188223,0.012146401199681857,1
Q3336393,0.007620376576064751,0
Q11878279,0.046297174936908665,7
Q17388745,0.028517090415681862,4
Q42895106,0.03922750176098275,6
Q4275734,0.034063972133990546,5
Q3371765,0.018516437394008375,2
Q22915815,0.06602674746351414,9
Q95729806,0.04570768931865985,7
Q3942965,0.04933737054813885,7
Q55676799,0.05867601889107956,8
Q2874744,0.016816592974115217,2
Q2159203,0.04402601607950626,7
Q7384539,0.047827040022807646,7
Q16147148,0.05665726449711953,8
Q19596699,0.029497347414939697,4
Q5122239,0.014260170717011057,2
Q6238150,0.007846627020687372,0
Q21907057,0.05545758155972739,8
Q21005803,0.013110893289117334,1
Q4020064,0.01650088375548135,2
Q7811560,0.020903361501913593,3
Q5271527,0.01899895193930687,2
Q5494227,0.005548636570423627,0
Q94741713,0.03316411148617104,5
Q77378376,0.045586042162730996,7
Q12686251,0.003207814498636893,0
Q5297673,0.024467671961356848,4
Q25929925,0.04366978624905403,7
Q18275286,0.028835621967199746,4
Q22639398,0.06662321069086376,9
Q16091505,0.018338888498326385,2
Q16139312,0.033754690049457144,5
Q19896075,0.03702653790295298,6
Q99475391,0.0422923019344962,7
Q3516593,0.03605012260008964,6
Q63349157,0.028119458873016336,4
Q16199660,0.02438832335116838,4
Q29452236,0.020756215062886687,3
Q16146453,0.06491201951463955,9
Q20649361,0.0005973204124998296,0
Q21066326,0.01762815856721133,2
Q4794176,0.04222293618163487,6
Q7286442,0.015571506481610351,2
Q26859284,0.05247882587407137,8
Q16571330,0.018118142540552412,2
Q121384805,0.00558463617142228,0
Q5336284,0.02179700481777603,3
Q17411027,0.05294741039704297,8
Q1258751,0.014393872245132848,2
Q4924472,0.01324285859136234,1
Q7289434,0.05766822748784888,8
Q3545375,0.021640556427776313,3
Q4285628,0.006083997383381982,0
Q4707695,0.07714921925751275,9
Q16140718,0.0024219369439102867,0
Q24044607,0.037391721192900323,6
Q22811301,0.0227003377865722,3
Q1827815,0.007421161690490575,0
Q109941777,0.03379561428516319,5
Q7441095,0.005012257408916746,0
Q1707908,0.010827453953507534,1
Q59892284,0.03764208686064644,6
Q3144715,0.06383884546531765,9
Q109193318,0.040199381361219574,6
Q28723681,0.0081774073265098,0
Q6727052,0.001381814584450004,0
Q22116807,0.00443870534920922,0
Q125218515,0.02106870535831488,3
Q110094605,0.013408240711050502,1
Q110773804,0.03301503150711375,5
Q11132344,0.06715060564122621,9
Q64875560,0.02889904227855157,4
Q7246462,0.06369427087060572,9
Q53234193,0.05176087461666275,8
Q20090423,0.02615906173714096,4
Q111444892,0.004963990799067217,0
Q4820082,0.02599710192945295,4
Q66537058,0.03107743058574405,5
Q5435180,0.04406081271521287,7
Q108102272,0.031955495628304645,5
Q4779207,0.01563268752904228,2
Q20462425,0.07096471616166634,9
Q97208547,0.0172646888537424,2
Q15411441,0.03825131602497561,6
Q16765356,0.06501118262500323,9
Q19519495,0.014152235111399205,2
Q56793731,0.035396335324884,5
Q113468045,0.019032438871257242,3
Q55615287,0.04654865751972238,7
Q17600963,0.055664282229229034,8
Q12683097,0.014973463467745455,2
Q11033517,0.06168066326187438,9
Q6376383,0.03866970524719943,6
Q134359687,0.06128334018739254,9
Q110193269,0.013800705668953459,1
Q7490479,0.03934537292046626,6
Q106554714,0.024223928436953063,4
Q16200949,0.03886099451038072,6
Q18205147,0.012014051088562367,1
Q15874560,0.04794754912750453,7
Q16240581,0.022577837466797184,3
Q94751642,0.02953612569012045,4
Q16434250,0.050346501635278575,7
Q28839224,0.030202102253434237,5
Q69701153,0.031395425419456335,5
Q7932909,0.026695559812219893,4
Q18221699,0.07093498295143547,9
Q43900383,0.041321587719662184,6
Q4983402,0.03194446388895992,5
Q7154747,0.070265785147502,9
Q126598613,0.045158793759984155,7
Q96210757,0.05177960000816909,8
Q22704642,0.025204292368796045,4
Q12477273,0.03425554569876034,5
Q113129696,0.011731043649990279,1
Q12500927,0.032015170129254235,5
Q14878777,0.05739708192347914,8
Q7423276,0.014653160209862024,2
Q94811043,0.03342976757392797,5
Q114353704,0.004096020800126121,0
Q17411279,0.004966542630350119,0
Q3543596,0.08000641166166875,9
Q4762471,0.018747205373254226,2
Q3309491,0.011003526980888469,1
Q3130469,0.020698847333370768,3
Q123463359,0.008480774250878656,0
Q119267237,0.0023264253217881166,0
Q105965964,0.02173242692088,3
Q95789280,0.08124679911484507,9
Q12482484,0.03800328302449264,6
Q124711883,0.013047762593564972,1
Q94828195,0.0675273492538772,9
Q16147361,0.04691251417038462,7
Q3470622,0.02256844482017148,3
Q2878879,0.07166337784971959,9
Q438834,0.08409148750563208,9
Q4777873,0.03835479540666699,6
Q19630122,0.016756699597141794,2
Q38091188,0.03607839813038134,6
Q65321197,0.03423699640828837,5
Q96101267,0.01031724095484407,1
Q7306595,0.06846536306326399,9
Q16200086,0.051945529523911196,8
Q4874189,0.024863276021127548,4
Q18421319,0.06553136448737452,9
Q6828636,0.013623874381324431,1
Q85992452,0.051576075702131935,8
Q94774780,0.012564822009827134,1
Q95854841,0.01827533576419295,2
Q98138162,0.029278378062790256,4
Q135582624,0.033327305642344096,5
Q13118805,0.07636902635981266,9
Q20278477,0.019348277339304273,3
Q16200770,0.05434429259561814,8
Q5987027,0.030175191605036955,5
Q16218691,0.008121990198041275,0
Q579887,0.009001177473109752,1
Q55960462,0.0013265333847225778,0
Q95715333,0.0315484208513129,5
Q5065395,0.05263535641371176,8
Q16755943,0.03650569505365262,6
Q56050505,0.024049917100970288,3
Q29996170,0.03163742852176112,5
Q7238427,0.054698878439039304,8
Q16203105,0.02844113410609664,4
Q55314943,0.03413456019093917,5
Q19724008,0.019959757350289008,3
Q19944148,0.0023235918671891823,0
Q137907874,0.054983432351179466,8
Q7238147,0.05212973891403215,8
Q31174387,0.05161383585498768,8
Q109569141,0.014924408986356144,2
Q4055196,0.009251593252427623,1
Q108017856,0.02683378208808553,4
Q19580904,0.03277177517556554,5
Q7823983,0.02309642568279088,3
Q113517948,0.045271066310291305,7
Q6837219,0.05370301919179531,8
Q12494756,0.008922259820811098,1
Q5386533,0.04207155976429398,6
Q56399328,0.03846946550240568,6
Q18638571,0.03262661719666393,5
Q55517219,0.0340323808848061,5
Q14949697,0.043911725440511556,7
Q6379304,0.06255905767302222,9
Q29452944,0.051380319889182395,8
Q97210730,0.055450537654936065,8
Q4132013,0.014883421633419802,2
Q108488065,0.03565765063343356,5
Q42715085,0.015708096216166777,2
Q12488071,0.0014543969113898396,0
Q18223342,0.006119286680364734,0
Q6452313,0.041772353882806666,6
Q22935422,0.07287461596328164,9
Q116843275,0.03543281135757195,5
Q130391368,0.05089217708095784,8
Q13012767,0.05358656260986554,8
Q21005309,0.02205507221160626,3
Q120230496,0.03319525703859961,5
Q17410457,0.05467644812462158,8
Q1558550,0.03156739098822895,5
Q17517297,0.013144280232509737,1
Q48280216,0.05643722046520774,8
Q96863214,0.033231627516752994,5
Q12471999,0.051972163311056585,8
Q12684114,0.017151927456564957,2
Q10824774,0.0400820843177096,6
Q47454145,0.05767601209489598,8
Q4308848,0.0007722571881281979,0
Q61992391,0.08244733789234382,9
Q105062156,0.03411635019431979,5
Q60332404,0.010892149363171615,1
Q7042301,0.011689650806918878,1
Q98492771,0.01568368627413511,2
Q12503067,0.01747467487585041,2
Q19944092,0.042711345488982,7
Q21872295,0.03155770073997891,5
Q96314804,0.039392588429693814,6
Q28496435,0.0026368476318907146,0
Q4263183,0.019302282672542696,3
Q24631223,0.02034667432891606,3
Q103700719,0.06453035094096007,9
Q13015775,0.032364318399614,5
Q28530033,0.07576422627901788,9
Q16154619,0.03150886507225345,5
Q30641582,0.02967647791807825,4
Q113379135,0.039381061176879374,6
Q61099662,0.05237949800469122,8
Q14917296,0.014349127217735673,2
Q12485545,0.02438727198165437,4
Q6257880,0.05254310993235396,8
Q23007981,0.022426131386111804,3
Q4886737,0.061370469354607014,9
Q6167208,0.05467059871243664,8
Q12511661,0.03397093687806004,5
Q19739483,0.033418711792310714,5
Q20451004,0.027745586574583588,4
Q25467216,0.04013321735443987,6
Q130754285,0.025093903285261,4
Q127690033,0.010162029621884007,1
Q65161393,0.026000677428700172,4
Q127169113,0.08585499443157811,9
Q19666829,0.023064835311325218,3
Q113017160,0.05384811960366348,8
Q4776078,0.007565532910377107,0
Q124386717,0.03458168026357746,5
Q137787193,0.015929997787872515,2
Q112302389,0.03924887447031435,6
Q12495030,0.04064979288699123,6
Q7279109,0.01102246676022386,1
Q102046904,0.022844690293814782,3
Q5071090,0.007153824998535595,0
Q65280884,0.04461146258033808,7
Q137438140,0.015335582178887286,2
Q96055638,0.0572837064753333,8
Q6397435,0.016476801757945633,2
Q124060832,0.014187166663496027,2
Q50220690,0.06103114767792743,9
Q4898610,0.052335326483687473,8
Q49253715,0.05751397717744152,8
Q106214147,0.016981648387471442,2
Q12964258,0.07634670582262021,9
Q136231482,0.00108153535302611,0
Q18209420,0.04833741982008186,7
Q3644223,0.03977826002015445,6
Q133322953,0.020947465964305613,3
Q31194844,0.048628447154009206,7
Q106405479,0.05108278244730778,8
Q31173594,0.015228421862266906,2
Q115471944,0.018514032042296107,2
Q123762841,0.01723615072822359,2
Q4805709,0.02974578641600908,4
Q65028767,0.035871194124885444,6
Q21401964,0.025331363817880106,4
Q28500882,0.04356527248668477,7
Q16201343,0.009539402235394212,1
Q113814281,0.0019425590919832619,0
Q95895571,0.06389300592550752,9
Q993839,0.04702069037691045,7
Q97490432,0.018317360527382674,2
Q4262188,0.013804494369966306,1
Q109441994,0.004188013896433566,0
Q7435566,0.013779807951421566,1
Q17305700,0.09254986607225912,9
Q128516488,0.012433676092395712,1
Q13018450,0.03900596175377706,6
Q107774000,0.011767807990058832,1
Q130251102,0.008390759479692552,0
Q116771952,0.02380913933280729,3
Q61103027,0.031385733905727624,5
Q12496541,0.038767531609018996,6
Q28724375,0.07355022537060814,9
Q111600669,0.0015824560168447052,0
Q5673766,0.0318170411456019,5
Q16235834,0.055763885966643396,8
Q137738885,0.09769072216152573,9
Q12564818,0.06554296767691085,9
Q100994186,0.05169807043014714,8
Q20858091,0.03209104861315102,5
Q65807797,0.024809383242999413,4
Q7295459,0.014412384644948139,2
Q107646081,0.02927133137126378,4
Q16232648,0.029629526054934553,4
Q13020339,0.004082944035662199,0
Q2651337,0.04088562528354914,6
Q61110634,0.024642756587019966,4
Q97704951,0.024946667592174687,4
Q12479366,0.060748950951747545,9
Q130278365,0.02848034923760784,4
Q12482879,0.04359997401512513,7
Q12965224,0.06854204281918704,9
Q31186972,0.03896638081284719,6
Q22662900,0.0287118047962086,4
Q12482607,0.04365353835154508,7
Q132777569,0.010838165293108926,1
Q117481092,0.019012159488595134,2
Q5488622,0.03161560235184184,5
Q79666013,0.06660454948553585,9
Q25470075,0.026997483882219928,4
Q12509231,0.01612489678845055,2
Q118990877,0.04454455387029082,7
Q136528395,0.00890058132197428,1
Q59653187,0.04811075353735367,7
Q11264345,0.05896778654660941,8
Q138710367,0.015928020170186658,2
Q97206434,0.023825995201913506,3
Q16141660,0.015074447583202507,2
Q109437055,0.01372359311774574,1
Q31173773,0.0276963631533796,4
Q99911867,0.04283681782841481,7
Q7246456,0.01950754156862196,3
Q94329023,0.033259784128486,5
Q12479393,0.03346054412379026,5
Q106504350,0.003879265039549399,0
Q111804736,0.04465140213776129,7
Q103453675,0.05182203221021364,8
Q66829481,0.019439093317850126,3
Q11223053,0.03209477034359514,5
Q6270224,0.06828729371489985,9
Q12500351,0.03419519819881796,5
Q47455329,0.033296637683344524,5
Q23807271,0.019628225663299883,3
Q113017819,0.01759760241517026,2
Q76621276,0.04802565900219074,7
Q6019564,0.03932992080156535,6
Q12499821,0.009359828132114598,1
Q20557954,0.05580206340666557,8
Q130219820,0.007649933701292588,0
Q131722567,0.023064386281031305,3
Q65223036,0.04818927666702801,7
Q5248115,0.040103877282898465,6
Q12507468,0.02527520418592859,4
Q19891740,0.07014988965734734,9
Q86904166,0.01600453561982256,2
Q4740295,0.0660599777130637,9
Q61116954,0.035238895967751975,5
Q56064990,0.008213896310982766,0
Q12500704,0.011987185730618086,1
Q12481311,0.011118619112737652,1
Q16233427,0.031409733021742436,5
Q124062215,0.021505619777631064,3
Q20457762,0.007784797166368324,0
Q68760644,0.039960720574681856,6
Q61116848,0.030794195878566473,5
Q115915483,0.03053023317272215,5
Q13015944,0.051108136942395306,8
Q112682966,0.004191235711995224,0
Q109801667,0.022800299938720996,3
Q13014749,0.05028717699924055,7
Q25466693,0.015221367553276457,2
Q85984175,0.026764148674341137,4
Q12494329,0.01679153433580715,2
Q12481757,0.013181964386143753,1
Q28723733,0.01359724808263838,1
Q12682697,0.014737420831789935,2
Q130053588,0.01736530936056064,2
Q47455370,0.04721155763141108,7
Q19943576,0.05680421537636899,8
Q25484819,0.019042693588088144,3
Q57242277,0.01975430772740889,3
Q25485146,0.03445660334409784,5
Q19665776,0.004279261420184295,0
Q136881332,0.0018081263343367848,0
Q100606519,0.028844403209510757,4
Q114414303,0.0073073473546543056,0
Q21284544,0.009854892395977883,1
Q61116915,0.05504934069388332,8
Q136163714,0.004541278400271618,0
Q12499351,0.013878152152563387,1
Q23712687,0.019129063481484503,3
Q7418981,0.0452893042803569,7
Q51760499,0.013997099139052045,1
Q65203646,0.043428566171098096,7
Q33124650,0.04024486641027386,6
Q65280812,0.04896429450993506,7
Q109433280,0.013844446370781669,1
Q12686223,0.02286065897288245,3
Q124630040,0.043873159548854325,7
Q20278489,0.022585686944572605,3
Q133465871,0.03896274658764828,6
Q47455411,0.06969749363964514,9
Q12470889,0.024940478794266398,4
Q12508449,0.03391635102201287,5
Q63344532,0.03845388571720801,6
Q30339519,0.015177957838916813,2
Q12489660,0.027852001671451555,4
Q11123853,0.01580378772851101,2
Q85267323,0.06284204787923345,9
Q25470448,0.049777545474370015,7
Q64211096,0.02072422487300969,3
Q66019365,0.014505946305951567,2
Q12484223,0.0026185109272635473,0
Q97223290,0.06510783134156578,9
Q101108241,0.07078589929172886,9
Q85199738,0.014308490874149045,2
Q106214982,0.01943700687832556,3
Q22278395,0.03191993397360801,5
Q24053400,0.042114750926924065,6
Q56705877,0.049927586748959474,7
Q47455399,0.0026250742310928105,0
Q12501396,0.029501325391300324,4
Q101249655,0.05839466791814603,8
Q24006720,0.05097934318930724,8
Q53821769,0.04090595521629854,6
Q107315827,0.023322193953124366,3
Q47455339,0.06989159389032928,9
Q26236875,0.007955559227480171,0
Q124128363,0.0625962505496286,9
Q17410736,0.024864800407804494,4
Q12472848,0.00825813064814005,0
Q137428137,0.03207770927956477,5
Q124077029,0.020959567955249864,3
Q85994991,0.011589308636999316,1
Q19743836,0.06953034212470584,9
Q13023981,0.018789136433855595,2
Q20456808,0.03629257540366712,6
Q20675996,0.07454370562204675,9
Q47797596,0.05440556495574766,8
Q12472009,0.03883963054017867,6
Q8071288,0.055424628384014275,8
Q19724719,0.035048564908208346,5
Q31185992,0.01213569598038253,1
Q97332821,0.009617535066840197,1
Q12682656,0.06816975502475396,9
Q19725698,0.03303092407567314,5
Q107637293,0.02039162881641671,3
Q23007672,0.008828040661647035,1
Q12481731,0.018701270035262244,2
Q31500799,0.033654397548966104,5
Q25470837,0.04204216271803952,6
Q13013688,0.0065064772654278595,0
Q17411777,0.06845155568035594,9
Q16217633,0.024373261355612522,4
Q47455366,0.05987735424126592,8
Q60194461,0.04825082278390042,7
Q65281221,0.05479145978657614,8
Q122124595,0.015040571723805565,2
Q61118365,0.08036693487215567,9
Q31350973,0.005824253937822244,0
Q19745308,0.008781451049784615,1
Q20458189,0.02224861334682934,3
Q76490206,0.02243900280090094,3
Q85628333,0.004945682080566814,0
Q110952382,0.0013997403981013982,0
Q25483928,0.06377203853016959,9
Q58236564,0.015427320839742053,2
Q124259339,0.021170421056743386,3
Q47496199,0.01770751927275729,2
Q107641637,0.023167551325013018,3
Q16138763,0.004173925326590477,0
Q131994620,0.011624603087350898,1
Q61117062,0.039279496347577575,6
Q16140572,0.001795266934181179,0
Q132146261,0.04461276932241312,7
Q61110821,0.07061600830154531,9
Q132125516,0.04257186162988515,7
Q113624734,0.026084855978575093,4
Q132519133,0.01210536501361248,1
Q7398625,0.04472523125407238,7
Q132734345,0.04424280995804354,7
Q101777750,0.03579674383154371,5
Q25483886,0.04440008188211705,7
Q132657917,0.011963539821650465,1
Q68059977,0.024934926252122843,4
Q132798813,0.014752805801315985,2
Q132773941,0.0409439430825169,6
Q132774069,0.02098081834564563,3
Q132774597,0.0215836065299106,3
Q132814372,0.07563089149553238,9
Q133187651,0.024369014545771735,4
Q133224893,0.03351643233351874,5
Q132657638,0.009874418889120093,1
Q132529653,0.013618195427411552,1
Q132313812,0.003816331740542376,0
Q138667109,0.041563962624602616,6
Q132125036,0.008999851288871687,1
Q31185865,0.04363288268949653,7
Q132716670,0.01848436197040771,2
Q57275980,0.011228496025976387,1
Q30323716,0.059785849985574596,8
Q132795030,0.042433219369631014,7
Q132795138,0.03840498504586958,6
Q125536738,0.004447568149773093,0
Q133189142,0.03623657383362745,6
Q12685820,0.040303293644221305,6
Q62018383,0.010645206349999763,1
Q133520855,0.03817937486397371,6
Q118696889,0.0618900286004269,9
Q119336118,0.036829798068774094,6
Q137594869,0.018541947516707857,2
Q97587202,0.00020010992148968015,0
Q124323372,0.034656765728533497,5
Q21290206,0.03734986262990399,6
Q137602514,0.04634400854446091,7
Q132313829,0.05321545475879807,8
Q56399463,0.011728525038335495,1
Q138592490,0.05734960766000303,8
Q138634527,0.013318752428545475,1
Q132773937,0.005953479499996472,0
Q25482579,0.027077762118435718,4
Q28086251,0.031084397821315793,5
Q131845247,0.051096739449250486,8
Q107041827,0.0035426210027388488,0
Q137598294,0.06310356245210623,9
Q128034803,0.05156366587017908,8
Q128034796,0.028239054588022346,4
Q124742033,0.06323703266758017,9
Q124562105,0.04597014307401554,7
Q130535326,0.07059703653504934,9
Q136815868,0.04025541257535746,6
Q135107862,0.032012089484880886,5
Q137737455,0.024196314490612096,4
Q138581034,0.048625374010635124,7
Q23872312,0.0003193874371179429,0
Q28870219,0.03891013252716141,6
Q32540431,0.032147630859602205,5
Q4285754,0.04406454316456527,7
Q53764574,0.029078619724483883,4
Q56224062,0.03915537090425173,6
Q61115788,0.07145430389227539,9
Q65205474,0.014781558917785964,2
Q74788717,0.010456035783975226,1
Q96376795,0.0005982736467346899,0
Q97215360,0.01122787928848079,1
Q134237654,0.022118678445573567,3
Q123734955,0.008664162535859238,1
Q99975986,0.024883761800762925,4
Q10321516,0.019149039080295333,3
Q116757962,0.033379256179986175,5
Q120000996,0.02907062118075822,4
Q103700496,0.003014960721382498,0
Q111029840,0.021798713828282378,3
Q109433590,0.0002540182946922187,0
Q106231461,0.0659872464297056,9
Q129927072,0.03325142423434713,5
Q108649351,0.06408327641984615,9
Q132569392,0.046418142197844105,7
Q125761928,0.008382976352104811,0
Q65205528,0.08096505937157931,9
Q12559849,0.020255039927634912,3
Q138581056,0.021839403962993324,3
Q27267589,0.015494621988782082,2
Q130361369,0.02959652818507221,4
Q124961812,0.024688319114641255,4
Q97307444,0.08450817355221418,9
Q124664099,0.039822167930440924,6
Q134237624,0.014044074726821834,2
Q16016383,0.06077845588263735,9
Q134544703,0.0329228158222219,5
Q22973137,0.0439123182528049,7
Q112113402,0.01157714590777881,1
Q134237459,0.05137646691281191,8
Q134237579,0.014742426174196972,2
Q113138258,0.02003634468196219,3
Q107419713,0.014452049419424655,2
Q55682730,0.06782499864908244,9
Q113141901,0.026909678437774944,4
Q106981875,0.026038527185386722,4
Q132673371,0.026961175128745424,4
Q134426829,0.009119223074962645,1
Q22002920,0.0572323665510265,8
Q26721194,0.05487653541738256,8
Q136407455,0.001360464024289455,0
Q138581089,0.026079571768275106,4
Q16147480,0.015957393005829695,2
Q10954388,0.007260260453145682,0
Q124000100,0.002820292780000646,0
Q124211981,0.04219112340515823,6
Q119238839,0.06074388661797605,9
Q138604205,0.0431554387533885,7
Q124413518,0.029582894259438733,4
Q96312581,0.036815017910841095,6
Q125050350,0.029789571724903173,4
Q12516585,0.0525578897752491,8
Q126457062,0.012104307839068002,1
Q112108050,0.0015741649793244335,0
Q16646126,0.043924696566030645,7
Q136682868,0.02009505752788184,3
Q117466322,0.03844417638637133,6
Q129261893,0.05748994386862225,8
Q61125177,0.028794277838785933,4
Q117866217,0.04424411742573761,7
Q133850199,0.028232977224536986,4
Q134964479,0.006906719668787901,0
Q136387902,0.010786120105902536,1
Q136387865,0.020883439566768372,3
Q138604213,0.017618226380320994,2
Q20871826,0.016869650380302553,2
Q134960987,0.0245262188078668,4
Q137737411,0.02634720314690108,4
Q109417926,0.05272472953744428,8
Q23777999,0.01365750029509839,1
Q136402457,0.026470167677747958,4
Q115587857,0.07621419876228726,9
Q131309376,0.059860773141438124,8
Q130729589,0.046918227242506064,7
Q130963437,0.06069792638532872,9
Q133462630,0.05044653887655608,8
Q131387695,0.039459671428155506,6
Q118645018,0.017445190535375913,2
Q5747376,0.011646390835174613,1
Q116762424,0.015100891719851656,2
Q10327736,0.00561566283890937,0
Q117746016,0.009866799619123727,1
Q93491663,0.008972916560424617,1
Q107346214,0.06365491168527691,9
Q12485978,0.006834155531307667,0
Q113574571,0.02849595027431093,4
Q113497223,0.030982621606248657,5
Q33979056,0.0074717154988674424,0
Q33296353,0.0566825139484947,8
Q124344448,0.0021983697699225462,0
Q97214273,0.012892236908552188,1
Q116045182,0.0628676919472724,9
Q128789567,0.01971941243847591,3
Q109432198,0.03913508380867281,6
Q10347503,0.057078094835084,8
Q96625159,0.04007139303512297,6
Q16629787,0.05060738609450436,8
Q28038485,0.04334385789259437,7
Q61118214,0.04426150050854894,7
Q103825408,0.001038090190296632,0
Q22002895,0.03381703742836217,5
Q59795741,0.01375326108988888,1
Q108651792,0.06065750504454058,9
Q106547938,0.014179225838250334,2
Q56046816,0.05433392955741475,8
Q2690172,0.04375578307821745,7
Q27830972,0.04379174872125008,7
Q108137375,0.041832563883729475,6
Q108362607,0.04000943084979177,6
Q18066170,0.016408958357095077,2
Q120819463,0.007460168512746466,0
Q111651305,0.07290675177284757,9
Q101198603,0.010774370214645796,1
Q138581098,0.008425001165118,0
Q113324440,0.025078657288959173,4
Q134609073,0.012645116658244148,1
Q134649858,0.005249308020336362,0
Q111973351,0.023231912492560295,3
Q135713064,0.0174658546625108,2
Q113584818,0.014494061093863437,2
Q132508529,0.021440995794037927,3
Q136431352,0.014155200981178746,2
Q117433180,0.05005017696623116,7
Q131405091,0.014904349492347724,2
Q1310029,0.05507196142635333,8
Q116753448,0.012414764501076517,1
Q130632023,0.015150585133824236,2
Q137528106,0.010875192238441295,1
Q130341995,0.050449851767884676,8
Q123419895,0.04069224954471898,6
Q137855999,0.07562223082171446,9
Q125685281,0.010556142539060918,1
Q125148726,0.00980997263567055,1
Q137528040,0.020786471221969124,3
Q97233397,0.04015461136065075,6
Q99321510,0.05960109061713179,8
Q86741685,0.03006260495299913,5
Q4257638,0.006567358937794368,0
Q4218070,0.0033959911752465288,0
Q12519102,0.012014204693495812,1
Q116194537,0.03508831314566048,5
Q130263916,0.04434517395625607,7
Q56241612,0.031442969458469076,5
Q30456133,0.042790529948686304,7
Q113377249,0.05321172851204416,8
Q107559351,0.05957612534722845,8
Q10982012,0.05213800573413747,8
Q113126045,0.026755435592872558,4
Q138297054,0.05151276171093117,8
Q137862596,0.04906068661028335,7
Q137791605,0.014736986545580668,2
Q109943370,0.014481160679571468,2
Q111575534,0.02209182827833433,3
Q17274555,0.00795850298738994,0
Q29261553,0.03547915934025408,5
Q120661638,0.003844141364952836,0
Q18239188,0.02523733266937423,4
Q107447793,0.01160248360620153,1
Q28501379,0.0205859638147983,3
Q113014989,0.04899594891324669,7
Q2440374,0.06118143413352085,9
Q135716965,0.07567111468567135,9
Q102317107,0.036987523977146164,6
Q122416157,0.01885389445392978,2
Q10273578,0.04817088272378768,7
Q119073047,0.07762045473519834,9
Q10278266,0.018882273259451313,2
Q11899083,0.014919420048297532,2
Q133356148,0.048549355460343814,7
Q111989254,0.051464496468623444,8
Q110774566,0.014793924109110325,2
Q118956130,0.03602277990201266,6
Q16232570,0.05739658830911331,8
Q47009402,0.03240657732637529,5
Q16491119,0.027023647989497326,4
Q135689446,0.04511622869973092,7
Q3934505,0.02267220534036624,3
Q18479173,0.06543800197784426,9
Q19975035,0.022952028472314902,3
Q105705290,0.009161304330533809,1
Q135712630,0.007845822240855433,0
Q21418821,0.08412386882920211,9
Q132411738,0.016472976518045225,2
Q136361537,0.014225700082697535,2
Q136259669,0.03141357601673681,5
Q132672673,0.02697349370133168,4
Q6239077,0.020082302633140422,3
Q125968039,0.004307026794147283,0
Q76179,0.03203851788054496,5
Q2572143,0.011319865276886994,1
Q402977,0.032243271082564286,5
Q522308,0.06175689949636332,9
Q553882,0.05551070770681761,8
Q71775,0.06254192167715816,9
Q2669755,0.031562119603331905,5
Q554679,0.03584092111704219,6
Q1387214,0.05674799760871819,8
Q5786333,0.023766138017503508,3
Q215576,0.02350407172808952,3
Q15973310,0.031078960489426363,5
Q78110,0.05514615419938151,8
Q96951,0.014416950322418335,2
Q8561648,0.024169041598369755,4
Q3188520,0.00037177686997610096,0
Q72667,0.04202493312404577,6
Q707581,0.022814893651450556,3
Q51256569,0.029574711204393044,4
Q2960618,0.02668329077430139,4
Q3162739,0.021946948792884235,3
Q5723703,0.04003177676509876,6
Q1725615,0.0034407507550821177,0
Q84658,0.0724367280978412,9
Q77973,0.023001065373080557,3
Q215094,0.012426971978100004,1
Q1663225,0.03149207392128531,5
Q4985101,0.03839508161033873,6
Q437635,0.014762806424513152,2
Q1446799,0.0658379865280746,9
Q1309509,0.03353656956930757,5
Q20857381,0.018986345237035674,2
Q3736379,0.035786372481939006,5
Q8320752,0.05723263781584111,8
Q952391,0.04097083509159343,6
Q3645759,0.0434762357568543,7
Q1412785,0.048249562178812835,7
Q3014792,0.047174551388979476,7
Q3086097,0.05877343300709342,8
Q116107,0.03916690113198268,6
Q2958246,0.020554252257183155,3
Q2847653,0.03934999790921624,6
Q26203856,0.12448208763477459,9
Q1501277,0.04076070667793341,6
Q878572,0.027973779391505575,4
Q3311154,0.04963508464530576,7
Q73421,0.07381201414951417,9
Q2960546,0.056428740772700686,8
Q4204163,0.06873080458186001,9
Q737860,0.0021162089772581915,0
Q16058481,0.0049756908344755916,0
Q13529950,0.028550100106568974,4
Q2173848,0.008785525579440224,1
Q800007,0.007892922788212318,0
Q16162333,0.022006738011744312,3
Q447055,0.03452389773258062,5
Q1284218,0.02559307414335231,4
Q4286504,0.043554198197809535,7
Q18421253,0.01675717315354712,2
Q2033645,0.04937330875267903,7
Q15990,0.019591308870214194,3
Q118218,0.0091264751790273,1
Q3384546,0.024065087953732522,3
Q1730043,0.038348464412883115,6
Q11727795,0.06136774262628751,9
Q3992747,0.03159803097881271,5
Q22069385,0.03242234011863856,5
Q17410667,0.004445927639925996,0
Q2831194,0.012802531123958247,1
Q90832,0.03258934759142263,5
Q13085293,0.00781569234370617,0
Q61445991,0.021511492206803946,3
Q12017648,0.07612384394589743,9
Q7184053,0.0701557001449111,9
Q1098255,0.06371500980844169,9
Q124066,0.07602816291701424,9
Q1627558,0.016264643362362927,2
Q2159300,0.0017489526527882068,0
Q6220752,0.052729631402830976,8
Q3270809,0.03713188344033259,6
Q1605837,0.05715393557337827,8
Q1310924,0.02802115443982015,4
Q1528688,0.019348395963483714,3
Q766851,0.0426564052998049,7
Q21162731,0.04612937219080316,7
Q7486865,0.050692583705587546,8
Q107459,0.02758547205371759,4
Q3166541,0.0011249758058275057,0
Q1712485,0.022672138804598833,3
Q5956063,0.041934671028809566,6
Q1432067,0.03199197624537461,5
Q7132925,0.026484356861415655,4
Q6043923,0.03654264588119496,6
Q1512231,0.04355412110859176,7
Q1732423,0.043413719138467186,7
Q3426020,0.049717107678081414,7
Q5591343,0.009255939796353047,1
Q3141944,0.04425882419103256,7
Q1665855,0.021634130826553785,3
Q13219697,0.0722668032752233,9
Q12320734,0.039026215573703754,6
Q3761979,0.03463859834883315,5
Q1581454,0.0525590614434718,8
Q16092026,0.0512467587746655,8
Q3579794,0.04338741260743033,7
Q20734915,0.01689573453124738,2
Q17411603,0.02169048794882037,3
Q43425522,0.013577716665785292,1
Q123219186,0.019952986413960035,3
Q18421389,0.0029019765610329867,0
Q1560536,0.054179558853080095,8
Q1704826,0.04840462954322957,7
Q3081281,0.025505991274999643,4
Q1254219,0.04018749252388604,6
Q3622922,0.03195424686079795,5
Q4832158,0.040278724878355016,6
Q12487882,0.023709808822421855,3
Q65211779,0.003951983731504243,0
Q11984989,0.03673703380139904,6
Q1505387,0.011923674562289124,1
Q24579314,0.041467085015978414,6
Q3634346,0.041236154918799645,6
Q16176426,0.035177463253939646,5
Q1251141,0.030023953538509337,5
Q4895636,0.014707238138200076,2
Q7693889,0.057941709332646675,8
Q3317903,0.04322681736926556,7
Q1065283,0.035747906794613094,5
Q17411349,0.05173660474783077,8
Q96989513,0.024320906750724708,4
Q3383819,0.02194046565966537,3
Q129995724,0.01388786651001205,1
Q1696258,0.03208690423519598,5
Q15072931,0.048749212134196876,7
Q97590724,0.019557954136401073,3
Q1874979,0.029967187637058232,5
Q1471081,0.0931257820358203,9
Q7375677,0.030147684467831982,5
Q2847599,0.03856968114369669,6
Q17411193,0.053114822871751136,8
Q17410883,0.04014791402452469,6
Q2423563,0.070930555077631,9
Q16011375,0.06274195912465153,9
Q123308125,0.03678773615941592,6
Q1895833,0.01822284971726223,2
Q879213,0.010717977421684493,1
Q100975,0.001255823149715517,0
Q22276949,0.05194074998312629,8
Q1793914,0.050862824483011125,8
Q677684,0.06535815182279373,9
Q1677049,0.009806224014295817,1
Q2364407,0.020711659278030252,3
Q928640,0.02393987319351527,3
Q1363593,0.027327148549489443,4
Q974096,0.02097766081877319,3
Q1291073,0.057003820091818425,8
Q6832407,0.0168792852282442,2
Q122899,0.06089378734038251,9
Q21651798,0.021300648212540785,3
Q1580702,0.016085318924246687,2
Q1556597,0.063569687012353,9
Q1232751,0.0650555945130866,9
Q11763626,0.058669640917953736,8
Q21587810,0.05190459415716332,8
Q16267013,0.03032399212814186,5
Q25469775,0.03673013655496227,6
Q3421178,0.038181644315906586,6
Q115358814,0.046369370968134434,7
Q3639344,0.001559176400919691,0
Q96987564,0.004031882318838395,0
Q97592875,0.03164808286333911,5
Q7521450,0.018957552454577992,2
Q2280983,0.05863505574432976,8
Q1456545,0.03089241736643515,5
Q63438670,0.02008881724591647,3
Q1448515,0.012994328459053963,1
Q3098959,0.035465080466818025,5
Q585719,0.03369158492017741,5
Q15432395,0.010324890112104636,1
Q9031301,0.07501417401435358,9
Q3170818,0.0055998679183942345,0
Q124482,0.009225492079033304,1
Q63685136,0.017162896929474498,2
Q7823476,0.056851875629862964,8
Q1561093,0.0379554090644376,6
Q4858827,0.06721374076992878,9
Q2062322,0.027031917229942342,4
Q63726955,0.01829861143029161,2
Q108740856,0.002960121356041029,0
Q3183968,0.02625494650033733,4
Q5998873,0.012933865767550125,1
Q5591604,0.02831818599921917,4
Q5649009,0.030474376211738756,5
Q2977289,0.0660982823490244,9
Q7799889,0.048013311311068466,7
Q1503927,0.024527617154369352,4
Q16590256,0.02621924873992195,4
Q16301718,0.006977673680296845,0
Q269540,0.036338330959455586,6
Q5321659,0.012579379719566911,1
Q6193539,0.01109232330662154,1
Q1569201,0.014890148221362816,2
Q58343812,0.009331816024192158,1
Q8015747,0.07274452631562398,9
Q6771738,0.044622466672247584,7
Q2041009,0.0182013031131047,2
Q12068272,0.02337497106586956,3
Q12512517,0.02661512851532911,4
Q1825641,0.005400711551043432,0
Q18384943,0.02195386892356211,3
Q18574901,0.03975299151264638,6
Q16198933,0.020350847624854167,3
Q25589463,0.07710053913436417,9
Q13639184,0.011224468849214748,1
Q64373844,0.03773020696447835,6
Q1603334,0.008010459006229086,0
Q112228632,0.02308901212057097,3
Q1599691,0.008323798601442637,0
Q1476236,0.03770335817436021,6
Q111841090,0.037584267767233066,6
Q1557782,0.047708238305300736,7
Q7117548,0.028621920719704732,4
Q1709209,0.047138660469375204,7
Q941189,0.028203078583236726,4
Q3130566,0.03724543288062764,6
Q248802,0.018632486238826317,2
Q12511505,0.01914612247606408,3
Q16104398,0.012675719803602135,1
Q48437655,0.008564861785559206,1
Q24555656,0.05445802732895797,8
Q20963718,0.008386434877081394,0
Q6323772,0.03518335122099417,5
Q3570803,0.033520431953739764,5
Q16116349,0.023032378785423857,3
Q22277026,0.031233125554963173,5
Q18808295,0.0199195812861925,3
Q7372234,0.04188337063841484,6
Q21936564,0.02728003274003668,4
Q16560881,0.03739373155934543,6
Q1400465,0.037756139118787675,6
Q1582090,0.01063980265718294,1
Q1685106,0.05612080684691272,8
Q15870672,0.006572698524005187,0
Q19668624,0.006798320900688159,0
Q66777051,0.010483876643432522,1
Q1681943,0.011384786658962188,1
Q5263380,0.04189849024515678,6
Q1103863,0.026716511272072273,4
Q1360104,0.01814337874705091,2
Q1876613,0.022243264989141167,3
Q63804348,0.023088212264929443,3
Q2077027,0.040198691186014636,6
Q3372027,0.0699709236722531,9
Q3132919,0.018542258547438285,2
Q107168,0.03388417242138965,5
Q1663533,0.07761751949274105,9
Q1598190,0.036477096646716944,6
Q2847213,0.013902988432063364,1
Q47493011,0.01725476273391492,2
Q1619465,0.04599963968040135,7
Q21632182,0.01928594158205,3
Q1462339,0.021782289801213318,3
Q7877243,0.05122568496917889,8
Q19299287,0.022614518375219606,3
Q16214165,0.016686195100296255,2
Q1708053,0.036620854296188124,6
Q1875361,0.024810898365668244,4
Q595418,0.01280180553466113,1
Q63928504,0.024377897352827277,4
Q13817198,0.045890502424503585,7
Q2393588,0.014005141867648488,2
Q106622882,0.012273133580914605,1
Q7682062,0.04647858711961104,7
Q2871082,0.041205784063116646,6
Q1579554,0.06717719273905688,9
Q109838198,0.005020922904366208,0
Q6469372,0.0077403462780634685,0
Q10380409,0.031303868226147856,5
Q305476,0.02305059280076222,3
Q114399751,0.03987915368643513,6
Q29553234,0.040877046306394965,6
Q16222661,0.0025698779855938825,0
Q3762209,0.07222144998943299,9
Q1360039,0.03833790699946884,6
Q16025756,0.029628702443918943,4
Q4951008,0.048380990936439563,7
Q42905877,0.03507423920650471,5
Q1731199,0.034200329055116364,5
Q15810593,0.008812751456631263,1
Q1481936,0.022518025945527213,3
Q5227686,0.0602397465825118,9
Q31174043,0.029780420025224557,4
Q1597144,0.005344490778846895,0
Q12485617,0.010649301319355198,1
Q97360272,0.04281773567777694,7
Q20562895,0.021567521541122913,3
Q1565915,0.026088641731537878,4
Q21651806,0.009868907597993604,1
Q1582401,0.024804617376899086,4
Q5863024,0.05427495256366239,8
Q19666647,0.0033767650751372973,0
Q8013615,0.03727025354706529,6
Q7363723,0.025874317276092042,4
Q5276384,0.04434818903817092,7
Q6962566,0.016766534437415347,2
Q25460903,0.0067943628056413114,0
Q15972141,0.016136259948340705,2
Q3300593,0.037061942376504925,6
Q18412052,0.06211389357292571,9
Q6969096,0.017046168129878865,2
Q16146313,0.015735601592786697,2
Q20113647,0.03210310369851597,5
Q18758603,0.05143044383731945,8
Q16337464,0.03886383586845523,6
Q3611124,0.02295659002737428,3
Q4648386,0.04319728408616884,7
Q3502150,0.041584705852724085,6
Q59011103,0.0430104107481911,7
Q3946162,0.051210075530202355,8
Q16026321,0.03628826492909605,6
Q21176195,0.07259993012466529,9
Q49254437,0.038505184208467866,6
Q19747967,0.011830211911479326,1
Q2941962,0.044056440034964776,7
Q6651404,0.0076977363124378076,0
Q15439273,0.013959330415635563,1
Q2959687,0.01783354365797015,2
Q1358692,0.027003640184148192,4
Q3075962,0.04948956159463087,7
Q5083202,0.025785914905948833,4
Q21856159,0.006305092078461919,0
Q7553490,0.033903556308898915,5
Q1226233,0.027441106464812032,4
Q12447376,0.057181600137795156,8
Q108894304,0.011772324169288634,1
Q6450604,0.010948967572869126,1
Q17350481,0.020912058492747854,3
Q1827073,0.016380349641264207,2
Q96988293,0.002946937520158766,0
Q16175079,0.011807287133690666,1
Q59247788,0.05266693146482687,8
Q21012200,0.027394150812651136,4
Q59284371,0.009382700158521039,1
Q25467279,0.006272860881473683,0
Q55096154,0.04839263853433968,7
Q16208832,0.035816417328176725,6
Q6553706,0.027384416100740664,4
Q77247669,0.014089921494002747,2
Q101089316,0.005111472046646121,0
Q3953747,0.030422306278428072,5
Q2884488,0.012672217726887989,1
Q111020366,0.018625886883140482,2
Q3022917,0.008188859990108207,0
Q19957806,0.039363647887878495,6
Q17350159,0.042422950268742765,7
Q3386569,0.023896977539845585,3
Q1309693,0.05894568820601239,8
Q24090338,0.01348160944273771,1
Q19281826,0.016298818033252015,2
Q19964362,0.02386439688646971,3
Q96301097,0.03094655451042259,5
Q1524662,0.027728128954252765,4
Q38000343,0.05839966537800185,8
Q63762024,0.02274756552558316,3
Q82601599,0.012976388418256596,1
Q1577774,0.03324608520341137,5
Q1732023,0.037888292655863125,6
Q99192954,0.018846531030067046,2
Q764877,0.024611415745491954,4
Q55892616,0.04829008218107231,7
Q20204204,0.055191215567457305,8
Q106453636,0.0610447856126349,9
Q3157763,0.017403833715579138,2
Q3574136,0.018997399830709027,2
Q7711496,0.026253974272010015,4
Q16026102,0.06526694332033192,9
Q7408232,0.015019176919804852,2
Q63952839,0.04746327896721502,7
Q1036542,0.0014783176150488023,0
Q16106912,0.08307836279634002,9
Q28096717,0.021244821821655335,3
Q5169662,0.015027376075679699,2
Q16175168,0.00734747924022563,0
Q28723789,0.000723532021645684,0
Q16025927,0.07054462841033297,9
Q6072017,0.04845734075664796,7
Q1600931,0.015275746355851716,2
Q24788944,0.03175011645291839,5
Q108901512,0.008353465038709417,0
Q111156925,0.0073999926717661394,0
Q1730012,0.016417053836428816,2
Q3659908,0.050220268204967076,7
Q1405287,0.012480520458916945,1
Q6225870,0.023941910683479683,3
Q7289386,0.05398676376951313,8
Q63184748,0.01786299016945247,2
Q3184792,0.030888604026059852,5
Q108890466,0.02626225741909205,4
Q6124428,0.019862230655191177,3
Q28057561,0.011280553126293238,1
Q63622404,0.050146645668152114,7
Q66776986,0.037168504956163695,6
Q1357315,0.019430771508847026,3
Q5243141,0.010257914548175573,1
Q2172778,0.0706202996479441,9
Q21176501,0.009617785208958826,1
Q16438878,0.037241377162225565,6
Q43947243,0.03063595128163286,5
Q63768437,0.03891100468660781,6
Q1411952,0.06150726919285971,9
Q66142323,0.025988870782035232,4
Q130474359,0.01881328623767074,2
Q7286475,0.03790995545272237,6
Q115341897,0.018560090178454405,2
Q15435198,0.0361216711753496,6
Q63928361,0.024033833703308784,3
Q11933675,0.000955602576314668,0
Q108670762,0.022705326816305972,3
Q15432907,0.012361488004599007,1
Q18529624,0.03056338697212198,5
Q21992934,0.07787758392186823,9
Q108896028,0.0031978075621929367,0
Q3592244,0.035083757869781636,5
Q2174015,0.018498593624456293,2
Q105359317,0.03653674076072104,6
Q24264944,0.02055159324875409,3
Q12759897,0.023835049823657483,3
Q2821511,0.025520560622307106,4
Q4757008,0.018026619578509942,2
Q7117154,0.06017224350449773,9
Q1582471,0.009692676017636171,1
Q17629842,0.010758743160970412,1
Q21587782,0.0493631872624308,7
Q2504257,0.021630151629799775,3
Q3098908,0.002052029699651767,0
Q4687691,0.0509682595908191,8
Q111478740,0.055612650206246304,8
Q108893243,0.06081656333716924,9
Q3387179,0.036222852040015366,6
Q29666594,0.08321543384263488,9
Q709731,0.048197534797863865,7
Q20535421,0.0012543337827841663,0
Q122979614,0.025672307377928263,4
Q22004331,0.03903211384750985,6
Q126116,0.04682370703535089,7
Q2174397,0.03860647980874416,6
Q65601143,0.017548337337799532,2
Q131323820,0.019665889052268105,3
Q1402482,0.03031716453513256,5
Q12810019,0.09590163333348527,9
Q2063231,0.012743187925799126,1
Q3168371,0.04312912623519169,7
Q1712689,0.04659481197613106,7
Q6919176,0.01386995211522026,1
Q28086195,0.05277992910334163,8
Q16298511,0.0354825103756608,5
Q28965711,0.028475517662641243,4
Q115926022,0.023123042034119794,3
Q55759115,0.0187900687270935,2
Q11050320,0.05109065806458134,8
Q43851899,0.013238493480336391,1
Q8020387,0.019523477642836917,3
Q6132654,0.03325850194830899,5
Q695033,0.06732049514269338,9
Q108901443,0.05573350599204702,8
Q17045990,0.02009173502176691,3
Q7929148,0.005459126203103452,0
Q16683795,0.04658842589481129,7
Q16026305,0.0033959908497522315,0
Q63957658,0.0397058539103638,6
Q1770410,0.014826003154179328,2
Q16864287,0.00857980979433513,1
Q111288742,0.06996769891798368,9
Q18578294,0.03465209326740126,5
Q5782532,0.03519909410518544,5
Q20016263,0.010175429539390674,1
Q1405309,0.04715290066298372,7
Q28150976,0.01208932410570442,1
Q12481143,0.05656882663318641,8
Q3877149,0.043375430648121674,7
Q6166157,0.003399519202326938,0
Q17060336,0.00558920777868802,0
Q16734395,0.010583466621286479,1
Q13101999,0.010014920235567385,1
Q64740143,0.018583046255051073,2
Q3361809,0.07739017782258266,9
Q16910135,0.039400195360530084,6
Q16329169,0.000435089812400171,0
Q108893645,0.06791272605842673,9
Q11041451,0.0034588459087078216,0
Q55847671,0.03527327019153021,5
Q59221887,0.028786042816059672,4
Q4726596,0.02076477833446933,3
Q63386933,0.06470664239496583,9
Q4665549,0.05232614480249565,8
Q51120372,0.04846924286227179,7
Q16151649,0.027613683222780672,4
Q24957446,0.04793405373915678,7
Q5481052,0.004760328390253347,0
Q22096363,0.026587878693610588,4
Q106044474,0.06746753672225167,9
Q5278070,0.006516598516649786,0
Q47539981,0.0407698309069307,6
Q19666846,0.0708126894060906,9
Q23415472,0.01796215844795615,2
Q7418512,0.030311267389758582,5
Q11290672,0.0017570607864897247,0
Q99305289,0.03157407948841054,5
Q16105808,0.00757037806771233,0
Q61998261,0.038160532015973664,6
Q19300405,0.06383523579443913,9
Q63954633,0.0361572194274339,6
Q94841880,0.041621207214025666,6
Q4758103,0.035315892597303715,5
Q13562475,0.012158254526802763,1
Q1147710,0.02392784511356476,3
Q2637619,0.035354978296840846,5
Q16663051,0.05553833059647203,8
Q27063394,0.02200756717327602,3
Q3387076,0.015723046700510702,2
Q21068880,0.024313201520770596,4
Q15875208,0.05145834251424219,8
Q17102333,0.042189312843783265,6
Q63762940,0.044441920332966726,7
Q19605100,0.01244443093640748,1
Q2679026,0.02952965485615905,4
Q63974605,0.05811181392518319,8
Q3059970,0.01136866876295828,1
Q16592910,0.022074186185481834,3
Q94777568,0.02291685744697754,3
Q4695326,0.032154909544811025,5
Q29467315,0.04422183283696048,7
Q4769705,0.010887999929293483,1
Q10768939,0.02916510347809401,4
Q27909498,0.06338516745448769,9
Q20278417,0.015184890695800016,2
Q7915071,0.02102783085100701,3
Q17429156,0.017171909324261513,2
Q11300492,0.0474391421897496,7
Q1556676,0.04778487737323878,7
Q134053438,0.0637953959114406,9
Q17411432,0.040320954482245985,6
Q17181022,0.05262019677635572,8
Q6712969,0.024528009428157374,4
Q15834519,0.048281914687656614,7
Q7290626,0.012535760261468664,1
Q16025420,0.028941602801302473,4
Q5296319,0.017926912565340822,2
Q42595128,0.05369684997839171,8
Q1929045,0.024229687955766518,4
Q1582430,0.02611762881836969,4
Q70352096,0.01688439429264624,2
Q104889299,0.06249169093507948,9
Q20017716,0.04915276937121089,7
Q88125067,0.028070609837687516,4
Q52556658,0.009841515982372729,1
Q56195632,0.012302012427667252,1
Q3095117,0.024303448597388803,4
Q28268113,0.005601680321070818,0
Q1399082,0.04082174263870546,6
Q16463175,0.020722852304224562,3
Q108890526,0.026199084867931672,4
Q44159934,0.0442651644681856,7
Q11318131,0.0086551312677938,1
Q2074181,0.03467608360436495,5
Q16902095,0.014133996964347178,2
Q3171820,0.06167191176616629,9
Q7490201,0.020869824104483667,3
Q16439331,0.060889139616587484,9
Q57137686,0.019492516421615123,3
Q18763826,0.052128235634205815,8
Q108895453,0.0006857224535765553,0
Q2409643,0.06466584139857864,9
Q27063407,0.014282808633683494,2
Q18225854,0.030038929599132035,5
Q108889740,0.02545825066404149,4
Q2524414,0.021338540106614245,3
Q108891535,0.010300859227975192,1
Q16026032,0.061831346006742095,9
Q17430522,0.014689820535564833,2
Q24845696,0.016232260933660522,2
Q61996582,0.011678233408862206,1
Q25323635,0.019764877246160658,3
Q7914885,0.07159745554184188,9
Q27106613,0.04559166408445838,7
Q26700714,0.011233516397762983,1
Q132159216,0.05211309809144862,8
Q59783502,0.03877938490922613,6
Q4859004,0.05465562756738005,8
Q59221334,0.029589337606907965,4
Q47009681,0.011761746023538145,1
Q18378659,0.01732354338064353,2
Q57306130,0.049474687427965736,7
Q109449432,0.05227189587903384,8
Q85875070,0.02307215454242155,3
Q5402546,0.054637195807939305,8
Q1609907,0.03414534067403834,5
Q5070330,0.02919122132327366,4
Q2903285,0.011766741037556155,1
Q6446741,0.02198149488762335,3
Q108891897,0.000727876218230137,0
Q106248273,0.01801056988553774,2
Q20707175,0.007350881117079757,0
Q16727949,0.0343184866675804,5
Q2650311,0.04240431337048853,7
Q108889983,0.04855637816020424,7
Q2792998,0.015768824260602502,2
Q109451163,0.03291511270898721,5
Q4910747,0.031041453950434363,5
Q3765163,0.011222760520725728,1
Q5512286,0.07100744758290768,9
Q63681457,0.05224649378328485,8
Q1509968,0.010198942697095925,1
Q18221912,0.030335431654916534,5
Q108891479,0.006281075066546474,0
Q28858734,0.00532660991719229,0
Q17037909,0.03254002284786947,5
Q14917762,0.03891479556033796,6
Q21004788,0.05639268129831606,8
Q18719472,0.040684178194400296,6
Q23060297,0.031982702695958896,5
Q83282948,0.027439126010803776,4
Q22248436,0.08358069235014672,9
Q23905326,0.0434966955729684,7
Q115519969,0.0427704462506636,7
Q10311994,0.0044136911880382655,0
Q59653270,0.010093247047482257,1
Q41221726,0.06428313554721536,9
Q12696486,0.027049559165288235,4
Q108901686,0.021675212485485665,3
Q108901703,0.001694854269233429,0
Q2501732,0.013236650676533094,1
Q6165492,0.015563119396300597,2
Q30230739,0.05278596370065459,8
Q47008318,0.05287983639693289,8
Q125321253,0.04639403948266176,7
Q61879477,0.013433063971842742,1
Q108895767,0.0317821436972941,5
Q79424888,0.01965263009266159,3
Q6890907,0.058774204830457935,8
Q109701875,0.02462309986593608,4
Q109425919,0.01878776529280145,2
Q1040683,0.04465417344619315,7
Q17523926,0.015166125008687097,2
Q21229212,0.013149533082574912,1
Q5948332,0.01621667182610546,2
Q12794781,0.0008874689422044241,0
Q1598857,0.021444531454202904,3
Q17350965,0.02067975371947846,3
Q109495611,0.02899611278065857,4
Q19661574,0.0323095296368083,5
Q21173883,0.015835747960023416,2
Q59221469,0.05071622536361827,8
Q20022461,0.011893383122491568,1
Q56678154,0.023831871837820904,3
Q55694407,0.03769679739835219,6
Q28111186,0.020791305885844172,3
Q123885761,0.026834116623572858,4
Q66901909,0.051701189485145585,8
Q7288486,0.0365910046029298,6
Q108886932,0.05358618764473194,8
Q19689143,0.0029658158823111396,0
Q108895577,0.00844134812348227,0
Q111227940,0.01332310680755983,1
Q16142833,0.03440393476273002,5
Q109426456,0.05695077929664801,8
Q71384255,0.06047371684143198,9
Q16215206,0.03126710961184451,5
Q63762207,0.037816884602952995,6
Q110812478,0.03580466926956751,6
Q10829504,0.004410089542474456,0
Q18687998,0.013404075949404326,1
Q14856187,0.01118021631889655,1
Q15906995,0.01166656297853586,1
Q62108268,0.011119660856007655,1
Q22006437,0.017559820400225995,2
Q5387028,0.007982457268773467,0
Q85875920,0.01358426356472558,1
Q19299975,0.02900686626483864,4
Q16979896,0.04215734545312108,6
Q18921425,0.009747694661263118,1
Q108894415,0.04085328663491616,6
Q109429220,0.025488322243883026,4
Q64410452,0.017239303925938552,2
Q109694216,0.0005461206741444094,0
Q6121936,0.05853964444501754,8
Q28031816,0.01674391364050271,2
Q6950411,0.018490932090014404,2
Q61892182,0.03541197416063417,5
Q6758340,0.008156426237886703,0
Q109541522,0.010588656025150607,1
Q108895736,0.08799081775192752,9
Q61879424,0.02486276532329573,4
Q9142714,0.040522397815848904,6
Q43192872,0.01288065806258542,1
Q29536168,0.05342027911207861,8
Q61892911,0.02496040308960706,4
Q20028053,0.011921248961143036,1
Q64016289,0.010944181132378652,1
Q119856877,0.009976955407103803,1
Q16897866,0.0005883238613377863,0
Q108894691,0.07329742874648443,9
Q128839451,0.03323178253993187,5
Q99753679,0.03477560414623366,5
Q2163476,0.03522112421910033,5
Q19740396,0.03251165642376892,5
Q24565913,0.028754165977101828,4
Q63955139,0.020311574025203904,3
Q4834248,0.014484265326373227,2
Q93126333,0.060927378535283655,9
Q28967760,0.05521074041708597,8
Q61877881,0.022978826299232164,3
Q4831780,0.012482912075313757,1
Q108896913,0.01826620413194599,2
Q108305598,0.004998308716300061,0
Q64005634,0.03972644301588955,6
Q25469377,0.05604285469070174,8
Q61892830,0.06011226046439683,8
Q26132854,0.006296922863585933,0
Q17371023,0.02027759829749116,3
Q61881414,0.007629467220491923,0
Q29563776,0.007686821977196516,0
Q104368499,0.010261223565816768,1
Q25982967,0.06523276067440871,9
Q109541231,0.029791712277033842,4
Q76624660,0.07032660832007248,9
Q61879595,0.02519235117228346,4
Q115110302,0.03228953588895135,5
Q64849731,0.025643343374242622,4
Q64846575,0.01986700647514417,3
Q16195259,0.04162481283380406,6
Q64847534,0.001197788685292383,0
Q107476175,0.017551404931192033,2
Q16148795,0.04380682413603105,7
Q109690287,0.01955852634730246,3
Q62108285,0.018917619242627984,2
Q61877674,0.00271629439871272,0
Q5683219,0.04932782907182761,7
Q64833428,0.011780489288830066,1
Q6965839,0.000663396392914019,0
Q7285994,0.012051137659729165,1
Q30921649,0.05923199407928774,8
Q58755386,0.023629807270418118,3
Q61892856,0.047877039062465,7
Q17411563,0.06049202803301317,9
Q47394556,0.020702293386038708,3
Q61892982,0.008313299414472538,0
Q123243975,0.020614163590459766,3
Q124463689,0.017230639707673943,2
Q3339364,0.013128968519036662,1
Q61877820,0.0013008645671579104,0
Q120203111,0.009354265426669622,1
Q96580433,0.06724315744439026,9
Q43193623,0.04188772293601055,6
Q80045893,0.03891714048286209,6
Q24845974,0.06284758730866581,9
Q101520751,0.05797868066470179,8
Q61892812,0.0009507114423182065,0
Q56604046,0.029044356869098512,4
Q17418378,0.0183200703335862,2
Q61892268,0.023701079063293308,3
Q3027598,0.040929297641711826,6
Q25469479,0.0036572524442697488,0
Q987672,0.028434522121804574,4
Q64011187,0.05087933158410733,8
Q64833107,0.0026766761348763464,0
Q25468230,0.021873508861471894,3
Q55846956,0.0498240691647797,7
Q25538832,0.0748271457442992,9
Q97307278,0.03876206091313649,6
Q123711751,0.001704779751109769,0
Q117007119,0.030956604016009765,5
Q28407980,0.039966151223861705,6
Q56065579,0.028146268043734272,4
Q20046062,0.010232625937946866,1
Q64623627,0.022327084208585674,3
Q138569026,0.024170600837062958,4
Q6817909,0.01949114706394549,3
Q49251389,0.05662323949147019,8
Q16194473,0.011998927067426128,1
Q60735535,0.014922766116969965,2
Q110103072,0.03274109284440215,5
Q136463526,0.040310407711516644,6
Q16193603,0.005114573261146936,0
Q26828215,0.022289915528375424,3
Q23304581,0.028646383087939944,4
Q114397582,0.013490695489669479,1
Q50377606,0.014994142921719784,2
Q123876890,0.05924515673423078,8
Q123866724,0.0032566773262890873,0
Q123869314,0.06685017266480228,9
Q123710165,0.028111221879280543,4
Q123888437,0.048539820035053076,7
Q123867264,0.012556336443034657,1
Q123890199,0.04320263748824491,7
Q123883080,0.005103504048408233,0
Q123887825,0.017536464346123312,2
Q93123329,0.009991647430896476,1
Q123877467,0.05408707739631013,8
Q123714681,0.043649287658489,7
Q123711580,0.023528553610074276,3
Q123710512,0.03794049712885699,6
Q123876655,0.056564777869789806,8
Q123711288,0.0324100020483516,5
Q123591593,0.00040092570195747115,0
Q123883178,0.020127770086909257,3
Q123874185,0.05646471775319011,8
Q123874492,0.008043803353934096,0
Q123868050,0.02907675092476271,4
Q110167298,0.030003360922511782,5
Q123877762,0.022918910838100125,3
Q123876873,0.04317043810199978,7
Q123876329,0.0443831730566887,7
Q123869953,0.03428113315696652,5
Q98382224,0.017547394153585645,2
Q123873416,0.000358566518647016,0
Q123870481,0.0002670265170460577,0
Q123874272,0.01794425370269675,2
Q123872660,0.00575669734431492,0
Q123873976,0.008808712162038834,1
Q123869357,0.01180208568598846,1
Q123710012,0.04139969813405181,6
Q123867876,0.010794555976057232,1
Q112897557,0.05927702011163121,8
Q123710717,0.044831287314477,7
Q123886730,0.015622045450684179,2
Q123875177,0.03321522498867242,5
Q123890032,0.0006947692022321732,0
Q123873097,0.04838673438269124,7
Q123877570,0.03091420611986215,5
Q123888922,0.02179480158882791,3
Q123713887,0.016066487657577653,2
Q123877188,0.00772277625541486,0
Q123714670,0.06277862546665562,9
Q123870545,0.021784314454199673,3
Q123877124,0.0338252010039622,5
Q123873134,0.04377392332320759,7
Q123875992,0.022937480804164592,3
Q123883931,0.022629834853509098,3
Q109925531,0.020655660528305954,3
Q103850520,0.07170135402206827,9
Q123713280,0.04608503525437229,7
Q123711337,0.0355730444644637,5
Q123869899,0.01938389995818543,3
Q123715128,0.0011160022456612503,0
Q46697648,0.023606841942763624,3
Q123868080,0.02687668841239956,4
Q123883638,0.05466967324777278,8
Q123873253,0.027641905064891722,4
Q123882439,0.03625149582620018,6
Q123716642,0.006082596811453936,0
Q123711257,0.06719534215124447,9
Q123877346,0.015136268210156857,2
Q123710187,0.015120102453228522,2
Q123876537,0.04780947988247718,7
Q123888561,0.015029782240443983,2
Q123714116,0.0016294201378443077,0
Q123870289,0.010075969548445984,1
Q123713763,0.04238716188480391,7
Q123884228,0.06296637280309658,9
Q123884452,0.02686659868349742,4
Q123875131,0.060245192946874346,9
Q123879230,0.014245061339796703,2
Q123869032,0.03803305333841059,6
Q112035064,0.03312818893042959,5
Q123880021,0.009207216364170464,1
Q123883932,0.003699693862008969,0
Q123711420,0.01862360227845339,2
Q44158742,0.009436972183729572,1
Q123714464,0.01267949821827996,1
Q123711444,0.006194295704289103,0
Q123869673,0.054883711304051994,8
Q123877352,0.020908569200462947,3
Q123713579,0.02735319883808773,4
Q123866221,0.011168759289130047,1
Q123711597,0.025593961630808616,4
Q123873239,0.038833990579889066,6
Q123711100,0.02047061682954565,3
Q47400521,0.052274145426819484,8
Q123897155,0.033474485388462046,5
Q123877697,0.02474366051262941,4
Q123869264,0.030569440881190887,5
Q123879503,0.021535687568293726,3
Q123898168,0.011495746843958043,1
Q123710242,0.011365078814614198,1
Q123894096,0.007658871590101531,0
Q123710239,0.0495308875734372,7
Q123892815,0.027698389166391398,4
Q123898658,0.004220597836961144,0
Q123712755,0.03110398587429818,5
Q123867470,0.04474267862565642,7
Q123899316,0.04082945093819916,6
Q123888321,0.05283522810204541,8
Q123710122,0.009640970829064989,1
Q123868800,0.006080483575192073,0
Q123711621,0.036761111401001786,6
Q123709642,0.03642599734421264,6
Q123874087,0.01674420143046169,2
Q123876484,0.026604350284158113,4
Q123877624,0.013547321824069331,1
Q123873429,0.03178860097112806,5
Q123714278,0.023836225479851262,3
Q123711247,0.008267227094323787,0
Q123869986,0.054691435451958856,8
Q123874247,0.050659579765549585,8
Q123877256,0.0014147045116717908,0
Q123710853,0.04467548736022495,7
Q123866652,0.036945925755820896,6
Q123709921,0.050468034324494655,8
Q123874180,0.04903367801545945,7
Q123710467,0.01523822639214498,2
Q123710748,0.07577421339604615,9
Q123888322,0.033111834675762064,5
Q123883568,0.04250431649013999,7
Q123867410,0.05532844663372749,8
Q123876520,0.002655054581996979,0
Q123888019,0.04059433100250483,6
Q123877062,0.06047740803054137,9
Q123876340,0.0253640171222173,4
Q123699482,0.03598221401639678,6
Q123865781,0.040695788123143666,6
Q123877500,0.0038395776437592107,0
Q123713661,0.059706642962826,8
Q123889104,0.03048405406324956,5
Q127269028,0.06572014074608223,9
Q123876929,0.043145850328252446,7
Q123888538,0.014244540572540038,2
Q123716336,0.0048692232034862285,0
Q123899139,0.026777221704034567,4
Q123710208,0.011406920771667883,1
Q123878825,0.005529432275519141,0
Q123867391,0.0468455889897037,7
Q123868076,0.0266168565338814,4
Q123888288,0.009589847017824315,1
Q123877534,0.06992315856275978,9
Q123883471,0.009936008485318545,1
Q123875136,0.02114589683799328,3
Q123878981,0.017848269503648206,2
Q123869614,0.039710437573280216,6
Q123888359,0.020435825815003788,3
Q123867933,0.02591566711715712,4
Q28839705,0.036584821244540884,6
Q123869399,0.00845360344565804,0
Q123878824,0.03213094884464625,5
Q123883042,0.0251236527310483,4
Q123710167,0.05076203460536116,8
Q123870055,0.038562569311959165,6
Q123711086,0.010672026927631752,1
Q123887699,0.04224447747838487,6
Q123870351,0.029064225928236213,4
Q97308072,0.060097647721912686,8
Q123873385,0.003407978413465778,0
Q112897085,0.013295519481605761,1
Q123870312,0.012375436388842862,1
Q123710716,0.036516499895868,6
Q123715666,0.02107204326302442,3
Q123883438,0.009716050245463757,1
Q123869634,0.047122943432170133,7
Q123711902,0.03284264588120573,5
Q123869315,0.0042633767592473466,0
Q123878612,0.02868189441923173,4
Q123716176,0.055455293157878734,8
Q123874029,0.019318357833235173,3
Q123888664,0.01622816439984221,2
Q123873768,0.01814814380964269,2
Q123891962,0.022060717685194704,3
Q123869446,0.006303041917261055,0
Q123867586,0.03652705675923582,6
Q123713606,0.06383441830148727,9
Q123716162,0.008383812342237939,0
Q123873169,0.0123936228903369,1
Q107333508,0.044018976319456886,7
Q74581669,0.04085494293624161,6
Q107178110,0.0742039865153532,9
Q47387627,0.0497371272490511,7
Q47393513,0.03894426547233383,6
Q47400200,0.06694946434547709,9
Q111580122,0.011195701080552484,1
Q79052386,0.025275060131355057,4
Q112896805,0.010688534086394343,1
Q105536160,0.058511328862014794,8
Q47409526,0.013116170398183495,1
Q47407664,0.02120509704422048,3
Q115690042,0.007876900987856964,0
Q98836156,0.02759162362377491,4
Q112896665,0.013064311806725163,1
Q135418789,0.012887143978868844,1
Q134932536,0.0009030308287015002,0
Q79897955,0.058278967979379634,8
Q112896190,0.05735982134402605,8
Q135183288,0.01767334601917478,2
Q112897173,0.05113401439611458,8
Q106899005,0.014835624096422174,2
Q67089157,0.022643659620567275,3
Q110804918,0.03755045977918485,6
Q108584550,0.035142523170617966,5
Q138497265,0.04833521153080596,7
Q137940321,0.02774717394705109,4
Q135618637,0.04823334261777243,7
Q133892840,0.015631348818939007,2
Q136841459,0.02935978241188464,4
Q104868288,0.08355740184671677,9
Q122745934,0.002147346777443101,0
Q99213896,0.016302913514351713,2
Q125274819,0.0013828983649086836,0
Q117741666,0.0601811145760528,9
Q135441949,0.013634086459580664,1
Q108116281,0.04168024457779693,6
Q126213022,0.024089442678192335,3
Q16433639,0.04391100014619914,7
Q111210736,0.013356818776983363,1
Q28715856,0.06606309683663028,9
Q109804250,0.007192411680052147,0
Q42331497,0.016539393653785622,2
Q122806476,0.04623960436911643,7
Q107439924,0.05303974297644467,8
Q124369020,0.02856991207398475,4
Q107305210,0.008131406824253598,0
Q99372830,0.014368213025537957,2
Q106004674,0.021889346517151048,3
Q74039351,0.05075638568116434,8
Q85873045,0.08170298106218588,9
Q88820040,0.004228656584874919,0
Q137456032,0.06023190481786034,9
Q137397653,0.03722748065700919,6
Q136841287,0.060003128687690095,8
Q136825781,0.01616779954532398,2
Q135390380,0.03247791638876361,5
Q133539971,0.019746848701273873,3
Q132147029,0.002488604432264418,0
Q127281296,0.020317560594043105,3
Q126911411,0.06336910772868287,9
Q117349378,0.04001648217155853,6
Q126369415,0.0754189154664852,9
Q126011007,0.00027742143656645624,0
Q125850867,0.04503156374861989,7
Q125850820,0.04854222837434816,7
Q97698942,0.025409308995717347,4
Q102231649,0.04686051893400476,7
Q12532743,0.05192090855086546,8
Q138081499,0.04878978502767077,7
Q75863391,0.03638258677874409,6
Q137299894,0.039915643671289816,6
Q1866107,0.07061751516907294,9
Q107551090,0.04705612563413872,7
Q108117246,0.029476648983302198,4
Q107600011,0.04999930561136912,7
Q109024273,0.00024958977991872486,0
Q42331494,0.026715358229996437,4
Q28441337,0.06278651268823664,9
Q61612335,0.0083262359256269,0
Q30903434,0.016175774878751187,2
Q67173855,0.03810536530337942,6
Q109973827,0.024193010110214744,4
Q19283755,0.007410320651578861,0
Q47217479,0.007229094418763869,0
Q97129114,0.05667732596831171,8
Q67088913,0.024586951095434368,4
Q50825807,0.016603280394434514,2
Q12578122,0.04413648681251442,7
Q12560552,0.029743666887125514,4
Q64399288,0.03934808298650586,6
Q64399338,0.005838477377799162,0
Q125270244,0.018068935030598435,2
Q97293074,0.0016458974359115951,0
Q126692644,0.05371168761815838,8
Q13034911,0.02005468729536437,3
Q127691909,0.030144414456254254,5
Q131738009,0.06993453129143432,9
Q70251512,0.05142695315415307,8
Q88386566,0.024725565015065506,4
Q136094046,0.023880481166722093,3
Q136797709,0.02749329538647293,4
Q28869052,0.022107081047464342,3
Q124632998,0.006850403506967837,0
Q6704963,0.04070518800090123,6
Q22679292,0.03636353825328439,6
Q75687522,0.03483639188694777,5
Q85546902,0.017247159988707787,2
Q22045808,0.030178221062119308,5
Q8289145,0.02673129765762017,4
Q67089109,0.0448840517065758,7
Q136841366,0.055036801550244985,8
Q99828349,0.08023477939876919,9
Q111341098,0.0008307039296613377,0
Q110779900,0.03133408592619736,5
Q107926692,0.029404291507559403,4
Q114436612,0.024759635863836633,4
Q116688411,0.03035816164965015,5
Q113661310,0.009030203310662795,1
Q110557338,0.030181462013960225,5
Q119747353,0.05642322677120177,8
Q113051225,0.019598467130595133,3
Q109484686,0.019950103397265405,3
Q112993938,0.07704662875038645,9
Q111416810,0.0008459285274034251,0
Q110121197,0.04010902268866821,6
Q107337069,0.00700707170452736,0
Q123978805,0.008409186201000453,0
Q111692949,0.012262642158478455,1
Q137004138,0.029035900858402523,4
Q25367678,0.014758183058229008,2
Q133881503,0.008652527406756394,1
Q65060968,0.040354034228852115,6
Q133896970,0.01039515283793615,1
Q134236180,0.01347049288827844,1
Q134308022,0.04052895781607381,6
Q64399298,0.0033110052164027327,0
Q106149291,0.052509180197386034,8
Q111180419,0.029312672464326714,4
Q15437898,0.03498943989806109,5
Q136533876,0.04584256149642506,7
Q136659288,0.03513196923815595,5
Q136779888,0.009530302957052492,1
Q138332377,0.026999843806417734,4
Q112581016,0.016123993610099596,2
Q50825684,0.05651271260317898,8
Q15877078,0.028929489129360258,4
Q16003020,0.04559308388168039,7
Q16302139,0.013417437581241518,1
Q49691191,0.007863789638014207,0
Q86212210,0.014400417939223286,2
Q87722481,0.028912134168806353,4
Q101584394,0.023310904018629407,3
Q108085266,0.06286346810124621,9
Q46483972,0.0033686015044141347,0
Q98804330,0.01066967510670302,1
Q4418196,0.012001405251941238,1
Q105415375,0.044137160215316065,7
Q108897120,0.01836232449770494,2
Q125419351,0.00938627528291189,1
Q12245839,0.05090800801863869,8
Q119849528,0.03540247552404011,5
Q3473591,0.014021779319300785,2
Q118194656,0.03182851137348148,5
Q34471047,0.02055068049842865,3
Q90959059,0.04770896112356694,7
Q64399318,0.04003896291558958,6
Q127002390,0.07337061070011854,9
Q129730519,0.0004379574452413802,0
Q587688,0.028200943147412255,4
Q31965265,0.024455341423701593,4
Q60172009,0.024533309942198378,4
Q30547714,0.03043523514877413,5
Q107570857,0.03521794859234125,5
Q43252897,0.0043919172486335594,0
Q44006427,0.05043235139032901,7
Q56651579,0.028152888971802466,4
Q15837933,0.06762482114859014,9
Q1569681,0.04583444333683821,7
Q51120764,0.030240962800463424,5
Q25492423,0.06641132271608739,9
Q60830643,0.03165503543839748,5
Q29580420,0.02959378736645841,4
Q60790910,0.008136906216448574,0
Q16654075,0.047736322937856734,7
Q4421953,0.022506096333717175,3
Q16856668,0.0006589437158591338,0
Q1712374,0.05151331486997492,8
Q111341048,0.009821198228947945,1
Q61878356,0.004034716010709055,0
Q23061842,0.017684671638624274,2
Q20655558,0.05316825021184061,8
Q20388910,0.02644083205311569,4
Q20172402,0.01988463770673211,3
Q1685304,0.04458642611956383,7
Q31213353,0.06361477279361347,9
Q28803395,0.05117221171911072,8
Q390561,0.01663113198200329,2
Q56738077,0.03702991684464938,6
Q61892739,0.0013236128941336658,0
Q1824988,0.061266676350909294,9
Q5741231,0.05199599335662865,8
Q6149988,0.039515703927116376,6
Q124098027,0.041641898544060404,6
Q100429767,0.058667300907814905,8
Q138718479,0.03221741835049897,5
Q106013067,0.014767413414298242,2
Q135258814,0.018798942324594267,2
Q107486055,0.02248187015440338,3
Q115133335,0.06664647613904838,9
Q133259651,0.02222517264965138,3
Q132861682,0.010632026956741952,1
Q115367910,0.02516983362183028,4
Q131914597,0.06379800688688265,9
Q863088,0.018038842119802653,2
Q131546793,0.0006890125191870568,0
Q130479537,0.03868194299150271,6
Q135901403,0.029526787741468535,4
Q88094463,0.015291849774917531,2
Q115402068,0.03533506184053489,5
Q13034432,0.030834262267066443,5
Q115452904,0.0016339073184251675,0
Q89229510,0.012578784714732949,1
Q117467151,0.05109509249943209,8
Q94285488,0.002080969067575644,0
Q121790292,0.05230879557764277,8
Q123219994,0.01603919573991486,2
Q104190341,0.030257185105563016,5
Q125238247,0.02424348970421543,4
Q123518749,0.03282753965869694,5
Q13035630,0.04604696279271964,7
Q808837,0.030337825487172752,5
Q133808756,0.017627512058823614,2
Q138029311,0.060316059431249125,9
Q137855929,0.045645950964288584,7
Q137909355,0.05445222389821055,8
Q106684866,0.015350897474905777,2
Q112675097,0.06226993873731895,9
Q112802035,0.01754553752582155,2
Q106875738,0.0005897385776067132,0
Q113003298,0.020237817037811447,3
Q138303372,0.03998906883505894,6
Q137901663,0.06881920041017556,9
Q7492942,0.07462247104237966,9
Q113130510,0.04243625421343304,7
Q138460892,0.008094504970692234,0
Q136342033,0.004707773288625866,0
Q136276564,0.05512788708046081,8
Q5639881,0.06201660842030372,9
Q104839902,0.035684395095562454,5
Q95451495,0.03878468146768682,6
Q106774575,0.016538779391053058,2
Q54263170,0.0041919213860246605,0
Q101857636,0.013049862427200798,1
Q94851018,0.054105290547825584,8
Q107184228,0.009886787430836867,1
Q97738027,0.021902692271203523,3
Q53351567,0.017471912656925718,2
Q106182361,0.03215453058054117,5
Q105963103,0.028607832558549293,4
Q61878367,0.03275737735512373,5
Q57828964,0.009446000048840435,1
Q106645209,0.01340315815366105,1
Q61892862,0.0032481178686264876,0
Q60194720,0.05757187906871674,8
Q7332894,0.020391810896591162,3
Q61892764,0.021799316856617398,3
Q106519616,0.021051556523282645,3
Q61892639,0.030272026246711815,5
Q61892381,0.037222581432688,6
Q105966258,0.03861547013895289,6
Q61892165,0.048913113341973374,7
Q106441313,0.023038455761770035,3
Q105692468,0.02766876503798534,4
Q61893232,0.007457646991864051,0
Q124227772,0.0024521060685374226,0
Q4849406,0.013857899296426581,1
Q112581719,0.0025841392004157084,0
Q137910189,0.02050876379281535,3
Q112993771,0.025483782673487658,4
Q137127602,0.010026855535535796,1
Q995531,0.020851707376368364,3
Q136821429,0.03093713864541545,5
Q136353425,0.05256744550992693,8
Q136085557,0.023844374153866133,3
Q135937258,0.02880096835775085,4
Q113881197,0.008126003807912464,0
Q114428364,0.010291068673298393,1
Q135098929,0.05770864098346259,8
Q114773173,0.056055466033241824,8
Q115374856,0.044287354402294594,7
Q138081511,0.050580113801897406,8
Q131307783,0.015425683432364265,2
Q129068236,0.019019247293483293,2
Q115670380,0.013004876620897334,1
Q116457940,0.025375633786477687,4
Q126453229,0.0754368390794855,9
Q119096358,0.06110410085814326,9
Q125994928,0.006449699443176842,0
Q12540701,0.036370844636258205,6
Q125360896,0.06725652380869111,9
Q122960999,0.020248349762559906,3
Q12527408,0.01842485579575951,2
Q123415384,0.005173103378048785,0
Q125180758,0.059940859994892924,8
Q124710081,0.0015857544550394822,0
Q124337141,0.025956572261948096,4
Q130373558,0.015571109987728165,2
Q48773854,0.003727915185393588,0
Q138658484,0.037692025093230705,6
Q138715230,0.036302779803025015,6
Q47493018,0.01970320176219192,3
Q108229470,0.044307432892105786,7
Q4470750,0.030771547169867047,5
Q43425211,0.010202048587548376,1
Q4054645,0.0485026007895849,7
Q3273656,0.05113409644787653,8
Q3271772,0.04841428499338545,7
Q31153326,0.0204248674963676,3
Q10965591,0.06032224704606005,9
Q30728850,0.03692151692393078,6
Q30250949,0.022037120620631345,3
Q30110261,0.015182096565900444,2
Q29358882,0.04473265205842222,7
Q28595342,0.05642678478597878,8
Q138665586,0.026865250312950673,4
Q2628918,0.0369900306512764,6
Q24175624,0.03161881414028856,5
Q20747013,0.019248505753314007,3
Q20738426,0.03995637779618997,6
Q20109642,0.06533857353002344,9
Q1903092,0.029392467376159265,4
Q18764019,0.03440408782198407,5
Q111341352,0.029228225422665576,4
Q1778358,0.017038751450225032,2
Q16931950,0.059373053898747266,8
Q16645093,0.08779646491492916,9
Q16018176,0.017035725382423348,2
Q15210963,0.01959821350752249,3
Q1475486,0.010018535451222752,1
Q139280,0.0021644167454772144,0
Q25303370,0.06352266054608352,9
Q20040827,0.030284837961976303,5
Q9204,0.030251568228612545,5
Q40826,0.028234058303447114,4
Q298685,0.030415574355805764,5
Q182658,0.06116766334103147,9
Q554406,0.03822452731356994,6
Q1405996,0.0589209438140861,8
Q560015,0.057762697902346706,8
Q3316148,0.042465727273482,7
Q336125,0.05678090502339592,8
Q301951,0.045187788486584196,7
Q363227,0.04133007394893833,6
Q353869,0.05086275973423349,8
Q357114,0.039278989358098114,6
Q49601,0.01758095366039224,2
Q68036,0.03296454149851984,5
Q700616,0.05760612893839116,8
Q3900936,0.05020685204479137,7
Q70215,0.058856460667932244,8
Q727079,0.03603458463086616,6
Q1686762,0.030467626399602057,5
Q7408607,0.04083157047021409,6
Q528421,0.04954806815138556,7
Q1675791,0.02122201353888581,3
Q49637,0.02974726814550677,4
Q921268,0.04335098146240617,7
Q557008,0.019694285256068478,3
Q273873,0.02243961268043051,3
Q318845,0.05791110544892213,8
Q124595,0.04692209663318699,7
Q450279,0.03905314679316885,6
Q1382872,0.05034679094755941,7
Q1248054,0.012329300652802558,1
Q1081888,0.058628105906884526,8
Q639360,0.050177912432197214,7
Q198051,0.05901033090542692,8
Q712220,0.02997695137436573,5
Q2032745,0.026342165969216704,4
Q3525034,0.04014604363184413,6
Q930425,0.053322602317759975,8
Q1902944,0.03188273198045033,5
Q288193,0.03882652099726704,6
Q7176544,0.03755724211308723,6
Q1633235,0.044894844194984046,7
Q977179,0.021052192093089832,3
Q434280,0.013720942402508518,1
Q45336,0.05332317587970505,8
Q2900161,0.05685268627992064,8
Q1900293,0.053858580171108145,8
Q6141084,0.028831653059019337,4
Q8977221,0.06902723085562998,9
Q4205803,0.013403930196880187,1
Q1174969,0.04955009205277149,7
Q5481265,0.01951849119801075,3
Q4095817,0.00803477851043715,0
Q1659739,0.06116625070974428,9
Q7114495,0.015431020283835114,2
Q675078,0.016211412873852703,2
Q1369803,0.04761933276532321,7
Q1326740,0.022210274369165332,3
Q906193,0.06085432480750631,9
Q8000236,0.04982173657448957,7
Q713079,0.024011876367950654,3
Q1185232,0.021375332130139407,3
Q563118,0.04404809212354703,7
Q5240780,0.023180993661971516,3
Q11339514,0.06506622700766658,9
Q110168,0.020400717465762875,3
Q6536868,0.027825193073045623,4
Q188388,0.022947161689390667,3
Q518325,0.03481958356938215,5
Q852921,0.04715235215110666,7
Q3380487,0.008267914517398762,0
Q5965823,0.0034510021282201956,0
Q1420400,0.02849689776529029,4
Q2040675,0.015517992156943867,2
Q1697118,0.02969159791543898,4
Q457555,0.048865757202780996,7
Q729301,0.06119527072654349,9
Q91940,0.022875837725336638,3
Q11088361,0.07764864393038103,9
Q5990904,0.04676240797748957,7
Q1069984,0.05783942619585683,8
Q3301459,0.0343293002499802,5
Q3308992,0.023227273119221462,3
Q1087989,0.06328680222561271,9
Q6104703,0.052353522706478924,8
Q2417140,0.04304941775973695,7
Q1238567,0.038457733464140026,6
Q2848695,0.016268471377135062,2
Q16782000,0.09173717648048635,9
Q6280756,0.02212133565606982,3
Q2653932,0.02436627113493178,4
Q544562,0.017022534579715996,2
Q1357854,0.009871600381155334,1
Q438774,0.008262992901684323,0
Q3056728,0.04812062342938409,7
Q120900,0.030985577234881788,5
Q3893206,0.06986091475974757,9
Q12022376,0.04176251695502086,6
Q1824990,0.035903642357647515,6
Q2083059,0.029571546367445276,4
Q472728,0.026853791681977424,4
Q5549639,0.07752397112248806,9
Q6832245,0.051952257429734715,8
Q1154812,0.0422465593383505,6
Q4078380,0.044278979598710085,7
Q5294587,0.03798217157393054,6
Q5946855,0.04052931151154053,6
Q3048224,0.04403575773500049,7
Q93938,0.024732957588603718,4
Q6291208,0.03276359145860241,5
Q6183232,0.026753091901178257,4
Q18619213,0.01231626116797144,1
Q12360287,0.04265275630753595,7
Q3261647,0.0462990902165333,7
Q9256017,0.02579452399890502,4
Q7789191,0.050978932244940954,8
Q1453305,0.016244476902310904,2
Q7153259,0.03743260849949516,6
Q3225509,0.026149027989728593,4
Q7347168,0.03515392346503157,5
Q5808735,0.03549955976978125,5
Q5571370,0.05712549108848586,8
Q15440080,0.039644028072897436,6
Q1282102,0.02977939870957092,4
Q534861,0.057328153336911436,8
Q15440196,0.026799195000662433,4
Q454044,0.021877597854124013,3
Q3142531,0.03393448195750371,5
Q2847360,0.016353650931793296,2
Q5077663,0.037333128189087524,6
Q3875906,0.008543420201655631,1
Q10334275,0.05159291484430916,8
Q344596,0.0706297001428041,9
Q3173867,0.03738133558686295,6
Q609939,0.011136823835210016,1
Q5044979,0.0405299542989806,6
Q384760,0.030062794212279562,5
Q5934890,0.04701139154274987,7
Q1685060,0.03549328245268713,5
Q1465068,0.0598143645852415,8
Q40543742,0.04010598072208789,6
Q6195917,0.03184065686296716,5
Q4203757,0.04465602728534258,7
Q5019197,0.02787281587483224,4
Q6817634,0.026221141304081083,4
Q1173662,0.01688481453187145,2
Q930489,0.020649392067091037,3
Q3993282,0.06656667653826114,9
Q5698209,0.03708241799495162,6
Q3938893,0.04769754085513602,7
Q3309181,0.03697092322809367,6
Q1757584,0.06004706444206127,8
Q3264762,0.04369824955119501,7
Q2001102,0.039113916462659507,6
Q3435235,0.05645040400335616,8
Q3069135,0.03581145461555834,6
Q6333149,0.05439144286196816,8
Q1560405,0.0554514529876407,8
Q24278,0.02940912633656857,4
Q5806054,0.020386797034751287,3
Q49180680,0.07790819886795686,9
Q1512327,0.020551541876093815,3
Q1489534,0.010908129488486493,1
Q15184193,0.029583242127772205,4
Q7878963,0.051088210931603796,8
Q3094041,0.01889656563806749,2
Q2076829,0.03137566846430005,5
Q13668742,0.02698821465861787,4
Q518805,0.07929667398012878,9
Q18911306,0.037926455547662566,6
Q114889893,0.04722590436629523,7
Q177408,0.03242970485602984,5
Q7364277,0.031007637032283944,5
Q4275857,0.04214782905916088,6
Q285203,0.0486009040456538,7
Q124096,0.013038328366608211,1
Q1999529,0.06818138066677724,9
Q30609250,0.02899337317849029,4
Q5863275,0.012779009920593571,1
Q3856112,0.046567218081920166,7
Q6202427,0.0234028572729153,3
Q18719862,0.03248989598009773,5
Q4895834,0.024363585759903578,4
Q1608383,0.014282068875959553,2
Q6235166,0.03109413359552913,5
Q1304738,0.01352829114715776,1
Q4792141,0.024679689415202474,4
Q16488974,0.024812485417765304,4
Q19298297,0.05669062827848498,8
Q7607065,0.04107537092980185,6
Q49842388,0.06497124601792904,9
Q7965891,0.021646579251034335,3
Q4722789,0.013676802755514765,1
Q5495997,0.08310192298279574,9
Q21916319,0.021050964273776753,3
Q823230,0.01806781086872126,2
Q15435420,0.028511391513281997,4
Q117072,0.02064705949838323,3
Q3134420,0.04530137811276556,7
Q3200853,0.008597856734432259,1
Q6324136,0.07633622583741197,9
Q109853683,0.03141509314650422,5
Q57707427,0.005984913444775149,0
Q9030106,0.007584953894542018,0
Q7282163,0.015353156472082897,2
Q4769079,0.013389987639520476,1
Q16649602,0.011422698049014024,1
Q108127481,0.023929977962330585,3
Q1700224,0.022823462692256068,3
Q8015825,0.02964833991304361,4
Q5621630,0.0748402241705857,9
Q2143706,0.02010549462812865,3
Q18911808,0.015365819281635407,2
Q3166284,0.0037294582895508756,0
Q39071412,0.01920841497480257,3
Q753476,0.06043883081546181,9
Q1222152,0.024105776514605094,3
Q2830153,0.062359634053717604,9
Q5431238,0.05625056438535741,8
Q4383490,0.028624235124597972,4
Q574232,0.00026432876702113024,0
Q359922,0.042094030004949136,6
Q6128538,0.016161538914955354,2
Q18245330,0.014553317698038068,2
Q3565700,0.005003219312262545,0
Q3322192,0.051455706301213155,8
Q7964597,0.062376751680619985,9
Q3106292,0.03615218225321079,6
Q108129,0.03228895953803319,5
Q7436164,0.0678729263277104,9
Q94909616,0.021263723894314676,3
Q4723071,0.05579128256731056,8
Q1467284,0.0554717821655351,8
Q5218350,0.025903210715293914,4
Q6271923,0.03353537919106549,5
Q1779985,0.04284448454186099,7
Q16562255,0.04377667053328628,7
Q108168758,0.058116150748771744,8
Q69983265,0.004686453057524661,0
Q1802820,0.06913707524566923,9
Q2534563,0.06120406373586102,9
Q1077084,0.06602753414530069,9
Q6284379,0.06540728825704069,9
Q3179129,0.09000615071948419,9
Q120433417,0.02331701153442558,3
Q2717164,0.04936947721863608,7
Q1273446,0.03471371331957986,5
Q3260781,0.021048030393320268,3
Q2543420,0.055193076257671884,8
Q57237818,0.02589226074537759,4
Q1697178,0.04543327162041843,7
Q3588046,0.04656086407530411,7
Q120405711,0.0751936584461909,9
Q3810978,0.04253312781018975,7
Q116527354,0.07608513321685673,9
Q98080479,0.06611390703491447,9
Q3083769,0.020243561836405764,3
Q1580643,0.028349446340362315,4
Q6307634,0.004418587796898586,0
Q5787987,0.04051073788215516,6
Q5246238,0.057132773541730776,8
Q12260773,0.011344655528608673,1
Q6219074,0.03736720969658112,6
Q20684000,0.04899977757857527,7
Q2044213,0.015593400123952356,2
Q5549630,0.0572249201449211,8
Q10340557,0.026973765780174384,4
Q3441587,0.03004315043310719,5
Q4750473,0.0637578382743526,9
Q16324360,0.03567038891829132,5
Q5976331,0.010189261000207275,1
Q7407711,0.031043893280071306,5
Q3439187,0.019262988021251513,3
Q125498819,0.014303505506513221,2
Q6044642,0.012886121352276568,1
Q1927114,0.05351828659573832,8
Q105887278,0.032620063112591725,5
Q10927146,0.016004438629825115,2
Q39292143,0.0015840164594075482,0
Q18643873,0.0153403782543271,2
Q22968540,0.037060695754690946,6
Q10367560,0.017364528700798514,2
Q5499037,0.010267068095751413,1
Q4392627,0.014447664087276152,2
Q9602529,0.006427072890760128,0
Q55943613,0.046948189116503114,7
Q7410723,0.02065078614371177,3
Q5733900,0.011650850823015787,1
Q3696204,0.029479158154785513,4
Q3025486,0.07755785516951774,9
Q18285240,0.011484728749103548,1
Q9078941,0.01713062618904463,2
Q2865296,0.024871912058089942,4
Q95228737,0.030317055231996022,5
Q7490144,0.014837203566047471,2
Q5335541,0.029389621081075557,4
Q4156586,0.025200351506768345,4
Q10326482,0.05368419670478467,8
Q28864281,0.056453083020916436,8
Q3569549,0.019551795653771888,3
Q13567970,0.010089887421769236,1
Q6239603,0.02721758452736353,4
Q66425340,0.013916184786368014,1
Q5990830,0.011471834092223548,1
Q3384317,0.04852528581622869,7
Q3426970,0.002036979472694012,0
Q1324172,0.021744634913507158,3
Q98996,0.018745427965220583,2
Q52154753,0.01315747275276309,1
Q29904554,0.020059437788068523,3
Q3302711,0.01749968544278123,2
Q16628218,0.021636451031418025,3
Q4720619,0.017271917135345562,2
Q4920033,0.019956470429274387,3
Q5806287,0.035819276314851586,6
Q48345173,0.03221527599510206,5
Q23815258,0.06821588516074924,9
Q100359101,0.00023606586996314214,0
Q23350551,0.028780136063653167,4
Q2640733,0.02407308134212473,3
Q92302708,0.006428776464969028,0
Q274635,0.011603855240201985,1
Q3929711,0.016147621241516388,2
Q94937179,0.04098958099005335,6
Q7017172,0.07722429746409719,9
Q1584768,0.0029245935146101883,0
Q9618236,0.012818256327334143,1
Q598720,0.057366531822059176,8
Q113090000,0.06606870978301721,9
Q18887932,0.06467195027095259,9
Q15444760,0.07633317271912342,9
Q2796485,0.05191494951126749,8
Q3085998,0.07987921922768255,9
Q10723468,0.06086410333442124,9
Q6003702,0.02060123299717424,3
Q19971417,0.038774151681678214,6
Q6004284,0.06334474966387466,9
Q10357173,0.03152705396024567,5
Q26769367,0.06073949316329412,9
Q20109616,0.029441478763081563,4
Q23059392,0.02475438320961536,4
Q16359097,0.024166001525295813,4
Q49594868,0.05391251828325726,8
Q114242945,0.019529341822757097,3
Q13101413,0.049271463356409737,7
Q55674944,0.06784692293211594,9
Q7631935,0.031124599949059133,5
Q1736552,0.051703648210865635,8
Q1349694,0.010184908284186434,1
Q117247002,0.04130483944667227,6
Q119537,0.04671433513073843,7
Q20991375,0.04019505244863447,6
Q3264823,0.05634832586064142,8
Q27507987,0.03030169118021993,5
Q1584778,0.0006541424320632495,0
Q100696803,0.0293420141590494,4
Q79417420,0.02536079437820727,4
Q2134413,0.0026533190514006688,0
Q3300445,0.03221165363547402,5
Q16357159,0.06863385636189322,9
Q47498526,0.014846417555283944,2
Q5267514,0.015116179127857734,2
Q107387272,0.026384310816203037,4
Q7708885,0.04699012543824513,7
Q1352065,0.036693213262396454,6
Q16106650,0.02909235749941594,4
Q576051,0.017832131001735214,2
Q3421059,0.02093951777323908,3
Q3573857,0.060038964368628614,8
Q95312813,0.04534783905480584,7
Q16302545,0.02167226902641907,3
Q17381111,0.023183408974887684,3
Q10374124,0.04487614484758996,7
Q15970550,0.011329536449653963,1
Q1363089,0.0009284029307422093,0
Q24634358,0.005683511818900704,0
Q1465736,0.01084804868960793,1
Q3265805,0.04843708181361339,7
Q3805138,0.07763826802191039,9
Q1819267,0.04662685398125761,7
Q3069154,0.06651949112239486,9
Q10364600,0.03152065582925281,5
Q5407783,0.02014908926683665,3
Q52150088,0.020541465801395088,3
Q15505892,0.009859626276179225,1
Q108864744,0.014343314557217893,2
Q76780091,0.011466507303761716,1
Q22980182,0.03988352248642316,6
Q123184700,0.050192721101679175,7
Q17017194,0.019630702588605116,3
Q13564502,0.060385693335308493,9
Q18214987,0.05354379955421511,8
Q4778500,0.003562901774566102,0
Q36221011,0.013579620563031485,1
Q9747442,0.009332799000856502,1
Q137824483,0.01752509430825628,2
Q12368561,0.006287644858078593,0
Q65929795,0.03417626441559663,5
Q17383268,0.0750289505705084,9
Q109715839,0.09003215209828541,9
Q4747968,0.030102719597510517,5
Q1768810,0.02455031237814202,4
Q18215263,0.010496156906562457,1
Q15441040,0.03575499484718982,5
Q2770034,0.05319658159379521,8
Q2158910,0.02209331602646412,3
Q2978442,0.028343264520131365,4
Q6076815,0.02094818921817395,3
Q95220356,0.00926772626528203,1
Q10301345,0.014509303224367893,2
Q5859932,0.049734535195621224,7
Q442509,0.03672112253926266,6
Q6050078,0.02067611205075519,3
Q29576578,0.01623245987404387,2
Q13157704,0.07432501442361511,9
Q22063686,0.03076759278360961,5
Q6197620,0.0709941590282522,9
Q3018601,0.07727732919183795,9
Q7331584,0.02451144948765435,4
Q47876945,0.051512742620577937,8
Q19894236,0.048644953264440786,7
Q10357515,0.049621586660080604,7
Q5301323,0.04427644733556755,7
Q16509066,0.04325466277604714,7
Q16649601,0.08048999597899267,9
Q5791255,0.07055149068456684,9
Q60439241,0.036188473519459745,6
Q3293454,0.002470416037662907,0
Q5489402,0.06410443130853787,9
Q11253102,0.0022509576505678657,0
Q15690363,0.04822308353358044,7
Q5344021,0.012849167307682036,1
Q6289886,0.017272577799819742,2
Q125532,0.06055959710322909,9
Q1749176,0.07499435265005336,9
Q1730670,0.01888264619390139,2
Q16669224,0.04161139281403893,6
Q10320858,0.018893333349491444,2
Q16194955,0.013820244582534868,1
Q5957493,0.016694185672494845,2
Q7702145,0.009034302074146407,1
Q31728041,0.024747980566794732,4
Q33646758,0.032869448616991856,5
Q1578393,0.018091569463678066,2
Q17154086,0.028254249668082536,4
Q10389074,0.024662315054954143,4
Q10814150,0.06515161536007825,9
Q28541074,0.04048183470648324,6
Q131358245,0.004582997172112782,0
Q7021772,0.06919270875248891,9
Q3131143,0.03752040338199154,6
Q106731000,0.035696439208521565,5
Q1177025,0.044827503531394385,7
Q5858368,0.011254979491011799,1
Q109623606,0.004939051587490362,0
Q110775978,0.02682245438893976,4
Q18917973,0.022517455130082433,3
Q97347506,0.02231363025107347,3
Q3903387,0.0017262174524044014,0
Q2545209,0.03219201491542882,5
Q2926390,0.024886818393200505,4
Q4355013,0.044382970978662555,7
Q89818596,0.03347374527530811,5
Q22679424,0.004255036656943023,0
Q10316773,0.029667274764849493,4
Q28660348,0.041115862542295496,6
Q6844063,0.07635749626369864,9
Q1448145,0.007976485934696406,0
Q12373905,0.06730729459361427,9
Q8427812,0.03564267163876701,5
Q6167859,0.026209370541584825,4
Q5724683,0.009649141443526257,1
Q5798564,0.027757192566520757,4
Q65165589,0.03912527871551888,6
Q10391515,0.006473158242060266,0
Q60196695,0.04569758766052263,7
Q16487107,0.031454076362136346,5
Q6009396,0.049338976154178156,7
Q5628549,0.05934462296395665,8
Q2045147,0.029373254380119913,4
Q42392496,0.023541618434700384,3
Q16728657,0.01062506313708418,1
Q5913499,0.039148518750406425,6
Q3832294,0.0399915658390387,6
Q10307906,0.07913111736906023,9
Q3436310,0.0005863521316240189,0
Q105077376,0.0225716525080289,3
Q2158431,0.03562521384486476,5
Q4885995,0.014071537259308266,2
Q2592026,0.03288281256208628,5
Q55675634,0.03104306507122692,5
Q15970723,0.07262172242855397,9
Q57608813,0.017188946258651507,2
Q3105712,0.05944033882746519,8
Q16443839,0.043760005733766726,7
Q177909,0.02838950951746861,4
Q1754869,0.02813225781087593,4
Q27836013,0.05425858005843739,8
Q42390367,0.06693301349313643,9
Q7145789,0.0348252752017715,5
Q6524844,0.01006924017351913,1
Q91250723,0.05998417889862733,8
Q42392651,0.01791196544997525,2
Q7918211,0.03878362838127781,6
Q120078722,0.06642910972864091,9
Q6004736,0.07015454129954071,9
Q11781204,0.03191611454418976,5
Q84589807,0.07070638656646211,9
Q55641540,0.05415422918827498,8
Q20950138,0.06223633315245151,9
Q6435111,0.05238503533631068,8
Q42395843,0.010649558041171354,1
Q6107121,0.008253574172529006,0
Q2903400,0.056941070966322796,8
Q5858111,0.017590018352748257,2
Q23062916,0.038693795199321875,6
Q59141262,0.03882840643240485,6
Q7787244,0.011592874890483102,1
Q16351527,0.0034472741414823447,0
Q16301784,0.03707464823609026,6
Q87493206,0.04767971878469216,7
Q37643152,0.033424293849547065,5
Q7842289,0.060125315822397496,8
Q1605545,0.012560501914551537,1
Q42391878,0.04896226578995266,7
Q110651125,0.01814557145704332,2
Q39040513,0.030299040783825133,5
Q11857998,0.01317632896721325,1
Q16162648,0.006784111501793252,0
Q1629666,0.0742981624507519,9
Q25484495,0.015628985770872805,2
Q6108311,0.014768933391036783,2
Q5767488,0.040338550932145105,6
Q22063312,0.020101897597646325,3
Q13188527,0.012924584884995241,1
Q99439644,0.0014580905784720574,0
Q13188409,0.02295249081449984,3
Q42392199,0.06270361332764794,9
Q69855184,0.015087893984135813,2
Q6178328,0.010312932228257153,1
Q5753431,0.01764512681189012,2
Q7294450,0.019783321380540356,3
Q106850777,0.006405259523089707,0
Q5496188,0.011080706957661049,1
Q1441411,0.014004870532045985,2
Q11858758,0.02245025679687473,3
Q30106187,0.06128892226590072,9
Q2831471,0.018475946766551565,2
Q108293721,0.026796538670527666,4
Q30307143,0.023675593371569915,3
Q121927957,0.0024002896623241893,0
Q15458723,0.04358986979622198,7
Q6397469,0.02643737968096492,4
Q62036541,0.07317530793619026,9
Q95460810,0.06878960321554543,9
Q20683370,0.0071427569528775825,0
Q16938124,0.028474930209381983,4
Q9697201,0.020294847199949537,3
Q64167102,0.026865735719754882,4
Q10361234,0.016976729034362866,2
Q42388467,0.009852713402151311,1
Q64705628,0.05685343935562724,8
Q7366886,0.00944356105622662,1
Q112526573,0.007180425748104069,0
Q3290633,0.042050113500133456,6
Q60176389,0.010674759708171647,1
Q1281653,0.02285198310818163,3
Q42394243,0.005603546329944267,0
Q113809936,0.016381479334704567,2
Q42390085,0.02554515744154692,4
Q112553250,0.015168630379634387,2
Q15435693,0.03489284551074572,5
Q62663436,0.04298305455531176,7
Q3110615,0.002516985496758943,0
Q55436283,0.06762344144765353,9
Q20789743,0.033221354841337085,5
Q42393687,0.039319284605994986,6
Q42393418,0.02038829262801744,3
Q524039,0.05265386646492179,8
Q47545145,0.03768348320332688,6
Q16301662,0.011931648288445984,1
Q95267228,0.017425630087197424,2
Q696106,0.004912107946999369,0
Q42405438,0.053949676373440926,8
Q23061175,0.007798481630924772,0
Q123233,0.03801729471252155,6
Q42386316,0.06554174488891677,9
Q64141264,0.01453554479556072,2
Q26251170,0.026542281586175772,4
Q3169822,0.05629065597250151,8
Q17332844,0.010589372076967423,1
Q105051,0.08286186571864881,9
Q135185891,0.011067696043177064,1
Q10321203,0.0006935876691034213,0
Q10308225,0.019532483955764943,3
Q4923981,0.016929927070245626,2
Q130731561,0.022978811082254105,3
Q10382351,0.057599281527075885,8
Q10387210,0.0426083384783397,7
Q107146371,0.042798564619785325,7
Q1890057,0.04007114763882617,6
Q106086823,0.01017870558924031,1
Q1495493,0.016980658219349517,2
Q2428922,0.024330681393303206,4
Q47537766,0.02510287528101653,4
Q20734497,0.018649565694767643,2
Q62839573,0.01311195246563593,1
Q71025938,0.04313350160075353,7
Q1368533,0.056666438450370976,8
Q16599079,0.03744976677668358,6
Q56794317,0.02128908455474678,3
Q42391190,0.01582789867282641,2
Q1374946,0.016802352721503985,2
Q2977763,0.062405216946881746,9
Q42396609,0.036201020108631944,6
Q42392795,0.010056289508285268,1
Q55675148,0.015149806404313553,2
Q1825304,0.030813080348836834,5
Q117752176,0.020136093382693072,3
Q107693105,0.0026781412747634353,0
Q33165442,0.07943107149569346,9
Q16185257,0.011378239327326903,1
Q42403404,0.015531853359998155,2
Q56346910,0.04381704855175548,7
Q7976564,0.015424351101913031,2
Q13188368,0.06447921148450904,9
Q5126543,0.026532670762308325,4
Q42391028,0.005800745591332806,0
Q17516244,0.04400622865614877,7
Q2544513,0.03658175295818272,6
Q55070596,0.022082029358430934,3
Q56350509,0.039117326994002104,6
Q5293054,0.05413624126655161,8
Q18325437,0.0046732700759331966,0
Q42405136,0.01294236571999165,1
Q15439182,0.01586042224439149,2
Q16940051,0.017196872692346266,2
Q9668438,0.012185721310945717,1
Q10292928,0.031150730851089246,5
Q95383629,0.04854633408736801,7
Q42389485,0.04187308830598609,6
Q7503547,0.02731456767203094,4
Q97179813,0.005469504167342099,0
Q122916885,0.049610182188044596,7
Q98106132,0.010174547206160182,1
Q1634838,0.004980868156679083,0
Q55681356,0.021328045200104173,3
Q48872711,0.05704457121120181,8
Q98834031,0.026926977407892072,4
Q15132674,0.04553923200247665,7
Q980610,0.054095439784735216,8
Q17478259,0.02204996119485186,3
Q56671505,0.05559897578805422,8
Q42393335,0.03861930532737776,6
Q42398996,0.002653641916252544,0
Q42394524,0.0005544637703746867,0
Q105531489,0.06932451115442753,9
Q42393470,0.04575907702950106,7
Q42387858,0.012557282357727625,1
Q42400013,0.03686398528989929,6
Q42392641,0.03491709577636718,5
Q104995743,0.03217797966325442,5
Q56671509,0.043928537399856644,7
Q64685831,0.0535127179485059,8
Q115543320,0.011729342485323811,1
Q37980447,0.046429365999256254,7
Q15970668,0.01793963121947355,2
Q108690699,0.02825320056575052,4
Q125498322,0.011661713456744821,1
Q7176522,0.06540884045724586,9
Q21511333,0.05922702906401091,8
Q136202995,0.030678246432469167,5
Q42394322,0.020593372099157903,3
Q15407249,0.015177579786174308,2
Q6217234,0.0557065860621297,8
Q42390597,0.013899585785743145,1
Q130731534,0.03223963469082242,5
Q3166704,0.026866535570986637,4
Q101910956,0.08261291684390869,9
Q13189996,0.03368841824720152,5
Q42393810,0.05270264024242566,8
Q10283032,0.05896998391468511,8
Q16887362,0.05004358173386283,7
Q42389955,0.030722217475644978,5
Q118126169,0.01243601847457068,1
Q126415086,0.02111720667260082,3
Q94923016,0.05527828944436367,8
Q96108951,0.004705349829490839,0
Q15970664,0.02735257686433246,4
Q42391895,0.05445670723561154,8
Q42402235,0.005670105699286176,0
Q60580718,0.019305770995735674,3
Q10325484,0.027881001671790015,4
Q133256391,0.0649053308981936,9
Q7182114,0.05082814283489712,8
Q42394191,0.025859389454189488,4
Q42394297,0.010898918380799842,1
Q42390574,0.05605890144586073,8
Q14053053,0.022287024234687678,3
Q111370620,0.06235703060097532,9
Q56671503,0.04084820699424877,6
Q15072051,0.04585024260373013,7
Q110375261,0.0009168017265815496,0
Q16337601,0.0071693506455107366,0
Q16438785,0.015543712718506091,2
Q28758841,0.01215869570760387,1
Q16302431,0.022628563183774916,3
Q25439073,0.05019936413688407,7
Q16935178,0.02779581601466449,4
Q42393321,0.017178851457853507,2
Q42386570,0.021948316799114836,3
Q95260079,0.006087488133941496,0
Q5742172,0.024553856559387837,4
Q56671678,0.05599249687996989,8
Q64684051,0.04670100283731209,7
Q42398174,0.009765278218296012,1
Q120433313,0.016220769077958924,2
Q30644296,0.05600327829379625,8
Q135412841,0.011000942368569607,1
Q95178965,0.035683865020443455,5
Q18110101,0.017093630129203872,2
Q5935221,0.008421219620900639,0
Q84845604,0.0338718815744522,5
Q42392266,0.03230495873862439,5
Q6247001,0.044301390729254625,7
Q42392544,0.060088994084356126,8
Q25586640,0.03496138122664192,5
Q5675709,0.00792740816710363,0
Q65208871,0.0597934560960705,8
Q95310032,0.010254598198560507,1
Q42400192,0.025247268508479657,4
Q124740713,0.039547464704501996,6
Q133226614,0.004644447745765465,0
Q10349942,0.013677217392687561,1
Q124626105,0.004681768175793364,0
Q133867488,0.058700338739334355,8
Q9752222,0.04994635839787308,7
Q1508160,0.04591890996387759,7
Q112553345,0.02945327875377831,4
Q42399614,0.02696327739480655,4
Q47006210,0.05409133094104662,8
Q10327095,0.04479205701842525,7
Q127170709,0.008469466723035392,0
Q116373288,0.05670304083332339,8
Q3309930,0.037196019350716036,6
Q42394120,0.04250473110086554,7
Q56670766,0.0407703140860227,6
Q16446222,0.026364894522744268,4
Q56670976,0.04894367050534124,7
Q11891512,0.014892392684828597,2
Q95470076,0.022860521431406336,3
Q137336361,0.01363223157073808,1
Q16192589,0.02676494126130135,4
Q17384258,0.046852008274029446,7
Q16528893,0.050231683124734645,7
Q16440277,0.03479654558282349,5
Q10268194,0.058881012395078466,8
Q56671298,0.05915418578830467,8
Q6128634,0.031141398569179655,5
Q95233821,0.022401255216529567,3
Q1133849,0.03201974966037186,5
Q56670841,0.05278948536909449,8
Q42390773,0.0011088974883453945,0
Q42393957,0.015439487394152575,2
Q20048129,0.02446868921834755,4
Q21604562,0.008098303271746881,0
Q10346186,0.018222866644574818,2
Q21706058,0.00677186050702707,0
Q132743745,0.013351536936887681,1
Q121303302,0.014610041913440881,2
Q42393786,0.011265799908028026,1
Q121745453,0.060636006845186746,9
Q42392921,0.011166049431301846,1
Q56671516,0.012104656336488133,1
Q42393732,0.07784930912227542,9
Q31320473,0.009830701059203882,1
Q21020033,0.0181382285769564,2
Q42390411,0.07392318570339412,9
Q109453095,0.0547026391310685,8
Q28865076,0.013432107037424137,1
Q6346112,0.042425697258221075,7
Q16939780,0.011060235033778303,1
Q13002002,0.04674734204382841,7
Q15815191,0.037620474718824834,6
Q105480459,0.010758233130216018,1
Q42402237,0.02101690378841487,3
Q42389127,0.01364210913001118,1
Q42392117,0.04378900925417541,7
Q42387795,0.017564544630342925,2
Q42393749,0.015536820597146945,2
Q42393392,0.004781197633407513,0
Q17384492,0.07192269669348222,9
Q42401306,0.004240958203645913,0
Q60400532,0.02990680510336454,5
Q56671150,0.04432816539337085,7
Q6935927,0.03933701986605225,6
Q19710633,0.03705547251023356,6
Q10272457,0.06752503005643078,9
Q16493323,0.05941558577130054,8
Q42391777,0.02093545517501034,3
Q56671569,0.023593495355803216,3
Q126179194,0.05809117540231128,8
Q42396106,0.05066915997247059,8
Q13534618,0.044661600825819506,7
Q42394774,0.04118525346012878,6
Q42402474,0.03750521824819652,6
Q42391036,0.044672456446599326,7
Q56671291,0.05208968303803222,8
Q116946144,0.0052288621417252695,0
Q42392724,0.017221360711880764,2
Q56671571,0.024233097130130003,4
Q42399270,0.0014384841026962995,0
Q42391392,0.03030090325792154,5
Q42393716,0.030150490742252505,5
Q42390976,0.03802479556711939,6
Q17382026,0.03865423372279359,6
Q42394234,0.02543673287076029,4
Q10308882,0.04490603548637087,7
Q42392953,0.030090027981434737,5
Q42389922,0.014651748240896014,2
Q42404301,0.018239418100810527,2
Q56671647,0.03052030908433844,5
Q124634097,0.04974063093057181,7
Q56671303,0.06683690759562654,9
Q42405334,0.030620550612433305,5
Q20804714,0.03629981121883904,6
Q62869789,0.06695430073028051,9
Q42390961,0.025861148702010287,4
Q42388595,0.021309987948084815,3
Q56671275,0.014895316700415346,2
Q42391301,0.019504612915226368,3
Q56671308,0.011925937982391787,1
Q42390666,0.055190082077439875,8
Q42391221,0.0501557637711003,7
Q42389473,0.02618937634532231,4
Q42394420,0.04267257834142965,7
Q132146351,0.007910052586065528,0
Q56671100,0.03874057383169061,6
Q42398992,0.0343972412771202,5
Q1625288,0.04631993392537193,7
Q42393259,0.05756135461725785,8
Q56671209,0.06136856920202397,9
Q107586160,0.004819571782626296,0
Q16309126,0.05587077590289583,8
Q56671195,0.04957480932991515,7
Q42386341,0.006337004140628113,0
Q56671586,0.05988068851403256,8
Q42393220,0.010691009570121682,1
Q56671064,0.03833947127436877,6
Q42391545,0.0021848301923324495,0
Q56671316,0.01649062270416688,2
Q134154407,0.01252730925547145,1
Q135196565,0.02102338295916646,3
Q56671471,0.018975851190050085,2
Q56671313,0.0002225389724322418,0
Q56671198,0.0032611016797307654,0
Q136822429,0.0061751932573873465,0
Q56671502,0.013447925798865936,1
Q42392430,0.06054265214496569,9
Q56671002,0.009266500064918895,1
Q56671206,0.03725224814638642,6
Q56671243,0.028037412600099818,4
Q42391363,0.007940612082574947,0
Q56671277,0.025747177908859303,4
Q42392036,0.015564926828338682,2
Q56671536,0.022007507051474466,3
Q42391608,0.03335148509885206,5
Q56671432,0.014684548648086809,2
Q42391409,0.06558374934082245,9
Q26715178,0.0046875586876961375,0
Q56671520,0.02431011362663929,4
Q42405428,0.019600550749546294,3
Q5800221,0.021649618367202177,3
Q42394598,0.02112113990260278,3
Q42388977,0.03404419541266637,5
Q42394884,0.006969970066627352,0
Q56671153,0.009117034755986592,1
Q10347698,0.0723871971294973,9
Q42396567,0.03643615346890484,6
Q42394459,0.025154425468745155,4
Q42403373,0.00837452002391938,0
Q42388876,0.005737424699338471,0
Q42394195,0.03527599828910058,5
Q64348112,0.04750230243979171,7
Q95463821,0.049879122976378934,7
Q42392180,0.023248403622041336,3
Q56671431,0.05310526072494277,8
Q125990264,0.00899394937935487,1
Q56671265,0.0057123495007909576,0
Q42396320,0.028892487941574094,4
Q56671249,0.025729602275403562,4
Q42393461,0.06013479995002411,8
Q42390238,0.0013380882082402506,0
Q42391029,0.08323599496050563,9
Q42392105,0.01994680237799987,3
Q56671486,0.013966288393221738,1
Q42394755,0.014503143548536787,2
Q56671096,0.03933626256025296,6
Q56671081,0.003038584591321817,0
Q56671000,0.038258523225909925,6
Q42391005,0.03771488825366545,6
Q42389341,0.022622326310889965,3
Q42394650,0.01453678599246979,2
Q56671346,0.044977286415651636,7
Q5963369,0.022884464490022814,3
Q42389725,0.06099487166363065,9
Q42392989,0.06346686982457111,9
Q42391024,0.06010505388986653,8
Q56671076,0.06999401063736711,9
Q42401648,0.003567133394953705,0
Q42390631,0.045019252437175125,7
Q42394766,0.009181089377822603,1
Q42394751,0.010326698636705245,1
Q42397581,0.04983644577730577,7
Q109337894,0.03267858950772249,5
Q56671622,0.015189732242560497,2
Q20608512,0.015352105737965575,2
Q56671464,0.056470966789496646,8
Q42402987,0.02574839485706746,4
Q10334834,0.030362465297945618,5
Q42397608,0.03968291103275455,6
Q35831245,0.05051157616067373,8
Q97369177,0.049351983557240735,7
Q6951547,0.005467306268646371,0
Q42390906,0.0050467493513033515,0
Q108847629,0.01537037604590522,2
Q125817142,0.026909180770256908,4
Q125817129,0.043545302000831454,7
Q106777993,0.01652578650416591,2
Q25485141,0.015145491056634475,2
Q42394044,0.007241341627583222,0
Q5391750,0.029025240952928372,4
Q30043516,0.0579355889527541,8
Q56671423,0.0383902433029963,6
Q29862149,0.04297321853021937,7
Q42394325,0.030444975900368067,5
Q5948648,0.020570219617632765,3
Q20738116,0.03886284266669555,6
Q47537701,0.022647578776146638,3
Q89277320,0.002585615337772439,0
Q42404331,0.009078884684211426,1
Q42392241,0.036401530996747915,6
Q61750370,0.08837685642789532,9
Q10289051,0.009575398260555978,1
Q56671602,0.012249551906138538,1
Q96210279,0.05958252418975312,8
Q75653076,0.008858770790652117,1
Q24851874,0.006264845683311709,0
Q95157150,0.013871872505675542,1
Q134451821,0.02044669471509616,3
Q13113642,0.02728357859200461,4
Q94786818,0.011513474239318372,1
Q100600015,0.014075076449602337,2
Q5657159,0.008021051679528598,0
Q26267290,0.030806515394430543,5
Q27586997,0.07848103201990986,9
Q6098411,0.04443315167356285,7
Q137731568,0.012504625693504579,1
Q10270622,0.01959218935042043,3
Q109592009,0.024490086943793565,4
Q95243820,0.012568731271801529,1
Q103162791,0.08761559859490485,9
Q131750788,0.036112179063391474,6
Q89371679,0.015259321389849126,2
Q22281343,0.04273489255967472,7
Q131762617,0.028554754647604215,4
Q132777778,0.004964248698262411,0
Q119186456,0.030569609393356956,5
Q12562505,0.058843937689972585,8
Q12547127,0.07007984888714434,9
Q12550505,0.07560438523774075,9
Q16432343,0.06113736145245602,9
Q63121611,0.035496186108247285,5
Q131758265,0.05271640077996541,8
Q123965509,0.0639784821613041,9
Q60565393,0.055324061801922855,8
Q136804862,0.031188921064555532,5
Q16431449,0.06984888548027393,9
Q69048039,0.030371522293296174,5
Q114064719,0.015415634652733807,2
Q109641208,0.024789531030122377,4
Q135427180,0.03778129146957474,6
Q12555790,0.019832391374203596,3
Q12217168,0.016978832698857714,2
Q137709005,0.03986106198308268,6
Q136419284,0.048185763072600654,7
Q132722334,0.05581752510157424,8
Q132734665,0.0016349352492057018,0
Q16946163,0.037180423598203935,6
Q30069874,0.03014904824520229,5
Q137821400,0.049137842209409505,7
Q109785124,0.038827142829950735,6
Q126393240,0.022438004448035474,3
Q115628373,0.011504931217138019,1
Q123965021,0.038080326187758945,6
Q18411090,0.023484367572524516,3
Q56349707,0.02803085161916618,4
Q117470268,0.002077562638231907,0
Q137594815,0.01338389209805314,1
Q15781462,0.0423548993363382,7
Q137578893,0.0024178548678403314,0
Q108409287,0.04656224924502562,7
Q136762713,0.0553693944841114,8
Q134488600,0.03865756393064433,6
Q138114021,0.04461684976881403,7
Q85871012,0.03428903765801641,5
Q133807646,0.03923240386467944,6
Q81476954,0.04721668700325406,7
Q85991014,0.0007220222308996615,0
Q103786614,0.0385953836562491,6
Q27734336,0.0670325337631502,9
Q108516491,0.05003018737633568,7
Q9218920,0.03329819947389272,5
Q41532200,0.029171181679384983,4
Q117212815,0.0074117668244757726,0
Q52247378,0.025890768499855214,4
Q23892797,0.0019215821663263212,0
Q111378870,0.02488488552731492,4
Q79917156,0.02243493411224325,3
Q135855582,0.030421950281483777,5
Q130527523,0.030813537245108276,5
Q16203076,0.020530813263899942,3
Q131607516,0.020148439716432962,3
Q136084512,0.07789104517315534,9
Q132858876,0.038100499959852735,6
Q134426828,0.03156023966684193,5
Q109777332,0.028856575053906777,4
Q60256889,0.026571895815064025,4
Q113243504,0.01758173813246115,2
Q133444704,0.022507232160355176,3
Q134621027,0.028554741207073377,4
Q124632961,0.058229054862155134,8
Q122347171,0.023424397280160648,3
Q133934052,0.016492931855294483,2
Q122664805,0.022313377377867386,3
Q130464577,0.024327923818468048,4
Q135426576,0.03889945029693943,6
Q12571004,0.02420348431996438,4
Q125810420,0.07728348915774029,9
Q25614764,0.014951329314954045,2
Q138609197,0.05923147493215528,8
Q131430328,0.017294990314335578,2
Q131387611,0.019164053767707728,3
Q23309428,0.03061432905684801,5
Q125339995,0.0028773739044063336,0
Q127176228,0.04085196414063519,6
Q123819047,0.017246556409791766,2
Q61000511,0.006879191633649144,0
Q70880435,0.05133513204832101,8
Q109982248,0.003866416120474293,0
Q80105481,0.0074256945127880334,0
Q43549566,0.011140499925870552,1
Q56394530,0.01598817507500969,2
Q60565257,0.027546591745953558,4
Q117029056,0.009877570301196603,1
Q117196888,0.06095743333025104,9
Q55217262,0.001442655614539705,0
Q101242250,0.05178175611065751,8
Q84005033,0.01469715392608814,2
Q39387738,0.04672847855572856,7
Q113243503,0.012429330715660929,1
Q30932284,0.06927301367222492,9
Q59572131,0.03178676401124011,5
Q16495280,0.051169898788287246,8
Q108486488,0.020065745192552935,3
Q16846821,0.02689374918349839,4
Q131323783,0.01827281860683042,2
Q5646785,0.034485758618151306,5
Q127607128,0.003068048169293552,0
Q113452721,0.03824693458371032,6
Q3086821,0.0010796910551650048,0
Q110929755,0.06117737035079664,9
Q18551858,0.06172040126637056,9
Q61763525,0.0327937981206401,5
Q133105249,0.08683780215507379,9
Q111352310,0.058829300489461535,8
Q108178477,0.023120753111053795,3
Q7027453,0.06325813520361755,9
Q137797684,0.025390875483813285,4
Q92434509,0.01979451345076192,3
Q119991512,0.035454722932369294,5
Q31738455,0.045057741302354744,7
Q4367611,0.04278775334224381,7
Q80640735,0.03160164672344987,5
Q125105385,0.04248795050383413,7
Q42396578,0.014847309204716469,2
Q5542294,0.03280416500373888,5
Q124293644,0.05136337160321917,8
Q28497368,0.045789098604640026,7
Q108144608,0.021704285999063516,3
Q131613550,0.042890307330975805,7
Q105882943,0.021392017905944808,3
Q61082274,0.017328334818428198,2
Q106544711,0.01420584822963306,2
Q136088965,0.036892938537972327,6
Q133260491,0.012889309616475728,1
Q64853069,0.016577166939434142,2
Q16726249,0.03469452079349086,5
Q164721,0.056038626390137035,8
Q139121,0.031333042202972665,5
Q237527,0.04972054000232538,7
Q323805,0.03780486237455362,6
Q708963,0.06712451387021667,9
Q880598,0.05399711387111876,8
Q2096837,0.05041176876008276,7
Q432689,0.06309502790989273,9
Q745896,0.03757901823501243,6
Q446735,0.048515149399565555,7
Q28450408,0.076740560506882,9
Q1348831,0.03383625671511124,5
Q2159355,0.0939143171328035,9
Q749926,0.03392789664301814,5
Q75024155,0.035329087325204296,5
Q5040382,0.03508977519883645,5
Q26706877,0.01215073541594757,1
Q16054135,0.03286907384171798,5
Q270758,0.01926680496717858,3
Q4143469,0.042956828326644915,7
Q49913714,0.0664181603716387,9
Q862184,0.02497268872318636,4
Q7685533,0.04731149592630716,7
Q36995,0.059523940886103535,8
Q19673275,0.0006605529988253841,0
Q16730334,0.039651924960830434,6
Q4096130,0.0369446279580317,6
Q91799827,0.03503902795809217,5
Q6256552,0.06954438337799253,9
Q16146616,0.018905766754420128,2
Q437058,0.05675133234180245,8
Q2909895,0.008324656118616429,0
Q1322146,0.077375449143234,9
Q3025551,0.006571874960368636,0
Q321108,0.04083508145440157,6
Q538716,0.0676474777678425,9
Q3505379,0.035641333796648814,5
Q366317,0.046104520065058344,7
Q1712499,0.01441660219130126,2
Q3560818,0.09140091079542209,9
Q1350441,0.027824005613703254,4
Q12713042,0.0482608169890981,7
Q320836,0.07568211726507618,9
Q5394549,0.05786359323545104,8
Q1443927,0.03959205418779527,6
Q12403901,0.023857046371558777,3
Q19825977,0.08816372787498857,9
Q1028601,0.029048261030608362,4
Q859157,0.015182840397320655,2
Q30961010,0.0273044839016787,4
Q16209581,0.07621681639048045,9
Q744337,0.006988797840939423,0
Q64736693,0.010661615950101469,1
Q61086276,0.0010552527191238547,0
Q2370185,0.06426701865739785,9
Q11321442,0.08218230309223007,9
Q470071,0.0032705407052275983,0
Q1586916,0.01893401769336608,2
Q569122,0.031325744044537154,5
Q851613,0.02413275805199463,3
Q122932399,0.0013165260982982948,0
Q28172175,0.080952678423558,9
Q324353,0.059764354598184515,8
Q2883872,0.042881719343511,7
Q2588411,0.042495414597081345,7
Q4960830,0.06405004558225778,9
Q5750041,0.03889705319844774,6
Q2164562,0.07815113601639583,9
Q1086308,0.029820432183868747,5
Q3156824,0.0032733762025764345,0
Q1420844,0.02902415323685486,4
Q369138,0.05145624023661267,8
Q3498633,0.03417539410986823,5
Q10306650,0.06449081112835561,9
Q163947,0.002423656669068674,0
Q11728503,0.030875721032261477,5
Q7181651,0.019961798224097497,3
Q17277777,0.027395473775304605,4
Q292521,0.03044806054957499,5
Q1724810,0.03441368993552646,5
Q1343480,0.021558323016403768,3
Q2616903,0.02996741642724788,5
Q433247,0.0157976499986833,2
Q345938,0.06980256885295534,9
Q361522,0.01902127252055703,3
Q50288390,0.029765975938110634,4
Q1044657,0.019066278317475076,3
Q713854,0.010692149376423469,1
Q545452,0.013932485426528977,1
Q952496,0.055408878672468624,8
Q2569126,0.02231889371542066,3
Q2129435,0.050806253365358725,8
Q5055674,0.018203023028280748,2
Q418969,0.008595179150201552,1
Q965203,0.014838364029970944,2
Q6149089,0.08958329032893954,9
Q1700675,0.04081526240645963,6
Q139405,0.06349080878789408,9
Q2916325,0.02071983739029296,3
Q2591117,0.08380767347509571,9
Q10338458,0.044582529007690525,7
Q112670819,0.0010742311268356986,0
Q351187,0.060792539673405886,9
Q5086374,0.016210690965795027,2
Q2148636,0.010252167078889929,1
Q1239100,0.06843005053083717,9
Q95179590,0.061005225682720224,9
Q2330044,0.025084258994202944,4
Q110146689,0.004218306561697351,0
Q16221910,0.012035070917571083,1
Q1159014,0.029047456199097568,4
Q953797,0.031728118825000366,5
Q892310,0.036067975339582815,6
Q1878944,0.05445743726938166,8
Q12281964,0.05070561316081205,8
Q716747,0.05528096531499471,8
Q2881210,0.02414050081274068,3
Q112075333,0.03996805495950025,6
Q4318519,0.04514311772649128,7
Q1628336,0.012908734135837865,1
Q7614765,0.04658562197066952,7
Q5490070,0.01417777465136289,2
Q18676845,0.0655834407130535,9
Q1811738,0.05973493088953399,8
Q1218922,0.03179014087421997,5
Q1165477,0.06291636884771307,9
Q107015064,0.005061406864863349,0
Q1173303,0.03620070751208614,6
Q1913413,0.04848164570117968,7
Q15106383,0.05088343218184004,8
Q2253911,0.010914586402896387,1
Q1237910,0.035327461345330116,5
Q58007846,0.030031307494020637,5
Q6264970,0.014246636167641238,2
Q29001021,0.0609181288355686,9
Q68457577,0.024758614102669274,4
Q7045324,0.06512836808013044,9
Q3170751,0.07027248180451044,9
Q6846320,0.023031797652036414,3
Q1900112,0.04787942026474698,7
Q508574,0.0335406089468243,5
Q1370605,0.06248126108663779,9
Q1302580,0.03817491575273795,6
Q4430642,0.034972420209125304,5
Q3940076,0.04086639431421692,6
Q3292973,0.051248262181205054,8
Q824893,0.0022282446497021123,0
Q1252483,0.04980741475849773,7
Q2734789,0.014845777836741533,2
Q4126782,0.03398604334683425,5
Q91529037,0.04666153155057357,7
Q2638075,0.030530863567145624,5
Q17639550,0.04454153145045327,7
Q1189006,0.0184592175604042,2
Q1683929,0.02922362363784782,4
Q1910033,0.03464461661987763,5
Q1278973,0.033927417885954714,5
Q2346976,0.011437058152538211,1
Q7138333,0.0079646102115595,0
Q1251884,0.010612272043531963,1
Q1691456,0.015956170196659486,2
Q917597,0.03744248795228442,6
Q227401,0.023577302758835746,3
Q95089319,0.00620654527713449,0
Q112298,0.024268679349453055,4
Q3369710,0.015829464018630324,2
Q2024275,0.061528245512574964,9
Q111884,0.030395928661330365,5
Q1448175,0.028033246509984237,4
Q2080409,0.0200949306366224,3
Q1568087,0.03516285959123659,5
Q26721618,0.05408487256009733,8
Q6662444,0.0059125501073417725,0
Q705775,0.039776522167333794,6
Q1931063,0.010187302506793937,1
Q3710588,0.007963111038492279,0
Q1290678,0.026341734873731863,4
Q6109392,0.03352954241117194,5
Q328133,0.018341139421248775,2
Q6965623,0.019040483127635156,3
Q59572100,0.021249029674150648,3
Q3808428,0.019481809854767433,3
Q7099432,0.05814331941938258,8
Q6504711,0.06717431559438068,9
Q3020667,0.0031154103804888495,0
Q2337060,0.05007075350801892,7
Q98841035,0.031521705976220775,5
Q5120494,0.025255072918988757,4
Q2551069,0.07767868765334855,9
Q115203447,0.005245084304485656,0
Q3992519,0.041481078308797326,6
Q1353161,0.03491106788632921,5
Q1516454,0.039240286172511046,6
Q1899207,0.05686245317653534,8
Q3229572,0.06613001639382177,9
Q6263963,0.04148284103942556,6
Q16586606,0.01552546145006545,2
Q9175411,0.003042215414592239,0
Q1908432,0.034014892757520614,5
Q1494485,0.029955406541891143,5
Q3301766,0.031914283917765185,5
Q1465293,0.054486096449260904,8
Q12731430,0.027509757100393252,4
Q6173393,0.05748291513962719,8
Q24191524,0.01790212596708822,2
Q15454340,0.015475263479462428,2
Q104178,0.0011624042625537326,0
Q7260446,0.036802439103952395,6
Q3288022,0.03146762180061825,5
Q11765627,0.005628173465474702,0
Q4803167,0.042253590170085516,6
Q1293640,0.011173108522464576,1
Q1679276,0.021923310651839518,3
Q15452293,0.022064637812012046,3
Q2650588,0.0031526374817571457,0
Q5415068,0.01674530941815188,2
Q3362922,0.009376910018842591,1
Q99731000,0.016399073000030948,2
Q467544,0.034825023544490616,5
Q28095232,0.031150895022827543,5
Q912060,0.0763354710924415,9
Q18626490,0.0641643938709521,9
Q95903691,0.04077408165657637,6
Q9281924,0.05296360784952699,8
Q6791382,0.027871603686230834,4
Q10299921,0.017855287952092073,2
Q95751894,0.0231392074355569,3
Q1504170,0.03378242944408503,5
Q1173233,0.024540330015876452,4
Q1146361,0.016468445754501154,2
Q2103958,0.025674722329254378,4
Q130549469,0.05760846813135511,8
Q1457003,0.014173965650585728,2
Q20715940,0.01259358020355477,1
Q4864075,0.011493330143459723,1
Q1626029,0.009784019481017907,1
Q2475221,0.07844742620179897,9
Q2593258,0.0337680153623889,5
Q1727429,0.05051936273118664,8
Q1338469,0.03685955570057939,6
Q2129385,0.04105052358469162,6
Q1282697,0.04813479266238097,7
Q9202110,0.09550708770700729,9
Q28006961,0.06623992279570715,9
Q4112429,0.03778247586311376,6
Q18221642,0.061725206112977604,9
Q16749705,0.01995487080444955,3
Q4704823,0.05482799615452855,8
Q5961481,0.024151937544306525,4
Q51528512,0.04736658062320821,7
Q26703693,0.013817799021730493,1
Q5091573,0.021268629239125206,3
Q227382,0.07061281507510019,9
Q45411508,0.048716015770921925,7
Q53671985,0.015354580806245638,2
Q13138306,0.0010771272677792126,0
Q1224067,0.015499235144952753,2
Q9390111,0.05275906146410558,8
Q101518,0.05263022094633697,8
Q15458285,0.05529811801452383,8
Q7328382,0.018479157583935896,2
Q54656966,0.009063565208783262,1
Q48963865,0.013742601891906639,1
Q1413592,0.024202398496743063,4
Q9334780,0.03605183080209846,6
Q3498981,0.06039367317351852,9
Q30906428,0.002129141339779145,0
Q17490043,0.05069070393171973,8
Q56876899,0.05394085807031508,8
Q95180171,0.05772202737771175,8
Q862626,0.05525869646549776,8
Q5947104,0.017844815450247027,2
Q60218213,0.029601951799486985,4
Q1349396,0.02473280424790609,4
Q1894126,0.05420132816534088,8
Q5214500,0.04262502086701516,7
Q124765732,0.05107867305081108,8
Q6844563,0.039589334023987836,6
Q11817853,0.016928397591953866,2
Q880824,0.01414380500085221,2
Q1543195,0.04688500333197603,7
Q17322562,0.04947441442864639,7
Q3456184,0.05277269129100203,8
Q12361796,0.003512366718340737,0
Q1665613,0.03820762938150021,6
Q3045270,0.051598904411958475,8
Q94936837,0.03219434291140143,5
Q6168034,0.013854889036035708,1
Q5301090,0.014518960834335539,2
Q6701206,0.02376408979687633,3
Q95372258,0.007027227120190133,0
Q106109480,0.011807346769328616,1
Q7172951,0.014657037918406583,2
Q5710072,0.020160401876586184,3
Q11715394,0.055895085838329445,8
Q20827573,0.06467222224589035,9
Q4913317,0.03293725614806389,5
Q1769920,0.07176422065293561,9
Q1394105,0.037602623651741815,6
Q7331319,0.04827731136566804,7
Q105394851,0.032164274599099436,5
Q12180467,0.011572279218477623,1
Q12498766,0.0046643221488488285,0
Q10817178,0.06837772646774498,9
Q4195610,0.022594854065240103,3
Q9696756,0.008662126860231423,1
Q12771193,0.03285532974051564,5
Q4977609,0.049409918025379,7
Q23901386,0.053555976691270796,8
Q6814179,0.010829069510338414,1
Q16937919,0.022152399433202786,3
Q7367070,0.012325035536972747,1
Q15435634,0.021812641785335873,3
Q5173224,0.021241549847591884,3
Q56283074,0.032860313773285535,5
Q1689127,0.020062259667996473,3
Q42210984,0.04567687290562887,7
Q5725811,0.06042232097786015,9
Q6528901,0.03580095036426706,5
Q5615326,0.06906315392830434,9
Q1442958,0.043302567761031405,7
Q95316065,0.007627102757496023,0
Q987934,0.03793477496354563,6
Q5546857,0.013449659706590842,1
Q1570175,0.0030269865464450417,0
Q7493815,0.041377610431851015,6
Q15795832,0.03832126582096355,6
Q1992437,0.037515890257555674,6
Q1294144,0.012749147493761331,1
Q2863215,0.03871586671157904,6
Q107412468,0.02173994938850714,3
Q99676152,0.06657596433546713,9
Q107488783,0.04772833115667632,7
Q1708500,0.030876160228857384,5
Q1744788,0.01446837734849652,2
Q6213488,0.04732292751069539,7
Q4989450,0.028118861611769606,4
Q3026607,0.032567490507724915,5
Q17238903,0.02980253540559899,4
Q2029715,0.0009177808902526758,0
Q1671161,0.04228346472336995,7
Q16593515,0.027541169292942334,4
Q3195223,0.06213617166347706,9
Q9359463,0.01780369348664542,2
Q22279447,0.01576196514723451,2
Q962563,0.009835866856589097,1
Q1246032,0.027157857819290483,4
Q1557658,0.02930824496182701,4
Q2843201,0.051488622318791206,8
Q5561929,0.04975253618208303,7
Q81805754,0.03635620404397485,6
Q103936082,0.02259771441877291,3
Q4353664,0.03390432261868257,5
Q1311313,0.014739092477148738,2
Q1689114,0.029936554807449414,5
Q3101043,0.025641293946048884,4
Q3007764,0.056615203520131066,8
Q5229647,0.030103902576821717,5
Q1720652,0.05197062434430997,8
Q28003544,0.02828702090112167,4
Q3310822,0.002175901836595929,0
Q3339851,0.05189788797391391,8
Q2217573,0.03963812528473759,6
Q4704782,0.022714104215654802,3
Q70757506,0.0026248414619092593,0
Q4890004,0.030685403429282717,5
Q1512146,0.05443917121025927,8
Q9353079,0.026813054966712036,4
Q55517570,0.05405230420714645,8
Q338312,0.04710898925944304,7
Q16887987,0.03283578139691525,5
Q128073528,0.045001337028545925,7
Q1248384,0.06524434349225743,9
Q832645,0.046746192110048414,7
Q1820493,0.054126479859798945,8
Q3084801,0.03759928283176299,6
Q3219543,0.008696123558795888,1
Q126925112,0.03483875250971158,5
Q12737331,0.06889437038387726,9
Q10304916,0.009235813907629096,1
Q66497772,0.027327854062315554,4
Q18044186,0.07676494142394895,9
Q10842108,0.026361452619411897,4
Q104888662,0.018808186750986753,2
Q6301568,0.006526710303345885,0
Q1673090,0.015795145646122714,2
Q4368140,0.03592663511241854,6
Q10320872,0.03606701258183828,6
Q2919243,0.05863861209420569,8
Q4908638,0.06697967292664057,9
Q1626593,0.03479176602824647,5
Q1603514,0.006709830044490986,0
Q11779379,0.029468433429124943,4
Q4353697,0.007018980805382544,0
Q106485318,0.03565838705994986,5
Q133855122,0.0479665658666999,7
Q33818012,0.0168464477251368,2
Q11720589,0.022010672952618767,3
Q6788664,0.05619328089106298,8
Q47481637,0.016786297960273477,2
Q7814795,0.07157642305295046,9
Q1376462,0.008501363092792404,1
Q3480660,0.030422993797272337,5
Q6481352,0.0064413518065568375,0
Q7692969,0.059214317893800855,8
Q1685632,0.008245239007546758,0
Q15452895,0.01334545044306334,1
Q1307035,0.02326454441895524,3
Q24046022,0.05175980050835762,8
Q862981,0.013016542946572476,1
Q111788629,0.028445572422489507,4
Q19959003,0.016834150546058534,2
Q2025713,0.055892659103135324,8
Q28924023,0.002039101682960691,0
Q98828252,0.024743351920094483,4
Q1662197,0.02089875852145288,3
Q11818334,0.05743582962643605,8
Q4978374,0.010184275903119967,1
Q1689351,0.08417967757775234,9
Q85982619,0.017986706884775338,2
Q2569802,0.026230549930578474,4
Q98874,0.03554523918955357,5
Q15446041,0.0539002634177462,8
Q95181201,0.0036280357020072474,0
Q10323727,0.026125391046213833,4
Q28073425,0.05298696671626739,8
Q10382474,0.010123115887004324,1
Q10263597,0.036815378943987544,6
Q15447219,0.07123212793817023,9
Q9145720,0.02034339647437509,3
Q64595200,0.02769305976114541,4
Q98594637,0.06290819564830723,9
Q9201417,0.020638075174981355,3
Q17364502,0.015287764846951123,2
Q10268994,0.03467709204569222,5
Q1463149,0.034586622572099074,5
Q10320692,0.026611111121477054,4
Q1516971,0.006119050165688171,0
Q19825987,0.039915275071316626,6
Q1948522,0.017653750724663242,2
Q10395454,0.030072631475940644,5
Q10321333,0.03403522249925834,5
Q9359173,0.029294486265824756,4
Q9145204,0.004489847923644594,0
Q1184759,0.020829498935373614,3
Q16187025,0.07036671931546504,9
Q1672009,0.04046583941663444,6
Q19277423,0.009753265600373297,1
Q95379150,0.014344866254831144,2
Q112386793,0.019304349727740644,3
Q12729020,0.020012853192260045,3
Q30972483,0.05298943405448831,8
Q40687615,0.028991493934008922,4
Q5662481,0.026269189776339113,4
Q11854600,0.027821340256154483,4
Q6776540,0.022154721698110554,3
Q19896126,0.01977511160885844,3
Q2073289,0.04549379679317478,7
Q5162590,0.011757479965273848,1
Q2502421,0.039698200157298406,6
Q688200,0.0028860055385259136,0
Q132155864,0.033835685869527246,5
Q844982,0.06978557016227192,9
Q62566695,0.06478544097707686,9
Q91098106,0.024529444457747566,4
Q110740984,0.007960089551577555,0
Q13131078,0.03581983265187888,6
Q2642399,0.027866863327003916,4
Q15223034,0.030927883862026728,5
Q58915981,0.010745560501453229,1
Q105972059,0.04072733705907052,6
Q16089613,0.02723019141029833,4
Q15849704,0.04482337815933092,7
Q1106384,0.02924237171315586,4
Q124362999,0.04157276004355235,6
Q608667,0.05511621734913635,8
Q55466357,0.005249104165768572,0
Q66364036,0.01968533186549495,3
Q23001011,0.037313223460327095,6
Q5213778,0.03764199202036234,6
Q4495279,0.020451618129946218,3
Q99703430,0.0016898010813286568,0
Q9340086,0.058139432053901194,8
Q16185306,0.05641767017774692,8
Q1689426,0.04314500801189238,7
Q102423422,0.00948402946123797,1
Q10293195,0.03140617101505346,5
Q1359179,0.02099351062065826,3
Q32908833,0.012959292689942573,1
Q16523236,0.007501288829337618,0
Q11749146,0.029744172978058127,4
Q95394540,0.052290703770761275,8
Q10393240,0.02968893537128446,4
Q758096,0.04099420337541653,6
Q110914583,0.015438040214668684,2
Q1768557,0.030210204854531356,5
Q1794850,0.02837748611421969,4
Q15646870,0.02090245893683761,3
Q55677325,0.0259405839428782,4
Q723770,0.025401228844724105,4
Q1282460,0.026995506027537395,4
Q11979057,0.015766593230024377,2
Q16429743,0.05283934657248394,8
Q100591978,0.049558572487086866,7
Q25478814,0.02241614903768647,3
Q7171860,0.03777544745979673,6
Q107617526,0.022343389384221733,3
Q2077503,0.006907389974632459,0
Q7324607,0.054579039573558134,8
Q11998241,0.027761719523847053,4
Q1704973,0.06243493624852231,9
Q17379332,0.03862445601118342,6
Q18244910,0.023745019243314788,3
Q18026694,0.030353023064981097,5
Q10271832,0.029782550594665773,4
Q2429090,0.045683253623540455,7
Q16614021,0.0028718409786025194,0
Q109982579,0.022257409290181353,3
Q2075586,0.043871345879194265,7
Q55676862,0.03150039146328595,5
Q89738358,0.02279406442011566,3
Q8199342,0.02170132921668598,3
Q5496893,0.049619387518888995,7
Q94936359,0.02230826091586344,3
Q47507216,0.02457760970005598,4
Q3845878,0.002175512925509455,0
Q11778965,0.05036446708131933,7
Q19826000,0.040820981096638335,6
Q1570115,0.036482572524847025,6
Q22035580,0.01721785935186565,2
Q7154128,0.035834565020239025,6
Q6660711,0.028499366071773297,4
Q4125509,0.035076996862189735,5
Q10311971,0.05109413790556136,8
Q19880120,0.08054629897004134,9
Q1706747,0.03901735065374606,6
Q824128,0.014704876162624773,2
Q16337901,0.009334382144310295,1
Q125097308,0.021774543563034564,3
Q25486647,0.040614226654836,6
Q11781835,0.053812671147119844,8
Q1396124,0.009417301130088178,1
Q19673419,0.06219935821381923,9
Q55392696,0.025146234381815496,4
Q105274819,0.0018727977665152402,0
Q6213431,0.07190599827055352,9
Q11778768,0.025450051808891337,4
Q106622009,0.03041314081252396,5
Q6289083,0.023444537460579958,3
Q19868397,0.036102214888605676,6
Q64812215,0.020008251814607213,3
Q16216072,0.03934647310092516,6
Q102225710,0.007072955185234621,0
Q4109579,0.06337893838973147,9
Q1110854,0.0375021330689692,6
Q9612059,0.019394323385299186,3
Q19826070,0.023629701534128366,3
Q1744822,0.057801477962942355,8
Q106629197,0.00846714926161736,0
Q109877565,0.07957612536245687,9
Q15725687,0.02638133222909282,4
Q1597292,0.012633073035897098,1
Q6969841,0.0040103313061716165,0
Q95107629,0.025475733305341954,4
Q3340496,0.005106556272796895,0
Q3714583,0.03267826632922811,5
Q6164068,0.028275607190260506,4
Q95096786,0.004912258371430186,0
Q11701243,0.04709267409009586,7
Q97704852,0.025889036651591053,4
Q99677078,0.03425312757691974,5
Q1153306,0.021363734223258025,3
Q13627041,0.04440464591265586,7
Q10773765,0.09379261361035209,9
Q20067861,0.04873020930331036,7
Q108572794,0.004925094144252706,0
Q4149513,0.06253325345940752,9
Q11768205,0.0054657744757072215,0
Q30605850,0.009117257650602279,1
Q116371449,0.015593309164324819,2
Q9359676,0.029906743750106355,5
Q1931356,0.018086588390462996,2
Q124488559,0.013212896053356954,1
Q95342505,0.0020132903949237196,0
Q1505166,0.01369855084145518,1
Q106775993,0.0340683497343349,5
Q4963816,0.024491137490976752,4
Q9202078,0.028857971388421968,4
Q95162885,0.05006728311511066,7
Q109076392,0.026105703245773545,4
Q5525458,0.019280111771783015,3
Q3853025,0.02373661771052694,3
Q2834292,0.025351147530268656,4
Q14914838,0.010686821409153852,1
Q15810148,0.07285434440244261,9
Q5145071,0.03540126829871947,5
Q13546776,0.037126534967252565,6
Q11749716,0.020975925952038815,3
Q16165111,0.028899865176332546,4
Q19721973,0.0324006854094509,5
Q130355365,0.020288947648978727,3
Q6551716,0.028116913759902287,4
Q12740394,0.0678582200162694,9
Q12172617,0.03515695125645793,5
Q2624778,0.03443681493333532,5
Q16117345,0.027023694981421778,4
Q19825997,0.02456117078973509,4
Q116115598,0.027522725953843447,4
Q15439566,0.07015049321383816,9
Q281159,0.013156127534028164,1
Q130788860,0.026883464549442807,4
Q117212966,0.020445322128190165,3
Q7383099,0.01910970654357667,3
Q21288191,0.015717601856271496,2
Q1103408,0.003745979715583497,0
Q1699550,0.06496451794940698,9
Q65161975,0.059104746815964525,8
Q131445716,0.038966245402843276,6
Q28672687,0.030863570851904013,5
Q16561494,0.028216177874391162,4
Q61085759,0.03942330556093873,6
Q105940703,0.005827387463632473,0
Q10359365,0.023408268172479454,3
Q4460775,0.04775571332255576,7
Q1603157,0.03223884439619774,5
Q1353071,0.038502265721174884,6
Q108815105,0.027933893853798335,4
Q105692462,0.034554482567286646,5
Q9324765,0.018093303844300395,2
Q95468737,0.027815222178786982,4
Q18245911,0.0025078682664255287,0
Q1773386,0.050697546245266685,8
Q54577193,0.023690413679991768,3
Q124837533,0.038144624725383894,6
Q108892817,0.06015819339548583,9
Q12078754,0.0026468997419888075,0
Q11767851,0.023340682855644022,3
Q45207154,0.014596513142078283,2
Q16494369,0.0037070343110152605,0
Q19826020,0.04804356622493678,7
Q111280513,0.08940476843615489,9
Q5046906,0.025957065587237607,4
Q4071425,0.06327164657150924,9
Q20069118,0.06010164834062032,8
Q95179265,0.0274304128462496,4
Q120635856,0.05882802964831535,8
Q12117621,0.03259839673152944,5
Q115910217,0.012161937419956038,1
Q90881804,0.006538432443406072,0
Q6199313,0.02858495877033284,4
Q1508316,0.03949315633718085,6
Q41155854,0.016693064993635966,2
Q11833585,0.0523168227038296,8
Q4457570,0.046872113637229464,7
Q111741417,0.04256634575757671,7
Q81172539,0.034533494620491975,5
Q1878193,0.01610403144576528,2
Q23720083,0.029909370119846245,5
Q4321344,0.012305515095130315,1
Q3173062,0.062445669127401564,9
Q109885078,0.02087953628485306,3
Q65200723,0.0008074975541101087,0
Q5490956,0.040265059454363455,6
Q123357924,0.05991368274285756,8
Q91033103,0.0263148006505671,4
Q5772050,0.036046405426952,6
Q21964321,0.0425465893062309,7
Q4254513,0.07663319086237962,9
Q12136711,0.016531284391833895,2
Q12280665,0.02348419032316706,3
Q16533467,0.01746509730700153,2
Q669182,0.03951710328684844,6
Q816508,0.01983428440589411,3
Q16939945,0.004989115617498615,0
Q23988347,0.022705909424019167,3
Q111987122,0.0348429010429974,5
Q95247057,0.015949344807056634,2
Q6267330,0.053308325372712476,8
Q116943548,0.05374024664505513,8
Q6847464,0.011893468101304636,1
Q16192926,0.04487685514775921,7
Q1490412,0.023097910887101177,3
Q95401556,0.03133508251956854,5
Q107583837,0.010358829202530694,1
Q10708050,0.026144976115603,4
Q6032912,0.056288540873011085,8
Q29452206,0.01565503529279231,2
Q7171838,0.018371351990174978,2
Q30961128,0.033691208554984045,5
Q4073514,0.044415269471742166,7
Q20656202,0.02054638551043823,3
Q61122005,0.044265008642740425,7
Q2861168,0.032486386658015905,5
Q45207131,0.0687695915466401,9
Q15825312,0.034295443172181514,5
Q95152992,0.033077848217289166,5
Q4423337,0.02931771609524387,4
Q25446628,0.033867514019058284,5
Q4161397,0.0017438673117527337,0
Q1631841,0.018777382047780088,2
Q20685275,0.02543965306081323,4
Q20048508,0.02785420066153056,4
Q106259460,0.06763236481190846,9
Q6076125,0.07338869899837978,9
Q115079084,0.06255275913136941,9
Q10293147,0.009514794067844888,1
Q29016928,0.005543364716442774,0
Q11767629,0.02169912611897753,3
Q8965052,0.022160659583798405,3
Q95182351,0.05449743474228618,8
Q95399105,0.01680843270733606,2
Q55860700,0.05512141019027773,8
Q16165706,0.03593101770420678,6
Q83226274,0.06070411076562245,9
Q56361618,0.015093991995668273,2
Q30920457,0.03914740385921114,6
Q66380863,0.0593640399037181,8
Q22135882,0.0626615537121891,9
Q10274051,0.020183800699327677,3
Q109339504,0.01863302938939122,2
Q134355545,0.032141574462611684,5
Q7512130,0.05109225800947923,8
Q131623879,0.017505490840510927,2
Q95157383,0.05805163459885449,8
Q1397742,0.005000471649136961,0
Q106869169,0.022271720913320685,3
Q47506850,0.04522475569420996,7
Q110701005,0.020430422140128683,3
Q65029128,0.07772921150438274,9
Q20048346,0.04786981645212127,7
Q7251977,0.013427507587825654,1
Q87722537,0.0045768380449281686,0
Q111311334,0.023930974710178604,3
Q4925972,0.034138276883136344,5
Q43566,0.012696624699340676,1
Q16298737,0.024698636156301832,4
Q10953437,0.05046777426858854,8
Q11770135,0.028536268235009557,4
Q112123678,0.01247594847008417,1
Q301912,0.015947053666419846,2
Q4233599,0.006713059177792979,0
Q96761208,0.005786647490411586,0
Q44155843,0.012300507849137792,1
Q3051041,0.014105084626785102,2
Q129167400,0.06257224529672267,9
Q12166544,0.03739903087038041,6
Q26831383,0.02617138366281052,4
Q95348088,0.009023766453304584,1
Q3481072,0.004167601660332856,0
Q99527370,0.03785118628304459,6
Q16940352,0.05627222898980855,8
Q117837352,0.06373719535766881,9
Q9376706,0.02855327498195261,4
Q56314956,0.029684864916566807,4
Q135156403,0.000902502569643662,0
Q18708007,0.031138497716540554,5
Q42389983,0.04915145174412787,7
Q95401312,0.045677370142924875,7
Q15156823,0.052604616997713904,8
Q136418466,0.001361191505095781,0
Q111023544,0.028653927316811236,4
Q113631026,0.0216138994108324,3
Q25482016,0.025152455045073976,4
Q9717542,0.03838691266218025,6
Q23891978,0.07435266728128866,9
Q24936868,0.049053072641622106,7
Q4347221,0.05254141873465436,8
Q3466056,0.025492636610725216,4
Q104440752,0.024083788555861203,3
Q17490035,0.07506289568382227,9
Q101130402,0.019500089005935944,3
Q4212815,0.02796523750552432,4
Q16940953,0.07034197397001683,9
Q30710837,0.0431649178042253,7
Q20983938,0.05346953847820872,8
Q11770900,0.007381587743766526,0
Q64689312,0.02130038502372576,3
Q95144543,0.0536945027968603,8
Q7807713,0.05991714712118038,8
Q50706256,0.0852111437819459,9
Q20047956,0.06202241279180021,9
Q56107256,0.05594372217686032,8
Q131763997,0.04038410226106692,6
Q17490077,0.019228214581820675,3
Q95449735,0.0034061265245008887,0
Q16336906,0.011759708954645488,1
Q51629550,0.0689655454971474,9
Q11686102,0.0054530916300669936,0
Q93781006,0.021313080887492838,3
Q70625130,0.013196304313195233,1
Q21288153,0.007271241183446555,0
Q60829223,0.030153600568925493,5
Q12277867,0.013570243924654814,1
Q114078604,0.014942507656968905,2
Q55680351,0.023402708827583323,3
Q110963092,0.026673824393226048,4
Q95241304,0.024396314265946295,4
Q24936841,0.03300444275179994,5
Q6828556,0.06112917993518258,9
Q17102329,0.04715533348789608,7
Q12173805,0.0063179103925801675,0
Q24576765,0.032078512422812774,5
Q28671790,0.057472699134696874,8
Q12293283,0.0019498478074207737,0
Q48852039,0.017789763019411105,2
Q108611170,0.003809229194415211,0
Q9324851,0.022814336884983147,3
Q7824286,0.05748124853971427,8
Q105024196,0.07793463400279933,9
Q16519823,0.008065171310645368,0
Q12482554,0.0007729897878735117,0
Q107094668,0.07324807407294427,9
Q94896159,0.011649548637514042,1
Q1766105,0.0010406234797080821,0
Q18708011,0.04409767761776669,7
Q54590221,0.03036121943556535,5
Q4072821,0.0331394332461026,5
Q3246783,0.06624975896522142,9
Q136680220,0.02057909612287682,3
Q10371461,0.016468653247224234,2
Q15834091,0.04896775061217664,7
Q10279124,0.04577697780012927,7
Q6174871,0.011938503946974917,1
Q95470468,0.007512691738582236,0
Q84133205,0.032147590255114135,5
Q21621153,0.050287551951995246,7
Q18707889,0.05183310248930541,8
Q107359318,0.03421295572858234,5
Q21092655,0.003348412458281078,0
Q7114484,0.0067693644241827704,0
Q101921597,0.07089396530993557,9
Q20630556,0.04573211309507895,7
Q16218552,0.02397065879119521,3
Q19826059,0.05626166673802164,8
Q95450970,0.023066994492716316,3
Q12496238,0.07315989229920228,9
Q56248200,0.029771847439904377,4
Q6389400,0.04244263659915565,7
Q105993819,0.04341210809247257,7
Q109339145,0.055995164160446906,8
Q6129434,0.0008018611152345503,0
Q95392863,0.0416642908731953,6
Q18707896,0.0018622253772232016,0
Q97212337,0.04633841263856618,7
Q134285712,0.018883829107663664,2
Q862399,0.060332478249385334,9
Q110737864,0.04827147955754242,7
Q16709913,0.0334264239988086,5
Q95224507,0.021812448765948438,3
Q95467025,0.00768883399858478,0
Q9282150,0.06837496601252684,9
Q18481947,0.03924225071226318,6
Q93014696,0.030502457145025356,5
Q20048249,0.014718915889251857,2
Q95155819,0.009965106739554636,1
Q95486501,0.008112292658671971,0
Q10329954,0.01657206523765912,2
Q119133036,0.01787443959226586,2
Q128600125,0.05518419602650569,8
Q61768756,0.014331320674652193,2
Q123668830,0.043557469568233254,7
Q19826075,0.041490406871493295,6
Q12763450,0.027972223083346837,4
Q63365837,0.018611146456048257,2
Q26921032,0.020754461869349632,3
Q16337018,0.02709262256783559,4
Q108559736,0.0013573470588516463,0
Q54882952,0.03317888949006189,5
Q20048022,0.05085993407950394,8
Q99689716,0.04241104923459096,7
Q6748112,0.0557283620072299,8
Q95231917,0.03241311079873423,5
Q20068077,0.03369016512894829,5
Q16170044,0.03845921885647014,6
Q23060426,0.037767663255735925,6
Q95376458,0.04998998537800204,7
Q25487604,0.024324236682244205,4
Q95468230,0.03251379107593364,5
Q18708042,0.030577205899032275,5
Q85993902,0.03865306940461074,6
Q95377668,0.06491559914649281,9
Q16337061,0.037483442292407416,6
Q109784883,0.004849388377677103,0
Q109983085,0.031889578945409496,5
Q114440088,0.017250039337896622,2
Q109776301,0.012283548826651178,1
Q109792439,0.05720716438885135,8
Q13034261,0.02031730968366679,3
Q17632477,0.05726933233483591,8
Q5904539,0.031588569263129924,5
Q109794300,0.04691431021808015,7
Q116651126,0.010460678306884491,1
Q16336897,0.04544444422420477,7
Q30934474,0.024283235702516618,4
Q18015633,0.0008481512920967734,0
Q10832808,0.024229617193064403,4
Q16635524,0.018868627679113917,2
Q4294088,0.03758556425202755,6
Q21074780,0.01919761669567624,3
Q95087029,0.053950375061179716,8
Q12481426,0.007017497414120855,0
Q109757599,0.0671000417854804,9
Q25484043,0.044993255249526645,7
Q64851137,0.004855511628480751,0
Q95172949,0.057865148356521325,8
Q109983424,0.02252764702558762,3
Q109787439,0.010757601236238564,1
Q109787539,0.035899475182226914,6
Q65224167,0.02827518488738759,4
Q95220429,0.03362213160523154,5
Q55107880,0.019393004190595874,3
Q71334338,0.05257883513828113,8
Q53493407,0.01957268686841484,3
Q12145244,0.05317650091390266,8
Q5995959,0.04062902685484099,6
Q19826043,0.04365954916592083,7
Q125884196,0.03615788280403001,6
Q2436171,0.04714852908883653,7
Q109834432,0.05478817174666484,8
Q13034347,0.03211007950455916,5
Q123998151,0.002473942046445619,0
Q25435209,0.004669066213181998,0
Q12288237,0.05439885417140095,8
Q113509442,0.03157872059826943,5
Q18249647,0.024320416405791148,4
Q131362622,0.026629606233684534,4
Q124812780,0.042139388272629086,6
Q120268930,0.03463344147231532,5
Q117216992,0.03273863247715739,5
Q102105535,0.015032164519179705,2
Q85511499,0.07018597968852278,9
Q55616292,0.05650682229574657,8
Q45107925,0.05900920595822774,8
Q4154084,0.036995575036793696,6
Q31195571,0.006047860796333143,0
Q25614692,0.03437907724721944,5
Q20611160,0.020608393664333508,3
Q136952032,0.06197004475781843,9
Q136951196,0.011206037119677763,1
Q131362557,0.026708043273004627,4
Q13035395,0.03407692748471471,5
Q135657455,0.026558342752457508,4
Q19918200,0.05346484738741625,8
Q13065219,0.0024052974677152617,0
Q136950969,0.006047318608510955,0
Q136951385,0.030999359858136115,5
Q109173670,0.02667203068698365,4
Q136954178,0.013113191517712054,1
Q136379733,0.039798419073778825,6
Q126330635,0.0715950058946565,9
Q110493795,0.030428469667630596,5
Q10805457,0.014088301729762252,2
Q113290519,0.03921660779438857,6
Q10825370,0.03670042809668872,6
Q20611333,0.055269627589044926,8
Q20795370,0.004899334712524699,0
Q19702257,0.02938287121034286,4
Q16584327,0.030071009727854748,5
Q47537714,0.045546699108164425,7
Q10835027,0.048219471727522355,7
Q2832882,0.04862210778690303,7
Q94526544,0.01459971960798313,2
Q3378014,0.06073991483154276,9
Q131362422,0.010651995723732667,1
Q12485044,0.021402732833260232,3
Q127671596,0.021351940929679875,3
Q63348473,0.04238103308519112,7
Q111511595,0.015537260145864042,2
Q113196586,0.059338194245683165,8
Q60578150,0.07959545818691717,9
Q13035104,0.01693915573497789,2
Q130530235,0.027906546101878645,4
Q102867892,0.015708145519750645,2
Q13036200,0.02597322884711244,4
Q61081805,0.01388096813429236,1
Q136509342,0.0009205731271967558,0
Q115850639,0.011236379188318655,1
Q61653325,0.04977690054997223,7
Q28355341,0.0018656891720470784,0
Q3318412,0.026909993582413333,4
Q133885671,0.06788173960815473,9
Q10840276,0.041018030939838246,6
Q126165407,0.06613558916897667,9
Q4401890,0.03370061166907749,5
Q22917036,0.057386276195126144,8
Q7809324,0.0018866116571857844,0
Q8962270,0.041270553607244145,6
Q107522183,0.06796675330393946,9
Q56043463,0.05396210856324473,8
Q55825823,0.0056850494902398515,0
Q107211023,0.015305557394924039,2
Q116939847,0.023221352960718686,3
Q16299404,0.0653845801714701,9
Q18688038,0.010973060513762128,1
Q15983696,0.04810021133191981,7
Q13036036,0.01760055780038168,2
Q112093339,0.048889874090309544,7
Q13023383,0.05911532808848829,8
Q129534568,0.02211929170922523,3
Q124249547,0.04707107020598514,7
Q115819893,0.04940716842296338,7
Q25524178,0.0021082790503841185,0
Q98150486,0.040223198774232,6
Q22132947,0.010257409942534877,1
Q5121907,0.06670023946218938,9
Q109942042,0.03098048779536543,5
Q131674734,0.024389405389618105,4
Q131341118,0.05196337555788645,8
Q118719877,0.06352371233166225,9
Q543999,0.012710099970105299,1
Q189728,0.04619855733962839,7
Q168199,0.058619557348339534,8
Q2829995,0.037143199602648315,6
Q3118802,0.03567811425106782,5
Q15428297,0.009615670656974423,1
Q89376,0.022437521389722465,3
Q174244,0.047667677333929105,7
Q75053,0.007751063258589779,0
Q3180864,0.029550112915764946,4
Q71144,0.06546939777709036,9
Q121455,0.046760420496423524,7
Q91093,0.03847040366553454,6
Q9025108,0.02811220482732802,4
Q3381806,0.014699336418914534,2
Q39415644,0.04181872339788881,6
Q3419113,0.025447379465739522,4
Q12037105,0.02705114813241449,4
Q102247404,0.010347668198020086,1
Q57907563,0.05081256266745967,8
Q1809334,0.028556817521866097,4
Q4191780,0.028330208771578203,4
Q305414,0.02355174467548964,3
Q10564923,0.022393691833894808,3
Q57414579,0.05327700373534689,8
Q91232089,0.04326935831197935,7
Q1463918,0.04760543612704173,7
Q1626653,0.041731260283808164,6
Q2223288,0.0328835086532081,5
Q15065304,0.00870858873395352,1
Q11925747,0.019872678065365183,3
Q6523655,0.033736048081046154,5
Q2248148,0.05319602834205745,8
Q5240251,0.003373260412237295,0
Q13735239,0.011484606983136594,1
Q41670173,0.0321478544866323,5
Q56000671,0.011881188612399085,1
Q2476742,0.07207664301533,9
Q518041,0.032564523823018485,5
Q21199056,0.043884525084084,7
Q101242567,0.02847574721489891,4
Q16513969,0.017667815351966057,2
Q27870042,0.06443971512299904,9
Q101348,0.032115558082295964,5
Q1015006,0.012154174189741464,1
Q13424143,0.04443741246870503,7
Q1532528,0.02433987412469647,4
Q12023043,0.03779488705362157,6
Q533056,0.00890140157951647,1
Q3290927,0.0035495539452080733,0
Q179547,0.04144694597582463,6
Q5307654,0.05777830997742989,8
Q96240,0.031279227366139445,5
Q64706321,0.011634119651401773,1
Q5234261,0.03049366974300047,5
Q1781987,0.006758713264369581,0
Q1925137,0.05743869980989133,8
Q89715,0.02108515241627061,3
Q2645586,0.024414205100383047,4
Q1557575,0.01583507506791479,2
Q5354264,0.0509082260442947,8
Q42089129,0.036641126252200666,6
Q18718697,0.018796302030267786,2
Q1083773,0.04584713939786466,7
Q18630269,0.02316678864038732,3
Q1611633,0.06891602903576832,9
Q2162975,0.024532206808937796,4
Q1243812,0.027241139233829658,4
Q1584532,0.033102362718045404,5
Q1465955,0.025261518089072257,4
Q1612051,0.053503990712140924,8
Q1587494,0.016141382558566973,2
Q116995586,0.038083957147554415,6
Q28729223,0.01455275328022524,2
Q111981583,0.012629658592782029,1
Q88191911,0.03135086889131536,5
Q62559955,0.045783444591965226,7
Q704881,0.05606160705943849,8
Q37672175,0.03125164019350618,5
Q1655626,0.04310540851368443,7
Q18913337,0.01859217784540815,2
Q1702052,0.05231035463647699,8
Q3917317,0.008698985941662693,1
Q23993955,0.02335431231980042,3
Q122236,0.01681551040793754,2
Q23063254,0.03041079517609469,5
Q110333,0.020214162129005356,3
Q96138,0.03332715820930567,5
Q17322472,0.052200911721236254,8
Q1526844,0.04024045997085302,6
Q12042395,0.08228613006968935,9
Q120065,0.05955959921506562,8
Q12025118,0.04273857973871079,7
Q43192085,0.012059525881141285,1
Q1744773,0.027555159808637493,4
Q65940459,0.03905265671305605,6
Q1912916,0.009377112189842027,1
Q26214205,0.06992851166172215,9
Q1549424,0.022554887042197616,3
Q19513898,0.018224795591091955,2
Q11779015,0.01569606105778511,2
Q106877382,0.025448336281369263,4
Q28222898,0.01046415219762442,1
Q62434616,0.04461818626799924,7
Q19840750,0.03215409354141447,5
Q167964,0.013487501218444688,1
Q1889180,0.06366033078871822,9
Q18042635,0.06865410123853298,9
Q1447214,0.01563551314417098,2
Q15851554,0.08223201156858288,9
Q23878557,0.019346066986624038,3
Q701511,0.011211614894007864,1
Q17518492,0.05079312332505308,8
Q4523816,0.04848591835020085,7
Q102256164,0.029943715464880723,5
Q2597267,0.03268704770421203,5
Q1697458,0.09591951775189163,9
Q2329147,0.05442919007955266,8
Q2718102,0.0743651727790368,9
Q1462617,0.02726226217821702,4
Q1587049,0.03561307084148612,5
Q1986291,0.027758002272656426,4
Q2653166,0.001253045126921992,0
Q44587091,0.014200948474743251,2
Q28493479,0.04199231723388456,6
Q25340668,0.010708735474909201,1
Q59528118,0.051101875136214614,8
Q1788750,0.04859328523002369,7
Q3158359,0.0360689332439407,6
Q1699979,0.04414200532109135,7
Q1745843,0.007547433853763408,0
Q6075544,0.035559542219996534,5
Q63967798,0.06413126942284783,9
Q23062575,0.022185255507514882,3
Q10857622,0.03267454700512738,5
Q1539179,0.027649694383214452,4
Q14002462,0.0025031711606893856,0
Q1612857,0.06093824420504051,9
Q23887806,0.03293418575848171,5
Q16299983,0.04559671283248059,7
Q3524971,0.05994805039042531,8
Q57573358,0.0010269894161089247,0
Q2553432,0.038212273712690925,6
Q2546275,0.035788508006414574,5
Q19271586,0.030973351847994015,5
Q106890098,0.054308678480572664,8
Q4151365,0.0011978169544366764,0
Q1463261,0.037388192902122225,6
Q2638899,0.01984602917370717,3
Q915234,0.03187897514525648,5
Q1578448,0.027504158277043483,4
Q2039942,0.038361317582037174,6
Q26201840,0.027420078382175552,4
Q30031036,0.06452487023543989,9
Q13428979,0.042281704012581474,7
Q2198034,0.029464340080505396,4
Q27898343,0.02091841255277813,3
Q1685725,0.016515437595503266,2
Q1513733,0.002875347763778484,0
Q1598786,0.03501395491134436,5
Q1406820,0.07686372005625107,9
Q110180475,0.03530589660971416,5
Q12743074,0.037773894785621716,6
Q1896633,0.053509255837970116,8
Q15446184,0.03576434546780918,5
Q19277403,0.025162284012079778,4
Q98104430,0.038337687553701594,6
Q6549703,0.06378239439070871,9
Q40835168,0.051586147153548846,8
Q101236188,0.020923479324542048,3
Q15507825,0.015923922558833365,2
Q19287297,0.020585109266812313,3
Q113811488,0.017354792377855106,2
Q215525,0.04320373788176258,7
Q23956971,0.029402177902873167,4
Q1114061,0.07133711344283614,9
Q1928771,0.01339476491138316,1
Q98769069,0.03158105591723759,5
Q3308189,0.035753097944104334,5
Q5497282,0.055924059108851586,8
Q29981094,0.02384194500284998,3
Q1338166,0.01983815007306983,3
Q1058985,0.016633031533627145,2
Q19958962,0.034396026505770186,5
Q5276303,0.015305978048432745,2
Q1405637,0.037255488857413185,6
Q454899,0.043219647421243186,7
Q95167203,0.02278129270705774,3
Q15456147,0.017626539992285573,2
Q13460573,0.012393693767473405,1
Q17353024,0.0397303869060421,6
Q23061462,0.02739149883120906,4
Q41796219,0.05191153679155548,8
Q4096092,0.015127888747659106,2
Q9254753,0.017018728160964742,2
Q21033002,0.040629093307871046,6
Q19960123,0.017374402416756682,2
Q41142793,0.07381216815034294,9
Q18718940,0.005815753189155203,0
Q9267500,0.04534047911321345,7
Q55672926,0.03560070693299964,5
Q1338518,0.015403802526114748,2
Q2039447,0.008317049952329533,0
Q59525094,0.042353890724300805,7
Q56780713,0.06463611317636402,9
Q11780040,0.03160177437187454,5
Q1602215,0.007953693115687551,0
Q22692414,0.006031099265081553,0
Q28017797,0.048733613755808085,7
Q10857451,0.0397405428268623,6
Q110342116,0.025549730786606797,4
Q19832250,0.01324138223516014,1
Q97011137,0.049215804999405754,7
Q12044896,0.053221650845280036,8
Q112487786,0.05155844936818278,8
Q13856482,0.011567134004824248,1
Q1579059,0.01574260098735747,2
Q241545,0.04783022005834617,7
Q37719780,0.034260638541339275,5
Q55559966,0.013047342649822918,1
Q90346169,0.02603144089884833,4
Q23748024,0.021532744952267185,3
Q1098776,0.04513409813624809,7
Q22089436,0.016927876510934654,2
Q17326729,0.010009221604456825,1
Q63003056,0.009206487459866006,1
Q17138792,0.01634919414317828,2
Q88597327,0.011627250281499203,1
Q2078031,0.04754806055977346,7
Q119703657,0.04987009878183624,7
Q20979976,0.03588684356348651,6
Q112254789,0.03038878168298447,5
Q99721,0.03893919693358376,6
Q103164068,0.006911478896518997,0
Q2427883,0.025594995120310698,4
Q12025352,0.03653927196902635,6
Q107156,0.06304073649335445,9
Q810057,0.02200156214735739,3
Q43199589,0.0154511037526671,2
Q3108022,0.008842074189744196,1
Q16298703,0.03278372693183956,5
Q27267308,0.012682676616005348,1
Q11714551,0.027614324975429455,4
Q104665645,0.008172903503783562,0
Q23888800,0.06639937227458081,9
Q61827235,0.04943871189922864,7
Q22693445,0.013325849318081139,1
Q1288946,0.007801331065496714,0
Q115007447,0.036608959331235244,6
Q16538389,0.04580334677851174,7
Q63003562,0.04171993865274627,6
Q19285363,0.024075838127656818,3
Q15627046,0.054533649062923975,8
Q18544184,0.04624019065822193,7
Q116600,0.03211375679013386,5
Q1605958,0.040450978921456354,6
Q1673494,0.0016898368491243497,0
Q1730154,0.015614120409518225,2
Q17579884,0.028316881472705894,4
Q27749781,0.011662465663120071,1
Q48860885,0.01282305706219529,1
Q998502,0.01633390942936394,2
Q2284948,0.05879587781945128,8
Q5731267,0.007940390798478181,0
Q40974982,0.015187550423804852,2
Q1263492,0.00827447647559629,0
Q1222096,0.03189189086723336,5
Q21033912,0.07527469091136486,9
Q109616488,0.015458985520301907,2
Q19513606,0.005088475580767511,0
Q1712936,0.01880424630809657,2
Q1604139,0.03668287199426229,6
Q2075282,0.06593265011588803,9
Q1577782,0.03847012546589836,6
Q13341449,0.013398253197681452,1
Q55413922,0.04899392996855963,7
Q97063814,0.02728708605517754,4
Q15431492,0.037889252181181166,6
Q19818800,0.05693626694315859,8
Q12299714,0.014144413398033767,2
Q28869266,0.023671923587431788,3
Q110932,0.03359864863994184,5
Q2073872,0.02667423229480986,4
Q12025389,0.015432253515823082,2
Q22004140,0.02302664290994345,3
Q95104264,0.04379354936241102,7
Q21832531,0.04735047572908313,7
Q29908298,0.04839933787446094,7
Q15854508,0.013819325604838539,1
Q107365275,0.008517437720753317,1
Q36977698,0.0054714038054599345,0
Q12055943,0.05282817483342233,8
Q245334,0.015854053906636766,2
Q6949680,0.0724726004221236,9
Q18402317,0.05659822767083921,8
Q17429814,0.043896204368905775,7
Q7176124,0.010728842940825491,1
Q107429934,0.006233921404392221,0
Q66819551,0.0036870600899705456,0
Q2041179,0.01808875799222157,2
Q1818785,0.009473163892108862,1
Q57469533,0.041849931986727935,6
Q2669113,0.022920592298392755,3
Q9288152,0.01650977416222687,2
Q15781997,0.019847746427830684,3
Q67202366,0.02100372284045356,3
Q106839277,0.015846400746479423,2
Q1789363,0.0018606446222311367,0
Q889933,0.014448566928921774,2
Q24428513,0.06271297541264825,9
Q112502502,0.007354117638111128,0
Q29862592,0.059064932921429295,8
Q2527417,0.028588019939920863,4
Q65945408,0.06610030384371263,9
Q11817868,0.022842494131676157,3
Q11767564,0.038974216399081475,6
Q23063368,0.016178077291062715,2
Q1697223,0.010676646394884463,1
Q25273277,0.03917683080296415,6
Q101242607,0.013120387009029458,1
Q11686807,0.04420117743884871,7
Q63003169,0.0405099662300153,6
Q17389416,0.030483527248620253,5
Q1279187,0.059062750685383275,8
Q11778814,0.01713323772848467,2
Q26257550,0.028075544559837694,4
Q23020608,0.06215491485280359,9
Q15456351,0.00803224148210364,0
Q1703528,0.05368559748293841,8
Q1894937,0.05316958154972319,8
Q97834,0.03431030617548887,5
Q7358221,0.062227942429990774,9
Q31053890,0.049008995218121174,7
Q11738025,0.041807106795614946,6
Q95221279,0.01524219869392871,2
Q71674799,0.021508586682040712,3
Q62075493,0.012806608887181324,1
Q63004334,0.041541735646733975,6
Q63003144,0.04554145484434124,7
Q106421323,0.03437362118618627,5
Q112544397,0.04633938038704425,7
Q42911370,0.06368327239843873,9
Q1608179,0.03434285187508462,5
Q4977715,0.04514328377626233,7
Q1355233,0.011890476691184829,1
Q23978068,0.013368559519448353,1
Q18624287,0.00996729425535999,1
Q21551697,0.07002312841737693,9
Q792235,0.02381532328286626,3
Q28868889,0.01003208233581437,1
Q11817575,0.015790245993662994,2
Q131179917,0.013178421222923427,1
Q124823569,0.011109860867475368,1
Q37627577,0.0587319955853882,8
Q19691428,0.004853435379503695,0
Q22669773,0.041178398401613844,6
Q26208901,0.008931203371125145,1
Q2959286,0.016397901560462624,2
Q2538631,0.019386387208010437,3
Q24202925,0.05152608786846317,8
Q1598494,0.01102883762268476,1
Q129345,0.0016435421359777228,0
Q15290678,0.054726589698491104,8
Q63003417,0.05159046876374379,8
Q47091394,0.033572855602004355,5
Q30122287,0.022618447973290753,3
Q67198282,0.078517969760445,9
Q21033322,0.04468224537455063,7
Q2517502,0.06329112771530318,9
Q105747224,0.003363131979275357,0
Q53001818,0.04632962115125952,7
Q90181,0.013181088955938105,1
Q18008957,0.0030358140908525568,0
Q61693769,0.021851641683066983,3
Q22693740,0.008814615391933431,1
Q23072001,0.016385122800438783,2
Q60818564,0.046517712802819106,7
Q63003756,0.059604867637559324,8
Q87783859,0.04602775088042887,7
Q15724764,0.005978004448933939,0
Q55687582,0.04727011051596897,7
Q22681977,0.008363508692889467,0
Q567267,0.0042731422940985786,0
Q16610263,0.009901168924633028,1
Q1288463,0.027184181187601516,4
Q18191225,0.02675463785002325,4
Q72049176,0.022590454246386144,3
Q24054338,0.057045529895143415,8
Q21032179,0.01892023478974693,2
Q15549877,0.0252287499598448,4
Q33103693,0.007210199768830337,0
Q1279154,0.042525713636836875,7
Q1626428,0.0318025744792232,5
Q95099364,0.027023781127416917,4
Q1284967,0.02252584736795676,3
Q1879046,0.05283601327034705,8
Q47489591,0.012273907792439875,1
Q28198633,0.011368437892612219,1
Q25374252,0.03318150471885699,5
Q1629228,0.02518241108200954,4
Q132171102,0.019789457529247368,3
Q26876960,0.023963106381810997,3
Q67197854,0.015091842023053791,2
Q40430342,0.02782819562968138,4
Q28464731,0.03912455044848487,6
Q45367526,0.038203775462833094,6
Q63003965,0.0550726743898816,8
Q15435414,0.03091465298317113,5
Q35603120,0.052304122858348734,8
Q30819303,0.0011296804814827695,0
Q18221373,0.06126003000695483,9
Q63003102,0.0290013316408922,4
Q42786408,0.005990333433033949,0
Q16054562,0.04142604009999479,6
Q73515577,0.01505135964323875,2
Q65588735,0.004602804041384631,0
Q1351961,0.0219199303795554,3
Q113750631,0.022904388327814627,3
Q2123379,0.014004407156333564,1
Q15437969,0.01862989750116657,2
Q90645,0.02324728939577162,3
Q18811904,0.048666456740440435,7
Q4072922,0.0497432718504523,7
Q89285865,0.016339614646338485,2
Q426825,0.041266035793204585,6
Q27159524,0.01641399030361076,2
Q21033649,0.05825595605351061,8
Q119134935,0.0028831802110518483,0
Q86336600,0.01697703017454311,2
Q12778659,0.041827389592402266,6
Q1608415,0.018757642665618843,2
Q78868467,0.020880650734861447,3
Q2091200,0.0333135892741477,5
Q28941884,0.04086413483920606,6
Q31000572,0.01397020654188601,1
Q7902311,0.026859505439762645,4
Q49863158,0.0521963298048211,8
Q19963814,0.00027964750177206205,0
Q75940181,0.020293943573573198,3
Q95365310,0.05897625574346694,8
Q68294513,0.012771108122159145,1
Q25928132,0.04348432276971071,7
Q1733215,0.0058474775048652705,0
Q2163066,0.013504855214309596,1
Q24276523,0.024737330521415777,4
Q24258107,0.01075898378132973,1
Q23994727,0.05216038749943315,8
Q2547294,0.027351145554860967,4
Q20675773,0.034848512861219504,5
Q1579649,0.005485752651240861,0
Q15845781,0.01348396824983336,1
Q2177764,0.05813373174894954,8
Q27230539,0.038473672532451764,6
Q19793337,0.05699938461352042,8
Q28004349,0.030139515518854007,5
Q15447384,0.06405008417385755,9
Q1442448,0.06871606817868846,9
Q31207487,0.030731579353620864,5
Q41744577,0.027231618521957504,4
Q2547327,0.038595386625275736,6
Q32999386,0.0572815203088661,8
Q95395272,0.02232257317312377,3
Q16168343,0.040797379643196484,6
Q29872801,0.01686600180310832,2
Q816705,0.08642942476424263,9
Q63003881,0.08874269365831859,9
Q1690970,0.03278717500841095,5
Q15358844,0.08833859153189469,9
Q59530642,0.04881716704948639,7
Q109139488,0.048491037221388145,7
Q5984188,0.10074381591317401,9
Q63004074,0.024817689204578965,4
Q19960221,0.028022089990453216,4
Q63003132,0.021532003181023933,3
Q57421950,0.0039062209479371335,0
Q24197441,0.01624849725763611,2
Q1259090,0.05959688747167468,8
Q107208299,0.008532213749777058,1
Q21669517,0.04459026338568157,7
Q15453522,0.028602862527795734,4
Q63004138,0.010851480378005643,1
Q21684410,0.009112340909289042,1
Q94984944,0.06672829949935154,9
Q106983091,0.015494358851040328,2
Q11978004,0.043351246662473114,7
Q9376723,0.05572248448374794,8
Q107163765,0.036086260960017075,6
Q1264376,0.014261027414903319,2
Q27604764,0.019934038686269487,3
Q1905319,0.021490016635712476,3
Q2687110,0.028590092556357388,4
Q95389972,0.03460235022133793,5
Q28049539,0.022981169667407632,3
Q28665399,0.05836089861073919,8
Q107005667,0.002635641513730839,0
Q65124767,0.022844276231601075,3
Q15089507,0.0012915909146944589,0
Q1269856,0.027938850527896842,4
Q1100002,0.060518993008301915,9
Q1442030,0.005806803877580064,0
Q1894652,0.01818883188615171,2
Q95155464,0.0120404398831394,1
Q28851352,0.05636623531204456,8
Q1379039,0.06895272704440027,9
Q67198194,0.0474323459822032,7
Q95175309,0.022022883290571792,3
Q1735968,0.026469497570912638,4
Q42320970,0.04582052698240578,7
Q55713635,0.0262343058709015,4
Q1493066,0.02611025404513778,4
Q39487349,0.042983633337382136,7
Q95139881,0.02764824682502365,4
Q2545866,0.037722719105354574,6
Q111334507,0.037125343718720415,6
Q12023239,0.011570992951143126,1
Q27960339,0.006285837585440422,0
Q20190416,0.05537086367695079,8
Q27229699,0.025782841549640223,4
Q23059973,0.0416207424683619,6
Q2284900,0.06882441984791786,9
Q2140197,0.052791648084729643,8
Q2163473,0.011388371367831676,1
Q1016434,0.017581786895319855,2
Q21499711,0.039687687819642783,6
Q631132,0.01595540314648938,2
Q15435172,0.00777435144593471,0
Q29000592,0.031145961516054706,5
Q29550390,0.01530225389631543,2
Q42530734,0.08638783075143981,9
Q102243644,0.05151057271122045,8
Q17107293,0.026431683997145326,4
Q1745614,0.055795562427590664,8
Q1603196,0.04605564263476323,7
Q12271452,0.005511362718579939,0
Q2474850,0.028749263336989617,4
Q697709,0.02559113895376354,4
Q21033708,0.020178998620773596,3
Q15480129,0.004843949277050592,0
Q1896822,0.008066305987422705,0
Q30066805,0.06187493182164329,9
Q865239,0.016765343776231754,2
Q1608751,0.0049183255370144644,0
Q55227806,0.012567426543773621,1
Q18398033,0.0024387535066467386,0
Q94991485,0.01722729258433554,2
Q1224240,0.02554787061339528,4
Q1690515,0.028237742519885648,4
Q2163562,0.036373742020033815,6
Q1927815,0.07387770162002494,9
Q27646922,0.0135175754290591,1
Q65727452,0.0009201365213052781,0
Q58863322,0.01797026798322744,2
Q24033845,0.017600122046208994,2
Q95399044,0.013697555394660556,1
Q24711551,0.0518215861121347,8
Q29011369,0.018160609268558548,2
Q36832470,0.006712436698962652,0
Q65589214,0.0168098053581966,2
Q2302708,0.025798600994386314,4
Q12174174,0.06515821412442706,9
Q18222214,0.015969965155246162,2
Q61448623,0.0020398648388822815,0
Q15707842,0.04679258807623892,7
Q30243693,0.006398211031573937,0
Q95332547,0.03600141896323419,6
Q116947598,0.02337427892480008,3
Q108663843,0.004715433607853099,0
Q21552506,0.05582177556702918,8
Q1746553,0.011833026146457534,1
Q113808608,0.06937107996887194,9
Q1258137,0.04881852786778296,7
Q46918669,0.022282902202211415,3
Q57457867,0.02537311798835141,4
Q22691294,0.018002759616531597,2
Q1581735,0.04208267495551091,6
Q18352928,0.04003048213929189,6
Q55692398,0.03858758592121208,6
Q1746216,0.013862477348121023,1
Q1145553,0.0189514796207513,2
Q23958111,0.011726912544041613,1
Q124650865,0.00041236137619484234,0
Q23061033,0.06243957556227665,9
Q24052414,0.02681014654871511,4
Q21281333,0.02115442936080688,3
Q18626851,0.04732004173098257,7
Q102171061,0.026857085775180208,4
Q65850149,0.047620584914368276,7
Q33638255,0.014734501698876214,2
Q4240544,0.0245888365512984,4
Q1679129,0.04556057993156868,7
Q1279434,0.020004874821882932,3
Q55323823,0.04105896082813986,6
Q106911,0.03370699729001791,5
Q29583178,0.035273229355002,5
Q18222113,0.0036834485746998703,0
Q21552119,0.05454345777856036,8
Q72060299,0.05020556462893058,7
Q11697418,0.0037737778654392015,0
Q1236010,0.01825845205891082,2
Q1927510,0.02255998728566835,3
Q1680555,0.040426036120278064,6
Q1457124,0.0317351180073663,5
Q2687095,0.022552500260151077,3
Q27912165,0.032518466122590885,5
Q64429531,0.05011218930283295,7
Q514576,0.04186695396488864,6
Q7491306,0.046064625708527825,7
Q27064385,0.04787355277604114,7
Q1350836,0.045400187151038295,7
Q125699792,0.03208674519902478,5
Q24451597,0.050525415475270986,8
Q39590812,0.06019166902913014,9
Q1393502,0.016617579831211433,2
Q18628920,0.02916158558714753,4
Q108817009,0.0013542483780377122,0
Q30880263,0.04519267091567457,7
Q125760095,0.06368656511325685,9
Q95224028,0.04240376300595931,7
Q89903667,0.07682954626586462,9
Q124000687,0.002067242851402589,0
Q15439774,0.03644653907858722,6
Q46321131,0.011435418071041266,1
Q24705426,0.005270914201878651,0
Q32979659,0.01828760012749903,2
Q28704751,0.050165041525072125,7
Q67197818,0.029777441692759074,4
Q11719342,0.026375231507583818,4
Q15822865,0.012715232526069147,1
Q124169453,0.033177686909517765,5
Q19819032,0.04490256205066613,7
Q95179498,0.045351959997230185,7
Q65945410,0.04633178069632041,7
Q1603901,0.00881106627820868,1
Q1600092,0.012847650000048448,1
Q87806822,0.011948614632360428,1
Q20068339,0.03163952973812582,5
Q95135013,0.016291293427201595,2
Q102229256,0.03645315435115658,6
Q28702038,0.06879083522772322,9
Q2650337,0.050109221117465706,7
Q95440600,0.01204302932147241,1
Q113660513,0.046310205467453965,7
Q123628163,0.03632606517517415,6
Q32979112,0.03155039069088518,5
Q102124350,0.05953477407868794,8
Q1403780,0.0644102918266878,9
Q133878001,0.03642828244524936,6
Q15549980,0.08580037206672693,9
Q112122224,0.005512448448391479,0
Q16735582,0.014265084554272415,2
Q1516545,0.007422654690851318,0
Q95083219,0.029525452962414423,4
Q1447456,0.06807394684113764,9
Q1461178,0.047914656785781794,7
Q95155326,0.018367383381741674,2
Q2591580,0.05065989530651911,8
Q1515698,0.022166978030820787,3
Q62476549,0.017698180332625588,2
Q42198942,0.05258293113097967,8
Q28766978,0.046629223782347164,7
Q102344418,0.034383475607109935,5
Q102356205,0.019299313816361234,3
Q63003627,0.0023397972556116345,0
Q20967933,0.07323090830019643,9
Q12670136,0.06743981096797387,9
Q18413071,0.029751549004672084,4
Q63003653,0.011006745969314847,1
Q126026761,0.015840551519169552,2
Q30853977,0.02339576781173448,3
Q2153256,0.021106571710574614,3
Q1745196,0.01513830416970441,2
Q95147462,0.014244587942776304,2
Q95115184,0.010394695145666972,1
Q19793360,0.035040532494051375,5
Q23888036,0.05466729636637976,8
Q102408067,0.06014550322222245,8
Q124637186,0.013262320059347764,1
Q16301170,0.05171932613165566,8
Q109645162,0.05381759649578003,8
Q21839538,0.04323045943730543,7
Q95485945,0.02501992947986935,4
Q110136549,0.04583972680194823,7
Q2645267,0.03161053179871767,5
Q17402334,0.017602112298879636,2
Q55575697,0.03886496895992571,6
Q68596187,0.05110278336919508,8
Q106983612,0.06195404874465976,9
Q22675319,0.032497883007155,5
Q83808731,0.010043079376526655,1
Q2113367,0.029177112177349897,4
Q113807905,0.004816486349025752,0
Q21552325,0.062072310155547,9
Q67198009,0.021193952062614024,3
Q63004078,0.017076825350833054,2
Q26227222,0.02668014441519008,4
Q113812353,0.006681632449319848,0
Q63004376,0.042094327440129246,6
Q100158621,0.0009071497854603414,0
Q120578454,0.037539460266110956,6
Q20733690,0.008864486284782811,1
Q23936671,0.01669946050323703,2
Q1223772,0.06700462361177867,9
Q1273104,0.07254364671844082,9
Q122573753,0.03851613612119149,6
Q34810433,0.03445274810512028,5
Q22669676,0.03943973731996582,6
Q126326947,0.06652807162956116,9
Q95098779,0.010408974518965683,1
Q15814407,0.024590641137461046,4
Q28702746,0.030210778398619503,5
Q95490231,0.019483233994058772,3
Q95147601,0.05375131903246468,8
Q95166722,0.06184564167750038,9
Q65770767,0.03912875788954862,6
Q57315994,0.0019155819960512996,0
Q62022761,0.02238898843911212,3
Q73506340,0.02093450885551054,3
Q95374663,0.03602895719456673,6
Q60156524,0.0782679738570698,9
Q95221059,0.05027128660009957,7
Q102190993,0.022808307603296954,3
Q95154399,0.05050450034276115,8
Q64078166,0.019087132593669294,3
Q95221291,0.06658386641837999,9
Q22133131,0.038392798440372855,6
Q135098919,0.04722845631036398,7
Q1543636,0.04786470273414717,7
Q95483455,0.01117669967095383,1
Q95440618,0.037900308961707464,6
Q130552593,0.023916095190583745,3
Q18645566,0.04454060545459967,7
Q63862919,0.08557308788355149,9
Q95174465,0.009221526169065289,1
Q496416,0.047284218170158876,7
Q93031046,0.025262599465494272,4
Q95094925,0.02654822109129823,4
Q63004356,0.009900421392509197,1
Q67198382,0.045214915451091214,7
Q67198095,0.012973653537426135,1
Q19965714,0.013654185745566578,1
Q71164754,0.011161874795535853,1
Q12501014,0.021136076994557818,3
Q65849906,0.007506365102508766,0
Q109714144,0.023126120032045117,3
Q102941917,0.06720522508194075,9
Q134696992,0.014144808153861535,2
Q138205241,0.01831887269375739,2
Q23671752,0.0026488850184610744,0
Q1171153,0.016091138461744717,2
Q112342956,0.017411614118224707,2
Q113821749,0.007101401161013385,0
Q95464709,0.011048064541961214,1
Q1875054,0.015314090569796466,2
Q28856365,0.05198592453411705,8
Q18529418,0.017993657400686532,2
Q18413072,0.03582753853497756,6
Q95375359,0.011062003167927097,1
Q59651886,0.04266958047828505,7
Q95078118,0.020874670809369188,3
Q113809224,0.002006251464658392,0
Q16471484,0.05935646870390954,8
Q33133782,0.020055774629785146,3
Q40331612,0.01712789326007354,2
Q18275154,0.011931217394560234,1
Q95447333,0.01336985294343403,1
Q119505169,0.05283616521302751,8
Q106984536,0.02940898752923987,4
Q102201167,0.07035675932216924,9
Q112326717,0.04248654105980551,7
Q95373602,0.03182831388462959,5
Q106983580,0.021644051253974523,3
Q68595915,0.01767848649603383,2
Q126369150,0.0668216661209247,9
Q63004308,0.013690708713748955,1
Q1512261,0.01373142549529076,1
Q16890312,0.0005098956564125729,0
Q1794274,0.010124985911109323,1
Q95391454,0.06558443372463123,9
Q65588736,0.042734711493325334,7
Q112395729,0.01917310627810429,3
Q110641595,0.04090101767514052,6
Q38792375,0.019229732849645475,3
Q15448878,0.019194205554359453,3
Q113770381,0.02543734621777709,4
Q137270503,0.06470433487972561,9
Q17305201,0.029114928039603104,4
Q76741476,0.02721147232939688,4
Q95152711,0.0545238745270098,8
Q39744347,0.0462056301901682,7
Q26459799,0.032222099595369876,5
Q20006996,0.02475578541404771,4
Q4330843,0.06368196213623804,9
Q113377029,0.050808401359258154,8
Q105674842,0.0404551269689402,6
Q62672286,0.03305354506240223,5
Q120096538,0.016279226239193284,2
Q113977000,0.05774227591668147,8
Q123684704,0.06130102118137908,9
Q20006986,0.03940134390995555,6
Q95178762,0.007618504836171741,0
Q48182811,0.03558368158091832,5
Q20430665,0.03261236863454959,5
Q123684566,0.04629015376782544,7
Q123703343,0.05402631156659334,8
Q63003433,0.04525336687621368,7
Q95172906,0.03685926311317496,6
Q24025674,0.024421111798890387,4
Q126073915,0.030409912007999793,5
Q130710784,0.012543732998606711,1
Q107172842,0.008686980185827179,1
Q106984531,0.013285083042507962,1
Q123460392,0.030957780854845376,5
Q201248,0.05002131778658738,7
Q102130875,0.019706996062265364,3
Q92577736,0.04938050524675851,7
Q111820892,0.013814196811978123,1
Q123682707,0.02891353481614048,4
Q123707183,0.03688235764157773,6
Q133852189,0.06799788471849343,9
Q110726444,0.026300620947596717,4
Q123702535,0.011202567775672224,1
Q126250706,0.02390130304809921,3
Q106328238,0.0020073960537901727,0
Q124293099,0.01743250220397469,2
Q123685639,0.058656208157795264,8
Q15437237,0.06027145855539151,9
Q123684637,0.04306346740273856,7
Q67599242,0.03966036083976038,6
Q28580868,0.06846327065139389,9
Q20798511,0.0011437929028273034,0
Q126372665,0.03970257751644915,6
Q123682752,0.04665993552808781,7
Q30972882,0.025035192368289685,4
Q16168138,0.025180800702982314,4
Q68595922,0.030128307280813976,5
Q67198431,0.04416654165671824,7
Q95156086,0.07404863590530428,9
Q47091310,0.04330875117228963,7
Q123763861,0.05582633439167949,8
Q68595896,0.017523025932194042,2
Q111383319,0.04255303872301034,7
Q76741412,0.0314343498605718,5
Q123681681,0.042511532378201086,7
Q117834456,0.00026130450042312006,0
Q2172982,0.04459177096453368,7
Q123763694,0.06216169393520442,9
Q123686752,0.03375696536430434,5
Q21547612,0.06564850585951416,9
Q113769019,0.03728058281541345,6
Q95156929,0.029229212434937705,4
Q123682413,0.022397435139962004,3
Q33321348,0.02816481579558094,4
Q67198020,0.05807493624832215,8
Q61874095,0.02116339620476691,3
Q67198408,0.037096698389048686,6
Q104641189,0.04018185374130663,6
Q137459342,0.0006590856410008029,0
Q126934642,0.0168049645147832,2
Q67198346,0.028336356440788794,4
Q67197902,0.04058848380477947,6
Q95485053,0.01800519726083954,2
Q65945421,0.006267199805224566,0
Q110538877,0.012389914867397038,1
Q107174594,0.05182346207882554,8
Q67198400,0.07046176274780397,9
Q19630665,0.02505250038012315,4
Q125747175,0.004725949987687975,0
Q10303866,0.044185335009265816,7
Q40539807,0.05999360723963913,8
Q15987404,0.008012741407131704,0
Q108914836,0.00686175776133501,0
Q70214812,0.03818431185306127,6
Q115979727,0.03608957057619439,6
Q58470184,0.03987131600091596,6
Q77660487,0.014115604435191517,2
Q115257166,0.018516215692424294,2
Q67197790,0.010215934270202285,1
Q74621924,0.019206610602668095,3
Q67198074,0.009147566088008312,1
Q68596057,0.013315276614472847,1
Q17446807,0.04057821659358294,6
Q61874209,0.022727226241360414,3
Q105828251,0.033019641176924984,5
Q74621969,0.031098148102103467,5
Q95374768,0.03134721900637224,5
Q61135734,0.01668919580830102,2
Q74621947,0.029194286857763176,4
Q130536409,0.024743741553972808,4
Q124785888,0.002101256796605969,0
Q26699795,0.022920075718475267,3
Q135265961,0.017232312925328754,2
Q125580568,0.014944606997684774,2
Q23060645,0.07170052215396232,9
Q95446538,0.02563527916272361,4
Q869303,0.012833023853021363,1
Q95241566,0.01444620965101949,2
Q135265992,0.0588235684471339,8
Q61878845,0.030873872683387208,5
Q61878098,0.03041593305526556,5
Q61878228,0.004681354122177441,0
Q61880852,0.032392434187169625,5
Q64846950,0.04690882410304431,7
Q135266051,0.023431896630652673,3
Q61880301,0.02436014100459898,4
Q109760017,0.027739874203054782,4
Q64833360,0.0015782843019249725,0
Q109757604,0.01989138458369761,3
Q109758618,0.04034081842199339,6
Q64852126,0.013162405539505718,1
Q64846331,0.02352217378003098,3
Q4481470,0.03285159689085967,5
Q64862035,0.06494328579490813,9
Q109776898,0.02198466912993252,3
Q64848096,0.06641592946960209,9
Q64832180,0.006581303800285663,0
Q124858290,0.012164953888559675,1
Q63170789,0.025094742479752803,4
Q64848746,0.03375620832275945,5
Q64848612,0.010579773753056998,1
Q64832413,0.000760729719741284,0
Q64848728,0.039332581963587465,6
Q64862496,0.05003194659537588,7
Q64832855,0.012636622824126007,1
Q64849448,0.013992439526028537,1
Q64846973,0.03755263076321563,6
Q64850589,0.027962441226298856,4
Q64832090,0.019616039223130523,3
Q20481112,0.02692375095198052,4
Q115102730,0.04943950136945182,7
Q132013639,0.0365092893411387,6
Q120636048,0.019093752407435865,3
Q1914526,0.0020364072847169944,0
Q133523649,0.07185909701537165,9
Q43374600,0.03362305286506179,5
Q119398344,0.007345857649973462,0
Q119436566,0.017844605898498143,2
Q119438751,0.0014058693787952898,0
Q1805962,0.0028615347693464466,0
Q1284031,0.010849654257869767,1
Q130312850,0.05574725555299278,8
Q56248606,0.019459987320089692,3
Q16979840,0.050809709289699974,8
Q129652344,0.05789687762238669,8
Q129943748,0.03386386911630145,5
Q88082960,0.018944769576700958,2
Q2368430,0.03456036113573339,5
Q105822003,0.0020967525067012984,0
Q2160930,0.008498809453065076,1
Q138110961,0.009381198466056537,1
Q125419507,0.00838798813196802,0
Q137791499,0.044470316612285,7
Q1675775,0.05905195336413484,8
Q113807939,0.014039604567139197,2
Q134690419,0.028472881422227213,4
Q65945392,0.01473717672757812,2
Q21516819,0.03049722866841505,5
Q111831114,0.02457094592429004,4
Q137568514,0.03569873906256114,5
Q125419466,0.015550263683878938,2
Q97581966,0.027912342040429,4
Q7412588,0.06001891961817991,8
Q69520380,0.03107547283315416,5
Q65924871,0.012862030692407956,1
Q137179598,0.019158580480707527,3
Q124097609,0.04602820236779941,7
Q20798882,0.01728893928794393,2
Q124460433,0.025020566122248396,4
Q65924869,0.01470334901990009,2
Q67198333,0.04943919864892039,7
Q1673427,0.026680882387636076,4
Q73882446,0.027399737715927647,4
Q131453585,0.031307860505892154,5
Q5850623,0.07826800278629165,9
Q87115687,0.029997788649354686,5
Q88012747,0.021517289832282425,3
Q116168126,0.041994054563351195,6
Q29169583,0.030245772674484712,5
Q254947,0.04971427970516717,7
Q432473,0.016331248706107356,2
Q154519,0.03788328868769617,6
Q1770624,0.02348790651709349,3
Q115206,0.02135233280388086,3
Q231536,0.012765154463186209,1
Q159166,0.044209467879140575,7
Q466705,0.06650563038667016,9
Q3459336,0.04086539512874783,6
Q231749,0.03390131809279746,5
Q21286612,0.0532400517996917,8
Q229397,0.023570786396460652,3
Q284047,0.04628460120186335,7
Q290438,0.04961608979494687,7
Q29554348,0.02044546785493103,3
Q24368,0.05497062752704651,8
Q152461,0.032493065609345055,5
Q460513,0.002007726422463965,0
Q22673974,0.016228207383428644,2
Q3574603,0.019926462350359633,3
Q2935061,0.04986876985513396,7
Q21005632,0.041376440436214815,6
Q446195,0.011052475992479277,1
Q1397437,0.054095164241487435,8
Q230821,0.03835214758534206,6
Q30931682,0.04173171203526234,6
Q110897541,0.026906988025065085,4
Q242883,0.050156946509642586,7
Q443063,0.03888970089832171,6
Q1060011,0.030743179810888,5
Q15079800,0.058444660877318456,8
Q269137,0.07293372496416772,9
Q17410449,0.06584454505059004,9
Q19566049,0.05223162927252674,8
Q61888708,0.01865782428411817,2
Q563326,0.04409429307878724,7
Q64960,0.04679130904513832,7
Q4699195,0.03218792777051584,5
Q153431,0.04156198242980526,6
Q979262,0.054003337599108435,8
Q83827832,0.0655139713613636,9
Q446817,0.03498732061352252,5
Q237928,0.024940398245373828,4
Q85697,0.0381281069141901,6
Q235158,0.015144038644548163,2
Q3289196,0.014039599888153084,2
Q42211304,0.0704189248558023,9
Q5257792,0.046985890390406466,7
Q16663519,0.04707932431591108,7
Q127180,0.04036922779551188,6
Q2288972,0.035633794285353106,5
Q5026365,0.056938161539505226,8
Q6161799,0.024627957374788588,4
Q19791141,0.019685081306638066,3
Q3543017,0.013742563971922691,1
Q71402,0.0476998869350638,7
Q29835,0.05620430660876343,8
Q28919207,0.03915721315942834,6
Q5915635,0.011413085619598626,1
Q104530416,0.056031761600522145,8
Q18205822,0.044976242362771555,7
Q3808176,0.024247684223210247,4
Q5211998,0.01688570382647233,2
Q3847007,0.03702039187580771,6
Q3160413,0.012599993519764662,1
Q98152396,0.03765006473563168,6
Q600368,0.03117937273566301,5
Q451090,0.07344685929642567,9
Q8951675,0.0385929016827341,6
Q2981186,0.04649895017314691,7
Q435055,0.021631148754082827,3
Q44155688,0.02213602645176261,3
Q7129247,0.06959334950329685,9
Q58838587,0.018082912875233212,2
Q629328,0.029470980902591957,4
Q15733377,0.02609735963245671,4
Q601072,0.019162794087056144,3
Q273760,0.06399822485187168,9
Q4183875,0.04225395040758796,7
Q137342,0.026237732486196114,4
Q55216941,0.03542875595150324,5
Q448552,0.054716048666543865,8
Q601805,0.03536589854348969,5
Q3610446,0.0081946518399595,0
Q131665,0.06455426859939906,9
Q456169,0.010912902897112615,1
Q1884047,0.02782644470110265,4
Q1871331,0.03920087090459568,6
Q20988924,0.04597032115938805,7
Q3388381,0.040741154286444696,6
Q3735131,0.024801700101850125,4
Q131228171,0.025447808408015825,4
Q57269307,0.06809221824132326,9
Q5926544,0.025287060457323856,4
Q7507837,0.015621442115325134,2
Q15222799,0.03280782937892237,5
Q5039591,0.03908002071776701,6
Q2346200,0.041913549169510324,6
Q4419866,0.03420871393410965,5
Q2412812,0.03182306537598936,5
Q13423321,0.018761931283238113,2
Q59209884,0.024434430559897365,4
Q32352804,0.04205940144996492,6
Q2842007,0.042719885046656435,7
Q153040,0.06837201167635001,9
Q8925853,0.04570731979862458,7
Q16185782,0.06282374289883959,9
Q4738771,0.040812436001565124,6
Q85340,0.01413790111922431,2
Q6370055,0.029290707008156256,4
Q235986,0.012472351845670757,1
Q65034890,0.03114505710005491,5
Q12033547,0.008626633161258479,1
Q115731747,0.014584575618970965,2
Q107366114,0.03320225288214246,5
Q242592,0.008445733634771779,0
Q5648816,0.008965144007169547,1
Q23007922,0.029678316227507384,4
Q3725416,0.05154779053431939,8
Q5371730,0.013662671705788223,1
Q5548313,0.03501183786312191,5
Q63152756,0.02748447789372147,4
Q5375430,0.013151841853661658,1
Q600852,0.007717401188781566,0
Q1574155,0.00943824532684636,1
Q2410843,0.001568888068016706,0
Q110095852,0.03623146622257249,6
Q11769142,0.056742192173400714,8
Q7279480,0.018113679140194187,2
Q2547782,0.01823378713730832,2
Q61600769,0.0188274657902614,2
Q5186397,0.02224607388974645,3
Q579183,0.049060885237252584,7
Q459923,0.009334541062501516,1
Q2876219,0.06338525876096485,9
Q87746008,0.07376044734734333,9
Q112246603,0.020988104017210053,3
Q110021,0.013904083711218655,1
Q26871089,0.011940693528359556,1
Q11690758,0.03536560524843914,5
Q3337907,0.03870492664706888,6
Q112213837,0.06671508364650572,9
Q1997600,0.024026140537728877,3
Q3815344,0.021067230435375506,3
Q21198517,0.019010503512028487,2
Q16336914,0.013608884163939922,1
Q56015542,0.011260629762395502,1
Q2944319,0.03753971295730957,6
Q41249446,0.028035186154581365,4
Q20676629,0.06415419733608306,9
Q16182523,0.01615939267943868,2
Q2656682,0.0518486001629087,8
Q2565614,0.04901694385486558,7
Q2390373,0.040078693617163715,6
Q55172628,0.028917637211060086,4
Q388340,0.05661697724421071,8
Q734601,0.0022927449799112574,0
Q18613330,0.01463166752677514,2
Q6150590,0.0415498213312179,6
Q20638091,0.03473732691224287,5
Q122877279,0.0300582785522039,5
Q2235451,0.03210231108585725,5
Q10305244,0.038138900091892955,6
Q116301415,0.042747573607093595,7
Q18202546,0.030397637368506647,5
Q30334976,0.04422887595389616,7
Q130014114,0.02566036693785294,4
Q17501739,0.05628644811840114,8
Q3615375,0.04122267365274773,6
Q1320417,0.06609837652053407,9
Q1159234,0.07099921780837957,9
Q4922451,0.00211358549128144,0
Q172690,0.023191721082082988,3
Q5936652,0.01892877801339207,2
Q18516417,0.013401193057595764,1
Q5971585,0.0769082444542784,9
Q3609894,0.028433936637489235,4
Q263826,0.03127009379247853,5
Q14931764,0.023805531087520513,3
Q543638,0.018304221398061756,2
Q6026916,0.0513364335338499,8
Q28167038,0.025187927490227947,4
Q127428109,0.011453985846799145,1
Q1938140,0.011606196159013486,1
Q18223999,0.011778121602937118,1
Q2216272,0.009083406135892962,1
Q2991123,0.06257093608284264,9
Q75333151,0.01250820065762606,1
Q34662332,0.032733045626276644,5
Q1135477,0.039388221578395555,6
Q2845133,0.03939738092081862,6
Q96855,0.010525079915815522,1
Q3881617,0.05673950110162282,8
Q5044567,0.023480226867653962,3
Q5927864,0.02680458155112916,4
Q3723137,0.015009120001616558,2
Q106709909,0.06495351589152694,9
Q91512524,0.008327889785543661,0
Q96741538,0.011289955372911881,1
Q3667463,0.01608032878988438,2
Q7369055,0.028904291249515827,4
Q451852,0.024643179213870936,4
Q24004775,0.032338618496571075,5
Q30231556,0.01234128969261691,1
Q47485784,0.07224298494815025,9
Q7154656,0.05884844733417004,8
Q116196,0.031041311120496098,5
Q2707885,0.017557314333774172,2
Q125823293,0.03881426582535252,6
Q111599825,0.01937691307077643,3
Q1261298,0.004022820478701658,0
Q447126,0.052020819854939365,8
Q2746115,0.026441320760849745,4
Q16738430,0.0332041092242144,5
Q28807571,0.02839005665113632,4
Q111985806,0.008505260987027065,1
Q5398997,0.04585899423989858,7
Q1320275,0.044666415739950185,7
Q16738433,0.015479879774081167,2
Q47069925,0.04620832297163324,7
Q14949578,0.02575556882996457,4
Q7681197,0.02065701150673856,3
Q11308865,0.01951015825263749,3
Q3731637,0.04462965153448536,7
Q4888198,0.04904707962585185,7
Q422581,0.019192094732445535,3
Q3695621,0.003494770620817759,0
Q6187243,0.04702878663851676,7
Q50418657,0.030791603667960254,5
Q842173,0.031524826182198734,5
Q106696192,0.04689267358084076,7
Q16213093,0.0535307021088463,8
Q24450492,0.014295505954119995,2
Q4739585,0.07402651522812091,9
Q14169699,0.024755336168063417,4
Q116175998,0.015211751360450873,2
Q22752920,0.013574977151323187,1
Q16165581,0.031752611795867344,5
Q1320293,0.02260326161912562,3
Q1627337,0.007779646320362528,0
Q3607163,0.04190183083801381,6
Q95560296,0.01315232410675762,1
Q3721502,0.02232757249180394,3
Q452968,0.021217686928138472,3
Q7148166,0.011251319044536804,1
Q7356082,0.05404481147509612,8
Q6812911,0.049636161037141656,7
Q111596687,0.011170032556521046,1
Q6748298,0.016792942905651243,2
Q61099633,0.014289910359774392,2
Q62065126,0.019212064772982693,3
Q115012,0.0049080516762898905,0
Q137997080,0.012521812494252943,1
Q16735442,0.09546195325973118,9
Q15690129,0.014834271106688812,2
Q60832573,0.022336899002907744,3
Q6781966,0.02726976337433058,4
Q5363212,0.03726120213855703,6
Q12018963,0.0018571173939179086,0
Q3813957,0.043847545100612034,7
Q13022868,0.032772424911697656,5
Q104525175,0.05446930688286557,8
Q111272416,0.0029010988963898317,0
Q104531269,0.027526479183579085,4
Q6733983,0.025701323630932953,4
Q3559626,0.0019489776850960096,0
Q6809033,0.02938921113921784,4
Q104525271,0.05678041981734523,8
Q16734387,0.007087830430314145,0
Q5271379,0.03523872191034756,5
Q2696784,0.024230573584577156,4
Q5407907,0.06553962206956383,9
Q1445616,0.030611134424887207,5
Q22687826,0.03951933164543218,6
Q902331,0.04547449874060045,7
Q19745543,0.0598506191470948,8
Q3195444,0.04300960890681616,7
Q15123123,0.03109705700714176,5
Q4009782,0.015469167761675097,2
Q6660403,0.06697282270635574,9
Q6206148,0.07784638007581263,9
Q789566,0.040592511237047074,6
Q21154407,0.08199127301846891,9
Q29884612,0.03924384141138471,6
Q79267134,0.032894195122818624,5
Q25345997,0.04383118563057025,7
Q62017605,0.029540935571825137,4
Q12034159,0.02715510006408382,4
Q4392756,0.0586983527444281,8
Q9332712,0.038780813987517926,6
Q6321141,0.04996264955639795,7
Q135909101,0.009497962499836447,1
Q29789505,0.05148608159703149,8
Q4106170,0.04637098784872673,7
Q124791488,0.0421548248906866,6
Q94989802,0.042476924198535576,7
Q24006318,0.031007359681799188,5
Q2846509,0.035364102170961614,5
Q5111002,0.03263770645306299,5
Q15214868,0.05829579818190258,8
Q16200514,0.08081427220651384,9
Q110193058,0.026145469102698295,4
Q2056984,0.033071498587881436,5
Q16581581,0.019467628691870117,3
Q110560253,0.055723526542665776,8
Q25462133,0.06271628750059394,9
Q1871489,0.05164107038962889,8
Q74436958,0.061256246147515826,9
Q3241407,0.04905800651600802,7
Q20574092,0.03043113379192066,5
Q5785515,0.0007721860023217113,0
Q4676480,0.047687873804374135,7
Q6207163,0.0354150627342474,5
Q732109,0.012579562469590605,1
Q6378553,0.06331136290842657,9
Q4746083,0.046529436779307556,7
Q12752646,0.013250551825612095,1
Q3978221,0.08159227027918435,9
Q3932583,0.05331759977847587,8
Q19571619,0.007526875880699338,0
Q126433631,0.043690885850106984,7
Q91515898,0.03706133799238588,6
Q8204247,0.034252875304415516,5
Q5623422,0.054829721872111215,8
Q1085088,0.024845185153970367,4
Q104531722,0.04875556385190599,7
Q54861134,0.053701384076684636,8
Q15436816,0.03990371111313153,6
Q4411627,0.03415921934723115,5
Q11458293,0.006591824064795206,0
Q4160423,0.010773890349371113,1
Q104524017,0.04924497182503166,7
Q21197935,0.015421902097183785,2
Q6410167,0.021583769382935353,3
Q2535161,0.0506642788495161,8
Q7336585,0.02835041097302936,4
Q2233475,0.017736874950816675,2
Q6142025,0.021673145689966634,3
Q99519786,0.0368302899923668,6
Q29349532,0.039248453228192474,6
Q104525201,0.08184974344377621,9
Q109826988,0.02948075099850573,4
Q49090949,0.03800998673803379,6
Q85913338,0.0264750486845967,4
Q8506589,0.05810468916339372,8
Q76909970,0.025947151381607993,4
Q254939,0.023292777034944204,3
Q3660615,0.017092490410538813,2
Q5648850,0.023403365671219863,3
Q19630433,0.024439555234002663,4
Q61440298,0.05549426681226448,8
Q5362975,0.037572775287441074,6
Q3706349,0.00610435017460791,0
Q15685231,0.005280166054046841,0
Q115687297,0.026170008332728936,4
Q12972328,0.060261288677837054,9
Q104531284,0.0702076734338644,9
Q6557855,0.02406641825108998,3
Q15290780,0.05093677195759997,8
Q2324979,0.07159952606858752,9
Q20025931,0.041295137482759564,6
Q44414404,0.051851994794164497,8
Q520453,0.022745396773438703,3
Q87276493,0.024830205498920458,4
Q5549747,0.04434514423743215,7
Q16215065,0.053836151669015515,8
Q22921223,0.01796525360293489,2
Q2412701,0.016688789460249823,2
Q104518864,0.04609509126880168,7
Q6205359,0.016556156068686434,2
Q15141565,0.06320845329600303,9
Q166169,0.05280495139650129,8
Q104830164,0.06840220571390836,9
Q2272759,0.036076377981989365,6
Q5248273,0.014970142560463655,2
Q104521837,0.04758928248619177,7
Q63120950,0.06390859651853129,9
Q167062,0.025814171147606854,4
Q5515939,0.02609837586288116,4
Q61119029,0.036598849213580725,6
Q20991120,0.060825944936467057,9
Q7145666,0.04704638384361633,7
Q21663352,0.04088010877486838,6
Q5387813,0.0348274392065996,5
Q6437136,0.023179974114159767,3
Q116447775,0.034513991812628875,5
Q29019845,0.06007957830274056,8
Q131751538,0.009252765732906254,1
Q122878715,0.031651352044534654,5
Q17995736,0.04199155363867263,6
Q97405820,0.05230850875694261,8
Q7288569,0.016446175171734724,2
Q26722366,0.0329907018100665,5
Q122842271,0.017305668184803703,2
Q4168451,0.04720476944325787,7
Q104522191,0.07150839642309179,9
Q22888908,0.029166556214564383,4
Q2863156,0.0675582500386177,9
Q682919,0.013456708838017912,1
Q3816743,0.02016297960578603,3
Q109580238,0.006890239832258085,0
Q63237571,0.025803064714456,4
Q3835662,0.009142494032161491,1
Q2625570,0.02212270169756762,3
Q122897436,0.054194969462790635,8
Q6696982,0.06482324521555383,9
Q89899,0.009999332966745853,1
Q4898396,0.037751048564778754,6
Q7145910,0.017432473478609108,2
Q14912668,0.024428414397022837,4
Q6437680,0.032427058858441646,5
Q108047022,0.04035843892894291,6
Q20973718,0.043101623159782325,7
Q21075642,0.0030322494926782566,0
Q37935318,0.04067381498699202,6
Q89020,0.04448861390235616,7
Q8002784,0.01554252609946483,2
Q1775857,0.0213664899834099,3
Q2213382,0.033225225164354937,5
Q129566105,0.06222382110328463,9
Q5248039,0.055971562554762856,8
Q4971592,0.06428823574916877,9
Q13461825,0.04833767943387703,7
Q107641651,0.0017142028044294603,0
Q18207504,0.06155695736845233,9
Q104530396,0.003138361142972069,0
Q61099056,0.0420109843869142,6
Q104523440,0.009722254816981673,1
Q4661535,0.013720255759731737,1
Q104527951,0.033318879470875626,5
Q116723,0.025555848260365926,4
Q7492542,0.02309422327435523,3
Q6375895,0.04108735153867467,6
Q4749286,0.03265627971075205,5
Q27210416,0.044774270490046245,7
Q104527750,0.043121858509956396,7
Q6398320,0.026637111584383488,4
Q3981497,0.001133179350395048,0
Q2057006,0.02336721754628939,3
Q4960758,0.057071930387399404,8
Q16620233,0.023454351847175613,3
Q20968365,0.06307823014833952,9
Q18636447,0.023645282756452304,3
Q116236428,0.004500374090217537,0
Q10303856,0.009396352169205957,1
Q6132549,0.03181655101079784,5
Q3973147,0.05074585541691596,8
Q3723442,0.06277345132588422,9
Q6756373,0.008673093723041578,1
Q40757296,0.01222449703432654,1
Q62273559,0.03950722255158119,6
Q65059880,0.01748235365788406,2
Q967127,0.020271958425197724,3
Q24251043,0.018509829391434775,2
Q104523965,0.026527398812291783,4
Q110521306,0.05956500028562005,8
Q55080910,0.07132950550460897,9
Q109436194,0.009644698685659292,1
Q433126,0.019309343410404297,3
Q40322723,0.030424584500821646,5
Q7070333,0.010827052624334482,1
Q16236028,0.024529661737646518,4
Q104525351,0.020269356766622615,3
Q11737411,0.024652871449065483,4
Q104531739,0.012279288772538586,1
Q24269259,0.02545710068534016,4
Q6372430,0.03839030539980864,6
Q603700,0.01984425622504912,3
Q5271482,0.0788955250465502,9
Q5547335,0.002542027487079054,0
Q47090654,0.030267088737708742,5
Q129521144,0.0178653977621312,2
Q5248219,0.018783510193258527,2
Q111575435,0.012868793516435429,1
Q107247113,0.010545764071039907,1
Q120893720,0.024028157587039054,3
Q15690325,0.014513679657518775,2
Q568057,0.005893884018789991,0
Q28755521,0.05411966885327352,8
Q13561664,0.037978171997939424,6
Q2709668,0.0037100732580738877,0
Q3941410,0.08077561634354564,9
Q18643008,0.05680431680737262,8
Q2001602,0.04387732307647773,7
Q110813591,0.06078084526088991,9
Q104522535,0.027125888476160705,4
Q16975552,0.03627701866921253,6
Q6820335,0.07686304227060699,9
Q16163697,0.04128345470856494,6
Q18636410,0.059264906837194146,8
Q2695376,0.02588960945387702,4
Q3402724,0.051060832107487186,8
Q24955392,0.03862034015469173,6
Q4732779,0.08195509507177669,9
Q5141128,0.028874692122892398,4
Q56393605,0.023620377871712814,3
Q6762056,0.03188532221667657,5
Q3701993,0.0071962159321491605,0
Q16231634,0.055030177410328396,8
Q104522371,0.012438557245062116,1
Q104523790,0.024531776607587485,4
Q67182039,0.009927134914743107,1
Q60309829,0.02121297263915463,3
Q2763087,0.005392629591848973,0
Q135107236,0.05678558550521368,8
Q61958,0.034192052285231915,5
Q16221921,0.03448005861350062,5
Q4967473,0.03324310863955396,5
Q46999810,0.009528940359280211,1
Q2671129,0.016183400868580073,2
Q47489828,0.051113173825323134,8
Q26131621,0.04272152848881785,7
Q126778230,0.04447209182095344,7
Q10266043,0.0536335451934498,8
Q11879910,0.03785768515212659,6
Q104531631,0.017420083752704804,2
Q31926358,0.06042957025621784,9
Q17322666,0.053253548884796706,8
Q30117154,0.0006235460062567325,0
Q23908620,0.051642738684180775,8
Q15710784,0.011018635771913463,1
Q127305489,0.04633233562782729,7
Q57150244,0.042492885197861,7
Q29835624,0.01636428916584355,2
Q2048362,0.05404616159214352,8
Q136027497,0.016579978647107353,2
Q88100594,0.04753684931648794,7
Q5290053,0.03564335527955056,5
Q56810689,0.008865910142631803,1
Q5243034,0.018291854009853403,2
Q43900798,0.06613969603644891,9
Q18637683,0.016636990861553964,2
Q1036356,0.021823920830890943,3
Q12382728,0.0477459242059736,7
Q25467724,0.02019391218933756,3
Q3764277,0.02337252917506556,3
Q6761597,0.03683449853967118,6
Q117756812,0.04012044825392452,6
Q123580618,0.03867221480641069,6
Q104522462,0.019299845542076553,3
Q3852239,0.037844802453768776,6
Q5074558,0.0427497742335201,7
Q129024407,0.10682280218421202,9
Q6178219,0.04281462004964242,7
Q131677706,0.03250670688321921,5
Q5186116,0.011049571297277964,1
Q17580360,0.08333417187419685,9
Q120963090,0.02935404222393178,4
Q48009,0.019263388782544643,3
Q4236414,0.036871354942552656,6
Q3796410,0.030655546355874846,5
Q131108699,0.016515817252794898,2
Q5039706,0.017015647561909285,2
Q90416236,0.06765309452139416,9
Q107762,0.007732792152141239,0
Q2125238,0.06446332169331213,9
Q28942314,0.03129243779212262,5
Q71682,0.0027405617801118725,0
Q1508413,0.013751423775966966,1
Q16223610,0.029648566092057474,4
Q6706874,0.006945127262650103,0
Q1329827,0.04475193706808546,7
Q1996704,0.050190584947138676,7
Q30820163,0.07549584597618675,9
Q6437837,0.011564247250042141,1
Q3756244,0.011073689531028804,1
Q5891815,0.05274368584129624,8
Q7931382,0.022365969394426657,3
Q16663081,0.039642604083650716,6
Q6199185,0.038325183514993325,6
Q17198329,0.02629095499483612,4
Q132999386,0.028914441341372398,4
Q18211719,0.06773537798352887,9
Q4355739,0.06593298632793759,9
Q22910768,0.03923485038451134,6
Q104439008,0.034849299850880866,5
Q3663250,0.021301975374483122,3
Q2640381,0.023446518771609633,3
Q3491056,0.009517318439986634,1
Q3177686,0.004741436461605452,0
Q104521893,0.011407176440639714,1
Q2840673,0.010594579918772119,1
Q107279880,0.06692708248075041,9
Q1938165,0.011248236025168012,1
Q12796422,0.04222872058611684,6
Q5448489,0.023095442752587493,3
Q104531662,0.028802339008275495,4
Q56036928,0.014192895217125518,2
Q104531555,0.057595114447135616,8
Q10306996,0.012181139636965805,1
Q56760751,0.002660154175383873,0
Q9697678,0.06432488071140614,9
Q18330857,0.017110366329879587,2
Q3609702,0.03937362485155782,6
Q2658278,0.05233344335501682,8
Q104521640,0.015679932967122435,2
Q4726263,0.018123261290297024,2
Q21934493,0.02341513928775687,3
Q126000768,0.0003601306837195193,0
Q1681672,0.017837116206888957,2
Q108892145,0.0010266917686070206,0
Q138263,0.03868458621910058,6
Q12049214,0.010569356069700726,1
Q135067573,0.018348341158807385,2
Q4696916,0.010057384091157251,1
Q12038575,0.060451271797868376,9
Q19871971,0.024829534519071557,4
Q13561658,0.029896609762244664,5
Q4491724,0.013047355656008498,1
Q3341451,0.037235565625707456,6
Q18534279,0.10785687464519317,9
Q16149553,0.06581201624480561,9
Q3651410,0.04139360208145801,6
Q3877703,0.041964519529613435,6
Q125856885,0.03832955483595378,6
Q124609107,0.012930641878331636,1
Q18046420,0.04752850436886657,7
Q66360836,0.0025244858556744357,0
Q3026146,0.042411699009476694,7
Q56073402,0.06049011689507033,9
Q104531244,0.045531004781519314,7
Q3850624,0.05517942793968358,8
Q19665680,0.052576402611945655,8
Q23836547,0.01648591605044369,2
Q4887253,0.007623326405173926,0
Q62593144,0.046244797982057426,7
Q50379567,0.010545481215046856,1
Q1130277,0.04986877829740169,7
Q29644068,0.07724969769772992,9
Q28945704,0.04272316773925761,7
Q10294438,0.02062201923021631,3
Q7186444,0.048607104254097255,7
Q21102958,0.005919912391062816,0
Q117816586,0.023024516988483908,3
Q6485417,0.07170828298676622,9
Q4763219,0.007878192481621922,0
Q3704387,0.012292742202034721,1
Q4257523,0.036623479764930446,6
Q3605608,0.030867864188532646,5
Q10906101,0.05985373420205024,8
Q6178221,0.023334344147501417,3
Q3372062,0.013530744321097219,1
Q1935027,0.012753436086866245,1
Q39060977,0.05891399176970993,8
Q4773139,0.015073480287170314,2
Q2835716,0.0064515164443780535,0
Q2905926,0.011382712018105362,1
Q27865627,0.06201001859735085,9
Q117383133,0.051403473825790386,8
Q5515948,0.01691096874141436,2
Q19560743,0.0544930661854715,8
Q6405332,0.08183045102606057,9
Q12762281,0.04354597894051034,7
Q27671320,0.02872022212462513,4
Q2641623,0.016121405787121693,2
Q1475360,0.011038708355908478,1
Q3973160,0.07034033776886983,9
Q101220338,0.015677349990106924,2
Q12326349,0.01992754498267928,3
Q52928155,0.027786640380633238,4
Q64010026,0.03185015900265657,5
Q66750375,0.0350278506528779,5
Q136503606,0.033166575889131765,5
Q3458653,0.049477445077418476,7
Q7313620,0.05135379662436476,8
Q35659350,0.05617737571941713,8
Q4805465,0.038577048074867094,6
Q104525303,0.018719412736017293,2
Q4772234,0.01592960454814286,2
Q14955028,0.05660703328732996,8
Q104523600,0.015566142530157638,2
Q16063353,0.021993936229388594,3
Q3336445,0.023667106239072585,3
Q669951,0.014624184613479887,2
Q2673333,0.00873674279090577,1
Q107114077,0.07340030213016727,9
Q98280511,0.01139025917537735,1
Q10389085,0.04354315636093461,7
Q12288262,0.00566625559726878,0
Q18637588,0.03267211429531369,5
Q61099618,0.012014390281862072,1
Q16148921,0.041520915449455506,6
Q5361628,0.034375853431374115,5
Q12759626,0.05936372210007168,8
Q6121822,0.020312681456970894,3
Q6177509,0.02610918210440294,4
Q23905388,0.09605132965602836,9
Q28973855,0.0119303246508785,1
Q124634550,0.019353305927715222,3
Q16336468,0.012135276078090217,1
Q97860444,0.030250147507478432,5
Q4007704,0.03054153558699629,5
Q10330630,0.028397458271070396,4
Q463535,0.006142126972617526,0
Q2420343,0.03899079901350279,6
Q104531637,0.06684049964877652,9
Q97458986,0.009688648712731684,1
Q1469179,0.04194798848256816,6
Q5108601,0.029367830715145253,4
Q6033254,0.02770757947417276,4
Q126038097,0.009291610383319552,1
Q104522390,0.03702758301296415,6
Q3630948,0.0725916825987096,9
Q7922444,0.02821272883760394,4
Q16231279,0.0872543874757683,9
Q16223631,0.01378287658329408,1
Q59618569,0.014431146594360249,2
Q21448075,0.024261342098653972,4
Q11771612,0.014356333806088806,2
Q16300856,0.016848307294515225,2
Q55380534,0.04528757968305971,7
Q12299534,0.046938633858254024,7
Q21070422,0.03636230139649798,6
Q9334609,0.07569821287088585,9
Q17364128,0.03278481355802312,5
Q1315844,0.03905821762015613,6
Q2621006,0.019695982068154663,3
Q126087935,0.060395061616745,9
Q110235911,0.043035702904894474,7
Q22003189,0.02220051953200147,3
Q13019392,0.05215776882872293,8
Q3833412,0.04951599271256895,7
Q3849294,0.03808684576794353,6
Q12471730,0.017790654239966307,2
Q4969611,0.021768214364034724,3
Q122853728,0.007894880449895215,0
Q113767,0.014812110900507897,2
Q47492927,0.06089659833468238,9
Q6179208,0.04181300767545818,6
Q52818214,0.030461945098066216,5
Q5129228,0.03684676076651333,6
Q7532422,0.07626856031967007,9
Q104531765,0.0025537354439828315,0
Q43767281,0.01759163261724821,2
Q123907425,0.04668347304904184,7
Q2059421,0.04746333248338613,7
Q12065215,0.05709139517109981,8
Q67439890,0.015185996448693067,2
Q51816075,0.006678470308747841,0
Q134451475,0.01045575926602659,1
Q4893875,0.037375152752972214,6
Q12471418,0.057415521992268174,8
Q12735874,0.03142952725060533,5
Q5954863,0.07432018607218926,9
Q3978381,0.05912105249389341,8
Q86080744,0.02860190043948584,4
Q3850183,0.045449756158324466,7
Q50291468,0.02999352181157229,5
Q18637225,0.052076301505982074,8
Q22133066,0.03679089660698745,6
Q11688758,0.050541929463137444,8
Q15118190,0.02666377521373482,4
Q2392771,0.03315598154387892,5
Q16558899,0.049025517569900826,7
Q104531842,0.045043247220279824,7
Q15975285,0.03918517484229884,6
Q5958525,0.0013652046657811627,0
Q29651239,0.028908662298877223,4
Q2164910,0.060907323153690136,9
Q6374076,0.03427243314220137,5
Q6386506,0.06967760507490474,9
Q67174647,0.019995370699701667,3
Q6500328,0.05559499523992379,8
Q122031,0.003418246019447857,0
Q4355149,0.020399414689828362,3
Q3832613,0.055533549757298725,8
Q3876419,0.01634104349459763,2
Q7088902,0.0458386544740486,7
Q304340,0.05913133793371971,8
Q31755222,0.02982205143126818,5
Q55231396,0.034388255725199074,5
Q1798160,0.017545653101021578,2
Q98165672,0.02734719312538038,4
Q3856415,0.005707398760335421,0
Q10855712,0.05330019059950491,8
Q6050040,0.013544249263444254,1
Q18419244,0.07094614114300749,9
Q22007366,0.0590799869129522,8
Q648029,0.015968993496843446,2
Q7652538,0.008442460442559818,0
Q60048616,0.03950529770296669,6
Q1122347,0.02186828243363229,3
Q26837694,0.0270921310234705,4
Q17305625,0.0018870160869709706,0
Q7553752,0.010232543379631677,1
Q12116072,0.015432598668221182,2
Q29531292,0.01705949433370442,2
Q903186,0.05043774275333502,7
Q5353881,0.04876516922898329,7
Q137157790,0.030344298808294437,5
Q26709137,0.029327273414020125,4
Q7421638,0.06635039793210103,9
Q5801553,0.03959094490329825,6
Q5219232,0.009419241493291184,1
Q64009672,0.051917321453034244,8
Q65013189,0.013734799942902217,1
Q16236945,0.019113287796830372,3
Q24942555,0.034047410149538646,5
Q11879848,0.04949147478239043,7
Q128904181,0.02878521611982941,4
Q104346712,0.06309969650510568,9
Q121589667,0.05401503902916795,8
Q7928402,0.0010546111124985613,0
Q19666838,0.02379821252490665,3
Q57313869,0.025564003743812517,4
Q11299614,0.02942036363160673,4
Q25464832,0.031189019100840824,5
Q13434469,0.014111274736769845,2
Q4767317,0.07408613845039325,9
Q441418,0.043359479216298305,7
Q131738115,0.0005805142163896685,0
Q7801191,0.05322578618707072,8
Q4891791,0.023677113396596287,3
Q6371007,0.08027899364248159,9
Q568958,0.03944868220278786,6
Q64748139,0.029788603923419626,4
Q7688101,0.025620340070638833,4
Q12017993,0.014626128583209141,2
Q110050524,0.03670862133470425,6
Q5533063,0.012627880703233087,1
Q15215796,0.04274879326837618,7
Q5607453,0.0324356351880643,5
Q113638756,0.05542217956450564,8
Q3998704,0.00938636680589121,1
Q16593477,0.023641265634348246,3
Q21067299,0.047676960613804095,7
Q10379311,0.02999630088099458,5
Q98598259,0.040468830767500845,6
Q84560710,0.055057182300026,8
Q85865766,0.021535389566389285,3
Q521039,0.0015162451017889488,0
Q21099159,0.022099023095588366,3
Q122315092,0.011135719320778692,1
Q21874584,0.016339018112953806,2
Q2392661,0.011457880343406735,1
Q3218746,0.007210125550714949,0
Q3946675,0.011105439117316917,1
Q116662270,0.03599786466943941,6
Q71730498,0.06851820275892552,9
Q3811116,0.022034947821378176,3
Q16213246,0.030731195667485563,5
Q136379662,0.016911291226668314,2
Q6900058,0.030706485214544985,5
Q124646003,0.035214867621480114,5
Q15044094,0.016654256581836144,2
Q8054446,0.0707557347055918,9
Q49251927,0.011623142573796893,1
Q6192956,0.07019359481516338,9
Q6037377,0.003918021870502229,0
Q1352779,0.008235005816409988,0
Q18637555,0.017491086908533994,2
Q17107127,0.06193590635533025,9
Q6385955,0.012849995972702886,1
Q55106151,0.02917502742260699,4
Q8069672,0.06700274100462661,9
Q16154519,0.00369999763558524,0
Q107866151,0.004058688312543161,0
Q24572601,0.0038255074036860084,0
Q56390601,0.034689628912263216,5
Q124060599,0.01615784732989336,2
Q2734404,0.02923171762609052,4
Q3229469,0.03283638159592152,5
Q112023354,0.014077547180548036,2
Q17403214,0.06066497332861343,9
Q25468747,0.00604559063980155,0
Q3666241,0.01234577126739994,1
Q47251066,0.027540814849420146,4
Q16513117,0.026756840099522616,4
Q3306244,0.001050619903916018,0
Q12034161,0.05128398706835873,8
Q12018996,0.013997050692925879,1
Q11961106,0.06567329251849204,9
Q26236873,0.008532186272670626,1
Q5997444,0.006728991087778579,0
Q113144894,0.01676774473595172,2
Q21621501,0.04166071306337185,6
Q18153709,0.016402452022415658,2
Q18484787,0.0558508127586701,8
Q1229642,0.012227518884869469,1
Q46532701,0.004558617219507725,0
Q126889869,0.027506004709591293,4
Q107170795,0.05940766782490383,8
Q106641331,0.06668575241268403,9
Q115898109,0.0342840005990955,5
Q117774,0.03350506867237538,5
Q10359286,0.022735389492160415,3
Q60999906,0.006180617510000893,0
Q9077361,0.019106577310554478,3
Q23887859,0.010351007055720906,1
Q110781553,0.060861022116540056,9
Q5418297,0.018122276734324354,2
Q49248264,0.03876521172964941,6
Q5794002,0.015043590107906814,2
Q111577878,0.018824206062827583,2
Q136031827,0.023116553274142845,3
Q3611816,0.05844523936240247,8
Q56412850,0.0025193384463560167,0
Q24006331,0.0583094493838352,8
Q27901807,0.03238156746465839,5
Q25484647,0.019200687246427386,3
Q5984816,0.01309750012759419,1
Q5874412,0.024181359595587464,4
Q136497492,0.028713540591320814,4
Q7937813,0.039445094663673935,6
Q28039889,0.036283215727486634,6
Q123034160,0.00044288502856738783,0
Q5109047,0.02555206160670411,4
Q129194761,0.08355982752196674,9
Q95224430,0.030403981462729206,5
Q16154043,0.056426215622585464,8
Q65170283,0.001616965924293779,0
Q120549510,0.0611861299624426,9
Q22277743,0.025213573190043654,4
Q6172655,0.02318377635899185,3
Q130383360,0.04647649460562366,7
Q7801810,0.003480874534017902,0
Q26262062,0.0460511570758964,7
Q6968822,0.03390387084083712,5
Q12032927,0.06716194631663427,9
Q62886345,0.020741998850659627,3
Q3676114,0.05806689727794151,8
Q120228302,0.0037813603569642933,0
Q136668873,0.07274951057658006,9
Q118215616,0.012559381315935243,1
Q108523870,0.023428349752738928,3
Q17386032,0.04500359828470253,7
Q136323295,0.0033048640859126704,0
Q34584918,0.06655148121666218,9
Q124332114,0.015724349914798787,2
Q104596550,0.04205835595484531,6
Q84082164,0.013190010193494493,1
Q6166827,0.02187850165633548,3
Q11774073,0.013899253375660642,1
Q49056103,0.02621082085717718,4
Q136832069,0.06042814983350036,9
Q108177810,0.026927493211617033,4
Q3959256,0.007543384277316231,0
Q130544759,0.009416864841379689,1
Q17998507,0.06398226583128913,9
Q11722430,0.057578113618928756,8
Q16164776,0.007637615635496238,0
Q138381985,0.028189621882413373,4
Q63352665,0.020923012741099267,3
Q64756727,0.008691125244380364,1
Q71948060,0.03409716394872906,5
Q115478779,0.03551464644464705,5
Q16161615,0.04980965906489594,7
Q18202802,0.044972273122146376,7
Q59655822,0.036444003230697006,6
Q11728885,0.02747427635638067,4
Q64781479,0.05185645944839805,8
Q27536220,0.001581863935936693,0
Q27861767,0.02212903183820853,3
Q64009495,0.014112144222756499,2
Q11052277,0.004426462607343887,0
Q61876174,0.005860660693926351,0
Q104668143,0.035488670819724386,5
Q126370092,0.00430304576518051,0
Q115051888,0.06602393309410554,9
Q66490661,0.01881546253491233,2
Q8506034,0.03460167844956409,5
Q66360818,0.012041696114434794,1
Q135030063,0.031611679124540645,5
Q62310426,0.008133925690560076,0
Q135951052,0.01414783485821292,2
Q10823065,0.048169776253415494,7
Q30090205,0.05352530065913827,8
Q56222461,0.02440758632788123,4
Q108324988,0.014645103284634786,2
Q20500864,0.00976989665924767,1
Q135975341,0.006345187850978602,0
Q76910604,0.060096403666480065,8
Q20499028,0.06129376118733561,9
Q130470105,0.03612620856596529,6
Q51120443,0.04129734253756401,6
Q64692943,0.052097026067217424,8
Q20026284,0.02899223809980098,4
Q29453213,0.01978433336466011,3
Q61099644,0.01967012007238453,3
Q11310347,0.05293095690967861,8
Q113828883,0.03037515911364216,5
Q12770234,0.05306912087699874,8
Q103627259,0.008842940006958242,1
Q18921057,0.0030553171758998412,0
Q114290347,0.0030343263811842586,0
Q55433836,0.0060937503111507235,0
Q56855411,0.028122086508497977,4
Q56631083,0.05425272454092558,8
Q136091374,0.046100029192048295,7
Q43729,0.008236620532333894,0
Q960594,0.019936212605507743,3
Q1277708,0.031396757648407284,5
Q29342,0.02278040199131556,3
Q187184,0.03273073519418626,5
Q433148,0.05654187739550351,8
Q3186498,0.03320928742518021,5
Q296416,0.022443568806687672,3
Q979715,0.007321679596803324,0
Q5651446,0.04071387704615959,6
Q359377,0.02099714076579196,3
Q558820,0.05626042554147226,8
Q299768,0.023527331849574073,3
Q1280005,0.02577456090317138,4
Q311947,0.03669751273645064,6
Q3554195,0.04870089236503295,7
Q433813,0.048495763275794614,7
Q456365,0.06578695417688418,9
Q1526376,0.014551465647684314,2
Q195878,0.025819420160585485,4
Q555436,0.029805870950047986,5
Q631125,0.061336002473045007,9
Q6420456,0.0190145034987835,2
Q128721,0.03028244413950481,5
Q3275756,0.05417196082675373,8
Q450481,0.008578087857738595,1
Q358699,0.02763205900843377,4
Q1101626,0.010427156130998537,1
Q301689,0.047188683223941784,7
Q552413,0.05524055319347032,8
Q428603,0.03410534773558819,5
Q2334585,0.033636742072831925,5
Q108159340,0.013514138082174712,1
Q1875129,0.031141917321497473,5
Q313488,0.012233149763461033,1
Q520526,0.05726985716942441,8
Q1613303,0.05244979902303458,8
Q312152,0.03049628192666621,5
Q310022,0.02724622817543672,4
Q71390,0.03408352141186986,5
Q746616,0.02075017360041605,3
Q113916,0.05584511732007125,8
Q5289726,0.03731477878572798,6
Q77044,0.030310648919854116,5
Q3194939,0.04001369316062396,6
Q2440941,0.01531629879570186,2
Q517962,0.02389758903968983,3
Q1032995,0.09771732926928582,9
Q3067712,0.048286612962055664,7
Q1375957,0.01055640257824738,1
Q538897,0.01948361711108176,3
Q27756687,0.013030818610581568,1
Q2735592,0.017093741999802743,2
Q510462,0.049495997885591246,7
Q930445,0.007612852540020259,0
Q17490268,0.03322260419520664,5
Q472508,0.008481687181778308,0
Q16875956,0.008899087300039896,1
Q96745600,0.039546353245251256,6
Q2959477,0.01892570524284387,2
Q3760423,0.01298798779322778,1
Q2749342,0.014192298186264052,2
Q706484,0.04528998383606234,7
Q16209481,0.05613960390776339,8
Q3814847,0.04388194845553316,7
Q29456,0.020379131156666553,3
Q320515,0.062159987972135095,9
Q3714431,0.007175802645934592,0
Q17490281,0.026970295236020934,4
Q27825322,0.019441665572933583,3
Q464495,0.06466919531340042,9
Q962408,0.03901270574761427,6
Q459988,0.01677053148407786,2
Q584535,0.023212346865648728,3
Q2469707,0.04942841766408119,7
Q669446,0.04675480820423397,7
Q2479321,0.012377475169847253,1
Q12382615,0.007828508047830647,0
Q561897,0.022344588112144733,3
Q3888429,0.038840239945176165,6
Q4018618,0.015281149208115932,2
Q7699573,0.0410937334034471,6
Q24005295,0.04385566738555733,7
Q251799,0.011165825437234156,1
Q1173037,0.02267161018253944,3
Q399473,0.006430498892880419,0
Q4801962,0.011494820242569061,1
Q3041942,0.03344427260423834,5
Q175520,0.03515091489681177,5
Q2555801,0.02258880687936119,3
Q3836673,0.04936373802095518,7
Q4979250,0.028814336426195544,4
Q710886,0.023254391300888754,3
Q1577700,0.0009657823597387502,0
Q2841178,0.037698555759014214,6
Q7610116,0.047563924053096306,7
Q797670,0.013461328523140345,1
Q3802207,0.02557148864604045,4
Q3940991,0.009235717360204607,1
Q2501742,0.037467963344237847,6
Q6740851,0.062151821404979386,9
Q3508727,0.026604241680013716,4
Q1237801,0.024096415904560207,3
Q533101,0.05214153497443283,8
Q521943,0.01264892356886836,1
Q722294,0.0336250302171962,5
Q2001591,0.045993881072089,7
Q2390882,0.058749204056060905,8
Q3758474,0.03635677946340081,6
Q10314428,0.0438021248725103,7
Q764582,0.03257427663480213,5
Q17489664,0.0075080903103340165,0
Q1371743,0.04723222784456578,7
Q664000,0.04188283688560727,6
Q18630884,0.04644122013760298,7
Q16234095,0.012908315260219199,1
Q2332425,0.048525449302038295,7
Q25463,0.05719679352289923,8
Q516161,0.043415890131513354,7
Q800230,0.04974625553968576,7
Q1626563,0.02667130463931384,4
Q16234793,0.027358822493249283,4
Q17712339,0.04693212017246005,7
Q553482,0.01922806957869102,3
Q1255561,0.05097481133187576,8
Q35323780,0.03478822530382055,5
Q16233206,0.04303410576428556,7
Q464812,0.05338895861195117,8
Q898409,0.010663440484964206,1
Q10543112,0.021450254972830502,3
Q5274613,0.021885163871936474,3
Q1779180,0.016698770424399465,2
Q3717053,0.012026321093601385,1
Q3176445,0.05056944155144443,8
Q17478652,0.01616062516197715,2
Q2292625,0.023647199296471213,3
Q16235949,0.0354578632946783,5
Q4706403,0.04052218353353068,6
Q876827,0.025571475739042452,4
Q7800080,0.02174939141945203,3
Q137212231,0.036058035385875285,6
Q3641286,0.017906218347987963,2
Q17517086,0.04432060284524131,7
Q3779906,0.010812190009425283,1
Q21623024,0.0060815330814604175,0
Q3808381,0.03629595848048155,6
Q663790,0.06826735496833056,9
Q64746416,0.03739829072690886,6
Q81942227,0.021128228651270186,3
Q1955016,0.07098484694571233,9
Q16235879,0.012333067242212543,1
Q1244773,0.05146701026024429,8
Q535456,0.015603200486374078,2
Q3453783,0.041968601619566004,6
Q5107485,0.061470693983150144,9
Q19281751,0.04118519930233682,6
Q2679273,0.024837057675534277,4
Q2359797,0.028197987570070988,4
Q5246462,0.07262106280364236,9
Q3860168,0.015927018431399327,2
Q36641637,0.04120588874724,6
Q26209650,0.0217588279375334,3
Q17265743,0.05381843456058537,8
Q6214413,0.023879160720684137,3
Q3168023,0.004493670229697029,0
Q601201,0.05927728151263044,8
Q1607188,0.07153239279779984,9
Q26271402,0.04411476057661375,7
Q1101557,0.0202836768611794,3
Q3874498,0.016884714474724897,2
Q3190452,0.028345173230568267,4
Q16223656,0.03771436589945138,6
Q5105724,0.05454727055095621,8
Q6182370,0.017300780256181755,2
Q3052503,0.05154789088645184,8
Q4984295,0.0007539164979162201,0
Q3973341,0.030610370755163447,5
Q44740,0.03892623122028379,6
Q5238774,0.04114922839497655,6
Q16234913,0.037958163683226256,6
Q525776,0.0483133551067778,7
Q6137927,0.06201086359329303,9
Q27662608,0.03376872929870316,5
Q6850575,0.0245805663869833,4
Q1734445,0.01661375099799591,2
Q27286798,0.010589234375327515,1
Q21039375,0.053532833808732326,8
Q6968952,0.016599276294616057,2
Q2083454,0.055492637204474705,8
Q1405209,0.00953033018573773,1
Q5982405,0.04450770286221558,7
Q544700,0.014294551870043923,2
Q66764676,0.04340219644507278,7
Q205969,0.03798592839608107,6
Q16236329,0.006713201322557989,0
Q2144035,0.018142857627927656,2
Q5296858,0.025654590785495954,4
Q3120247,0.021858111976797802,3
Q378375,0.05490431379800472,8
Q28935619,0.011698258613320207,1
Q3007571,0.04239666938523124,7
Q7366919,0.04067136303447177,6
Q461427,0.05575850706515652,8
Q15042670,0.05999029753570724,8
Q18057258,0.037129852768447394,6
Q3718962,0.002479657687178303,0
Q560103,0.021301117483900234,3
Q123736,0.040011115976330267,6
Q7181866,0.022127086625902837,3
Q110263365,0.027068209818238695,4
Q4265509,0.05364063643919512,8
Q14778564,0.01757707130308875,2
Q3990697,0.01804186485881028,2
Q3869080,0.01437400312684869,2
Q2352493,0.033992446761045604,5
Q578510,0.04991187458643947,7
Q7901088,0.03866573527458446,6
Q6016123,0.022392467341155874,3
Q873089,0.04150691286511884,6
Q495920,0.039568865003194634,6
Q6771223,0.03186005496157572,5
Q7280111,0.016512633175699436,2
Q7328352,0.05617796415192917,8
Q26829736,0.021089896770624842,3
Q15041594,0.043138208864181654,7
Q4533700,0.04903371776213827,7
Q2896629,0.02056513907703772,3
Q14324108,0.008743590051620492,1
Q3982511,0.042102443250529,6
Q20807338,0.06469785081299148,9
Q6771149,0.03702594452289509,6
Q7035574,0.07188923243675267,9
Q16018576,0.008197069379781603,0
Q6845176,0.046947543555484535,7
Q39396117,0.012057800943430588,1
Q13461111,0.030149310129350522,5
Q2878898,0.014397776189462027,2
Q29034560,0.028682421079931433,4
Q8250882,0.02109509277989541,3
Q2854955,0.018592426606154098,2
Q13562779,0.010391339929751456,1
Q1891580,0.008695280120464974,1
Q6915673,0.027507420873344464,4
Q7611987,0.010259424162796916,1
Q3522120,0.05218975494230509,8
Q6653212,0.01558636144974911,2
Q2564848,0.03964264096931556,6
Q44821118,0.032950958931260994,5
Q5210607,0.04575661611502147,7
Q5952509,0.052184574412356424,8
Q15119293,0.04233445258216091,7
Q5042512,0.07257027024527973,9
Q880199,0.028274599633864025,4
Q5132995,0.011312957473109859,1
Q29001127,0.06591228932369111,9
Q16234220,0.021331203135825694,3
Q994337,0.01962706503057056,3
Q17388524,0.02528958794933748,4
Q4751931,0.0020858158510507806,0
Q5338093,0.05814632384613058,8
Q16225904,0.031858026564177015,5
Q21622311,0.017060321796482477,2
Q6519648,0.013332445780978251,1
Q7384416,0.015862073738795734,2
Q17305978,0.037515123939323866,6
Q7454322,0.008630648825425177,1
Q13085273,0.07765126512186737,9
Q38917020,0.034070768620533536,5
Q16230071,0.056972064760542694,8
Q1321959,0.038574848491915045,6
Q2218320,0.05174336724975966,8
Q56250121,0.04046926841463275,6
Q39072382,0.026272743430625405,4
Q12328618,0.043907004414089804,7
Q5274737,0.024070795275001146,3
Q3993203,0.04658687036098816,7
Q21284910,0.00667980198270836,0
Q2927171,0.015500017454041679,2
Q16233601,0.04094213942047017,6
Q5304838,0.037192174675396865,6
Q9070165,0.05861729606731969,8
Q3313751,0.009781137966086331,1
Q64498150,0.005243259483902739,0
Q90799171,0.013033764379702039,1
Q63190376,0.011343818151718555,1
Q19519977,0.015260502040192149,2
Q4154114,0.04892397543623745,7
Q63824936,0.03368134634725743,5
Q4953062,0.04146637536017801,6
Q12382499,0.03795455309223904,6
Q3133146,0.018284018324585948,2
Q2581190,0.01899731035337613,2
Q63996181,0.026853107104186993,4
Q71824812,0.023520817134073117,3
Q4008936,0.03253717921811571,5
Q3852095,0.0508641523157633,8
Q6703076,0.03066048661260117,5
Q1633821,0.039713332572470915,6
Q2380411,0.05269021633276447,8
Q100234691,0.013144283014752652,1
Q524530,0.016894297113381456,2
Q37531282,0.003694118290084776,0
Q62020944,0.050902424157064814,8
Q27473659,0.036980983188331464,6
Q13405142,0.012840617275685102,1
Q2388647,0.049963591757701,7
Q6928018,0.020660146808169154,3
Q18015177,0.037730813325685376,6
Q7812726,0.02042527635485854,3
Q1062223,0.018506235652650558,2
Q106497650,0.03620441847472619,6
Q44737222,0.010851503341275387,1
Q60455333,0.05240492033876674,8
Q982836,0.04685530913207207,7
Q10991200,0.04598314455393723,7
Q511304,0.03592593616185156,6
Q1281685,0.019452426490525625,3
Q61874678,0.021837018943584856,3
Q104530417,0.04164572139669063,6
Q6397130,0.05729089533013201,8
Q16890504,0.009258819134658916,1
Q17428192,0.04173761545205006,6
Q50931886,0.008277261470174218,0
Q10543841,0.02257334496592651,3
Q5247811,0.022399679818904835,3
Q5108208,0.027354997402098496,4
Q6473241,0.041428752792617,6
Q5277807,0.04684659386657314,7
Q10460653,0.016725728475647232,2
Q6757615,0.001068938006230849,0
Q6831223,0.006694826744714222,0
Q7931647,0.0010656246981185652,0
Q10462137,0.013156595946923871,1
Q28819149,0.06266201516893331,9
Q19867006,0.013804342096190752,1
Q66011129,0.0075501440309267195,0
Q7586596,0.022415407535146845,3
Q17430599,0.08166413540041963,9
Q6791353,0.050444569603726765,7
Q7114445,0.016723974142956365,2
Q7036052,0.06407970083151901,9
Q56480296,0.037681735069720244,6
Q14516345,0.02341791931571365,3
Q6277474,0.004658371607573309,0
Q114711415,0.008823521458628417,1
Q7463312,0.03922760296553314,6
Q17521985,0.010903161106280654,1
Q27448056,0.01533420615426054,2
Q110281841,0.029580187595306465,4
Q3779808,0.05389946053270178,8
Q41188010,0.036734091593938464,6
Q16218677,0.046318977238204974,7
Q5219532,0.04032372330925833,6
Q102258850,0.04251483775318555,7
Q6175856,0.014900283013987787,2
Q1948010,0.04970483216345953,7
Q16091448,0.030017060592035093,5
Q52125967,0.03760107921488303,6
Q7862283,0.042899926892838974,7
Q13187076,0.06405138516997692,9
Q4935645,0.09520746614658658,9
Q18225033,0.01500510698810646,2
Q18411508,0.008516182884824959,1
Q21141513,0.03706529057430047,6
Q21063780,0.043867157936781954,7
Q42269330,0.06794525943935528,9
Q16653363,0.03118542744911487,5
Q2279390,0.034033405122349585,5
Q6125561,0.03942616903451136,6
Q3615837,0.03470283521665338,5
Q17453260,0.026499115492804346,4
Q2964862,0.05959755589281737,8
Q1749674,0.03166420596262517,5
Q25929963,0.03933762136972196,6
Q16149755,0.0018480406259889762,0
Q3807810,0.05045868251199253,8
Q16632847,0.006176509687661093,0
Q29888007,0.03572211529230046,5
Q16236390,0.002416193479604734,0
Q6065753,0.0009918490356133846,0
Q41884906,0.04287634356062328,7
Q19867892,0.05127358070682571,8
Q116003975,0.039256171137804594,6
Q100959155,0.08032419648563056,9
Q100886571,0.02613281802399111,4
Q107426684,0.06614105819928644,9
Q1266112,0.020997040820176234,3
Q3531869,0.06263104207438314,9
Q16234253,0.03729216345860114,6
Q4757294,0.02878307960900344,4
Q19571902,0.06692010655420641,9
Q16235098,0.03781531033900155,6
Q21079295,0.01860068727243501,2
Q10556287,0.008333269055524976,0
Q16233172,0.05148252232162473,8
Q7648900,0.008339346603951331,0
Q21005467,0.01761534869525183,2
Q5548772,0.03359189170009719,5
Q6453707,0.05143565179698752,8
Q7505744,0.04751199334371517,7
Q1934161,0.03948577850547704,6
Q7131694,0.003561555340155912,0
Q29031332,0.05619218042277172,8
Q2793052,0.05784238301232878,8
Q23008111,0.04449445853215776,7
Q3616172,0.018989469273183037,2
Q15842753,0.021054843977186637,3
Q1383407,0.01998504141180513,3
Q47504991,0.023379880787396886,3
Q69511028,0.03202689230614564,5
Q96103100,0.029783364286237304,4
Q98710574,0.005895638192940184,0
Q26972617,0.002923887157887377,0
Q107125571,0.019962529994830173,3
Q107502928,0.005890574042022719,0
Q112895272,0.08323091488007545,9
Q19663987,0.024091712022580543,3
Q5957655,0.051850739307904264,8
Q60494801,0.029938584662771047,5
Q6228502,0.016159261807603704,2
Q21039341,0.0062180341967611906,0
Q6991504,0.07837176589279445,9
Q50391375,0.036930853808147195,6
Q100769496,0.017296829989994378,2
Q19594194,0.02538424924701509,4
Q7420666,0.04360617827163963,7
Q21622111,0.03738266577979243,6
Q63214294,0.029191968893531636,4
Q70141141,0.03567001342819332,5
Q22276694,0.05910316538213528,8
Q55759612,0.023222836368355978,3
Q16204095,0.034799696259714685,5
Q17198151,0.0473141150314876,7
Q98249139,0.08123143432849031,9
Q44749671,0.034137515147742,5
Q6701813,0.03305091729712008,5
Q18044261,0.04297217384386879,7
Q2087621,0.05005216459548141,7
Q16083510,0.035757048064781104,5
Q16086837,0.003940222042215375,0
Q21523334,0.0363169227535741,6
Q102197345,0.002292706914752493,0
Q2340918,0.05380875653152331,8
Q6266889,0.034404614300965024,5
Q5557878,0.0034084874728978125,0
Q19577936,0.04786237464786695,7
Q7048180,0.04897505852770362,7
Q4801666,0.03894038261447995,6
Q3002041,0.02368205157964625,3
Q21621091,0.046081189994022935,7
Q5214757,0.0593979758305146,8
Q51702085,0.07087681391233255,9
Q8054436,0.056276535147847355,8
Q138348060,0.03384587741709242,5
Q45027751,0.050603091121705426,8
Q16762786,0.02128610150799976,3
Q7704606,0.02363514668279563,3
Q16836970,0.032046411867861904,5
Q26838313,0.045470616842568444,7
Q4007753,0.032459462039022335,5
Q21055585,0.00735948901528539,0
Q98198257,0.01784037598150557,2
Q16013710,0.006420248484061292,0
Q3535470,0.034032631516111425,5
Q2723699,0.05909372380168743,8
Q56175063,0.031680388864897754,5
Q17627798,0.06330192092292038,9
Q6112226,0.04688622417414612,7
Q18049744,0.039346771791053226,6
Q7911231,0.014898043147191805,2
Q96402406,0.004620181871735857,0
Q4776367,0.013533033861853798,1
Q5651359,0.013272912806909698,1
Q112304387,0.004863964916459824,0
Q24007142,0.012268595200966488,1
Q55654209,0.03793486687700157,6
Q4678975,0.04388511683035381,7
Q5053531,0.010018858774294178,1
Q28528670,0.010269583425053325,1
Q10464801,0.0638402403070137,9
Q42305613,0.013823627255378976,1
Q7931387,0.01589350144994415,2
Q101096377,0.014231513298305406,2
Q113652741,0.018696225104120535,2
Q5108523,0.024358660753423373,4
Q16730381,0.03729277786697082,6
Q23883912,0.04243485170429379,7
Q24450141,0.010415000307054252,1
Q65029240,0.043163924404599714,7
Q60050574,0.03315119381256521,5
Q62929773,0.028854626858402302,4
Q19898380,0.02173046017643585,3
Q19893769,0.057610861176085666,8
Q27583774,0.05292492442217309,8
Q124633423,0.030779856857408184,5
Q22276985,0.03645436676674716,6
Q6108809,0.01064473693998622,1
Q3345871,0.06931571852854404,9
Q5236300,0.03902926490805083,6
Q28147580,0.009495317195952998,1
Q109553878,0.022101905587546426,3
Q22342548,0.008350292963896033,0
Q20744670,0.0302971558355029,5
Q7149197,0.052855283633996546,8
Q19788114,0.024230014659968296,4
Q25485303,0.010586002279906175,1
Q7938374,0.012437750249156073,1
Q20492270,0.0674900890011184,9
Q130478096,0.010396830912168706,1
Q28377794,0.00568499494576063,0
Q130484531,0.018371007313897597,2
Q3838168,0.022877469023672072,3
Q106862119,0.013087283746513283,1
Q19867802,0.05046791588612136,8
Q6099056,0.0487708931046348,7
Q98201830,0.024070374710484062,3
Q25431380,0.02756134830939016,4
Q33435863,0.0691917862078403,9
Q106966961,0.03589535242712242,6
Q41777187,0.011576095309344147,1
Q4817919,0.02002496613411621,3
Q16232428,0.007203789470770198,0
Q7489774,0.052089640004537974,8
Q13527923,0.0152857863153466,2
Q22162710,0.019242711226977623,3
Q4831599,0.061293014552762246,9
Q16193991,0.0027437418320643866,0
Q5219263,0.02577675007393514,4
Q61892600,0.023228567606265706,3
Q16228274,0.02395529010921491,3
Q69511971,0.03108740266456599,5
Q4746482,0.018678440954051724,2
Q106873543,0.018944759037848653,2
Q21005446,0.05775584938529686,8
Q100924020,0.05927789434328018,8
Q136289792,0.01321172181905724,1
Q4724750,0.04313028987395402,7
Q15822008,0.015239873148822454,2
Q7902058,0.020474663001548262,3
Q98603248,0.041903420073054316,6
Q120645895,0.05381192401305662,8
Q60824125,0.005694162127492395,0
Q126180926,0.02833521228408499,4
Q100884566,0.011219824001754745,1
Q7660430,0.004599459001132156,0
Q22342329,0.02935217612422546,4
Q29589067,0.05186921567319627,8
Q1717444,0.017292499556389264,2
Q123182488,0.026304339067704678,4
Q4772059,0.026825320379004435,4
Q134302634,0.04565601870119736,7
Q22812486,0.046782732144366894,7
Q134319722,0.027563040123908672,4
Q137589017,0.004016940566976834,0
Q7599507,0.003683776516923646,0
Q126223951,0.014688319867777685,2
Q100165907,0.01348463133409747,1
Q123228644,0.016428589726584838,2
Q123203190,0.03843505880742957,6
Q111039887,0.010161365796175312,1
Q4018238,0.030259865401040677,5
Q123228831,0.020537354104365413,3
Q109406875,0.0490509518142081,7
Q100897731,0.05203106704748877,8
Q4776005,0.012002893555930611,1
Q134302598,0.021217769956228545,3
Q131138707,0.014232184747872209,2
Q3530745,0.014105270958074201,2
Q106687210,0.04275640830985627,7
Q126039497,0.028934725785299948,4
Q7141333,0.017235548320972554,2
Q5133111,0.05470306027580731,8
Q2388913,0.015321078232344137,2
Q126220786,0.033080712930071934,5
Q16452721,0.06002292070550705,8
Q64167398,0.005972369798554553,0
Q120267577,0.001331555191746452,0
Q3858936,0.016205625198322728,2
Q16236143,0.07358636784679165,9
Q130480863,0.055340126509518084,8
Q126221279,0.03181383162845173,5
Q106852271,0.05158027182986254,8
Q76787625,0.021625932952352947,3
Q7108535,0.02997129309041022,5
Q1071175,0.008476441175533029,0
Q123202473,0.039383115707082604,6
Q119552831,0.03387631305648743,5
Q4805769,0.014669322938610792,2
Q5657124,0.03818843734120545,6
Q27107039,0.06545450129827382,9
Q123203017,0.022578521751701226,3
Q109796214,0.00943980526661769,1
Q22006131,0.03571422613945437,5
Q19898331,0.02534868683434118,4
Q31863094,0.030595618942419904,5
Q66124304,0.009854979161182593,1
Q24084668,0.06515046644055096,9
Q5107950,0.03893843647780047,6
Q6937294,0.028935560712116247,4
Q26207454,0.014380120552769564,2
Q6733714,0.041413506492156596,6
Q5207884,0.04529903472938717,7
Q3527867,0.031223756478142777,5
Q29452284,0.031470008411101216,5
Q125807354,0.05398834090255893,8
Q16223872,0.005712347791856978,0
Q22162761,0.029577035451780212,4
Q100260803,0.04104795242559175,6
Q59306423,0.021848565664194443,3
Q41749542,0.013145983498623592,1
Q99514057,0.01746768886187315,2
Q97323201,0.035512219150124216,5
Q126221051,0.004247569043320652,0
Q120379082,0.047592076536030904,7
Q24150742,0.03570383600760258,5
Q1068225,0.04570984018638878,7
Q2854764,0.03661385115676289,6
Q3701788,0.050262086702812174,7
Q1976434,0.0294669229443037,4
Q98539564,0.007873848454250975,0
Q100772519,0.02690713580174506,4
Q85873788,0.0138400483704569,1
Q2763379,0.037322607479984976,6
Q5722499,0.06313369602122358,9
Q38051006,0.002176706018804279,0
Q23883285,0.031313547771234636,5
Q52886784,0.0557248979135736,8
Q6143246,0.026479691350188676,4
Q122574761,0.014037818551232404,2
Q119306963,0.022225334131381346,3
Q16232961,0.021172547411573085,3
Q21284552,0.028054183833141105,4
Q13122329,0.06272447516788886,9
Q27978938,0.07217291717750694,9
Q123203061,0.027678004394161595,4
Q86682410,0.023509619323299886,3
Q6286469,0.021015257165115066,3
Q17198729,0.03172346269506479,5
Q21181161,0.023337858576338005,3
Q105970082,0.01468743821513435,2
Q12268562,0.00582792129918319,0
Q126868880,0.00030568702765595935,0
Q110495977,0.05049248535880902,8
Q64681270,0.030675138952983672,5
Q48611371,0.013394053270526392,1
Q16232250,0.006294080829447506,0
Q6215862,0.014648299048120678,2
Q4761588,0.0623913069897661,9
Q55955919,0.0409174064828317,6
Q3528415,0.015650156293927197,2
Q27662793,0.06753011986610669,9
Q89206732,0.007995543914231944,0
Q60479067,0.007807256555915058,0
Q108554124,0.009308721668889242,1
Q127417992,0.009598901026455543,1
Q54861653,0.035199485936089306,5
Q17523853,0.032800328068641776,5
Q27107018,0.002381487499025975,0
Q111974843,0.016109058573838177,2
Q5091142,0.04119611448649429,6
Q98393976,0.040981361595001764,6
Q130461800,0.01991652031464105,3
Q134302899,0.0232466195181642,3
Q134302984,0.07326904475952851,9
Q16224888,0.010781102857522939,1
Q4704750,0.029019743398809115,4
Q118198690,0.02157332232546147,3
Q15974434,0.03205823466480552,5
Q20641226,0.009052840943534838,1
Q16914080,0.046143118580571844,7
Q126039386,0.056880547876257084,8
Q44079610,0.014255144337900802,2
Q106513341,0.024989391325762552,4
Q256532,0.057781687164424486,8
Q21623271,0.03354295230542519,5
Q87743472,0.005317650375584257,0
Q25470267,0.027436536093429567,4
Q136089824,0.0207567905521742,3
Q62393067,0.03672539844020786,6
Q25470370,0.02944142368744988,4
Q126220835,0.02439357132693062,4
Q125807343,0.018176514492716404,2
Q126220991,0.014806891664483547,2
Q126221751,0.04661426845442911,7
Q123202963,0.03448037198749016,5
Q22162725,0.053398531324855524,8
Q15983380,0.03824023148316347,6
Q134320112,0.05966795535103501,8
Q62140867,0.06060356707902735,9
Q94997903,0.034358141569681255,5
Q25470487,0.056690954862748895,8
Q5996249,0.047799529581014015,7
Q55238309,0.04059984735744606,6
Q5079172,0.05574041687240504,8
Q5885337,0.0007518593623725256,0
Q6382526,0.049870934987941415,7
Q85995966,0.022950767926767684,3
Q85999522,0.00712626182526633,0
Q16872871,0.05576558092708172,8
Q86682308,0.0062877904348680545,0
Q134302489,0.0013675564312264647,0
Q7103777,0.020361525826609057,3
Q25470333,0.056025119230745504,8
Q18387184,0.03335342274923583,5
Q60724194,0.031341821741639866,5
Q123202632,0.012634770926943052,1
Q21620992,0.018100848365652723,2
Q65162963,0.0228074309818734,3
Q66342225,0.01486648023892066,2
Q136486067,0.015563669760111982,2
Q55819170,0.07156404361993696,9
Q134302966,0.017709214126322998,2
Q16116712,0.07576493224016463,9
Q6985607,0.01827575145946398,2
Q64374407,0.029771230765406758,4
Q126221880,0.044300098826343885,7
Q7902063,0.01275314328804814,1
Q123202663,0.012750972152524916,1
Q23418616,0.019145800160184932,3
Q28777381,0.0776124390673987,9
Q24006661,0.0766651571464977,9
Q88406833,0.015055927837406273,2
Q7492858,0.012604429296693772,1
Q19664779,0.052899711483995304,8
Q134302444,0.05147542303072159,8
Q56877000,0.009961242749556124,1
Q103911672,0.021216803133348058,3
Q134302501,0.008100228215000758,0
Q24007419,0.055336440619157566,8
Q28856066,0.004185939483177361,0
Q127257419,0.0037101047546386602,0
Q7678939,0.02228495895992883,3
Q123202899,0.04074640120477509,6
Q126220781,0.03446248174159294,5
Q85202272,0.02150077906787916,3
Q134302968,0.003326116828053106,0
Q134303002,0.016119562895403835,2
Q99618708,0.029743164910028607,4
Q7929349,0.0343731368615862,5
Q21620803,0.07551851211057338,9
Q123228533,0.001684240705387674,0
Q60455373,0.021639382821710625,3
Q50405894,0.02457629145454506,4
Q16234456,0.021174962858912693,3
Q65030866,0.01870640267848342,2
Q134302468,0.014091702816973483,2
Q125807422,0.05241316689581854,8
Q126221306,0.029509623749575005,4
Q86834122,0.02995401679375545,5
Q65548531,0.030584991658553648,5
Q4866856,0.048876403608902406,7
Q130742511,0.03661088242882931,6
Q2276432,0.010952338638660158,1
Q7363160,0.04092524999379147,6
Q134320015,0.00646585310226468,0
Q55200561,0.0368365208338159,6
Q21621372,0.03912600357717474,6
Q21572737,0.031517939702555044,5
Q16348020,0.07665202481488402,9
Q27049392,0.039196819683226726,6
Q126221542,0.02672835825729971,4
Q126039299,0.009199104397629438,1
Q136089779,0.04798894698531929,7
Q107555914,0.0070955367279005015,0
Q134302510,0.048263676771669074,7
Q28055439,0.020147042729460246,3
Q85202421,0.012602458450212621,1
Q61793955,0.03916305813384948,6
Q87740190,0.0012346400873724963,0
Q28131380,0.03428086549445448,5
Q123202522,0.020885192327080627,3
Q31773999,0.07348081862511208,9
Q85328227,0.02527612593650324,4
Q137639374,0.007656715190776465,0
Q136089781,0.03883913178004468,6
Q21621932,0.024465753671825113,4
Q19561017,0.0012867071030188482,0
Q28784460,0.06542246388036778,9
Q16897844,0.06665501016172062,9
Q4739815,0.046969899447689846,7
Q123182238,0.03828055214005422,6
Q87736570,0.0126991282552256,1
Q42287938,0.07731206098013091,9
Q75224640,0.038809424895520604,6
Q136089777,0.019653212573965417,3
Q4805865,0.03769456271673758,6
Q134302632,0.03641963715908173,6
Q107479246,0.054247574563284356,8
Q110820434,0.04382703414640867,7
Q27970991,0.03880494045035296,6
Q27949784,0.0014672258217979866,0
Q24007467,0.014710737643238613,2
Q95306490,0.022546096528477163,3
Q134302496,0.0035593598008100626,0
Q29917556,0.06375649056077597,9
Q26131932,0.0130580344468618,1
Q16221177,0.011058014432018788,1
Q80868546,0.025517730958207908,4
Q45042934,0.0022613269244962904,0
Q65760683,0.016859220963166166,2
Q20736581,0.029153971187953466,4
Q110224121,0.03146470903637401,5
Q21284547,0.015480480993035067,2
Q6553582,0.05269656084823512,8
Q16189514,0.06383549001879128,9
Q4857774,0.022608051689104323,3
Q134302457,0.03507126343479388,5
Q10556446,0.017649762637918804,2
Q87472444,0.0037800262878569225,0
Q17198305,0.043883139333531086,7
Q24088899,0.012745751183313789,1
Q33289626,0.016647368970465946,2
Q53448125,0.010917185779082952,1
Q18348666,0.03168237802523439,5
Q123228382,0.01646413945854765,2
Q107659116,0.012848984249883266,1
Q123229018,0.054869965188214714,8
Q6008189,0.0266760373188111,4
Q6373654,0.01866333793788015,2
Q22681993,0.017382377657269615,2
Q21622845,0.013082376239772778,1
Q50937565,0.06042273063407742,9
Q61996800,0.06556828599334356,9
Q60564432,0.06335617390368162,9
Q28037521,0.04489161056643747,7
Q4708841,0.040639244049485115,6
Q42211763,0.03929104199914126,6
Q85765464,0.02655021794397125,4
Q21285518,0.027297387311459566,4
Q6957777,0.049300526888010475,7
Q102308421,0.07843438779238375,9
Q21622847,0.06898614608427514,9
Q89204383,0.019583651160289706,3
Q21471145,0.01542173176733876,2
Q23880208,0.003695331470846981,0
Q131632465,0.0521720597779347,8
Q59656125,0.017822849446534957,2
Q87359125,0.0508451466456575,8
Q106339830,0.03498166795138428,5
Q136289800,0.05340823599978161,8
Q3530505,0.03250974858303902,5
Q5433628,0.025921549054344423,4
Q79351723,0.02005387952793757,3
Q79060931,0.02441593018162049,4
Q100944508,0.016207483270770942,2
Q7397500,0.05929949055062368,8
Q99315794,0.015784105325788274,2
Q23417010,0.02058588076039851,3
Q136260019,0.04726458563542626,7
Q104845993,0.05637207575201276,8
Q21623276,0.014353537815111414,2
Q88890797,0.019191435284762543,3
Q21170841,0.029596873926769456,4
Q44660455,0.010290959533269903,1
Q7599929,0.019640107210716413,3
Q16676874,0.07570706524621096,9
Q108751420,0.021319808698065656,3
Q60734421,0.018814445022795487,2
Q66649518,0.060409383412757874,9
Q131747879,0.012469340061420408,1
Q21663012,0.0977614335830337,9
Q65029570,0.020544978441387175,3
Q136297649,0.035201639018623825,5
Q21663111,0.022899820575936845,3
Q107282311,0.0016818998645556794,0
Q65665961,0.015326084943438175,2
Q79351675,0.06494179783570403,9
Q107719223,0.04928407810090227,7
Q22007315,0.012819770451384174,1
Q22280226,0.04875113299389136,7
Q7916225,0.009855989228628898,1
Q21572739,0.040001403498275356,6
Q21642282,0.028983463551524303,4
Q124308227,0.04042459495650428,6
Q27657117,0.051545552924465304,8
Q106376996,0.06557435893696577,9
Q50947310,0.03890114236116249,6
Q110451696,0.037222186221795406,6
Q94647813,0.03133863705709149,5
Q28549322,0.03963895874732465,6
Q23880469,0.04602712986008196,7
Q21285472,0.07220658029323723,9
Q21621930,0.02070131326983174,3
Q29052592,0.022902786664967176,3
Q23761527,0.03175218452743625,5
Q65088593,0.04850495874115271,7
Q104177272,0.08174653375143229,9
Q24005683,0.03932684100199212,6
Q90726623,0.028784348810164128,4
Q62503352,0.00878471067550906,1
Q104780509,0.029168754357924223,4
Q104146989,0.007773809234217497,0
Q21979438,0.07248167309338995,9
Q136277232,0.012865390155607948,1
Q84152270,0.006309037762255776,0
Q27049272,0.015463242326712444,2
Q62092978,0.017044103095930848,2
Q104177233,0.05671845841668281,8
Q21285567,0.010143064259236447,1
Q23418907,0.02254466285560405,3
Q105970434,0.003737415086885147,0
Q22004692,0.018804791152015977,2
Q81199510,0.022660491249432476,3
Q28793949,0.05769315420543813,8
Q27899124,0.02252235584499328,3
Q106096060,0.017204211597785218,2
Q21620848,0.07152030943967568,9
Q22279780,0.023236084900468506,3
Q29206054,0.026832331269449127,4
Q104869135,0.015474276913815505,2
Q28967808,0.02877362088926978,4
Q28549822,0.030082590964516685,5
Q27924924,0.061979288428407414,9
Q21663027,0.04469873938794163,7
Q110878671,0.008337851045668507,0
Q28549295,0.0329689359943574,5
Q110851712,0.037688340251549324,6
Q23883623,0.007727144898831186,0
Q24006367,0.030263047583648207,5
Q28870639,0.01467093623712645,2
Q106055217,0.03410811399395437,5
Q27663544,0.0318165132856284,5
Q28540596,0.007414741552107562,0
Q21451072,0.019819982258887453,3
Q23664423,0.033938891413598064,5
Q29168814,0.0640539846180341,9
Q107465904,0.036377653056517606,6
Q24006338,0.019943569653846027,3
Q28968056,0.027194101656567375,4
Q38586909,0.046417655077784996,7
Q28549300,0.0028200678841947494,0
Q27831147,0.015529322506104294,2
Q29252170,0.030984290344002324,5
Q28967868,0.0447015441141224,7
Q22004529,0.04452148344978871,7
Q5268857,0.023196511416192476,3
Q23664654,0.09737802424053864,9
Q104413877,0.0321576819069167,5
Q64746274,0.017678441859473988,2
Q27909517,0.058703249319195405,8
Q109939109,0.001668663576880179,0
Q22277573,0.010439399254706123,1
Q103821497,0.03210313641392621,5
Q108315338,0.04440326373076656,7
Q23664142,0.025373156368749296,4
Q109909384,0.02098223217312114,3
Q28940977,0.025770632332244185,4
Q28086389,0.019219508878238405,3
Q110332659,0.027379899581524935,4
Q27469916,0.039491925723720005,6
Q100944493,0.03603610576310471,6
Q23771843,0.05651285677667103,8
Q108314184,0.03564634061712941,5
Q28595327,0.039437453431620494,6
Q22006523,0.05895792441055429,8
Q110999110,0.04685151935551809,7
Q28968092,0.0019458327530502335,0
Q30026999,0.03990224043268074,6
Q110981583,0.0006725606001079105,0
Q21620954,0.039987240583616315,6
Q78150421,0.029125201226702483,4
Q24549788,0.061929775834125324,9
Q24006342,0.024843184163777374,4
Q23664261,0.019020741961457383,3
Q28777352,0.00660681072562343,0
Q108435184,0.009951495664787377,1
Q27909403,0.059851061116321345,8
Q106249695,0.031363314739017274,5
Q23682334,0.03351823095735465,5
Q111536453,0.04272943518757839,7
Q96002118,0.02043161614862106,3
Q49582291,0.054014468179457556,8
Q105092781,0.07266440296273419,9
Q107046623,0.012993620614086368,1
Q95264655,0.0065299651902137055,0
Q111109199,0.021683277163302577,3
Q54365891,0.07416069197351675,9
Q104521690,0.019246268755345224,3
Q41104554,0.04217229223821155,6
Q100260352,0.018763221093879196,2
Q101579788,0.01041003531789285,1
Q97924223,0.012964585493823792,1
Q128304746,0.036970934171034045,6
Q97735088,0.0091110026557152,1
Q64010522,0.024018661195118807,3
Q23304599,0.030918489428265944,5
Q97446719,0.019386824137525144,3
Q56678475,0.04870568549501307,7
Q112599020,0.0469129336998021,7
Q27783551,0.055984293118602646,8
Q59179432,0.06229244696478859,9
Q105675342,0.03235378221709255,5
Q101245867,0.0047928627644249315,0
Q27736590,0.05015183856893387,7
Q24005560,0.015079123886920807,2
Q27689117,0.0039823329204294496,0
Q134703151,0.04086377659206439,6
Q135016790,0.06384477505334381,9
Q96337408,0.027829352851282317,4
Q99670717,0.029412342095992788,4
Q120648202,0.07070372304773018,9
Q137610289,0.04129818549572109,6
Q6595017,0.06964174676395862,9
Q134879856,0.07622351522022063,9
Q131388137,0.02069196572546425,3
Q99806498,0.05351515704472094,8
Q134885638,0.05388454192590829,8
Q138606605,0.03263189126839355,5
Q60995361,0.05930435007962911,8
Q110688111,0.04469322294273378,7
Q21229913,0.020018572118123478,3
Q65963703,0.017902204643117224,2
Q106707884,0.03325092687137944,5
Q27580504,0.027290881104931042,4
Q27580717,0.02271105034105088,3
Q123287826,0.02257413846437247,3
Q52194001,0.023513862339948715,3
Q134885643,0.06904561538182043,9
Q16629637,0.027020970560316642,4
Q18021995,0.00371358327604066,0
Q19707652,0.026756952429093664,4
Q26255475,0.058139513458554344,8
Q27580523,0.01678320878340145,2
Q28500401,0.04523800318340353,7
Q106613537,0.02123103046966944,3
Q95930521,0.006650864640865883,0
Q95970451,0.03750293584827561,6
Q96319792,0.03638711487253416,6
Q138650108,0.006520445447950163,0
Q96337412,0.0773363120222181,9
Q96337714,0.02033501131785468,3
Q96337722,0.020127339609825604,3
Q96339163,0.04309193500534422,7
Q97182968,0.0038441835417237155,0
Q106618840,0.017802875057580533,2
Q3517219,0.014480540777413325,2
Q95922498,0.010326646948916112,1
Q103834848,0.031316199020000664,5
Q27672934,0.0408401599607419,6
Q136028192,0.057125542424220896,8
Q105976493,0.04275139087168381,7
Q127574290,0.04989650604106705,7
Q116600568,0.046661355699940635,7
Q95751007,0.07974123372361745,9
Q95748256,0.02669484709538159,4
Q7695423,0.00946750833742698,1
Q112685640,0.008703664832855382,1
Q112652372,0.06050285373899967,9
Q136297677,0.05484868231519899,8
Q61935142,0.008574664605186322,1
Q6032980,0.022755430852293413,3
Q99670670,0.04387073476904825,7
Q4167043,0.03516247150706837,5
Q4899489,0.07238350193331781,9
Q5381402,0.040299829441496446,6
Q122819031,0.03403466630158627,5
Q26255605,0.0010102618179284103,0
Q23884050,0.025106333095179855,4
Q138142378,0.017562691162128902,2
Q105531321,0.05764772927534272,8
Q108286902,0.022405875725190472,3
Q105718564,0.022965213668276942,3
Q137882031,0.05803078371371328,8
Q106504661,0.05868860376548362,8
Q21180899,0.04201550736575003,6
Q26255607,0.01573860734860682,2
Q114344936,0.032982163877179164,5
Q66104427,0.025259416369286792,4
Q19661323,0.009112539302218055,1
Q96339258,0.006298241214091526,0
Q104444460,0.060596958630182406,9
Q95971500,0.02448634913587465,4
Q55653608,0.01161181668652403,1
Q52735381,0.04859144328343999,7
Q47004197,0.010440709221880472,1
Q1627948,0.020669760003712755,3
Q110221921,0.02614247020103399,4
Q95895848,0.007499128382889172,0
Q95896761,0.04516504108667613,7
Q29474004,0.011050183227654203,1
Q2866564,0.06225601838269315,9
Q22957403,0.042909802208413665,7
Q24958080,0.06029058639772571,9
Q26255472,0.007239829944786153,0
Q108323820,0.0286279474652836,4
Q105531308,0.0400098659459199,6
Q1710516,0.06949781649516043,9
Q126150573,0.010272334773264466,1
Q98087747,0.04645639471605454,7
Q108322374,0.032745956837415685,5
Q107489864,0.04598261613822581,7
Q110292355,0.022524238058212125,3
Q109902847,0.005173896900637342,0
Q111262741,0.002248759277722172,0
Q95920162,0.05857745151058893,8
Q78264300,0.009642901141920226,1
Q19661263,0.01570004415618173,2
Q95886424,0.06015383080277255,8
Q95877304,0.027844339734784916,4
Q95877298,0.06350349914992995,9
Q16558824,0.01332383118675191,1
Q136289376,0.0175533098286625,2
Q95751188,0.07468202415664421,9
Q138308037,0.015296990091323936,2
Q135834032,0.0013444136816992585,0
Q19661324,0.01728297809546937,2
Q60834521,0.023280102631919177,3
Q136505204,0.003255232769014035,0
Q22957472,0.03767961049837738,6
Q2687559,0.015108449719878025,2
Q130191721,0.050665670344610655,8
Q19956007,0.060488494583370384,9
Q18747757,0.027734547894229647,4
Q17274657,0.03124374284898397,5
Q22082648,0.007712316955662892,0
Q3104130,0.04647032724133374,7
Q1343994,0.010284670900630894,1
Q3128208,0.04908525239162154,7
Q3144588,0.022350005423320902,3
Q95919731,0.024079827505775187,3
Q99670675,0.013654924616094877,1
Q5691280,0.03051663149995207,5
Q60832124,0.05382158627341623,8
Q97761613,0.04590817955386319,7
Q97367917,0.018677263905205077,2
Q64748731,0.09361231457864769,9
Q66048980,0.05731101532845269,8
Q7557568,0.0763256137759186,9
Q95751213,0.03806881160035095,6
Q126043751,0.0012823156262451963,0
Q10840328,0.015596494416514032,2
Q1608095,0.015092217583792086,2
