entity,brier_score,decile
Q229166,0.023708305435557162,4
Q158250,0.050780852245991666,7
Q210462,0.049593458081986994,7
Q229021,0.05674948026729755,7
Q154421,0.02759026734350665,5
Q229223,0.038358391658297145,6
Q436996,0.03124091360167067,5
Q320218,0.001648486305710793,0
Q59314,0.036032024252404996,6
Q124112,0.03060325314352768,5
Q212518,0.06375218283974003,8
Q228871,0.03388235168818187,5
Q448876,0.01256645228172505,3
Q2657882,0.034220083043306884,5
Q142546,0.0019908341413190822,0
Q69171,0.035865604788231774,6
Q1374481,0.049086826483232954,7
Q315083,0.002824485593855215,1
Q905187,0.0023962760266631883,1
Q299309,0.023671253406714988,4
Q233618,0.044845306368228324,6
Q460457,0.005515168885225664,2
Q259461,0.027767694918716054,5
Q438065,0.0013140299282221512,0
Q88896,0.0018695561285698116,0
Q302650,0.0037120279032292853,2
Q709509,0.025567393115402844,4
Q236472,0.020405418015714532,4
Q86632,0.06251879984968345,8
Q938423,0.03375278085478228,5
Q386349,0.0868122966360793,9
Q155378,0.02518727633798423,4
Q239075,0.006579184982380206,2
Q723404,0.03385176161847674,5
Q1277039,0.0013259837829429967,0
Q110379,0.0167284482999865,3
Q716398,0.0032665256518912412,1
Q7171604,0.01079641072658615,3
Q3441473,0.006556942642589537,2
Q2473293,0.038552145908075236,6
Q955818,0.020999546446096928,4
Q73272104,0.08299035607334813,9
Q234344,0.03140817251845075,5
Q79178,0.03894786246958285,6
Q5233363,0.033236779504572926,5
Q496503,0.042218052697350336,6
Q314606,0.06310041329963435,8
Q268311,0.04499335785745378,6
Q930937,0.005250223920265822,2
Q266313,0.05125724546711154,7
Q40299,0.03407283549094687,5
Q538542,0.05598492603064389,7
Q335587,0.04976229801296266,7
Q28943186,0.039785531349604136,6
Q939550,0.02285587109507484,4
Q3559331,0.0005988663767132956,0
Q3074028,0.09690559100426227,9
Q976165,0.03988948807261731,6
Q50574810,0.0006886920802866734,0
Q84765,0.051304303548389905,7
Q454944,0.0013481629091193288,0
Q460262,0.006455310865520951,2
Q380180,0.05778172723590142,8
Q975046,0.029757379199844742,5
Q71412,0.09715351908464197,9
Q2713545,0.06322425725637841,8
Q3367717,0.004809206671451577,2
Q354462,0.009352158467218425,3
Q447862,0.06262850010115736,8
Q725650,0.05417348190281434,7
Q4673343,0.006513897152666555,2
Q1281170,0.040135559592345896,6
Q356331,0.029964986578608747,5
Q75559,0.005510972858023126,2
Q3379202,0.06267763261556968,8
Q1319770,0.02735185123689534,5
Q15528381,0.034816710564277806,5
Q6761944,0.020499208898128122,4
Q2576513,0.02602172082177139,4
Q457410,0.035158713259710074,6
Q10898133,0.00019474657033748737,0
Q350506,0.05046689189628899,7
Q235489,0.04638872067112267,7
Q3181396,0.023993307528604364,4
Q592524,0.06462526952974812,8
Q4678398,0.028441952815588218,5
Q435487,0.004191616968542646,2
Q2900955,0.006860394280856757,2
Q3050472,0.020843596959823015,4
Q2118568,0.0030808773913479116,1
Q109568963,0.027998871223071736,5
Q777625,0.024742864543714868,4
Q3046262,0.046308062650668315,7
Q111238,0.036852959731003054,6
Q3026948,0.005983004676501907,2
Q174930,0.003726198759317671,2
Q975203,0.09861029850385802,9
Q110314832,0.05082299254746356,7
Q5058003,0.010214072892694702,3
Q90029,0.035834238604281234,6
Q2925059,0.050091410397366073,7
Q1035938,0.060138962241863485,8
Q1585851,0.030873504483966276,5
Q2049922,0.03142301623203992,5
Q3103203,0.07528820593132393,8
Q725070,0.021989378638993126,4
Q18206549,0.03692072010072709,6
Q4748667,0.023407187191198588,4
Q2461823,0.0027792737068587816,1
Q2067384,0.022798313576549968,4
Q242778,0.023518380377114803,4
Q1421566,0.03694304568536535,6
Q354603,0.009127094783806898,3
Q3370617,0.08138815031780053,9
Q4704371,0.050858876882071205,7
Q1062414,0.0504783226929348,7
Q5213674,0.02330195715604077,4
Q17403476,0.03272376535551409,5
Q454379,0.0051661455899736424,2
Q559007,0.006395861302288134,2
Q3505991,0.004789205462398161,2
Q1226205,0.008090951997456866,3
Q86336,0.004337251151991049,2
Q12471431,0.04044202474214087,6
Q5549551,0.004462386887140989,2
Q4485021,0.0038523016355398346,2
Q7349286,0.05352177597898182,7
Q3434086,0.006926342953075459,2
Q597985,0.008825020448430117,3
Q16218779,0.048903852191302735,7
Q3291420,0.004183871552043173,2
Q937805,0.050203323898336365,7
Q3431313,0.03876375216440497,6
Q3536295,0.10580418702424454,9
Q26923822,0.019224976529437908,3
Q2928904,0.01104034461320502,3
Q2207669,0.0576245960690704,8
Q11216625,0.0028001461084533924,1
Q16090757,0.0519029462968811,7
Q3783485,0.007578858103848021,3
Q9004686,0.02779004025843339,5
Q110757,0.012932961012720496,3
Q3818856,0.046465918858150275,7
Q2863647,0.0005028532516565823,0
Q104766,0.013113980846318762,3
Q2052882,0.04666879123754075,7
Q7245624,0.0014411727522154894,0
Q1248813,0.0005626817236831508,0
Q270081,0.024188617046513573,4
Q538842,0.0017906540304119289,0
Q2551259,0.019399684087052352,3
Q3179060,0.06851258003640046,8
Q16224236,0.056748426428850036,7
Q3175098,0.05092655407576604,7
Q7490953,0.035155033589710775,6
Q2735756,0.053565124788096066,7
Q3815699,0.0003547735023908014,0
Q23615571,0.002595174394603423,1
Q1617424,0.0006448065324188228,0
Q94907475,0.03599354173181913,6
Q6115262,0.06188518981172215,8
Q3900863,0.017995819612743758,3
Q3302338,0.12504701416037783,9
Q443575,0.018549845845220913,3
Q12506459,0.0048702701992541465,2
Q7300380,0.05000683626923313,7
Q15498620,0.034083345331246837,5
Q33026764,0.008557607536814251,3
Q3784506,0.005185034630124608,2
Q7363882,0.08237040972782017,9
Q4027099,0.05913703706991801,8
Q1700357,0.0026512263548324564,1
Q3560666,0.025704163150553946,4
Q210792,0.06196407298229121,8
Q3308948,0.05237145944265787,7
Q11837826,0.027013895066797952,4
Q23072512,0.06378660577327544,8
Q455029,0.06445925562954549,8
Q2159268,0.0011959400179653978,0
Q3389623,0.05015288203298932,7
Q15509115,0.004759239484474224,2
Q3505614,0.004227067512307426,2
Q669144,0.001706312367433019,0
Q28001783,0.005208887045614975,2
Q1600880,0.003786996946484247,2
Q95814,0.0652231848965444,8
Q432332,0.005843037737147001,2
Q7851089,0.005545569345792013,2
Q3543348,0.003786999694849092,2
Q4828887,0.0034688334678774787,1
Q2256714,0.00392632641015927,2
Q5748042,0.0593331378307893,8
Q439874,0.01679306471672045,3
Q5142021,0.005419740195449313,2
Q7641468,0.06058707104078806,8
Q1688983,0.07613346796049088,9
Q2159369,0.011189518495896488,3
Q3185910,0.0387267466515103,6
Q2533146,0.048310174822710356,7
Q18715957,0.019316567261837874,3
Q152020,0.0400751246931275,6
Q94698650,0.050514094698632536,7
Q5129225,0.00471855293595669,2
Q6161055,0.06978110934568506,8
Q2341270,0.008984985447443123,3
Q532229,0.002912688122648781,1
Q5257627,0.016013319527039882,3
Q3544809,0.05367082958332611,7
Q2960982,0.010533959268183535,3
Q2353036,0.0006093941103835571,0
Q3082481,0.009390041883518436,3
Q1874966,0.04355704232463743,6
Q23731498,0.06613302456559318,8
Q276301,0.04776112395887626,7
Q22662868,0.028308650637402646,5
Q3564998,0.006115272754223199,2
Q732161,0.07031934507353914,8
Q1711950,0.047240864086455926,7
Q72126265,0.03365107471027662,5
Q21122386,0.0025100434478231913,1
Q3237653,0.08556688659419931,9
Q5460727,0.009295097979318469,3
Q639236,0.02908828538950802,5
Q517689,0.008514195090442047,3
Q7332058,0.06863032848893691,8
Q21078137,0.11653567731658702,9
Q1581669,0.010742739302783884,3
Q103066582,0.01912047269767384,3
Q2837277,0.0015796313326471273,0
Q16163821,0.01279370652272421,3
Q11838533,0.001237156288746975,0
Q3426714,0.027880769753789378,5
Q16188616,0.053313008822049125,7
Q4269666,0.03436905641748176,5
Q15644544,0.025194176359069842,4
Q5405327,0.03789601839502028,6
Q6759968,0.0014189503281679754,0
Q3556367,0.02516467545633476,4
Q3550232,0.030419491120683814,5
Q16006472,0.006430194855226183,2
Q1239525,0.0038171379184011064,2
Q3013892,0.0022940837879924913,1
Q3510133,0.02860964328244876,5
Q18633966,0.0019653874494524005,0
Q6204806,0.03251891072951668,5
Q5263755,0.0322465078287481,5
Q3575591,0.05368993954667109,7
Q6551638,0.0022902572751759493,1
Q23887610,0.004634327723762762,2
Q2941851,0.06258686085983912,8
Q6200824,0.010335172598521028,3
Q5443899,0.011052120308955275,3
Q7041818,0.00027818025243034117,0
Q18001519,0.04987307044482549,7
Q16731523,0.029680841328383945,5
Q56600101,0.05543582499058549,7
Q781753,0.0026048502225439665,1
Q5096407,0.03622550206409405,6
Q1232334,0.023091403472724162,4
Q22959281,0.026730947297369915,4
Q712823,0.033170728700223244,5
Q3081359,0.05936042841003194,8
Q132915874,0.023930382184601934,4
Q65067265,0.0804016174148706,9
Q225456,0.03765603699720713,6
Q3341029,0.0034665591825114787,1
Q3611682,0.002041428951093109,1
Q12524009,0.0012133300549472914,0
Q6761982,0.06643984477903278,8
Q2829659,0.001106052906393372,0
Q522038,0.05371834533821157,7
Q991475,0.0017404522123212554,0
Q54820920,0.0030974300160224815,1
Q3160617,0.10367215129836745,9
Q915980,0.0022407403923064254,1
Q1189618,0.000749680448463743,0
Q1448212,0.009825147949619067,3
Q97486040,0.007543692726137799,2
Q16106999,0.04278640697180015,6
Q7660212,0.03553283177725526,6
Q17386334,0.023698197339614212,4
Q18715750,0.019129772735988617,3
Q4727017,0.02359266509736795,4
Q15815136,0.001230520073854536,0
Q5049247,0.022733272056918396,4
Q106602874,0.005484392391233423,2
Q11833634,0.09018606303015846,9
Q5882331,0.07271593430244429,8
Q1804820,0.08280275629711253,9
Q723461,0.05229946593987081,7
Q6129432,0.00990988418758351,3
Q4885794,0.05808401005786117,8
Q5930636,0.027908709785772475,5
Q2592153,0.03552050038382763,6
Q3069199,0.03596747539268805,6
Q3435742,0.02302132285572983,4
Q96201,0.03280813335865849,5
Q5547470,0.04483879667374919,6
Q5301561,0.010781183136598265,3
Q3784116,0.052034285631286564,7
Q3163544,0.04944701155421178,7
Q7505879,0.008139179825211297,3
Q3309478,0.03311855369531817,5
Q2216690,0.06767716540198096,8
Q7368304,0.0022859020195461236,1
Q21483297,0.0020949138500000212,1
Q2939610,0.08175976698172206,9
Q2975115,0.029399905880602453,5
Q105386602,0.03192766923430859,5
Q57593237,0.08708694721778286,9
Q21476378,0.058283936545269484,8
Q5106863,0.050117333561083464,7
Q5673233,0.07270508526440717,8
Q3591442,0.04832867606990564,7
Q4935608,0.04439580598544963,6
Q60473879,0.027892620443194474,5
Q12486446,0.033526446459303416,5
Q506953,0.10439331787428875,9
Q17410945,0.05911328740525787,8
Q95391821,0.030648373627206748,5
Q15515416,0.02802008584207711,5
Q3089651,0.08234884843787176,9
Q6860815,0.04252144121830559,6
Q5170419,0.026865209429884736,4
Q5239053,0.03580908184421089,6
Q3538225,0.05295359481224895,7
Q2165483,0.05441751781487446,7
Q1352452,0.07320081502789427,8
Q22673847,0.06042106528428757,8
Q19667270,0.06378106681860761,8
Q30232303,0.05496395412039144,7
Q7322792,0.018815509618460756,3
Q22958059,0.0032738257220736836,1
Q94268182,0.06308662444356701,8
Q4754421,0.03903803116550441,6
Q12497946,0.07425474964934908,8
Q19946603,0.00487369106307103,2
Q41715,0.0003905146164160693,0
Q16213612,0.045237424204255854,6
Q4898911,0.049639425331428906,7
Q2855860,0.005049200126755581,2
Q1500209,0.06707794771360345,8
Q4683085,0.05343970412122957,7
Q535126,0.00964042325483708,3
Q2412670,0.0019986111646441676,1
Q6289364,0.041158254836289834,6
Q63031848,0.0025808175151644857,1
Q7821298,0.1119258472809157,9
Q100792115,0.03819363540126582,6
Q15966750,0.001651989404964631,0
Q21035820,0.03720933587630745,6
Q12970176,0.003275386833277147,1
Q97153932,0.0827743460930152,9
Q98830684,0.05158363667824264,7
Q19502471,0.026427998742295965,4
Q21517313,0.031012831415307477,5
Q5769365,0.001836550443120452,0
Q24451590,0.034079281477321505,5
Q6377203,0.002758740703533761,1
Q3293090,0.08984978739236402,9
Q3173285,0.019260165734256873,3
Q3514655,0.015470279566874409,3
Q5349475,0.06024437315512703,8
Q93101789,0.004634299830338368,2
Q7861641,0.040556468277272543,6
Q100233515,0.06647478771907837,8
Q62675840,0.09863259914607918,9
Q7366909,0.008047019064343507,3
Q3524958,0.002318473913781934,1
Q3958239,0.01815423408053574,3
Q55675042,0.0038859098438546744,2
Q24059375,0.02610815554035262,4
Q6079884,0.0263791728393324,4
Q18210661,0.025432678939561165,4
Q5264808,0.0013199971789966606,0
Q95174209,0.027035514216150296,4
Q3645482,0.0594626063050881,8
Q3515360,0.003216411222442689,1
Q16631862,0.004215804037225185,2
Q3441245,0.06506588735493056,8
Q6306866,0.031439525194255066,5
Q64482025,0.03639729376833869,6
Q6408925,0.02685806396639071,4
Q22077815,0.02459063117353514,4
Q6577204,0.006162493525413065,2
Q687484,0.0025888615288841314,1
Q7399819,0.041590283956246206,6
Q136325266,0.052114999287709775,7
Q2978305,0.0166251363676315,3
Q7831200,0.02573044355087521,4
Q15460937,0.0036017468633313737,1
Q12484109,0.020463225159118317,4
Q7537856,0.11313592828479292,9
Q1550747,0.04528724174521079,6
Q123508788,0.013990181971242107,3
Q55231409,0.07944754033354912,9
Q20457401,0.001808043694833846,0
Q31187108,0.04419785374694787,6
Q110640735,0.04076737752496095,6
Q12497096,0.024055627999589272,4
Q1477187,0.018842009218158796,3
Q4891560,0.025354016440208457,4
Q21063745,0.027392638482070405,5
Q126872623,0.02468691087631721,4
Q7416091,0.02486815849478214,4
Q10346285,0.002987818002112534,1
Q5415005,0.003556415268437547,1
Q3545304,0.01513024091167745,3
Q12701951,0.12545181364643257,9
Q2129151,0.06116197772084334,8
Q22928530,0.0067036012525416,2
Q1381773,0.06573575180893901,8
Q2039725,0.050435976727100734,7
Q22277117,0.0037866687655429107,2
Q15711150,0.021193896734043306,4
Q861955,0.059953822386402664,8
Q50841052,0.0039434571964137655,2
Q7516933,0.026232601873937743,4
Q22575705,0.04731643846020761,7
Q1737292,0.0020341851954607916,1
Q181028,0.0030085609588574092,1
Q20974024,0.028699993617133827,5
Q5053442,0.06518455164194215,8
Q12512164,0.019324470762478122,3
Q2674063,0.06472790470894234,8
Q101008704,0.062208493939909626,8
Q12470536,0.041274883517196735,6
Q23900763,0.05204856475006839,7
Q4725874,0.0620901482920366,8
Q18354514,0.029211615001243793,5
Q12498460,0.050858497516721696,7
Q16138397,0.00120135408867189,0
Q1707890,0.04860920957585931,7
Q3067913,0.014350575858985637,3
Q22673548,0.03842077669758488,6
Q18684675,0.0691818963027849,8
Q84265938,0.005272151314820461,2
Q3491453,0.09045513975655949,9
Q7147717,0.043099351458622676,6
Q14952263,0.07284561664313953,8
Q7129656,0.0022222179564800725,1
Q95313857,0.0016782297166375109,0
Q7684064,0.05500071950215066,7
Q7586356,0.025832159487430027,4
Q7812515,0.0988768468536572,9
Q46996041,0.055187271172801394,7
Q95713809,0.001725451458649682,0
Q3514000,0.032030474917673676,5
Q13014261,0.022502148935757443,4
Q12971471,0.07149305244053315,8
Q3899134,0.010837839518945458,3
Q4347073,0.013875831941801071,3
Q95903101,0.04496399127324142,6
Q7380618,0.04868837845012616,7
Q3545912,0.005608717217191542,2
Q1448635,0.10050762946411812,9
Q2053428,0.012849628513037442,3
Q12471924,0.0564137325699553,7
Q30925980,0.011986174424953392,3
Q12710117,0.06442311528504496,8
Q116985802,0.006133937831151072,2
Q2634510,0.008932675918057648,3
Q5269022,0.008121719223117734,3
Q7698112,0.06566125962405267,8
Q124220636,0.022755233233891302,4
Q5267654,0.019362644723216055,3
Q7683925,0.021465545924128075,4
Q112858247,0.03141859470841198,5
Q116153705,0.08268268493056635,9
Q1613914,0.03512910298022381,6
Q7363866,0.002566211124962538,1
Q111011975,0.04880016204201446,7
Q113535728,0.007511453153210355,2
Q4019000,0.05920922535297824,8
Q2735987,0.07910548182712446,9
Q129259255,0.0019577758760654677,0
Q7846939,0.05058828673115816,7
Q286458,0.0001642581497258185,0
Q4724780,0.02467973230008774,4
Q22212088,0.023085463572107487,4
Q111837843,0.019766512541850516,3
Q67205124,0.02650685001097043,4
Q29535290,0.0014681140887246938,0
Q7520252,0.06304725933013938,8
Q3064476,0.024184036654040272,4
Q4766243,0.08312034783696776,9
Q95625341,0.002593280786750416,1
Q116977049,0.003245933115220332,1
Q7246472,0.01554932486071219,3
Q6266102,0.002526711932131963,1
Q24059386,0.06861550639370302,8
Q11193668,0.08784584725363119,9
Q5273048,0.06289858409704463,8
Q12701623,0.1667401409787793,9
Q24250411,0.061867612818563546,8
Q95188223,0.0016960935137895945,0
Q3336393,0.014198779920696009,3
Q11878279,0.0007456575395027794,0
Q17388745,0.08181914177605573,9
Q42895106,0.005030941986263065,2
Q4275734,0.024038282142557585,4
Q3371765,0.007771176715963009,3
Q22915815,0.03413288913372838,5
Q95729806,0.05988183181024092,8
Q3942965,0.007435940428092553,2
Q55676799,0.004744214399992141,2
Q2874744,0.021781992862187963,4
Q2159203,0.038033468732867406,6
Q7384539,0.036309686644994,6
Q16147148,0.0008802316342887225,0
Q19596699,0.036456977716922315,6
Q5122239,0.007453021592953179,2
Q6238150,0.041426199606522225,6
Q21907057,0.0004741785582067363,0
Q21005803,0.024272609614458172,4
Q4020064,0.051231539045225524,7
Q7811560,0.029939312404097175,5
Q5271527,0.04457656784948259,6
Q5494227,0.0475499343798409,7
Q94741713,0.05452070963155767,7
Q77378376,0.005527115184608457,2
Q12686251,0.0030730997175727557,1
Q5297673,0.061242867865657656,8
Q25929925,0.06965511976730943,8
Q18275286,0.06323946234358163,8
Q22639398,0.007083048382231181,2
Q16091505,0.059571468077456786,8
Q16139312,0.05826730026257911,8
Q19896075,0.02802480266233728,5
Q99475391,0.014709726082022255,3
Q3516593,0.10659653080858289,9
Q63349157,0.035790703327372435,6
Q16199660,0.02010040593295478,4
Q29452236,0.021231049485723266,4
Q16146453,0.003629456867344925,1
Q20649361,0.035354311552635145,6
Q21066326,0.04376396646107539,6
Q4794176,0.04240753526704805,6
Q7286442,0.004047397400954298,2
Q26859284,0.11151349696959156,9
Q16571330,0.009060378995634217,3
Q121384805,0.05381194863279518,7
Q5336284,0.07336859494897112,8
Q17411027,0.06912608930615415,8
Q1258751,0.025693544078753603,4
Q4924472,0.11581394496017157,9
Q7289434,0.03821515902080489,6
Q3545375,0.05489603993330658,7
Q4285628,0.0017600396725238987,0
Q4707695,0.002261373382294541,1
Q16140718,0.0005481138169616233,0
Q24044607,0.03240015291163762,5
Q22811301,0.06033733988357003,8
Q1827815,0.047700170561606275,7
Q109941777,0.011461735675516059,3
Q7441095,0.007715942133863705,3
Q1707908,0.008540812221954516,3
Q59892284,0.06862333425041185,8
Q3144715,0.005215939913979007,2
Q109193318,0.01399694412353198,3
Q28723681,0.020357199187268877,4
Q6727052,0.0024282252103609843,1
Q22116807,0.00306673573228568,1
Q125218515,0.06061287423829962,8
Q110094605,0.025810105105051266,4
Q110773804,0.11169206887685462,9
Q11132344,0.03344539990202655,5
Q64875560,0.06406742097461324,8
Q7246462,0.0021597589206444096,1
Q53234193,0.004500967777986347,2
Q20090423,0.0015145182344180577,0
Q111444892,0.00035470409752083116,0
Q4820082,0.10364701709834812,9
Q66537058,0.03279404611854001,5
Q5435180,0.059359583042254326,8
Q108102272,0.05161925593014261,7
Q4779207,0.004141478287315972,2
Q20462425,0.057417462238562846,8
Q97208547,0.1431467844440275,9
Q15411441,0.052881440286466304,7
Q16765356,0.007947314795206013,3
Q19519495,0.007154310307922073,2
Q56793731,0.056922670887425905,7
Q113468045,0.0969099955223984,9
Q55615287,0.06410366153325996,8
Q17600963,0.04836139218588761,7
Q12683097,0.06918447760223367,8
Q11033517,0.005026493803412661,2
Q6376383,0.057697861157263504,8
Q134359687,0.002270426850722323,1
Q110193269,0.053660070170679815,7
Q7490479,0.06433718429458973,8
Q106554714,0.10530344898070347,9
Q16200949,0.015958130218371676,3
Q18205147,0.0016798829747146254,0
Q15874560,0.02642902387189494,4
Q16240581,0.05856139849008423,8
Q94751642,0.08370782398818644,9
Q16434250,0.001949017730669326,0
Q28839224,0.02021771451393322,4
Q69701153,0.038665091658583,6
Q7932909,0.0034646968954067294,1
Q18221699,0.032784697782017994,5
Q43900383,0.002441098974388775,1
Q4983402,0.0034692547786854154,1
Q7154747,0.01387467115456922,3
Q126598613,0.06349258686505926,8
Q96210757,0.003392774385746353,1
Q22704642,0.05711695886299844,7
Q12477273,0.07683310234006618,9
Q113129696,0.02242132094304078,4
Q12500927,0.019831676247152465,3
Q14878777,0.10540040559333833,9
Q7423276,0.0014331184187953863,0
Q94811043,0.00550321916606516,2
Q114353704,0.005399005983703926,2
Q17411279,0.02996423954766423,5
Q3543596,0.012847589880808356,3
Q4762471,0.009073396143509722,3
Q3309491,0.0631615743647403,8
Q3130469,0.0006607269768303392,0
Q123463359,0.016130892526558534,3
Q119267237,0.025836880813020175,4
Q105965964,0.09080988792031532,9
Q95789280,0.02447661117070575,4
Q12482484,0.049831856584773494,7
Q124711883,0.05113944626715772,7
Q94828195,0.047978648037116094,7
Q16147361,0.019059041584786225,3
Q3470622,0.03711469068627571,6
Q2878879,0.0021772926196644347,1
Q438834,0.03103921395603275,5
Q4777873,0.0017023881255052527,0
Q19630122,0.12226855101180188,9
Q38091188,0.0018261769096001314,0
Q65321197,0.0029908450513768353,1
Q96101267,0.06107766125374247,8
Q7306595,0.060889930377369596,8
Q16200086,0.06337984600016076,8
Q4874189,0.0020480072331973942,1
Q18421319,0.004248594280536949,2
Q6828636,0.0983572163239549,9
Q85992452,0.037715380692787494,6
Q94774780,0.10058056145079931,9
Q95854841,0.004604613847208599,2
Q98138162,0.05968054879872317,8
Q135582624,0.002181956724483318,1
Q13118805,0.0016589443622653129,0
Q20278477,0.08342837309419555,9
Q16200770,0.0348683007488947,5
Q5987027,0.02228580923234121,4
Q16218691,0.01085899453033904,3
Q579887,0.05416333345018658,7
Q55960462,0.03820260725188861,6
Q95715333,0.050892242469730044,7
Q5065395,0.039062075808907554,6
Q16755943,0.05701329756709794,7
Q56050505,0.02419850834545722,4
Q29996170,0.006029195431530725,2
Q7238427,0.04104739042993973,6
Q16203105,0.0019889802389567754,0
Q55314943,0.13163970522282586,9
Q19724008,0.0884697151245377,9
Q19944148,0.02573299332503045,4
Q137907874,0.04432663540193745,6
Q7238147,0.005116980669861732,2
Q31174387,0.07064682880520207,8
Q109569141,0.0016362527421672842,0
Q4055196,0.026878870037880156,4
Q108017856,0.026915758842894467,4
Q19580904,0.0008715462164548082,0
Q7823983,0.0019767123746995217,0
Q113517948,0.07274371675233243,8
Q6837219,0.007916646599675507,3
Q12494756,0.09275860434676013,9
Q5386533,0.00038178316201242346,0
Q56399328,0.041511382306078065,6
Q18638571,0.0029206157258570334,1
Q55517219,0.06420775841785878,8
Q14949697,0.03749460597703391,6
Q6379304,0.05235527074198775,7
Q29452944,0.016147302950750085,3
Q97210730,0.030623375462595845,5
Q4132013,0.019152662687806868,3
Q108488065,0.009686337300243581,3
Q42715085,0.03383802376581954,5
Q12488071,0.04015405803096039,6
Q18223342,0.007986469912130745,3
Q6452313,0.00698109806520348,2
Q22935422,0.02411966431197226,4
Q116843275,0.03473757011980644,5
Q130391368,0.051711517665458014,7
Q13012767,0.0004391424695992112,0
Q21005309,0.002662115872890993,1
Q120230496,0.0029235161050929223,1
Q17410457,0.0033556712635035933,1
Q1558550,0.10409577262369711,9
Q17517297,0.05485658361640622,7
Q48280216,0.020573127171542933,4
Q96863214,0.02127814926001153,4
Q12471999,0.0002813408618415754,0
Q12684114,0.061567946149881765,8
Q10824774,0.0021422045437563026,1
Q47454145,0.023546006934872615,4
Q4308848,0.00586263433655205,2
Q61992391,0.1040477975242042,9
Q105062156,0.024567928206314885,4
Q60332404,0.00253543047804683,1
Q7042301,0.056228253007878704,7
Q98492771,0.014532971490143662,3
Q12503067,0.03277457753345037,5
Q19944092,0.09619381290358534,9
Q21872295,0.13835901286682104,9
Q96314804,0.09407661501309211,9
Q28496435,0.0017898173352831985,0
Q4263183,0.0959805640796697,9
Q24631223,0.08044880504589684,9
Q103700719,0.0005268947476912592,0
Q13015775,0.039029100895103044,6
Q28530033,0.0031805719909245916,1
Q16154619,0.0009720536954055381,0
Q30641582,0.04736479423211859,7
Q113379135,0.04827266301676132,7
Q61099662,0.003979321063399769,2
Q14917296,0.0554591972846651,7
Q12485545,0.06624943225894384,8
Q6257880,0.04425009254621305,6
Q23007981,0.02454661812447651,4
Q4886737,0.006726895542841113,2
Q6167208,0.016903554045565528,3
Q12511661,0.0138974380245247,3
Q19739483,0.023360426955317974,4
Q20451004,0.04930330850663039,7
Q25467216,0.00984790076680147,3
Q130754285,0.0527657035479233,7
Q127690033,0.0017295951538656323,0
Q65161393,0.0028538909759770834,1
Q127169113,0.04572270100265519,6
Q19666829,0.04861264304885903,7
Q113017160,0.006571313631268985,2
Q4776078,0.05836344645617212,8
Q124386717,0.0016482851340381347,0
Q137787193,0.04749906598298172,7
Q112302389,0.09417896167377279,9
Q12495030,0.012192488977714761,3
Q7279109,0.05257272396923174,7
Q102046904,0.06979853652895802,8
Q5071090,0.01152627652773521,3
Q65280884,0.00871329425461993,3
Q137438140,0.04424197769889301,6
Q96055638,0.014293192845138573,3
Q6397435,0.054231717720993604,7
Q124060832,0.03539186536580491,6
Q50220690,0.01765452447283857,3
Q4898610,0.03569488756839938,6
Q49253715,0.0920056796204752,9
Q106214147,0.0018044601190392484,0
Q12964258,0.0031975033250609265,1
Q136231482,0.0014846329580323362,0
Q18209420,0.01932984526999254,3
Q3644223,0.06145519754751441,8
Q133322953,0.00045188699595935555,0
Q31194844,0.007998645989997862,3
Q106405479,0.03532201387645085,6
Q31173594,0.0033208751862832653,1
Q115471944,0.052569484867375525,7
Q123762841,0.02031712309153932,4
Q4805709,0.03881604118038038,6
Q65028767,0.002550429173496888,1
Q21401964,0.04852499681788507,7
Q28500882,0.013921678670919814,3
Q16201343,0.051582473449299227,7
Q113814281,0.0005966831468908187,0
Q95895571,0.020664142157229375,4
Q993839,0.019406659803456943,3
Q97490432,0.04303618614240431,6
Q4262188,0.04940346064156449,7
Q109441994,0.0009040115844545227,0
Q7435566,0.002046026277262178,1
Q17305700,0.0474170390672031,7
Q128516488,0.03492367954560449,5
Q13018450,0.05864155904810399,8
Q107774000,0.003811880642367417,2
Q130251102,0.05185742101009024,7
Q116771952,0.05635757561760988,7
Q61103027,0.004003351441620757,2
Q12496541,0.02221649897046363,4
Q28724375,0.0062913179848994565,2
Q111600669,0.0064992448416718316,2
Q5673766,0.019760610840875832,3
Q16235834,0.0198842357713253,3
Q137738885,0.05698199579568485,7
Q12564818,0.04055867071273492,6
Q100994186,0.0009568506137672994,0
Q20858091,0.01990111742790942,3
Q65807797,0.07909716903898754,9
Q7295459,0.046803618051302,7
Q107646081,0.0009961855372866127,0
Q16232648,0.02407348124052099,4
Q13020339,0.02278970512752179,4
Q2651337,0.04688676169408533,7
Q61110634,0.06087789522244148,8
Q97704951,0.012740065644538813,3
Q12479366,0.015033504479566216,3
Q130278365,0.0007531235916445852,0
Q12482879,0.005232459941016853,2
Q12965224,0.06290501205562112,8
Q31186972,0.0044332622180344805,2
Q22662900,0.026922019007781413,4
Q12482607,0.023773408245714146,4
Q132777569,0.0683978383473446,8
Q117481092,0.05511709910988092,7
Q5488622,0.0024522572700237904,1
Q79666013,0.024520476419988512,4
Q25470075,0.0014313483987393382,0
Q12509231,0.08357520352443207,9
Q118990877,0.003061160317165805,1
Q136528395,0.0729748129493591,8
Q59653187,0.0007343311898528881,0
Q11264345,0.06132932604748506,8
Q138710367,0.061223984585966514,8
Q97206434,0.0006916284451587984,0
Q16141660,0.0037125493732694846,2
Q109437055,0.10295204800517094,9
Q31173773,0.0031198140122857152,1
Q99911867,0.08705562388291746,9
Q7246456,0.0473415167029748,7
Q94329023,0.09716585284108012,9
Q12479393,0.001897705445306504,0
Q106504350,0.0008837665008776061,0
Q111804736,0.09395514513637107,9
Q103453675,0.04483943308846475,6
Q66829481,0.02919412697529582,5
Q11223053,0.003814238058903641,2
Q6270224,0.021454460232176953,4
Q12500351,0.04987405923808709,7
Q47455329,0.091873575730913,9
Q23807271,0.0021877730276913592,1
Q113017819,0.035527567694890856,6
Q76621276,0.014361919655039692,3
Q6019564,0.07698137474153681,9
Q12499821,0.05678544466047616,7
Q20557954,0.03494985992798112,5
Q130219820,0.0005800184658080974,0
Q131722567,0.02182781144737464,4
Q65223036,0.004962880620880539,2
Q5248115,0.00022621632938696346,0
Q12507468,0.027495890608227335,5
Q19891740,0.024425219447800302,4
Q86904166,0.043344733793879715,6
Q4740295,0.0013532898934332405,0
Q61116954,0.05347906222036738,7
Q56064990,0.0628078751982436,8
Q12500704,0.009231677676237001,3
Q12481311,0.02219257707166607,4
Q16233427,0.03010433099839401,5
Q124062215,0.017789519797362457,3
Q20457762,0.0020414006406633926,1
Q68760644,0.02046205697539317,4
Q61116848,0.08712710984763816,9
Q115915483,0.04295574945949714,6
Q13015944,0.030901027129457397,5
Q112682966,0.017110413727704953,3
Q109801667,0.004331162058581001,2
Q13014749,0.007797028069954175,3
Q25466693,0.02774140733807786,5
Q85984175,0.004311918750151062,2
Q12494329,0.05333031769330897,7
Q12481757,0.04431432516418774,6
Q28723733,0.02574356363451008,4
Q12682697,0.04021192868070126,6
Q130053588,0.006413426389431998,2
Q47455370,0.0011275366827081643,0
Q19943576,0.004005022271581496,2
Q25484819,0.015455404896425374,3
Q57242277,0.060419978542245886,8
Q25485146,0.0001697781455045096,0
Q19665776,0.002409427914558601,1
Q136881332,0.025258177112744282,4
Q100606519,0.0036474609707086965,1
Q114414303,0.00701177185663067,2
Q21284544,0.045950454669983015,6
Q61116915,0.013310930731662885,3
Q136163714,0.013872143276182294,3
Q12499351,0.06156502109881709,8
Q23712687,0.07327649729862103,8
Q7418981,0.04377118811059664,6
Q51760499,0.017049197305268625,3
Q65203646,0.026765693231415047,4
Q33124650,0.05794972031138242,8
Q65280812,0.07041034753016358,8
Q109433280,0.0009075537557076648,0
Q12686223,0.002202046664358974,1
Q124630040,0.029826351028541188,5
Q20278489,0.020339752061520933,4
Q133465871,0.07760905840068885,9
Q47455411,0.005686582670870935,2
Q12470889,0.03991936667637928,6
Q12508449,0.023679746602591454,4
Q63344532,0.001495311779639017,0
Q30339519,0.07792886090056977,9
Q12489660,0.020018841617191314,3
Q11123853,0.016394905705782357,3
Q85267323,0.005157660991558046,2
Q25470448,0.03826510087393484,6
Q64211096,0.017862976073703653,3
Q66019365,0.029011105615578868,5
Q12484223,0.01651305094579025,3
Q97223290,0.006067607484722109,2
Q101108241,0.04199711337408394,6
Q85199738,0.10823654266607718,9
Q106214982,0.0047775016896261764,2
Q22278395,0.07966269671695533,9
Q24053400,0.003523626540281882,1
Q56705877,0.08708482634820228,9
Q47455399,0.00028179179707295905,0
Q12501396,0.0486653447299794,7
Q101249655,0.04245397698261791,6
Q24006720,0.06293332412115583,8
Q53821769,0.04900348924353524,7
Q107315827,0.02656884390442571,4
Q47455339,0.0018940973678085746,0
Q26236875,0.025762470831835825,4
Q124128363,0.03551985657159361,6
Q17410736,0.006686597252091581,2
Q12472848,0.010917311735103468,3
Q137428137,0.055078864884160104,7
Q124077029,0.061828412756543,8
Q85994991,0.003532203850338327,1
Q19743836,0.1188400742751585,9
Q13023981,0.010751496569378656,3
Q20456808,0.05688400637383331,7
Q20675996,0.001543948397181741,0
Q47797596,0.02112951727935275,4
Q12472009,0.0014650060418481825,0
Q8071288,0.001994498115559855,1
Q19724719,0.03990840855644305,6
Q31185992,0.005192729648250756,2
Q97332821,0.061975330760797906,8
Q12682656,0.0007597885951116864,0
Q19725698,0.022563954940168197,4
Q107637293,0.005769556940169858,2
Q23007672,0.08304437877384951,9
Q12481731,0.0253716165427548,4
Q31500799,0.05243644650120016,7
Q25470837,0.0012590001185270338,0
Q13013688,0.0016227732238825242,0
Q17411777,0.002476517313131152,1
Q16217633,0.023165142875026933,4
Q47455366,0.0023169866098344018,1
Q60194461,0.0942971549857152,9
Q65281221,0.05082661625693824,7
Q122124595,0.06721862453485258,8
Q61118365,0.004334154499418203,2
Q31350973,0.04370625887641231,6
Q19745308,0.04814081333887784,7
Q20458189,0.08689668354630081,9
Q76490206,0.009408745086747324,3
Q85628333,0.004238007770633719,2
Q110952382,0.001543332583925996,0
Q25483928,0.00022941907177174962,0
Q58236564,0.018998783612495313,3
Q124259339,0.003826166908829573,2
Q47496199,0.002741837151363716,1
Q107641637,0.03593613482382473,6
Q16138763,0.0005153943811211695,0
Q131994620,0.038414562604015386,6
Q61117062,0.0021597589206444096,1
Q16140572,0.0002813408618415754,0
Q132146261,0.02292158204760576,4
Q61110821,0.026007129338794382,4
Q132125516,0.019628875727526,3
Q113624734,0.1035910027716116,9
Q132519133,0.026915610925334465,4
Q7398625,0.04505221840367439,6
Q132734345,0.03392184874759424,5
Q101777750,0.06878423398313516,8
Q25483886,0.039472192791764366,6
Q132657917,0.0012069363663665502,0
Q68059977,0.0036884532669259626,2
Q132798813,0.0017605633802816902,0
Q132773941,0.030346718527454335,5
Q132774069,0.000834227661972593,0
Q132774597,0.028597372070770233,5
Q132814372,0.025091658569145674,4
Q133187651,0.017336457600849356,3
Q133224893,0.002004618428140673,1
Q132657638,0.04281712035656499,6
Q132529653,0.043584250854503924,6
Q132313812,0.006338716966416535,2
Q138667109,0.11319601150355399,9
Q132125036,0.05656759851271911,7
Q31185865,0.02025495549923805,4
Q132716670,0.004306185136884855,2
Q57275980,0.005285413999593373,2
Q30323716,0.031216909161720974,5
Q132795030,0.006476223205283489,2
Q132795138,0.03877042362689731,6
Q125536738,0.021135940538303356,4
Q133189142,0.02521263033817629,4
Q12685820,0.04144630840003304,6
Q62018383,0.0017034170972518817,0
Q133520855,0.002533173644577218,1
Q118696889,0.024339829726635332,4
Q119336118,0.11363502019948224,9
Q137594869,0.03515051283065965,6
Q97587202,0.023106755910282814,4
Q124323372,0.00226749194640283,1
Q21290206,0.030041670803432858,5
Q137602514,0.02814677665547787,5
Q132313829,0.025577384764258755,4
Q56399463,0.0019672154168251764,0
Q138592490,0.002244902378964551,1
Q138634527,0.0018631681210413476,0
Q132773937,0.026004434018387635,4
Q25482579,0.015849805159104183,3
Q28086251,0.00032198482671515666,0
Q131845247,0.07741678757453843,9
Q107041827,0.04515892183881356,6
Q137598294,0.05584658590622986,7
Q128034803,0.0004513745258364068,0
Q128034796,0.0022863391127061305,1
Q124742033,0.06094499640603057,8
Q124562105,0.005952655387726423,2
Q130535326,0.009583376355169832,3
Q136815868,0.005858914025487344,2
Q135107862,0.009327480125553192,3
Q137737455,0.03945339239040693,6
Q138581034,0.04637656138679104,7
Q23872312,0.001850168088294339,0
Q28870219,0.09568469220717074,9
Q32540431,0.03848510241737424,6
Q4285754,0.007251131219662555,2
Q53764574,0.005681122083893959,2
Q56224062,0.02931530647741832,5
Q61115788,0.007577824343054411,3
Q65205474,0.06465701382314822,8
Q74788717,0.005523318601562341,2
Q96376795,0.009219999465605578,3
Q97215360,0.008210912727029288,3
Q134237654,0.009015322266010716,3
Q123734955,0.09476501858753911,9
Q99975986,0.05999048870401858,8
Q10321516,0.09548533582793758,9
Q116757962,0.08888008289844485,9
Q120000996,0.044621578950793384,6
Q103700496,0.0012937343736908915,0
Q111029840,0.056019188758837296,7
Q109433590,0.012901176708560388,3
Q106231461,0.04470174534607101,6
Q129927072,0.0019850013096311203,0
Q108649351,0.004890744664908991,2
Q132569392,0.0020106912228111183,1
Q125761928,0.016882420626550997,3
Q65205528,0.0017889117312654553,0
Q12559849,0.068261294937681,8
Q138581056,0.10127609359274306,9
Q27267589,0.021024537593492886,4
Q130361369,0.06663766981356609,8
Q124961812,0.05972571900176274,8
Q97307444,0.031815561106842166,5
Q124664099,0.041499200334262715,6
Q134237624,0.0178927015170442,3
Q16016383,0.050896224916010986,7
Q134544703,0.017654147550178502,3
Q22973137,0.01309441568202377,3
Q112113402,0.004781614517791396,2
Q134237459,0.06312689939850444,8
Q134237579,0.07262862833349802,8
Q113138258,0.0012145021792572687,0
Q107419713,0.04517540487160972,6
Q55682730,0.05338556652757008,7
Q113141901,0.007623448236353347,3
Q106981875,0.005544929963468555,2
Q132673371,0.1294474521894846,9
Q134426829,0.024037863394303294,4
Q22002920,0.0060061593254514874,2
Q26721194,0.0020106912228111183,1
Q136407455,0.05812487945686004,8
Q138581089,0.002411489976739108,1
Q16147480,0.036140891538665815,6
Q10954388,0.0017157013911778306,0
Q124000100,0.0016963566185528522,0
Q124211981,0.006685454134372153,2
Q119238839,0.004484263220533968,2
Q138604205,0.019600869031878687,3
Q124413518,0.005044610815347727,2
Q96312581,0.0007131119986309276,0
Q125050350,0.05681182459185142,7
Q12516585,0.043103517320486645,6
Q126457062,0.051400642095187014,7
Q112108050,0.01328296867598037,3
Q16646126,0.016153719199234605,3
Q136682868,0.038944730038060545,6
Q117466322,0.0832744417633671,9
Q129261893,0.05583449997578655,7
Q61125177,0.05534793814310738,7
Q117866217,0.02077903030142539,4
Q133850199,0.004176101196727282,2
Q134964479,0.0011966068619956986,0
Q136387902,0.04291968091237631,6
Q136387865,0.007493585042939644,2
Q138604213,0.06791535596019833,8
Q20871826,0.0471404108996147,7
Q134960987,0.028034111449427846,5
Q137737411,0.11805201712502444,9
Q109417926,0.0077835905011840924,3
Q23777999,0.02440650312409047,4
Q136402457,0.013342523529851432,3
Q115587857,0.05866771726603022,8
Q131309376,0.05172403981854218,7
Q130729589,0.07941331223782747,9
Q130963437,0.021919862115861978,4
Q133462630,0.0003415518676302683,0
Q131387695,0.04588468663248425,6
Q118645018,0.0587185939505253,8
Q5747376,0.0048135019961641195,2
Q116762424,0.0030849790770525972,1
Q10327736,0.0016826356439307855,0
Q117746016,0.017366047487511645,3
Q93491663,0.07065098659007331,8
Q107346214,0.032308904758458754,5
Q12485978,0.024418658562230938,4
Q113574571,0.01746298579625787,3
Q113497223,0.041582373429952205,6
Q33979056,0.06255712788035643,8
Q33296353,0.005912883483846173,2
Q124344448,0.001599406254999165,0
Q97214273,0.03139420450245572,5
Q116045182,0.0035399714362619977,1
Q128789567,0.033557125027250695,5
Q109432198,0.06979051004925164,8
Q10347503,0.06222562696101041,8
Q96625159,0.08127992557818683,9
Q16629787,0.009350850078226208,3
Q28038485,0.03163674874170616,5
Q61118214,0.049384454205447334,7
Q103825408,0.001935152018792084,0
Q22002895,0.11858660922142718,9
Q59795741,0.006252960711916475,2
Q108651792,0.001802597165264217,0
Q106547938,0.04826107720985526,7
Q56046816,0.002534252792143228,1
Q2690172,0.023540218784157414,4
Q27830972,0.0025327087844263362,1
Q108137375,0.0020655255066952716,1
Q108362607,0.0007141906047825024,0
Q18066170,0.05992815531756472,8
Q120819463,0.05002396945140809,7
Q111651305,0.004894674637646765,2
Q101198603,0.05682561420076002,7
Q138581098,0.04391478067686121,6
Q113324440,0.025764151315997047,4
Q134609073,0.04042993711377667,6
Q134649858,0.001356312728611814,0
Q111973351,0.030925783420051298,5
Q135713064,0.0018457654828730726,0
Q113584818,0.023385073688748776,4
Q132508529,0.0334724115864156,5
Q136431352,0.0012877651305903519,0
Q117433180,0.0007349867642819774,0
Q131405091,0.06993851250399068,8
Q1310029,0.044793504270849216,6
Q116753448,0.0071643482683016535,2
Q130632023,0.04675119165192983,7
Q137528106,0.006039942578240117,2
Q130341995,0.06090957888560873,8
Q123419895,0.003760918006290725,2
Q137855999,0.00031867074519791825,0
Q125685281,0.05916211173233779,8
Q125148726,0.07502350157820656,8
Q137528040,0.08628945634382257,9
Q97233397,0.024642212796534686,4
Q99321510,0.02920844937568491,5
Q86741685,0.0022528628081642547,1
Q4257638,0.06073870950010979,8
Q4218070,0.00024832648538631946,0
Q12519102,0.009026406674493469,3
Q116194537,0.049714846179266046,7
Q130263916,0.012965372665121107,3
Q56241612,0.0687394405129452,8
Q30456133,0.026661939551940916,4
Q113377249,0.001674476664482976,0
Q107559351,0.002909052860156185,1
Q10982012,0.08375085324386966,9
Q113126045,0.0017625189694666485,0
Q138297054,0.10440028189943573,9
Q137862596,0.018356323667185682,3
Q137791605,0.055088733843785924,7
Q109943370,0.035246184183034816,6
Q111575534,0.008715182210516167,3
Q17274555,0.026042439060476878,4
Q29261553,0.032105762753348824,5
Q120661638,0.01156178118373943,3
Q18239188,0.07564571661163902,8
Q107447793,0.03039053065937054,5
Q28501379,0.05228990553884207,7
Q113014989,0.04545129087301358,6
Q2440374,0.047769330602000615,7
Q135716965,0.11015456811811347,9
Q102317107,0.019766200547512967,3
Q122416157,0.011301790287174596,3
Q10273578,0.02011119323570631,4
Q119073047,0.024509006561195534,4
Q10278266,0.001867257002202282,0
Q11899083,0.0023770849872109335,1
Q133356148,0.1608565178238553,9
Q111989254,0.001500401627780219,0
Q110774566,0.0026111723624941754,1
Q118956130,0.03912823535714571,6
Q16232570,0.0046756512323474385,2
Q47009402,0.06426342155083856,8
Q16491119,0.041611270201070964,6
Q135689446,0.082706114718411,9
Q3934505,0.03723476774764444,6
Q18479173,0.04384631951534773,6
Q19975035,0.059253958748847486,8
Q105705290,0.03597884045778244,6
Q135712630,0.004825305561385457,2
Q21418821,0.12122456418840163,9
Q132411738,0.1403787268317195,9
Q136361537,0.00623878872704326,2
Q136259669,0.08221284887316549,9
Q132672673,0.008098940257435312,3
Q6239077,0.020542299749208265,4
Q125968039,0.0027648367777376595,1
Q16726249,0.029384219682527336,5
Q164721,0.03353656506167376,5
Q139121,0.006983098259041655,2
Q237527,0.024280354336340945,4
Q323805,0.006118970630344659,2
Q708963,0.019877019844096178,3
Q880598,0.016657280053413884,3
Q2096837,0.0019667877131935704,0
Q432689,0.014811882583188243,3
Q745896,0.0017947656751646454,0
Q446735,0.04253385993112481,6
Q28450408,0.03437766832786771,5
Q1348831,0.08347641126528607,9
Q2159355,0.025382576956140056,4
Q749926,0.002725575957178569,1
Q75024155,0.027869806425213924,5
Q5040382,0.03228341766265635,5
Q26706877,0.11989821057681226,9
Q16054135,0.004011086008393105,2
Q270758,0.05041070659944451,7
Q4143469,0.0076452690457081566,3
Q49913714,0.02572242028421213,4
Q862184,0.0027749257934088925,1
Q7685533,0.03238999345480006,5
Q36995,0.03470046681985174,5
Q19673275,0.03708054284877844,6
Q16730334,0.0028337285953133552,1
Q4096130,0.00022941920291237686,0
Q91799827,0.06959847240880208,8
Q6256552,0.08501386529036035,9
Q16146616,0.10235596991287137,9
Q437058,0.04854451928518574,7
Q2909895,0.003169081997317846,1
Q1322146,0.0004419566979489753,0
Q3025551,0.004782992868048647,2
Q321108,0.014316168662902784,3
Q538716,0.004180985031577067,2
Q3505379,0.0003576326208725514,0
Q366317,0.04738764843616605,7
Q1712499,0.004396002894926565,2
Q3560818,0.003925485144307392,2
Q1350441,0.08061337014673428,9
Q12713042,0.027687590653168077,5
Q320836,0.06112815141847187,8
Q5394549,0.0473042161919079,7
Q1443927,0.09637254731606798,9
Q12403901,0.0003385866913032022,0
Q19825977,0.04734792951873671,7
Q1028601,0.03997558498062524,6
Q859157,0.0116338959581446,3
Q30961010,0.11159012628188693,9
Q16209581,0.029835422951857874,5
Q744337,0.011890839642250552,3
Q64736693,0.04862225885505948,7
Q61086276,0.054594738714615676,7
Q2370185,0.027086224446555292,4
Q11321442,0.002202393738827504,1
Q470071,0.0012940446754255712,0
Q1586916,0.03268417773765257,5
Q569122,0.002919223217885288,1
Q851613,0.03732879836258971,6
Q122932399,0.027714344800528975,5
Q28172175,0.02818470575408001,5
Q324353,0.04707709107556408,7
Q2883872,0.00438387267490621,2
Q2588411,0.032468607962170035,5
Q4960830,0.06082173348681265,8
Q5750041,0.031408223881802505,5
Q2164562,0.0016755578861106168,0
Q1086308,0.01851014550651132,3
Q3156824,0.0013070103645202882,0
Q1420844,0.029825113453914788,5
Q369138,0.04413786141231586,6
Q3498633,0.07246688078347467,8
Q10306650,0.015913494974392203,3
Q163947,0.030218518777241646,5
Q11728503,0.05165465216959408,7
Q7181651,0.058142514065502894,8
Q17277777,0.018562291444693593,3
Q292521,0.010269424292118794,3
Q1724810,0.0074557641040013875,2
Q1343480,0.05794576987342157,8
Q2616903,0.03958093684304026,6
Q433247,0.09067421820464577,9
Q345938,0.014887043328666012,3
Q361522,0.0033204697242880145,1
Q50288390,0.002580439145309038,1
Q1044657,0.009249083933866366,3
Q713854,0.16006977894779473,9
Q545452,0.003019897432166066,1
Q952496,0.06174263775201273,8
Q2569126,0.03183565780291814,5
Q2129435,0.00019613736419440124,0
Q5055674,0.07858728011168435,9
Q418969,0.005554762225243995,2
Q965203,0.054107449686985803,7
Q6149089,0.027031502658689276,4
Q1700675,0.004978294156068713,2
Q139405,0.0030079233244085803,1
Q2916325,0.023660882605790523,4
Q2591117,0.08812464136753552,9
Q10338458,0.004707734960732483,2
Q112670819,0.005339581222959304,2
Q351187,0.0033365121467094977,1
Q5086374,0.00030117902740179833,0
Q2148636,0.00541203763465195,2
Q1239100,0.06097289958407329,8
Q95179590,0.006614139843930749,2
Q2330044,0.03620295989051676,6
Q110146689,0.048091257018544,7
Q16221910,0.029841623050153022,5
Q1159014,0.039359121354438656,6
Q953797,0.003329680716818804,1
Q892310,0.0016648496765284341,0
Q1878944,0.04148145569532353,6
Q12281964,0.0006232545904502314,0
Q716747,0.03404472043555373,5
Q2881210,0.005453311194394621,2
Q112075333,0.019768448468248358,3
Q4318519,0.066159260051905,8
Q1628336,0.03653799119015936,6
Q7614765,0.018795431274360407,3
Q5490070,0.027408998830927823,5
Q18676845,0.039515277595493455,6
Q1811738,0.03409805473066977,5
Q1218922,0.015027580799852067,3
Q1165477,0.03128424536531873,5
Q107015064,0.030323907034395733,5
Q1173303,0.002677406386564547,1
Q1913413,0.06509644832762299,8
Q15106383,0.048682824717121355,7
Q2253911,0.10307992315335572,9
Q1237910,0.0318004953521314,5
Q58007846,0.0954356475854957,9
Q6264970,0.07024853890840932,8
Q29001021,0.02067919628408294,4
Q68457577,0.0005678618896454898,0
Q7045324,0.06621547855239439,8
Q3170751,0.030172137477568046,5
Q6846320,0.0020116486142263313,1
Q1900112,0.021155493350556314,4
Q508574,0.025544161642379618,4
Q1370605,0.03356497068412518,5
Q1302580,0.0615444954294221,8
Q4430642,0.06387899165636529,8
Q3940076,0.05882488891516001,8
Q3292973,0.06866735490209988,8
Q824893,0.026486754245359116,4
Q1252483,0.05805673314504981,8
Q2734789,0.04371525269818479,6
Q4126782,0.03736922739796942,6
Q91529037,0.08139895695233915,9
Q2638075,0.03186751362089889,5
Q17639550,0.08937775922270945,9
Q1189006,0.04216486938386696,6
Q1683929,0.0024796458009759517,1
Q1910033,0.07776905819349403,9
Q1278973,0.05590228917183213,7
Q2346976,0.05632038202813516,7
Q7138333,0.11685176268155244,9
Q1251884,0.038512314591750765,6
Q1691456,0.03735550286505486,6
Q917597,0.00015912323492226933,0
Q227401,0.0026699121735668583,1
Q95089319,0.043314590222476176,6
Q112298,0.002087062799238894,1
Q3369710,0.1057232571285312,9
Q2024275,0.04610892162725034,6
Q111884,0.028011920428256183,5
Q1448175,0.025615924239292386,4
Q2080409,0.03283311281603237,5
Q1568087,0.09817658887223475,9
Q26721618,0.05043101659143686,7
Q6662444,0.002115313378352246,1
Q705775,0.03580410704302822,6
Q1931063,0.05789411892926914,8
Q3710588,0.0947625525242802,9
Q1290678,0.0020529078936011914,1
Q6109392,0.03724031970718472,6
Q328133,0.0038049885502699264,2
Q6965623,0.008928175936320818,3
Q59572100,0.05388746163247664,7
Q3808428,0.05463360478188177,7
Q7099432,0.0025251940290103867,1
Q6504711,0.1601273096594145,9
Q3020667,0.021484134943324483,4
Q2337060,0.002786426968653002,1
Q98841035,0.035923568311608194,6
Q5120494,0.0018673666493357233,0
Q2551069,0.018629438308575164,3
Q115203447,0.0034479010003701216,1
Q3992519,0.055675697569297376,7
Q1353161,0.012024644272772382,3
Q1516454,0.05738740721929632,7
Q1899207,0.026954088476074407,4
Q3229572,0.005150195495118826,2
Q6263963,0.07690849316292768,9
Q16586606,0.06546186414124541,8
Q9175411,0.06563285309719015,8
Q1908432,0.023910186689554438,4
Q1494485,0.04181792751091442,6
Q3301766,0.033594519146037984,5
Q1465293,0.05563986035248362,7
Q12731430,0.00511782138777584,2
Q6173393,0.0004959145169614605,0
Q24191524,0.07491242433474257,8
Q15454340,0.06782838470869283,8
Q104178,0.0014877806228227356,0
Q7260446,0.0630808474262316,8
Q3288022,0.019678440771832364,3
Q11765627,0.05150224584785053,7
Q4803167,0.013708316651547058,3
Q1293640,0.045803582444735924,6
Q1679276,0.01040209491613857,3
Q15452293,0.009394323712527233,3
Q2650588,0.0034530434552035266,1
Q5415068,0.0433198927059913,6
Q3362922,0.03842460895285197,6
Q99731000,0.04237033066416169,6
Q467544,0.06846090520037688,8
Q28095232,0.0025432434582043904,1
Q912060,0.06358003526874723,8
Q18626490,0.04029939976864587,6
Q95903691,0.031697167703265174,5
Q9281924,0.03969290675689401,6
Q6791382,0.0036527676639396844,1
Q10299921,0.01850534137797101,3
Q95751894,0.0014414431484829097,0
Q1504170,0.0346312782852861,5
Q1173233,0.016951605475852494,3
Q1146361,0.0017748026351217334,0
Q2103958,0.024963659862855283,4
Q130549469,0.006148616626812142,2
Q1457003,0.0024092861116779755,1
Q20715940,0.002252470104419729,1
Q4864075,0.05739195856794865,7
Q1626029,0.08013398081538918,9
Q2475221,0.009449667104182236,3
Q2593258,0.08046720154465642,9
Q1727429,0.0035004493000441598,1
Q1338469,0.09263897165774386,9
Q2129385,0.053067942155410344,7
Q1282697,0.008817550342974701,3
Q9202110,0.008594014948398645,3
Q28006961,0.0445420779300441,6
Q4112429,0.10705218109752829,9
Q18221642,0.05562734961338017,7
Q16749705,0.004009937010906489,2
Q4704823,0.0027785867157990797,1
Q5961481,0.024058265233120633,4
Q51528512,0.01796426493880418,3
Q26703693,0.1095997157170674,9
Q5091573,0.04616963886872052,7
Q227382,0.0035206590408847134,1
Q45411508,0.06047290862549854,8
Q53671985,0.02545783158079569,4
Q13138306,0.020901009566018338,4
Q1224067,0.0312556024188749,5
Q9390111,0.0020417111957463786,1
Q101518,0.09891984100354771,9
Q15458285,0.04572003550259745,6
Q7328382,0.10004989299568165,9
Q54656966,0.07862831896257094,9
Q48963865,0.029633429046090735,5
Q1413592,0.004232807686958857,2
Q9334780,0.026084155612054058,4
Q3498981,0.02941081113250853,5
Q30906428,0.027140700671283824,4
Q17490043,0.0026678180679497432,1
Q56876899,0.007063455791306438,2
Q95180171,0.0005372579629822072,0
Q862626,0.048074092631849794,7
Q5947104,0.0007152870057579482,0
Q60218213,0.06748917017028072,8
Q1349396,0.07616626267954421,9
Q1894126,0.032192149917630426,5
Q5214500,0.09240030806147907,9
Q124765732,0.031193089716400633,5
Q6844563,0.07175643650676077,8
Q11817853,0.04579579843258814,6
Q880824,0.019342916442664754,3
Q1543195,0.039892213984180615,6
Q17322562,0.0632699028291295,8
Q3456184,0.0019019020920704377,0
Q12361796,0.007274662402487126,2
Q1665613,0.03889629446362487,6
Q3045270,0.06121876069844049,8
Q94936837,0.04999077307403896,7
Q6168034,0.002085806072022602,1
Q5301090,0.03294026871725625,5
Q6701206,0.10888991176358723,9
Q95372258,0.002400471371547771,1
Q106109480,0.03804737930781485,6
Q7172951,0.02679096713693043,4
Q5710072,0.0031136294380242338,1
Q11715394,0.024936601603098074,4
Q20827573,0.011984078173533303,3
Q4913317,0.07452425987011353,8
Q1769920,0.046681792753554344,7
Q1394105,0.032311095716728015,5
Q7331319,0.11315707825804223,9
Q105394851,0.12159270319872353,9
Q12180467,0.0616079144956014,8
Q12498766,0.0010894113948239923,0
Q10817178,0.03445304922926079,5
Q4195610,0.039687856863985384,6
Q9696756,0.030403545843731804,5
Q12771193,0.10455519470579057,9
Q4977609,0.07169969848621781,8
Q23901386,0.007795265204825701,3
Q6814179,0.03766959426894054,6
Q16937919,0.0799287792287725,9
Q7367070,0.0433112281512445,6
Q15435634,0.04551316270271178,6
Q5173224,0.006694106500344938,2
Q56283074,0.013649039159668778,3
Q1689127,0.02319283642750535,4
Q42210984,0.004171143352455071,2
Q5725811,0.036005063333392893,6
Q6528901,0.028663123739794034,5
Q5615326,0.021636992086006133,4
Q1442958,0.0014388736942534178,0
Q95316065,0.0023617330772213504,1
Q987934,0.04236949948160681,6
Q5546857,0.00025105368965287186,0
Q1570175,0.003994241942863074,2
Q7493815,0.03400537973585517,5
Q15795832,0.045542109647466154,6
Q1992437,0.00155285483486856,0
Q1294144,0.02051915688705593,4
Q2863215,0.018206521673277323,3
Q107412468,0.0019144832791989212,0
Q99676152,0.0014648041085139661,0
Q107488783,0.035355349123029976,6
Q1708500,0.0783542072327018,9
Q1744788,0.020961050137657686,4
Q6213488,0.03598406447183421,6
Q4989450,0.031129115388736608,5
Q3026607,0.03930568058835354,6
Q17238903,0.03366882981568429,5
Q2029715,0.05432448043527136,7
Q1671161,0.12268004737252089,9
Q16593515,0.03707027280361502,6
Q3195223,0.03476982652948577,5
Q9359463,0.00035741646127957703,0
Q22279447,0.03466833894775822,5
Q962563,0.0029760163982338796,1
Q1246032,0.10514290849161594,9
Q1557658,0.06635894192044507,8
Q2843201,0.0030740151189598648,1
Q5561929,0.04366684914844827,6
Q81805754,0.015796436542617764,3
Q103936082,0.0309213461636685,5
Q4353664,0.03206227798884016,5
Q1311313,0.002548026060382134,1
Q1689114,0.05945494536317601,8
Q3101043,0.041609331827521884,6
Q3007764,0.008759876384932037,3
Q5229647,0.053282064028599724,7
Q1720652,0.04051848257640284,6
Q28003544,0.013885741707723998,3
Q3310822,0.0032312857988827065,1
Q3339851,0.0020379283411164698,1
Q2217573,0.03437744701494917,5
Q4704782,0.0014064599834921457,0
Q70757506,0.04812374721215233,7
Q4890004,0.02049998186784838,4
Q1512146,0.007747929231404121,3
Q9353079,0.008076279442435235,3
Q55517570,0.0043375831200428245,2
Q338312,0.1342067778887531,9
Q16887987,0.061119720701349446,8
Q128073528,0.00396595694852924,2
Q1248384,0.03844079551893807,6
Q832645,0.0026214377216373257,1
Q1820493,0.041081898889665215,6
Q3084801,0.07625996337151975,9
Q3219543,0.019178302745670932,3
Q126925112,0.0015307984968544767,0
Q12737331,0.026173546905423884,4
Q10304916,0.08081854940431737,9
Q66497772,0.050002681922179236,7
Q18044186,0.0384605740830838,6
Q10842108,0.03605817261498963,6
Q104888662,0.0018166675325860411,0
Q6301568,0.06344965732638766,8
Q1673090,0.044971893239402407,6
Q4368140,0.029467080345047306,5
Q10320872,0.07668686989175894,9
Q2919243,0.007379994589617616,2
Q4908638,0.03344074693445475,5
Q1626593,0.00706604982196137,2
Q1603514,0.001948136775484978,0
Q11779379,0.09023061153673866,9
Q4353697,0.0015939705452611512,0
Q106485318,0.04466376343479765,6
Q133855122,0.0021876751056099674,1
Q33818012,0.0017706646470256409,0
Q11720589,0.05755047402248366,8
Q6788664,0.12148240558939466,9
Q47481637,0.02038448655642273,4
Q7814795,0.08094431402898379,9
Q1376462,0.07028548169434184,8
Q3480660,0.008575597932507322,3
Q6481352,0.01457482226400316,3
Q7692969,0.037765724331627254,6
Q1685632,0.0035824368644203856,1
Q15452895,0.0012140572523753957,0
Q1307035,0.06322210208810261,8
Q24046022,0.03567913851454919,6
Q862981,0.03263003697935148,5
Q111788629,0.06415338893033819,8
Q19959003,0.004880069232319946,2
Q2025713,0.005068651310457308,2
Q28924023,0.03562696754738752,6
Q98828252,0.03254689542149422,5
Q1662197,0.0028941101100993932,1
Q11818334,0.00117466093246312,0
Q4978374,0.046399215697440294,7
Q1689351,0.0014355433897684981,0
Q85982619,0.002739115401851963,1
Q2569802,0.031054455952815287,5
Q98874,0.03841406115515945,6
Q15446041,0.13499863084987612,9
Q95181201,0.028641158635186615,5
Q10323727,0.07931321999296034,9
Q28073425,0.02999969294584183,5
Q10382474,0.0010319495642531406,0
Q10263597,0.026481539289588685,4
Q15447219,0.04257280758392542,6
Q9145720,0.012620654228658094,3
Q64595200,0.0015080003386544435,0
Q98594637,0.001956434609485392,0
Q9201417,0.04995791159643318,7
Q17364502,0.13621123410765107,9
Q10268994,0.0026674817876660047,1
Q1463149,0.022490483294433667,4
Q10320692,0.028657118864871916,5
Q1516971,0.021443629180229417,4
Q19825987,0.03016584639226494,5
Q1948522,0.005308670434549838,2
Q10395454,0.05162213327178532,7
Q10321333,0.09391252670523365,9
Q9359173,0.03211284943934844,5
Q9145204,0.04720433227792064,7
Q1184759,0.1252436524494174,9
Q16187025,0.028941583882997664,5
Q1672009,0.06895283351537965,8
Q19277423,0.07773843471008642,9
Q95379150,0.07241473045489419,8
Q112386793,0.026487054559794398,4
Q12729020,0.0019082049709256547,0
Q30972483,0.018334952741841645,3
Q40687615,0.04182947384718259,6
Q5662481,0.1769475605542684,9
Q11854600,0.0026456133646397717,1
Q6776540,0.002192116934127195,1
Q19896126,0.024640110886069044,4
Q2073289,0.0014850752870053893,0
Q5162590,0.060740028556857055,8
Q2502421,0.04716422751287046,7
Q688200,0.0022476464548909815,1
Q132155864,0.03715162296134644,6
Q844982,0.09075713036846067,9
Q62566695,0.03385601874222167,5
Q91098106,0.008164904373140063,3
Q110740984,0.13728606477175576,9
Q13131078,0.10392464091190386,9
Q2642399,0.06679035446523703,8
Q15223034,0.0834880806874794,9
Q58915981,0.06514974295722566,8
Q105972059,0.028307411085874843,5
Q16089613,0.00273021373145256,1
Q15849704,0.02293811367804108,4
Q1106384,0.11671554888009046,9
Q124362999,0.003029022005923627,1
Q608667,0.00041011005388583675,0
Q55466357,0.03593018388405908,6
Q66364036,0.010037583114307146,3
Q23001011,0.0059693949887368375,2
Q5213778,0.02974109956533855,5
Q4495279,0.001965967945014612,0
Q99703430,0.022107134328102733,4
Q9340086,0.10920273130262807,9
Q16185306,0.16272698674691707,9
Q1689426,0.045941280869660484,6
Q102423422,0.04915521168115205,7
Q10293195,0.017809204887954705,3
Q1359179,0.008314722988661715,3
Q32908833,0.0019641782701073428,0
Q16523236,0.017928477679264577,3
Q11749146,0.02948127372017888,5
Q95394540,0.02326093766011088,4
Q10393240,0.023211640095197994,4
Q758096,0.00931317644543707,3
Q110914583,0.1483939510819452,9
Q1768557,0.0025831533743055244,1
Q1794850,0.055424354359141774,7
Q15646870,0.021384620642483657,4
Q55677325,0.09385348651945928,9
Q723770,0.031062757486964306,5
Q1282460,0.025552895183497737,4
Q11979057,0.018155626262112645,3
Q16429743,0.03617765061322101,6
Q100591978,0.0026744392889499428,1
Q25478814,0.14848266133080706,9
Q7171860,0.034686139230184904,5
Q107617526,0.026154241183628617,4
Q2077503,0.03443921997008759,5
Q7324607,0.027253264635194004,5
Q11998241,0.05158772579119891,7
Q1704973,0.0367746618876226,6
Q17379332,0.04903529366124979,7
Q18244910,0.06698796763399109,8
Q18026694,0.01536993979099759,3
Q10271832,0.02188063914834182,4
Q2429090,0.026197929317454568,4
Q16614021,0.0011369108785197338,0
Q109982579,0.02283558727937847,4
Q2075586,0.10037112645330526,9
Q55676862,0.001065973523740446,0
Q89738358,0.03818804856075263,6
Q8199342,0.02488508265273955,4
Q5496893,0.0009216726914561657,0
Q94936359,0.11519766025718527,9
Q47507216,0.05193113543036181,7
Q3845878,0.04636434549704479,7
Q11778965,0.03411383509504403,5
Q19826000,0.07518815934689475,8
Q1570115,0.03569659213976119,6
Q22035580,0.00034157303778808637,0
Q7154128,0.0924613625877232,9
Q6660711,0.0034346224638265354,1
Q4125509,0.0746842884158833,8
Q10311971,0.0034013915489228452,1
Q19880120,0.0034599497900784306,1
Q1706747,0.061628022873718324,8
Q824128,0.08865503970676251,9
Q16337901,0.05061274682495717,7
Q125097308,0.03464665740546818,5
Q25486647,0.04105002017822833,6
Q11781835,0.0014561963260271594,0
Q1396124,0.030740934014457662,5
Q19673419,0.00016531785428280265,0
Q55392696,0.07543498829195935,8
Q105274819,0.021633937836440183,4
Q6213431,0.014661614763415312,3
Q11778768,0.02227351099155426,4
Q106622009,0.044386298607801036,6
Q6289083,0.0017194696317682496,0
Q19868397,0.02666931712890161,4
Q64812215,0.02167598655903996,4
Q16216072,0.04187494451002196,6
Q102225710,0.018198216171914146,3
Q4109579,0.013895302566784708,3
Q1110854,0.011128943200765105,3
Q9612059,0.05573735718001713,7
Q19826070,0.00472033055876195,2
Q1744822,0.0048203753274292035,2
Q106629197,0.008189875333678223,3
Q109877565,0.0021990126581874136,1
Q15725687,0.029286774571499585,5
Q1597292,0.034359501020294815,5
Q6969841,0.036702947737924096,6
Q95107629,0.0024705380759670065,1
Q3340496,0.0021524986342778617,1
Q3714583,0.06888120609468378,8
Q6164068,0.001850412597887813,0
Q95096786,0.0018060194296868086,0
Q11701243,0.039214018804695376,6
Q97704852,0.059847816104515214,8
Q99677078,0.04646147625445959,7
Q1153306,0.046352848155161074,7
Q13627041,0.006018132927325264,2
Q10773765,0.06375207208296886,8
Q20067861,0.027702685825579502,5
Q108572794,0.0442518495967344,6
Q4149513,0.012508432383571669,3
Q11768205,0.0034518143316053943,1
Q30605850,0.0610065245793126,8
Q116371449,0.003933869751778605,2
Q9359676,0.00456953756523752,2
Q1931356,0.032949308878652425,5
Q124488559,0.04389286825133613,6
Q95342505,0.017641020073338308,3
Q1505166,0.02330062184114171,4
Q106775993,0.06484839150316646,8
Q4963816,0.09099334250686712,9
Q9202078,0.02061661263543888,4
Q95162885,0.08424415865915293,9
Q109076392,0.0938651218285923,9
Q5525458,0.04993706983857058,7
Q3853025,0.08139578359041273,9
Q2834292,0.011819261172008145,3
Q14914838,0.0030077311210239045,1
Q15810148,0.007826387629994666,3
Q5145071,0.008704798070766557,3
Q13546776,0.025602507270694397,4
Q11749716,0.004653573485166719,2
Q16165111,0.0036288530917509593,1
Q19721973,0.00478892590762009,2
Q130355365,0.04985321029224052,7
Q6551716,0.0031512422602008403,1
Q12740394,0.005461756745106421,2
Q12172617,0.026964166403205255,4
Q2624778,0.04862905615842669,7
Q16117345,0.006144987403662268,2
Q19825997,0.0034586672524159335,1
Q116115598,0.0022949350089823167,1
Q15439566,0.0019139502631688688,0
Q281159,0.021564171888887772,4
Q130788860,0.07138908787535458,8
Q117212966,0.02358114664560885,4
Q7383099,0.04918739943950062,7
Q21288191,0.00047951795725576396,0
Q1103408,0.00045497363317945625,0
Q1699550,0.054474561427826196,7
Q65161975,0.004713800513385772,2
Q131445716,0.0035848473315739275,1
Q28672687,0.007733082736764985,3
Q16561494,0.006091533263576609,2
Q61085759,0.10407483754569444,9
Q105940703,0.002718169510126756,1
Q10359365,0.054576747489082485,7
Q4460775,0.020151836518731387,4
Q1603157,0.04859215286694904,7
Q1353071,0.11411888644366698,9
Q108815105,0.05006203901637538,7
Q105692462,0.02428468729719663,4
Q9324765,0.022570028582496383,4
Q95468737,0.028853300996307733,5
Q18245911,0.0006416277841587359,0
Q1773386,0.002042152010129632,1
Q54577193,0.0032450391397195826,1
Q124837533,0.04642905660476408,7
Q108892817,0.0018735699854633126,0
Q12078754,0.0042639709492994626,2
Q11767851,0.0032721308388169133,1
Q45207154,0.00813219027055061,3
Q16494369,0.12581821958375927,9
Q19826020,0.022166578198996666,4
Q111280513,0.0404801413707595,6
Q5046906,0.03881068419279091,6
Q4071425,0.03575544634155311,6
Q20069118,0.0541640208813434,7
Q95179265,0.003162740348124776,1
Q120635856,0.038168034282302796,6
Q12117621,0.0026821273096031815,1
Q115910217,0.10515776655259373,9
Q90881804,0.054623097437789515,7
Q6199313,0.025660561240562575,4
Q1508316,0.003283638042067416,1
Q41155854,0.036286555578557846,6
Q11833585,0.03475009359082794,5
Q4457570,0.030581300186599793,5
Q111741417,0.019851193354158515,3
Q81172539,0.08844035089709498,9
Q1878193,0.03144654322740177,5
Q23720083,0.0316632448737149,5
Q4321344,0.08013771698054682,9
Q3173062,0.10200290652122997,9
Q109885078,0.12578388305827,9
Q65200723,0.04435547425511253,6
Q5490956,0.07053371206609974,8
Q123357924,0.05481915904671814,7
Q91033103,0.008235158822255739,3
Q5772050,0.04275115517819195,6
Q21964321,0.022383200513841645,4
Q4254513,0.002480273078219343,1
Q12136711,0.0013428102752509185,0
Q12280665,0.028744001584745053,5
Q16533467,0.054628358253782754,7
Q669182,0.02896629167573278,5
Q816508,0.0015729525818401206,0
Q16939945,0.026400831038256693,4
Q23988347,0.0019545496387977476,0
Q111987122,0.045735857388496545,6
Q95247057,0.06297039395462145,8
Q6267330,0.14244649788491104,9
Q116943548,0.13412645428506056,9
Q6847464,0.02850135166514351,5
Q16192926,0.049189134581550616,7
Q1490412,0.1237658429792991,9
Q95401556,0.03515346443785888,6
Q107583837,0.046456589982244376,7
Q10708050,0.03090935932476236,5
Q6032912,0.0004375623164556922,0
Q29452206,0.07957291912466764,9
Q7171838,0.05041592163771312,7
Q30961128,0.005694126980008488,2
Q4073514,0.04471570509903156,6
Q20656202,0.06305012865419295,8
Q61122005,0.005342045117670291,2
Q2861168,0.0547027141754199,7
Q45207131,0.014296421055463363,3
Q15825312,0.0017880013622100794,0
Q95152992,0.0016249777094136124,0
Q4423337,0.042983311139706215,6
Q25446628,0.012678543566607152,3
Q4161397,0.027280779170436233,5
Q1631841,0.0935181002168974,9
Q20685275,0.05396506415696043,7
Q20048508,0.0008876647339788302,0
Q106259460,0.11501820742158764,9
Q6076125,0.050506007353986505,7
Q115079084,0.003914886036897373,2
Q10293147,0.054709599526237926,7
Q29016928,0.01469619830198708,3
Q11767629,0.04641302902325545,7
Q8965052,0.05427663513410411,7
Q95182351,0.006476354652659974,2
Q95399105,0.004582491571922386,2
Q55860700,0.0015548344614277336,0
Q16165706,0.0018645549555375495,0
Q83226274,0.011203290232285645,3
Q56361618,0.044157616614053506,6
Q30920457,0.0031717969947795293,1
Q66380863,0.15072527765164112,9
Q22135882,0.039787443594148056,6
Q10274051,0.09827941279034787,9
Q109339504,0.005518301690446179,2
Q134355545,0.008454112371828318,3
Q7512130,0.0524263745721572,7
Q131623879,0.019078092142038653,3
Q95157383,0.005490767835638808,2
Q1397742,0.05555793937688597,7
Q106869169,0.041991720809832316,6
Q47506850,0.05501898298364567,7
Q110701005,0.05947981921345025,8
Q65029128,0.024791652429660034,4
Q20048346,0.0015060337104098724,0
Q7251977,0.03049780463264208,5
Q87722537,0.0003207153491027929,0
Q111311334,0.044154652711395986,6
Q4925972,0.04984074965627589,7
Q43566,0.02534028527000926,4
Q16298737,0.037260883469668875,6
Q10953437,0.007326649777958383,2
Q11770135,0.05691521940504294,7
Q112123678,0.004986654169595765,2
Q301912,0.008294553785280977,3
Q4233599,0.04658897500382267,7
Q96761208,0.00369505529818033,2
Q44155843,0.005439836211254015,2
Q3051041,0.050972033346344835,7
Q129167400,0.022980145554224663,4
Q12166544,0.005587608647691252,2
Q26831383,0.0016137414031813938,0
Q95348088,0.047882629541007485,7
Q3481072,0.0029352383145996824,1
Q99527370,0.0032641482424780694,1
Q16940352,0.0656928481225566,8
Q117837352,0.027295680900688974,5
Q9376706,0.0016497742554028487,0
Q56314956,0.004048912180326244,2
Q135156403,0.023810438994366797,4
Q18708007,0.03759078102099688,6
Q42389983,0.030158999045876905,5
Q95401312,0.006268133972220134,2
Q15156823,0.025136433223544467,4
Q136418466,0.02168344791672095,4
Q111023544,0.0035894183848402743,1
Q113631026,0.028264074701771395,5
Q25482016,0.026584077883005146,4
Q9717542,0.03462132352199172,5
Q23891978,0.0605731936163099,8
Q24936868,0.037549329042221226,6
Q4347221,0.06132195669349476,8
Q3466056,0.006688284773325292,2
Q104440752,0.02195656991024717,4
Q17490035,0.04634856186815178,7
Q101130402,0.02523417274691149,4
Q4212815,0.001661484170269949,0
Q16940953,0.006980581831569292,2
Q30710837,0.033664100449322415,5
Q20983938,0.01975383796492738,3
Q11770900,0.027970919119003793,5
Q64689312,0.036331881127326965,6
Q95144543,0.04528650433713717,6
Q7807713,0.003625510259455534,1
Q50706256,0.12633501911507294,9
Q20047956,0.0032050190309756013,1
Q56107256,0.014705867613795262,3
Q131763997,0.036318052407506095,6
Q17490077,0.010038666650044308,3
Q95449735,0.02916320265385952,5
Q16336906,0.057402746108384,8
Q51629550,0.09726883324277064,9
Q11686102,0.01817311536338527,3
Q93781006,0.19343540587078778,9
Q70625130,0.002379471455559366,1
Q21288153,0.025133543579070574,4
Q60829223,0.12377201932505866,9
Q12277867,0.0052705652475936796,2
Q114078604,0.003916479669848483,2
Q55680351,0.050240630433517855,7
Q110963092,0.004608845853162814,2
Q95241304,0.0008093448734649685,0
Q24936841,0.038586143529812995,6
Q6828556,0.05146576047985025,7
Q17102329,0.02951747300819007,5
Q12173805,0.17693435521484513,9
Q24576765,0.04765040204949436,7
Q28671790,0.025328626560831013,4
Q12293283,0.000734331720686671,0
Q48852039,0.05064104651260324,7
Q108611170,0.06585132514038759,8
Q9324851,0.0015757249222033566,0
Q7824286,0.0442236659996822,6
Q105024196,0.06253201201782367,8
Q16519823,0.07548955269304101,8
Q12482554,0.0019058544805591667,0
Q107094668,0.0022041545044803592,1
Q94896159,0.05301756959069993,7
Q1766105,0.00035863104769952097,0
Q18708011,0.0915585367512708,9
Q54590221,0.0024866326210844867,1
Q4072821,0.036354407955902494,6
Q3246783,0.0797333444943164,9
Q136680220,0.03704645373647515,6
Q10371461,0.031956553494324344,5
Q15834091,0.06616197150996314,8
Q10279124,0.0060711644387465395,2
Q6174871,0.024157574893849208,4
Q95470468,0.09858505653985905,9
Q84133205,0.024814565291527806,4
Q21621153,0.005115826511422488,2
Q18707889,0.004517947189854167,2
Q107359318,0.015841754219580118,3
Q21092655,0.009518092266459244,3
Q7114484,0.0771658267089339,9
Q101921597,0.060727372336643715,8
Q20630556,0.07439575980305968,8
Q16218552,0.10198571399843352,9
Q19826059,0.054297460781423675,7
Q95450970,0.0017780432065087955,0
Q12496238,0.10200596839153327,9
Q56248200,0.05136134953651655,7
Q6389400,0.023257029306876682,4
Q105993819,0.061879828188355114,8
Q109339145,0.0013448520531284143,0
Q6129434,0.003894946114088628,2
Q95392863,0.000770255662489816,0
Q18707896,0.023855389196535414,4
Q97212337,0.021429678603931065,4
Q134285712,0.06799055564165066,8
Q862399,0.0029203947089350636,1
Q110737864,0.02655263992014606,4
Q16709913,0.006977962502426539,2
Q95224507,0.04435586668697732,6
Q95467025,0.04329080431285326,6
Q9282150,0.030528047961583718,5
Q18481947,0.000341982097110356,0
Q93014696,0.07832503261934737,9
Q20048249,0.021950946754335364,4
Q95155819,0.012434392635855222,3
Q95486501,0.15714997113112134,9
Q10329954,0.0023040338658906765,1
Q119133036,0.0929776138962367,9
Q128600125,0.027412635999541947,5
Q61768756,0.0026318693770169695,1
Q123668830,0.03568306229598806,6
Q19826075,0.03205240309671796,5
Q12763450,0.029411285009897245,5
Q63365837,0.046562467765658214,7
Q26921032,0.017183050048422913,3
Q16337018,0.07508865252199128,8
Q108559736,0.007503505572709665,2
Q54882952,0.007736523802290917,3
Q20048022,0.06659315828840166,8
Q99689716,0.005094153906229192,2
Q6748112,0.008029249739417675,3
Q95231917,0.037306929033585415,6
Q20068077,0.05333687390096409,7
Q16170044,0.01082391326302827,3
Q23060426,0.03469176496473394,5
Q95376458,0.0697137277298073,8
Q25487604,0.010461932180248183,3
Q95468230,0.06013754851523682,8
Q18708042,0.007734172558839586,3
Q85993902,0.03688549936907992,6
Q95377668,0.002183030884201007,1
Q16337061,0.01246385251890638,3
Q109784883,0.04196227384222519,6
Q109983085,0.057382160045983316,7
Q114440088,0.008126318603036942,3
Q109776301,0.07028396741015337,8
Q109792439,0.01346706529302073,3
Q13034261,0.0018389941268997993,0
Q17632477,0.1417709407057763,9
Q5904539,0.07848814448309448,9
Q109794300,0.001929423126191523,0
Q116651126,0.03154752809844703,5
Q16336897,0.019725024252578657,3
Q30934474,0.003638050763829419,1
Q18015633,0.02327671681162079,4
Q10832808,0.005056877874219507,2
Q16635524,0.041623206330850517,6
Q4294088,0.0037812141986451058,2
Q21074780,0.005814605504991324,2
Q95087029,0.05598937557860538,7
Q12481426,0.021103593196675256,4
Q109757599,0.03449226755818883,5
Q25484043,0.004758062899463854,2
Q64851137,0.03070210550597275,5
Q95172949,0.05910318090345629,8
Q109983424,0.07784092699816098,9
Q109787439,0.028318880454850617,5
Q109787539,0.028824309882771418,5
Q65224167,0.030801013657404005,5
Q95220429,0.0016798829747146254,0
Q55107880,0.038728169579020894,6
Q71334338,0.0033597659494292507,1
Q53493407,0.005554561559460771,2
Q12145244,0.015239698252929793,3
Q5995959,0.0054192015748017516,2
Q19826043,0.06106412313189092,8
Q125884196,0.06486256407353153,8
Q2436171,0.016768042088756617,3
Q109834432,0.008280303583451777,3
Q13034347,0.10164441603541166,9
Q123998151,0.0288841792699468,5
Q25435209,0.07413159242122451,8
Q12288237,0.05394911777727948,7
Q113509442,0.018867427878410805,3
Q18249647,0.02374996345361236,4
Q131362622,0.01696125474145785,3
Q124812780,0.10048184962624737,9
Q120268930,0.050412997553233696,7
Q117216992,0.055216483157033085,7
Q102105535,0.024787327394688488,4
Q85511499,0.023719074081142277,4
Q55616292,0.0385128250766968,6
Q45107925,0.002244902378964551,1
Q4154084,0.06939781947397922,8
Q31195571,0.04454997244633811,6
Q25614692,0.0022238400391481742,1
Q20611160,0.031051576159339032,5
Q136952032,0.021202687469060417,4
Q136951196,0.11135625676567197,9
Q131362557,0.019822741202878583,3
Q13035395,0.02313966274074201,4
Q135657455,0.06264565040605997,8
Q19918200,0.09291537331490125,9
Q13065219,0.037082973283766314,6
Q136950969,0.001334130628444008,0
Q136951385,0.07403706094965602,8
Q109173670,0.066634380554121,8
Q136954178,0.01913858122429576,3
Q136379733,0.0024412141772863936,1
Q126330635,0.0019782898157250156,0
Q110493795,0.005046044590089471,2
Q10805457,0.034368387229234486,5
Q113290519,0.04505269106813976,6
Q10825370,0.03502041052796223,5
Q20611333,0.011495139574163548,3
Q20795370,0.03360906987103207,5
Q19702257,0.06115204577453776,8
Q16584327,0.06585585521133491,8
Q47537714,0.10972216381722319,9
Q10835027,0.00150071400629332,0
Q2832882,0.02241130632556516,4
Q94526544,0.16822487654599932,9
Q3378014,0.0323436650092273,5
Q131362422,0.03890190290724238,6
Q12485044,0.020637754069809004,4
Q127671596,0.002244902378964551,1
Q63348473,0.0022134960673617517,1
Q111511595,0.0024595190708539415,1
Q113196586,0.0016170753786356477,0
Q60578150,0.06143834791293276,8
Q13035104,0.024301655995600975,4
Q130530235,0.003969107540726453,2
Q102867892,0.024742164506540903,4
Q13036200,0.008560428763348261,3
Q61081805,0.12646147815977912,9
Q136509342,0.020433332561405764,4
Q115850639,0.004212914450526419,2
Q61653325,0.003579450537710117,1
Q28355341,0.022042742790166193,4
Q3318412,0.03765970033261388,6
Q133885671,0.031042332588201767,5
Q10840276,0.0894711050282133,9
Q126165407,0.03744169513768012,6
Q4401890,0.00044665867187783685,0
Q22917036,0.03968631679105683,6
Q7809324,0.004732565675613288,2
Q8962270,0.0018142135459627707,0
Q107522183,0.1014092945198702,9
Q56043463,0.003653592327188117,1
Q55825823,0.0006730780339018268,0
Q107211023,0.00468637289520081,2
Q116939847,0.03498081192304884,5
Q16299404,0.05660756108198198,7
Q18688038,0.0005457550511343601,0
Q15983696,0.1253405467550971,9
Q13036036,0.0042892526738625494,2
Q112093339,0.014845938613436643,3
Q13023383,0.0056930474337335505,2
Q129534568,0.06117553738523015,8
Q124249547,0.03293123114069714,5
Q115819893,0.0033283660560652737,1
Q25524178,0.011692566852097061,3
Q98150486,0.00600699915021567,2
Q22132947,0.036471751703942464,6
Q5121907,0.027371175456323175,5
Q109942042,0.046908432625724146,7
Q131674734,0.002008149857978626,1
Q131341118,0.04038126291523372,6
Q118719877,0.007574361558873844,2
Q76179,0.010554135710117584,3
Q2572143,0.0031824763426089343,1
Q402977,0.04526646171130793,6
Q522308,0.04140080485639556,6
Q553882,0.043870448245883216,6
Q71775,0.06941170633399413,8
Q2669755,0.003929040581718,2
Q554679,0.0036742581589827164,2
Q1387214,0.013063501228671962,3
Q5786333,0.04401269544767707,6
Q215576,0.007370786672829168,2
Q15973310,0.0029820407835170863,1
Q78110,0.00419773772871752,2
Q96951,0.04712040633563133,7
Q8561648,0.08624774408466583,9
Q3188520,0.0030509525290482076,1
Q72667,0.04477037157011253,6
Q707581,0.05706330200863391,7
Q51256569,0.08039021093821709,9
Q2960618,0.025736983537900965,4
Q3162739,0.015184821546545359,3
Q5723703,0.02414250800942317,4
Q1725615,0.024936649457091745,4
Q84658,0.04828830165204599,7
Q77973,0.0111830924801116,3
Q215094,0.047820032377786474,7
Q1663225,0.009744178097003387,3
Q4985101,0.007179312296995954,2
Q437635,0.03527976174444056,6
Q1446799,0.0026479936098282586,1
Q1309509,0.006230229075404481,2
Q20857381,0.007354589387085752,2
Q3736379,0.005250894854275934,2
Q8320752,0.1014380380600711,9
Q952391,0.0016988621031719386,0
Q3645759,0.017200374515834196,3
Q1412785,0.06241453068624729,8
Q3014792,0.1286397521839211,9
Q3086097,0.004668508760165417,2
Q116107,0.019272190240487055,3
Q2958246,0.0270860068623948,4
Q2847653,0.06747292935774267,8
Q26203856,0.049991369081739186,7
Q1501277,0.06862659210198159,8
Q878572,0.03401926220189235,5
Q3311154,0.0023147826401591115,1
Q73421,0.004451231319076285,2
Q2960546,0.0018912813544332992,0
Q4204163,0.02830149949212093,5
Q737860,0.0027263482140842,1
Q16058481,0.0030669568878828337,1
Q13529950,0.0032108209352570355,1
Q2173848,0.002335692347878281,1
Q800007,0.036096947653432354,6
Q16162333,0.060585404101916665,8
Q447055,0.09266092798508192,9
Q1284218,0.10528112285039003,9
Q4286504,0.038006696353403625,6
Q18421253,0.016642531939977265,3
Q2033645,0.05256974297654436,7
Q15990,0.028976095370953126,5
Q118218,0.053331849893093385,7
Q3384546,0.10630836007242322,9
Q1730043,0.06219324737325934,8
Q11727795,0.0017092702620788672,0
Q3992747,0.06041336511598705,8
Q22069385,0.057464821524635556,8
Q17410667,0.0017097528467938617,0
Q2831194,0.003086300425869011,1
Q90832,0.0031305615966043376,1
Q13085293,0.025590856042280893,4
Q61445991,0.032574837805744154,5
Q12017648,0.044988445069728246,6
Q7184053,0.05198585736609992,7
Q1098255,0.008438154899427609,3
Q124066,0.05520368292716856,7
Q1627558,0.07519128838928558,8
Q2159300,0.005263447668008266,2
Q6220752,0.06650550500189525,8
Q3270809,0.060624777123598705,8
Q1605837,0.0019675862167212402,0
Q1310924,0.008218205763773294,3
Q1528688,0.059679364708029654,8
Q766851,0.06802114459858556,8
Q21162731,0.08308054034441875,9
Q7486865,0.07624113483919752,9
Q107459,0.043872037906391236,6
Q3166541,0.005219947115059922,2
Q1712485,0.0024651552052985084,1
Q5956063,0.01573661645265982,3
Q1432067,0.0018216903861813687,0
Q7132925,0.0022307588513915512,1
Q6043923,0.09652789631901282,9
Q1512231,0.1361120228878866,9
Q1732423,0.020635987471104008,4
Q3426020,0.028714834576414466,5
Q5591343,0.051634241638293145,7
Q3141944,0.04302416268377742,6
Q1665855,0.023076494150113296,4
Q13219697,0.04782301864678014,7
Q12320734,0.003944165151509299,2
Q3761979,0.004599248239190009,2
Q1581454,0.04526327202889118,6
Q16092026,0.054266951800311075,7
Q3579794,0.04253246933659014,6
Q20734915,0.03186743718186113,5
Q17411603,0.022009888411209235,4
Q43425522,0.025213130302974413,4
Q123219186,0.021613043259326357,4
Q18421389,0.033028115406023704,5
Q1560536,0.0005234045117649777,0
Q1704826,0.03504105333070419,5
Q3081281,0.036323775843201865,6
Q1254219,0.002888377301857546,1
Q3622922,0.004324096648052628,2
Q4832158,0.06725133452729276,8
Q12487882,0.015410772374469027,3
Q65211779,0.006973967394219759,2
Q11984989,0.07133459202584592,8
Q1505387,0.07225343496337505,8
Q24579314,0.0034678106813649076,1
Q3634346,0.006865774284676875,2
Q16176426,0.001640374564853501,0
Q1251141,0.08332043162199478,9
Q4895636,0.16349893040679103,9
Q7693889,0.04279784117388664,6
Q3317903,0.022886738871928537,4
Q1065283,0.0032003367600117218,1
Q17411349,0.015239616459079107,3
Q96989513,0.006948373998690642,2
Q3383819,0.09609718391822039,9
Q129995724,0.06415693967539093,8
Q1696258,0.02111923331525744,4
Q15072931,0.035938829349542255,6
Q97590724,0.0017800611928715663,0
Q1874979,0.042913128166132415,6
Q1471081,0.08381114886917942,9
Q7375677,0.005324279010781575,2
Q2847599,0.004785276012287911,2
Q17411193,0.03363673057944818,5
Q17410883,0.04649520112392801,7
Q2423563,0.002564004483409385,1
Q16011375,0.0034868090905757223,1
Q123308125,0.03509285969744375,5
Q1895833,0.0012697526168456955,0
Q879213,0.03318346190714278,5
Q100975,0.01209197235797767,3
Q22276949,0.006847276428627292,2
Q1793914,0.08745782107874613,9
Q677684,0.05550344619623978,7
Q1677049,0.10744304554152483,9
Q2364407,0.04878666839231995,7
Q928640,0.0036397910154747784,1
Q1363593,0.02186305165163347,4
Q974096,0.04597673685823785,6
Q1291073,0.051495115145377315,7
Q6832407,0.06673574633576126,8
Q122899,0.0036604572150499594,1
Q21651798,0.0025130876751468054,1
Q1580702,0.005856013153913773,2
Q1556597,0.09089732600289532,9
Q1232751,0.05211736689107445,7
Q11763626,0.12575019068056417,9
Q21587810,0.004425117379954507,2
Q16267013,0.0491590158491528,7
Q25469775,0.01648374094240216,3
Q3421178,0.009454173187728883,3
Q115358814,0.006930639937754487,2
Q3639344,0.031620850797399624,5
Q96987564,0.02264407969204736,4
Q97592875,0.028728832913953065,5
Q7521450,0.02323556988799801,4
Q2280983,0.06689825437121874,8
Q1456545,0.001558632381042037,0
Q63438670,0.04658040419102633,7
Q1448515,0.0016798829747146254,0
Q3098959,0.07256704290672086,8
Q585719,0.0018869920331481028,0
Q15432395,0.002470955101657309,1
Q9031301,0.0011925313648845236,0
Q3170818,0.017035684008116572,3
Q124482,0.049483108450718065,7
Q63685136,0.022077339627771402,4
Q7823476,0.002263729509070531,1
Q1561093,0.002880964694380754,1
Q4858827,0.02079845408765046,4
Q2062322,0.07751941661834104,9
Q63726955,0.05841797775491538,8
Q108740856,0.0012009964760696017,0
Q3183968,0.0018488658773869338,0
Q5998873,0.041400549609697246,6
Q5591604,0.08475286803872453,9
Q5649009,0.028284858762760254,5
Q2977289,0.05763269791161434,8
Q7799889,0.02948001577204506,5
Q1503927,0.0002660747563292058,0
Q16590256,0.034701722448396144,5
Q16301718,0.019237245327842267,3
Q269540,0.03081411639512707,5
Q5321659,0.025292851244322664,4
Q6193539,0.0026528731147794104,1
Q1569201,0.07655791793236648,9
Q58343812,0.025694738453015457,4
Q8015747,0.018959324651167786,3
Q6771738,0.0016798829747146254,0
Q2041009,0.003853391246656983,2
Q12068272,0.001559025627840794,0
Q12512517,0.002017951509177666,1
Q1825641,0.057178537842209304,7
Q18384943,0.004107205080396716,2
Q18574901,0.025535633462836556,4
Q16198933,0.023486115549023488,4
Q25589463,0.036433955145760775,6
Q13639184,0.04349326612103156,6
Q64373844,0.02916365477089507,5
Q1603334,0.015002626864652993,3
Q112228632,0.0017491647600479255,0
Q1599691,0.04033623492858413,6
Q1476236,0.04647109649475896,7
Q111841090,0.02294548924147677,4
Q1557782,0.027122170373427887,4
Q7117548,0.0004774162645702192,0
Q1709209,0.0021422045437563026,1
Q941189,0.03144247406309854,5
Q3130566,0.002387571947160225,1
Q248802,0.031766875318832107,5
Q12511505,0.11951947448660794,9
Q16104398,0.002480271207909806,1
Q48437655,0.03612565204065619,6
Q24555656,0.02688947047970266,4
Q20963718,0.002411707407003417,1
Q6323772,0.004003302802192821,2
Q3570803,0.07712291433333777,9
Q16116349,0.05190791642635182,7
Q22277026,0.05228190662967413,7
Q18808295,0.06428652248422694,8
Q7372234,0.03244724589482826,5
Q21936564,0.18618610753703838,9
Q16560881,0.007838925439608702,3
Q1400465,0.004373728873771452,2
Q1582090,0.004701255811298168,2
Q1685106,0.0033644000537422555,1
Q15870672,0.04120266145445191,6
Q19668624,0.03975431679194809,6
Q66777051,0.009723929221107744,3
Q1681943,0.05460832646581388,7
Q5263380,0.0504124497081152,7
Q1103863,0.06287589277528598,8
Q1360104,0.03549520035695111,6
Q1876613,0.05204188448110505,7
Q63804348,0.05988887116693687,8
Q2077027,0.0027999039812430363,1
Q3372027,0.0005253608015248427,0
Q3132919,0.03181494973534479,5
Q107168,0.02926212725025182,5
Q1663533,0.002335692347878281,1
Q1598190,0.09575863580423392,9
Q2847213,0.0069862553889406915,2
Q47493011,0.06845166221628375,8
Q1619465,0.005738286600162593,2
Q21632182,0.05111315640581812,7
Q1462339,0.08635691735890032,9
Q7877243,0.007241328963122532,2
Q19299287,0.024514355021907474,4
Q16214165,0.03552233756462574,6
Q1708053,0.06366509812706399,8
Q1875361,0.00038657062073303255,0
Q595418,0.02529211078284985,4
Q63928504,0.06798705726145521,8
Q13817198,0.030930333797720325,5
Q2393588,0.07785243109342477,9
Q106622882,0.015271238875874055,3
Q7682062,0.0014554851505046193,0
Q2871082,0.023519284332356928,4
Q1579554,0.11270054054806693,9
Q109838198,0.00199901438019172,1
Q6469372,0.11483471896652202,9
Q10380409,0.02964577925102473,5
Q305476,0.03241766124524128,5
Q114399751,0.09919937547596555,9
Q29553234,0.08095998156178977,9
Q16222661,0.0214556328200749,4
Q3762209,0.0017466798331323356,0
Q1360039,0.0029870232833708716,1
Q16025756,0.0016454405434182572,0
Q4951008,0.006680818038794521,2
Q42905877,0.03550623290653268,6
Q1731199,0.06953151915931265,8
Q15810593,0.008434124206928198,3
Q1481936,0.04697798324591541,7
Q5227686,0.0012694390723919334,0
Q31174043,0.02377420404987872,4
Q1597144,0.06578644478300669,8
Q12485617,0.04011042492217316,6
Q97360272,0.10809366253411982,9
Q20562895,0.00330626760260214,1
Q1565915,0.03670661153094796,6
Q21651806,0.02673054807819548,4
Q1582401,0.06156803434403962,8
Q5863024,0.0030883458069542067,1
Q19666647,0.03755543949188961,6
Q8013615,0.06320867826314604,8
Q7363723,0.06603806748241516,8
Q5276384,0.02681414032860077,4
Q6962566,0.03134386080402677,5
Q25460903,0.0005555896520214598,0
Q15972141,0.03626273792474909,6
Q3300593,0.05154517252924218,7
Q18412052,0.062039787184257754,8
Q6969096,0.03507956184796134,5
Q16146313,0.03258809248780924,5
Q20113647,0.02971037288709838,5
Q18758603,0.006030140827927354,2
Q16337464,0.011011130107578999,3
Q3611124,0.010024038118566237,3
Q4648386,0.05709911643308835,7
Q3502150,0.0756403728150772,8
Q59011103,0.009796037880856761,3
Q3946162,0.004130859773888423,2
Q16026321,0.005598517113330123,2
Q21176195,0.038149151178654965,6
Q49254437,0.0004563515883541195,0
Q19747967,0.064013331045931,8
Q2941962,0.0017950744238427064,0
Q6651404,0.020724981967764306,4
Q15439273,0.004207413910334657,2
Q2959687,0.007397987835310253,2
Q1358692,0.0759428476836031,9
Q3075962,0.03750123595985337,6
Q5083202,0.06189483576397369,8
Q21856159,0.03805478140046455,6
Q7553490,0.002686493174014222,1
Q1226233,0.12625815623497347,9
Q12447376,0.0006851801228976755,0
Q108894304,0.05491866602164586,7
Q6450604,0.021735659937309356,4
Q17350481,0.029283549759764736,5
Q1827073,0.05233796493278297,7
Q96988293,0.00046564975332824435,0
Q16175079,0.006036130302800435,2
Q59247788,0.07920163739941334,9
Q21012200,0.0048097005445493545,2
Q59284371,0.014576581997561386,3
Q25467279,0.007005259442537402,2
Q55096154,0.02621681451817875,4
Q16208832,0.02338831499587001,4
Q6553706,0.056866182546491055,7
Q77247669,0.022363361057087822,4
Q101089316,0.01333812710024187,3
Q3953747,0.027397019447921427,5
Q2884488,0.07766304806632346,9
Q111020366,0.05108163210730305,7
Q3022917,0.0038788009188422605,2
Q19957806,0.06382152663095014,8
Q17350159,0.049709635760283144,7
Q3386569,0.06496393040951655,8
Q1309693,0.002592310280024306,1
Q24090338,0.0028244049568795985,1
Q19281826,0.019569635836983797,3
Q19964362,0.036241612787007334,6
Q96301097,0.0027891162365606716,1
Q1524662,0.00627383162284685,2
Q38000343,0.038245491516512214,6
Q63762024,0.11597085856559469,9
Q82601599,0.019662274713879272,3
Q1577774,0.0757827418061848,8
Q1732023,0.057854546122507684,8
Q99192954,0.06323950075639342,8
Q764877,0.003959546911240364,2
Q55892616,0.06390828162205894,8
Q20204204,0.013044852398668049,3
Q106453636,0.04846932877705656,7
Q3157763,0.056575544294336144,7
Q3574136,0.0034156694740900663,1
Q7711496,0.03950266553126096,6
Q16026102,0.0018772169464985125,0
Q7408232,0.018845353030986514,3
Q63952839,0.006771187762313531,2
Q1036542,0.02262916877067011,4
Q16106912,0.043429321114389366,6
Q28096717,0.027956830581731353,5
Q5169662,0.003251351855683637,1
Q16175168,0.02814851386272449,5
Q28723789,0.0035523192958230167,1
Q16025927,0.0007927485901127706,0
Q6072017,0.06690960761604062,8
Q1600931,0.010756425178920176,3
Q24788944,0.0038578453626308294,2
Q108901512,0.003567339924500586,1
Q111156925,0.012868932440695329,3
Q1730012,0.02523768936067357,4
Q3659908,0.0034180702874538225,1
Q1405287,0.05328152132016946,7
Q6225870,0.08311223184722662,9
Q7289386,0.03231529004248961,5
Q63184748,0.09350738682504306,9
Q3184792,0.024959158964110707,4
Q108890466,0.0025490085720327824,1
Q6124428,0.0017800624846030437,0
Q28057561,0.1060842345595655,9
Q63622404,0.01592080464702802,3
Q66776986,0.053638912078617075,7
Q1357315,0.032669483196455296,5
Q5243141,0.0025680009173441576,1
Q2172778,0.04492125760372685,6
Q21176501,0.04029010297544668,6
Q16438878,0.0017437515884931335,0
Q43947243,0.04846968264387683,7
Q63768437,0.024532181275310344,4
Q1411952,0.15494720189555597,9
Q66142323,0.0135273052102341,3
Q130474359,0.021016654834427988,4
Q7286475,0.05303403256529691,7
Q115341897,0.024888845957346365,4
Q15435198,0.0799200722089441,9
Q63928361,0.0006871957073593678,0
Q11933675,0.01750339139647418,3
Q108670762,0.09233691400999955,9
Q15432907,0.04385878816331136,6
Q18529624,0.0017851821195487153,0
Q21992934,0.07834930810926953,9
Q108896028,0.028972088595766686,5
Q3592244,0.0032913400592962105,1
Q2174015,0.03684041938875953,6
Q105359317,0.06627989193970542,8
Q24264944,0.003137789404341038,1
Q12759897,0.05064843224933633,7
Q2821511,0.05947671727857035,8
Q4757008,0.00567169272922002,2
Q7117154,0.005935408656539709,2
Q1582471,0.003574104394324593,1
Q17629842,0.0031647130797598792,1
Q21587782,0.06776073827055853,8
Q2504257,0.005867973787210712,2
Q3098908,0.0013908616719671676,0
Q4687691,0.004906679308566502,2
Q111478740,0.045893155257239825,6
Q108893243,0.0022161105962251113,1
Q3387179,0.031159829336748726,5
Q29666594,0.0845622049940018,9
Q709731,0.0020489007074537707,1
Q20535421,0.029799605905914798,5
Q122979614,0.04379347409081932,6
Q22004331,0.030168196114984506,5
Q126116,0.00028726275473379325,0
Q2174397,0.045680729507677674,6
Q65601143,0.0038724581062002865,2
Q131323820,0.004355208961049697,2
Q1402482,0.04787192600249687,7
Q12810019,0.0010673335489711092,0
Q2063231,0.004441749883594873,2
Q3168371,0.1010863703270163,9
Q1712689,0.044287286227893366,6
Q6919176,0.02704815931252622,4
Q28086195,0.03779521938238595,6
Q16298511,0.015364636933341043,3
Q28965711,0.06737960056075562,8
Q115926022,0.004115039670810298,2
Q55759115,0.03172114327905003,5
Q11050320,0.024045294083940984,4
Q43851899,0.006622613685159875,2
Q8020387,0.05585604690011636,7
Q6132654,0.014078047009907264,3
Q695033,0.03722343749078921,6
Q108901443,0.012568290507849354,3
Q17045990,0.006870853562959398,2
Q7929148,0.0012134381556073643,0
Q16683795,0.029944549781254288,5
Q16026305,0.0015812128282749684,0
Q63957658,0.006740502611259355,2
Q1770410,0.09008436170886598,9
Q16864287,0.03714785072964335,6
Q111288742,0.017815733344186443,3
Q18578294,0.09399646176859623,9
Q5782532,0.030348040313812538,5
Q20016263,0.03837966711741873,6
Q1405309,0.06475425373452431,8
Q28150976,0.0030197153040160923,1
Q12481143,0.01923880074830938,3
Q3877149,0.002992580622493713,1
Q6166157,0.002479595135549644,1
Q17060336,0.015021670423933079,3
Q16734395,0.0845192397715259,9
Q13101999,0.02063180318569211,4
Q64740143,0.0029518491754649437,1
Q3361809,0.022499912869034445,4
Q16910135,0.02261728214295182,4
Q16329169,0.005773758971644896,2
Q108893645,0.005507566239826822,2
Q11041451,0.0007972871143469869,0
Q55847671,0.05426113403990101,7
Q59221887,0.03099628752079889,5
Q4726596,0.005060748867638587,2
Q63386933,0.0009707166258377159,0
Q4665549,0.07290232075081254,8
Q51120372,0.03716457409882419,6
Q16151649,0.02705575144609493,4
Q24957446,0.13428461741030973,9
Q5481052,0.04368314740673155,6
Q22096363,0.0016726204819703986,0
Q106044474,0.08578365928314263,9
Q5278070,0.00043394872911084605,0
Q47539981,0.0020239513952080893,1
Q19666846,0.04680661816599595,7
Q23415472,0.03442359836797047,5
Q7418512,0.0320940590516051,5
Q11290672,0.0032620942067230507,1
Q99305289,0.003531106390807092,1
Q16105808,0.0424714193541588,6
Q61998261,0.003435901865034876,1
Q19300405,0.000752442548700315,0
Q63954633,0.05994153166553289,8
Q94841880,0.05176125050072503,7
Q4758103,0.05019331547104921,7
Q13562475,0.0073038144326929184,2
Q1147710,0.0245212957911837,4
Q2637619,0.025653732668361,4
Q16663051,0.001701207031777829,0
Q27063394,0.014497079777265462,3
Q3387076,0.0833898913448754,9
Q21068880,0.10185655287471343,9
Q15875208,0.005716621998535685,2
Q17102333,0.0623565893941269,8
Q63762940,0.005236538212509885,2
Q19605100,0.06848265451920793,8
Q2679026,0.021951412931060618,4
Q63974605,0.037973495952428986,6
Q3059970,0.05381199702624821,7
Q16592910,0.024963002741811423,4
Q94777568,0.0019526392892743752,0
Q4695326,0.0016453953348877566,0
Q29467315,0.0020631940154525927,1
Q4769705,0.021377819392910564,4
Q10768939,0.0027491522370831118,1
Q27909498,0.024845681755023035,4
Q20278417,0.0019871808242416006,0
Q7915071,0.03298798439905021,5
Q17429156,0.0002260684305792639,0
Q11300492,0.038993375226328744,6
Q1556676,0.051595179498147334,7
Q134053438,0.047590084071263306,7
Q17411432,0.029141730390288313,5
Q17181022,0.046167094062553454,7
Q6712969,0.0006370675901535939,0
Q15834519,0.03596313519689479,6
Q7290626,0.02601428814670965,4
Q16025420,0.04797913177287575,7
Q5296319,0.07087305206014612,8
Q42595128,0.036462674850520474,6
Q1929045,0.005188538561520106,2
Q1582430,0.14238625782075937,9
Q70352096,0.003653592327188117,1
Q104889299,0.021667054153212743,4
Q20017716,0.008403775022560385,3
Q88125067,0.006658893609984639,2
Q52556658,0.02852307873839429,5
Q56195632,0.05437417800938301,7
Q3095117,0.02500162514687131,4
Q28268113,0.01598951566145887,3
Q1399082,0.07715292589253991,9
Q16463175,0.009548902854936682,3
Q108890526,0.002155432708990072,1
Q44159934,0.03441031795796858,5
Q11318131,0.04280872580112078,6
Q2074181,0.098995985103326,9
Q16902095,0.029235814730734392,5
Q3171820,0.0012057535613705817,0
Q7490201,0.018386817236570974,3
Q16439331,0.001973414921495677,0
Q57137686,0.041712857080815374,6
Q18763826,0.0019052175218304038,0
Q108895453,0.03290602216246701,5
Q2409643,0.1210613371925376,9
Q27063407,0.048009048761347185,7
Q18225854,0.05605066052007873,7
Q108889740,0.03441698939848018,5
Q2524414,0.049871733698198216,7
Q108891535,0.053266410940168395,7
Q16026032,0.009346047576987784,3
Q17430522,0.03956352255431794,6
Q24845696,0.012743121095296583,3
Q61996582,0.021260160374251113,4
Q25323635,0.009106177636908852,3
Q7914885,0.0713174308380686,8
Q27106613,0.0452927685703388,6
Q26700714,0.019345393802350997,3
Q132159216,0.08972195470857763,9
Q59783502,0.021489180206880936,4
Q4859004,0.00019248416547471928,0
Q59221334,0.0026972461501775296,1
Q47009681,0.004200156737100494,2
Q18378659,0.015098331866216806,3
Q57306130,0.010274824718297031,3
Q109449432,0.052855122706814146,7
Q85875070,0.04808723053695217,7
Q5402546,0.010238662198639325,3
Q1609907,0.03680450941008508,6
Q5070330,0.007942324597075076,3
Q2903285,0.05561844292836682,7
Q6446741,0.0329152935691835,5
Q108891897,0.027006933646109996,4
Q106248273,0.0017428797447677773,0
Q20707175,0.027365657261544846,5
Q16727949,0.06661878027825198,8
Q2650311,0.032201585436702464,5
Q108889983,0.0940603494909456,9
Q2792998,0.0027893246347430417,1
Q109451163,0.07344942443798945,8
Q4910747,0.0021432074281763627,1
Q3765163,0.005323374527905323,2
Q5512286,0.0010590735193404715,0
Q63681457,0.0015267489070042118,0
Q1509968,0.011508058477543664,3
Q18221912,0.03190541456074674,5
Q108891479,0.02096916111244326,4
Q28858734,0.026679766491553205,4
Q17037909,0.001527579192749604,0
Q14917762,0.002692779089510277,1
Q21004788,0.002125685697105659,1
Q18719472,0.05710669625218879,7
Q23060297,0.0018216903861813687,0
Q83282948,0.03923746110001221,6
Q22248436,0.030964997226951924,5
Q23905326,0.01877870161038227,3
Q115519969,0.0004694135809400783,0
Q10311994,0.057193982822944564,7
Q59653270,0.027392214063724662,5
Q41221726,0.0267154209359508,4
Q12696486,0.05958432317473663,8
Q108901686,0.00188228200470047,0
Q108901703,0.028129126425065015,5
Q2501732,0.021338209070900935,4
Q6165492,0.05637922953560656,7
Q30230739,0.10715666101315194,9
Q47008318,0.05996134480845805,8
Q125321253,0.12766225005917975,9
Q61879477,0.022648500188994437,4
Q108895767,0.0002857095477186681,0
Q79424888,0.05149167099517301,7
Q6890907,0.07581423904564817,8
Q109701875,0.035596381559266956,6
Q109425919,0.03067623350013334,5
Q1040683,0.0034787875162717364,1
Q17523926,0.033030273309721934,5
Q21229212,0.048967239554057775,7
Q5948332,0.0426929875642058,6
Q12794781,0.0028589427502636443,1
Q1598857,0.0025465652745470923,1
Q17350965,0.026946977765023496,4
Q109495611,0.0020681595974277184,1
Q19661574,0.0014959039820476299,0
Q21173883,0.09985865706497359,9
Q59221469,0.09525980926631414,9
Q20022461,0.002335692347878281,1
Q56678154,0.10040061232835308,9
Q55694407,0.023105470707447697,4
Q28111186,0.014094749108297949,3
Q123885761,0.06779935381759851,8
Q66901909,0.059510608668501684,8
Q7288486,0.10834525352599239,9
Q108886932,0.030304690606344557,5
Q19689143,0.002927727501721415,1
Q108895577,0.0030926714874680065,1
Q111227940,0.06458430438234056,8
Q16142833,0.04496722944991559,6
Q109426456,0.001845373412774857,0
Q71384255,0.0006274307800765092,0
Q16215206,0.026507579346362133,4
Q63762207,0.0017376680210509725,0
Q110812478,0.045287406611976215,6
Q10829504,0.01759080768277603,3
Q18687998,0.027214853455011997,4
Q14856187,0.0023403225905398984,1
Q15906995,0.013718414566314818,3
Q62108268,0.06712667964350759,8
Q22006437,0.11072404901303894,9
Q5387028,0.00044559901156739393,0
Q85875920,0.03406296004511486,5
Q19299975,0.03216475156059101,5
Q16979896,0.0036309361849296094,1
Q18921425,0.0062015402805742,2
Q108894415,0.01879672172173831,3
Q109429220,0.058840476320776006,8
Q64410452,0.00606501828858593,2
Q109694216,0.0014925639066319153,0
Q6121936,0.006496809931019566,2
Q28031816,0.10670678214963794,9
Q6950411,0.00637007003966804,2
Q61892182,0.028889789848306483,5
Q6758340,0.0025231866303225678,1
Q109541522,0.10370223433238711,9
Q108895736,0.03858311669649628,6
Q61879424,0.018598533574153652,3
Q9142714,0.016314690366452438,3
Q43192872,0.002490716067392983,1
Q29536168,0.03574899834235673,6
Q61892911,0.0030821080548848793,1
Q20028053,0.022966619793774547,4
Q64016289,0.06010767141606636,8
Q119856877,0.019600933741525363,3
Q16897866,0.0021018748729390692,1
Q108894691,0.0012723626783101624,0
Q128839451,0.023357761588367484,4
Q99753679,0.0017800611928715663,0
Q2163476,0.022335717099604597,4
Q19740396,0.09224388886301385,9
Q24565913,0.021652705553983888,4
Q63955139,0.08399327897222886,9
Q4834248,0.030166464539880807,5
Q93126333,0.02230514053442222,4
Q28967760,0.0031086719853445997,1
Q61877881,0.0055730249306621005,2
Q4831780,0.022431132431144737,4
Q108896913,0.023580048524583,4
Q108305598,0.06812586173402024,8
Q64005634,0.02029157813855466,4
Q25469377,0.025260499607863012,4
Q61892830,0.0026196493224800222,1
Q26132854,0.002399032270819369,1
Q17371023,0.07677000049369394,9
Q61881414,0.029919959271490507,5
Q29563776,0.002319195028073307,1
Q104368499,0.030281052597979963,5
Q25982967,0.0022135981952706467,1
Q109541231,0.0023243315472279255,1
Q76624660,0.038519297209634144,6
Q61879595,0.020895221464739485,4
Q115110302,0.0038171399237075104,2
Q64849731,0.0018294725164478601,0
Q64846575,0.06532957151932217,8
Q16195259,0.019952039530694125,3
Q64847534,0.0030972439621415287,1
Q107476175,0.0585471803273195,8
Q16148795,0.021021790821744647,4
Q109690287,0.0043331157723774,2
Q62108285,0.002411707407003417,1
Q61877674,0.004695488680806626,2
Q5683219,0.047090287164997705,7
Q64833428,0.0010848685279213196,0
Q6965839,0.01571511931692587,3
Q7285994,0.005731442772239248,2
Q30921649,0.06403000733037355,8
Q58755386,0.006038570018937387,2
Q61892856,0.010137135548360652,3
Q17411563,0.03135542316518367,5
Q47394556,0.05774579272937495,8
Q61892982,0.05419661249033111,7
Q123243975,0.02184307910020209,4
Q124463689,0.028661157008098577,5
Q3339364,0.001901703798905139,0
Q61877820,0.028124814768321627,5
Q120203111,0.07250742012927541,8
Q96580433,0.003149074046008227,1
Q43193623,0.05294304000493613,7
Q80045893,0.05696269015120871,7
Q24845974,0.08908794048986778,9
Q101520751,0.004289411552155499,2
Q61892812,0.0024093617477510248,1
Q56604046,0.011195749241262347,3
Q17418378,0.012444308420071703,3
Q61892268,0.003428193034394935,1
Q3027598,0.022161897431075064,4
Q25469479,0.05094467756785975,7
Q987672,0.019686444358517713,3
Q64011187,0.035266829523393155,6
Q64833107,0.024822159636300505,4
Q25468230,0.018288177093646933,3
Q55846956,0.0013961258886035091,0
Q25538832,0.026984919240745645,4
Q97307278,0.0991271728852967,9
Q123711751,0.009048963635986602,3
Q117007119,0.045676406869147465,6
Q28407980,0.00269973206811191,1
Q56065579,0.05673434733743863,7
Q20046062,0.044860853112926605,6
Q64623627,0.0016675709554687334,0
Q138569026,0.06272012246897814,8
Q6817909,0.00972982617809936,3
Q49251389,0.04802882123001159,7
Q16194473,0.0462918194962379,7
Q60735535,0.0023767319926025956,1
Q110103072,0.0026785593289061303,1
Q136463526,0.1288210830279291,9
Q16193603,0.0004450134881002062,0
Q26828215,0.03678194755436445,6
Q23304581,0.017767453759518603,3
Q114397582,0.0016421922907425626,0
Q50377606,0.027917144946919308,5
Q123876890,0.0022402499866231254,1
Q123866724,0.007350399318469352,2
Q123869314,0.0004283688932441147,0
Q123710165,0.07283367607241314,8
Q123888437,0.0021597589206444096,1
Q123867264,0.015298786521195071,3
Q123890199,0.0017070093534553533,0
Q123883080,0.03642906175381062,6
Q123887825,0.08423525174748057,9
Q93123329,0.04720119619743275,7
Q123877467,0.018819527826731682,3
Q123714681,0.08241895956279252,9
Q123711580,0.004406966694109965,2
Q123710512,0.05246336857044164,7
Q123876655,0.04290855429059438,6
Q123711288,0.003054372323899435,1
Q123591593,0.053452834044103156,7
Q123883178,0.027422712257753314,5
Q123874185,0.1077768854114657,9
Q123874492,0.023197400940978656,4
Q123868050,0.09536540350913703,9
Q110167298,0.05505928448510474,7
Q123877762,0.022614317458364466,4
Q123876873,0.011111546605954052,3
Q123876329,0.027063409331111128,4
Q123869953,0.025864959298053887,4
Q98382224,0.0222622290640812,4
Q123873416,0.06479543340969376,8
Q123870481,0.02223470562836902,4
Q123874272,0.04391245420389619,6
Q123872660,0.021178672205996844,4
Q123873976,0.008702203194709476,3
Q123869357,0.011321436669968106,3
Q123710012,0.02814186289256896,5
Q123867876,0.07268281597373316,8
Q112897557,0.05557415607844534,7
Q123710717,0.00273730247424711,1
Q123886730,0.0037838181087647103,2
Q123875177,0.07745788765930814,9
Q123890032,0.006703874006286102,2
Q123873097,0.032829475149764656,5
Q123877570,0.03020534176727904,5
Q123888922,0.08753622115056872,9
Q123713887,0.06326218127799754,8
Q123877188,0.003933557251332427,2
Q123714670,0.007112623506253319,2
Q123870545,0.05901034657545972,8
Q123877124,0.03591304923994272,6
Q123873134,0.04367684926291741,6
Q123875992,0.010202768680820335,3
Q123883931,0.0043279264428806715,2
Q109925531,0.00243964512248552,1
Q103850520,0.005310913186681256,2
Q123713280,0.03978772587696072,6
Q123711337,0.04284086062413708,6
Q123869899,0.012104194241541473,3
Q123715128,0.004131425164967378,2
Q46697648,0.04254640300756987,6
Q123868080,0.1205492695187569,9
Q123883638,0.06479839316580557,8
Q123873253,0.020769569070615966,4
Q123882439,0.0017187046484230942,0
Q123716642,0.035447717266236675,6
Q123711257,0.030291917310864534,5
Q123877346,0.02280074867355073,4
Q123710187,0.0021709289091251566,1
Q123876537,0.0400287615561395,6
Q123888561,0.0015837923454145178,0
Q123714116,0.02941762730653938,5
Q123870289,0.0023830563070851222,1
Q123713763,0.13861257924954473,9
Q123884228,0.04172199645195214,6
Q123884452,0.06485058322714744,8
Q123875131,0.08344662306740046,9
Q123879230,0.002353088969813477,1
Q123869032,0.0023930984064058926,1
Q112035064,0.09452903162709507,9
Q123880021,0.03896345900335944,6
Q123883932,0.01169476845950866,3
Q123711420,0.05431740730789461,7
Q44158742,0.03824773434070895,6
Q123714464,0.005496133919726185,2
Q123711444,0.0010780695452481499,0
Q123869673,0.0028072634806038973,1
Q123877352,0.00626252904192792,2
Q123713579,0.07634156333471588,9
Q123866221,0.006440270773971275,2
Q123711597,0.006342066460345533,2
Q123873239,0.007182809017224567,2
Q123711100,0.027805351099398717,5
Q47400521,0.0005276101732429872,0
Q123897155,0.025269968601357353,4
Q123877697,0.048453641834520604,7
Q123869264,0.014046780642155721,3
Q123879503,0.02402812765579016,4
Q123898168,0.02581233621698897,4
Q123710242,0.006176345459124361,2
Q123894096,0.0004613621912262415,0
Q123710239,0.048791845052764335,7
Q123892815,0.031202153918004707,5
Q123898658,0.030407345934471496,5
Q123712755,0.002588002228361823,1
Q123867470,0.006146151521190664,2
Q123899316,0.11673781497885839,9
Q123888321,0.050694096449563075,7
Q123710122,0.031688193326332305,5
Q123868800,0.046021194010132466,6
Q123711621,0.07163906287005327,8
Q123709642,0.06405366474463937,8
Q123874087,0.0631590162251302,8
Q123876484,0.05932420887815875,8
Q123877624,0.03279662995770941,5
Q123873429,0.040838727468175386,6
Q123714278,0.02498625823747439,4
Q123711247,0.025642658908070538,4
Q123869986,0.07431508517899497,8
Q123874247,0.052101173657115946,7
Q123877256,0.0007217820866092239,0
Q123710853,0.000599875265072285,0
Q123866652,0.09449806782967858,9
Q123709921,0.00707689897159134,2
Q123874180,0.009824446056045023,3
Q123710467,0.0064675887042363826,2
Q123710748,0.04130640540723603,6
Q123888322,0.019960272614807484,3
Q123883568,0.08496684248731394,9
Q123867410,0.047670145519737646,7
Q123876520,0.03705562880821896,6
Q123888019,0.002335692347878281,1
Q123877062,0.002335692347878281,1
Q123876340,0.03429294287379005,5
Q123699482,0.013816555911766533,3
Q123865781,0.07729507132253689,9
Q123877500,0.0005847578787416469,0
Q123713661,0.036897243512637144,6
Q123889104,0.03853687110703885,6
Q127269028,0.0035084124708663423,1
Q123876929,0.0296721409790228,5
Q123888538,0.028728809104652184,5
Q123716336,0.00583652635035372,2
Q123899139,0.01044155967933996,3
Q123710208,0.08087838805048672,9
Q123878825,0.03937318858412853,6
Q123867391,0.011252347322086334,3
Q123868076,0.026023679825144398,4
Q123888288,0.008917703466957529,3
Q123877534,0.038177811655653135,6
Q123883471,0.016625406592648113,3
Q123875136,0.0067422225033534,2
Q123878981,0.004469706823765209,2
Q123869614,0.04450757642369727,6
Q123888359,0.015097356208480876,3
Q123867933,0.005539441615984773,2
Q28839705,0.010349666987261542,3
Q123869399,0.022666194271798484,4
Q123878824,0.07158946281141826,8
Q123883042,0.019669452254605712,3
Q123710167,0.0583620405789105,8
Q123870055,0.0012107564212299742,0
Q123711086,0.015992479046821217,3
Q123887699,0.060474658880964684,8
Q123870351,0.08171954948293833,9
Q97308072,0.017220010831430946,3
Q123873385,0.018578794199943384,3
Q112897085,0.0020021512634464376,1
Q123870312,0.0402090370974912,6
Q123710716,0.02170907574465709,4
Q123715666,0.04933891251970709,7
Q123883438,0.050240309376869484,7
Q123869634,0.02243989083841035,4
Q123711902,0.024147202452568347,4
Q123869315,0.009573113420626752,3
Q123878612,0.00466176080011875,2
Q123716176,0.027031774775325743,4
Q123874029,0.018074387845269737,3
Q123888664,0.07362764233483635,8
Q123873768,0.058218011026978496,8
Q123891962,0.004351756491358868,2
Q123869446,0.14367740913748459,9
Q123867586,0.0036026279367911023,1
Q123713606,0.061355223815734966,8
Q123716162,0.006227960596957319,2
Q123873169,0.008806202475595683,3
Q107333508,0.03185443112691959,5
Q74581669,0.06608966691049324,8
Q107178110,0.005250010461132007,2
Q47387627,0.0009188225261411063,0
Q47393513,0.042566651212531566,6
Q47400200,0.024064669134214043,4
Q111580122,0.002017951509177666,1
Q79052386,0.013309271379862337,3
Q112896805,0.0021852907238834973,1
Q105536160,0.030187528711162124,5
Q47409526,0.0240479952074251,4
Q47407664,0.040851166965794286,6
Q115690042,0.006789396653755262,2
Q98836156,0.021621473211653745,4
Q112896665,0.04742914069622183,7
Q135418789,0.024061663597061543,4
Q134932536,0.03250223956736869,5
Q79897955,0.025215690764568845,4
Q112896190,0.03753062992530179,6
Q135183288,0.0015410003348790013,0
Q112897173,0.024769757052154243,4
Q106899005,0.029468228860398682,5
Q67089157,0.014358141527483922,3
Q110804918,0.001375837500899273,0
Q108584550,0.05619969920136661,7
Q138497265,0.06898506522083547,8
Q137940321,0.02613804029374883,4
Q135618637,0.0489069337698259,7
Q133892840,0.029856728455607648,5
Q136841459,0.007528937707297197,2
Q104868288,0.019434314928932758,3
Q122745934,0.02749802900124548,5
Q99213896,0.06660071281442576,8
Q125274819,0.02837222871524304,5
Q117741666,0.002230372735454121,1
Q135441949,0.03654409722247209,6
Q108116281,0.012669035273298773,3
Q126213022,0.0025010101579145427,1
Q16433639,0.004693291679634104,2
Q111210736,0.019353747951642995,3
Q28715856,0.11729175583029507,9
Q109804250,0.02129869305024922,4
Q42331497,0.0024412141772863936,1
Q122806476,0.004663318737822161,2
Q107439924,0.0021427821658009925,1
Q124369020,0.0068951456753545744,2
Q107305210,0.054781523366079915,7
Q99372830,0.0027046756039086866,1
Q106004674,0.051792738874222165,7
Q74039351,0.0037317850415107593,2
Q85873045,0.005717532636428942,2
Q88820040,0.007924015356855338,3
Q137456032,0.09974232601032514,9
Q137397653,0.04461114096856296,6
Q136841287,0.1360730279956987,9
Q136825781,0.00021630854251395752,0
Q135390380,0.09771845341779306,9
Q133539971,0.06939507900942136,8
Q132147029,0.030490835309816913,5
Q127281296,0.022501791270935396,4
Q126911411,0.0024412141772863936,1
Q117349378,0.02302762475458466,4
Q126369415,0.036093175785771286,6
Q126011007,0.03324504162084891,5
Q125850867,0.002063195883366736,1
Q125850820,0.020028654866010277,3
Q97698942,0.01322802013193196,3
Q102231649,0.0037040788447017577,2
Q12532743,0.03768755305263964,6
Q138081499,0.1492445966057387,9
Q75863391,0.08194424974253484,9
Q137299894,0.03004845466137103,5
Q1866107,0.008196055741100985,3
Q107551090,0.04757770075641654,7
Q108117246,0.001845373412774857,0
Q107600011,0.035410335872131285,6
Q109024273,0.020592852363079207,4
Q42331494,0.15110428917953675,9
Q28441337,0.10330233540682263,9
Q61612335,0.001974451849890067,0
Q30903434,0.0730762950357501,8
Q67173855,0.10789891910505245,9
Q109973827,0.055824584534145884,7
Q19283755,0.0015510263088748387,0
Q47217479,0.08118732179663583,9
Q97129114,0.002155094431897611,1
Q67088913,0.0667227732121362,8
Q50825807,0.07844653368175665,9
Q12578122,0.06380090786153882,8
Q12560552,0.1404145178700308,9
Q64399288,0.025543586139713453,4
Q64399338,0.012302311821600416,3
Q125270244,0.0791745616098063,9
Q97293074,0.0009334905601421094,0
Q126692644,0.055147785191907966,7
Q13034911,0.007148374663070353,2
Q127691909,0.006340995260411909,2
Q131738009,0.03242202868667612,5
Q70251512,0.11399756954347286,9
Q88386566,0.006363735556376738,2
Q136094046,0.008556180885674924,3
Q136797709,0.07939189023537112,9
Q28869052,0.05489422925705649,7
Q124632998,0.03128109564935105,5
Q6704963,0.0018216903861813687,0
Q22679292,0.042205047715943106,6
Q75687522,0.0021725608703882906,1
Q85546902,0.025913987328368512,4
Q22045808,0.0024955450993977527,1
Q8289145,0.08214324790818651,9
Q67089109,0.033976654752282,5
Q136841366,0.12499635874131419,9
Q99828349,0.07150878727882555,8
Q111341098,0.016045548781357184,3
Q110779900,0.004399255840934343,2
Q107926692,0.029650711331837214,5
Q114436612,0.0017759235117483267,0
Q116688411,0.0214302926778535,4
Q113661310,0.0004247219272907069,0
Q110557338,0.017169959509142626,3
Q119747353,0.010193083084127119,3
Q113051225,0.03297884246864281,5
Q109484686,0.0024412141772863936,1
Q112993938,0.07584861136859399,8
Q111416810,0.00049831525174208,0
Q110121197,0.025537984692361095,4
Q107337069,0.04405712127776353,6
Q123978805,0.001112931546189572,0
Q111692949,0.022479292404349434,4
Q137004138,0.07994723418101911,9
Q25367678,0.02501232043657034,4
Q133881503,0.06636872772617529,8
Q65060968,0.020042228952784687,4
Q133896970,0.004556002171933005,2
Q134236180,0.02222845768186088,4
Q134308022,0.09560042154422936,9
Q64399298,0.02953427470164963,5
Q106149291,0.013863870080910818,3
Q111180419,0.01883747293976729,3
Q15437898,0.09864588810093589,9
Q136533876,0.0023212963636436404,1
Q136659288,0.09560918038849701,9
Q136779888,0.06469060259011589,8
Q138332377,0.12758318021342147,9
Q112581016,0.0015248592551999234,0
Q50825684,0.033145221394982535,5
Q15877078,0.043119212652103375,6
Q16003020,0.0018363790669996204,0
Q16302139,0.029252991821539086,5
Q49691191,0.01784930775575055,3
Q86212210,0.016682435391268274,3
Q87722481,0.03711880381006196,6
Q101584394,0.023170938832364332,4
Q108085266,0.01540369472936,3
Q46483972,0.03369369661429699,5
Q98804330,0.006903288881131889,2
Q4418196,0.07759535979918221,9
Q105415375,0.004081125561281038,2
Q108897120,0.05169535813451157,7
Q125419351,0.06262355922876915,8
Q12245839,0.004626664524548235,2
Q119849528,0.019979989489645966,3
Q3473591,0.002227835189666803,1
Q118194656,0.08275874568399409,9
Q34471047,0.0732971981996817,8
Q90959059,0.06366620327829377,8
Q64399318,0.0004506893828618647,0
Q127002390,0.04365572607686137,6
Q129730519,0.047174644998103324,7
Q587688,0.002197151106762055,1
Q31965265,0.006740850772713165,2
Q60172009,0.051805100434160645,7
Q30547714,0.032741217672228526,5
Q107570857,0.044554750514152607,6
Q43252897,0.002478299679945158,1
Q44006427,0.03913917628027093,6
Q56651579,0.037605500916593364,6
Q15837933,0.027147811846640682,4
Q1569681,0.09466855330802247,9
Q51120764,0.07821260457359644,9
Q25492423,0.06976872260586922,8
Q60830643,0.11038547418216979,9
Q29580420,0.0018647767018400074,0
Q60790910,0.12693441891993065,9
Q16654075,0.042385100191863916,6
Q4421953,0.020656048709748857,4
Q16856668,0.001701324329389114,0
Q1712374,0.08470012981442696,9
Q111341048,0.0028606137839773667,1
Q61878356,0.030905354884817698,5
Q23061842,0.002290205678092979,1
Q20655558,0.002246341458702216,1
Q20388910,0.0026013743318009357,1
Q20172402,0.0322648254449757,5
Q1685304,0.006611156232786909,2
Q31213353,0.02175262262638326,4
Q28803395,0.0023147826401591115,1
Q390561,0.023477423416840264,4
Q56738077,0.025599378406167043,4
Q61892739,0.028074702418538575,5
Q1824988,0.009892854726672218,3
Q5741231,0.11271053777974951,9
Q6149988,0.022590491166659767,4
Q124098027,0.040367568803656176,6
Q100429767,0.08114446337542407,9
Q138718479,0.03386269330321816,5
Q106013067,0.0026250329888646493,1
Q135258814,0.0012946061229885597,0
Q107486055,0.02263453899211278,4
Q115133335,0.04476304596004219,6
Q133259651,0.0035190633291599955,1
Q132861682,0.0025836636693324167,1
Q115367910,0.062037957958264014,8
Q131914597,0.0022755816346903593,1
Q863088,0.01552337091958659,3
Q131546793,0.00045252111274239696,0
Q130479537,0.02482680482652408,4
Q135901403,0.02539091195385458,4
Q88094463,0.0024296085670275046,1
Q115402068,0.0022755836948897823,1
Q13034432,0.09356118690725367,9
Q115452904,0.025016304088019244,4
Q89229510,0.004224087678389198,2
Q117467151,0.06679168000266884,8
Q94285488,0.00029003132330316256,0
Q121790292,0.00841927001363835,3
Q123219994,0.11708229576948621,9
Q104190341,0.054237961869481564,7
Q125238247,0.00654539071569815,2
Q123518749,0.04648140970914484,7
Q13035630,0.0013977543282851369,0
Q808837,0.025761030463239475,4
Q133808756,0.031100754607209923,5
Q138029311,0.056241263479942676,7
Q137855929,0.06569275475503339,8
Q137909355,0.1523950328774969,9
Q106684866,0.027774565973378764,5
Q112675097,0.054732630435083716,7
Q112802035,0.0650387320093045,8
Q106875738,0.0012851092643449327,0
Q113003298,0.02737201633632941,5
Q138303372,0.09204108650293631,9
Q137901663,0.07565726148346666,8
Q7492942,0.07638258801753207,9
Q113130510,0.027677363768386545,5
Q138460892,0.007111358500714583,2
Q136342033,0.05767957878041192,8
Q136276564,0.023974769487565654,4
Q5639881,0.026921615906198147,4
Q104839902,0.022408219316842042,4
Q95451495,0.004959389258836418,2
Q106774575,0.0017601440309138875,0
Q54263170,0.003930998649180372,2
Q101857636,0.04417751338265143,6
Q94851018,0.08820664375531877,9
Q107184228,0.0014426561248423535,0
Q97738027,0.2099863862451046,9
Q53351567,0.17573346099072865,9
Q106182361,0.04535146394717821,6
Q105963103,0.0001642581497258185,0
Q61878367,0.05675893482601515,7
Q57828964,0.053211329690068754,7
Q106645209,0.016713665163341253,3
Q61892862,0.032989353393003726,5
Q60194720,0.08698198112625567,9
Q7332894,0.054089839905002594,7
Q61892764,0.028863630220254576,5
Q106519616,0.0725787772025133,8
Q61892639,0.0644883242822257,8
Q61892381,0.0027406363119923207,1
Q105966258,0.0012563816889888133,0
Q61892165,0.0016077664491526515,0
Q106441313,0.03308400670090397,5
Q105692468,0.024042737746162057,4
Q61893232,0.002480273078219343,1
Q124227772,0.025052679243163636,4
Q4849406,0.002375720859318449,1
Q112581719,0.005348553340269369,2
Q137910189,0.004848472717303563,2
Q112993771,0.10115057573258146,9
Q137127602,0.035836195730789694,6
Q995531,0.00381118909712183,2
Q136821429,0.0047739367031501044,2
Q136353425,0.0034156481177656873,1
Q136085557,0.06953291095171253,8
Q135937258,0.0014865401982193608,0
Q113881197,0.11913045277369116,9
Q114428364,0.002428674116241234,1
Q135098929,0.024657940676267885,4
Q114773173,0.0018977035773923609,0
Q115374856,0.0160830113107061,3
Q138081511,0.037453058065050476,6
Q131307783,0.0022480181018195468,1
Q129068236,0.024922959668746077,4
Q115670380,0.0019033258815732404,0
Q116457940,0.08118117167922316,9
Q126453229,0.020885609739242982,4
Q119096358,0.0024077299766818426,1
Q125994928,0.026439684845139536,4
Q12540701,0.0024955450993977527,1
Q125360896,0.002265245016226416,1
Q122960999,0.018291123313157673,3
Q12527408,0.0024412141772863936,1
Q123415384,0.02900512235578584,5
Q125180758,0.004632720887674588,2
Q124710081,0.0018654340069465152,0
Q124337141,0.0008377787371073798,0
Q130373558,0.021787082931484264,4
Q48773854,0.053459219325101434,7
Q138658484,0.032981062623077984,5
Q138715230,0.003199338167077638,1
Q47493018,0.06587036739727344,8
Q108229470,0.019493473604992918,3
Q4470750,0.004107965307176091,2
Q43425211,0.002641482767370989,1
Q4054645,0.01097859274317774,3
Q3273656,0.007525386961949217,2
Q3271772,0.036581448635641854,6
Q31153326,0.004215016013908403,2
Q10965591,0.031201814918076446,5
Q30728850,0.040332425123457784,6
Q30250949,0.021330712428502614,4
Q30110261,0.021620653549002836,4
Q29358882,0.02721884710041962,5
Q28595342,0.0020074306157216526,1
Q138665586,0.0038308990568052554,2
Q2628918,0.04181313126273707,6
Q24175624,0.00590402613953796,2
Q20747013,0.0019060085286730821,0
Q20738426,0.004180118011937507,2
Q20109642,0.00040175357042811406,0
Q1903092,0.04138911374960997,6
Q18764019,0.004568141754998507,2
Q111341352,0.055864892377355486,7
Q1778358,0.06099030097401894,8
Q16931950,0.04084336022200603,6
Q16645093,0.11817685957607504,9
Q16018176,0.07830059673626028,9
Q15210963,0.11396981117156021,9
Q1475486,0.0035410942126232925,1
Q139280,0.017681262871684637,3
Q25303370,0.0007562466200708946,0
Q20040827,0.07397412211710994,8
Q9204,0.028070429000849904,5
Q40826,0.003953453962076443,2
Q298685,0.00024047252002982114,0
Q182658,0.0001364717352490182,0
Q554406,0.0016807276629575382,0
Q1405996,0.05216554597750675,7
Q560015,0.03436464230839768,5
Q3316148,0.002077517750124951,1
Q336125,0.007376479531436408,2
Q301951,0.01024346857124822,3
Q363227,0.05495736656749429,7
Q353869,0.054621620730858085,7
Q357114,0.04736127633181355,7
Q49601,0.05901527609932063,8
Q68036,0.07129257762804941,8
Q700616,0.0597283407200292,8
Q3900936,0.07764132017875944,9
Q70215,0.00013307682306394972,0
Q727079,0.0029930922539777426,1
Q1686762,0.024858421171228388,4
Q7408607,0.005391563777875289,2
Q528421,0.020723359236712806,4
Q1675791,0.04990526162737282,7
Q49637,0.08550506452588692,9
Q921268,0.005885596457581334,2
Q557008,0.03795123381496432,6
Q273873,0.05215249473435709,7
Q318845,0.03888289531156223,6
Q124595,0.008626065422394033,3
Q450279,0.04003400829962748,6
Q1382872,0.008833066531626473,3
Q1248054,0.058588309269871214,8
Q1081888,0.001193869880803439,0
Q639360,0.07327641563311493,8
Q198051,0.02582950906076908,4
Q712220,0.0028030889327876757,1
Q2032745,0.04671658390466505,7
Q3525034,0.0358444254276018,6
Q930425,0.03143202323685242,5
Q1902944,0.051322447874043504,7
Q288193,0.03676276044267064,6
Q7176544,0.0008085757383363076,0
Q1633235,0.05163415602282233,7
Q977179,0.04686784869348755,7
Q434280,0.06422082738787337,8
Q45336,0.061568337958808256,8
Q2900161,0.006392791264446301,2
Q1900293,0.0678195314970877,8
Q6141084,0.029653200590607033,5
Q8977221,0.0012803792904759644,0
Q4205803,0.05789166380291531,8
Q1174969,0.03588326067959215,6
Q5481265,0.04140764304311572,6
Q4095817,0.05782189314996906,8
Q1659739,0.0002857087512202668,0
Q7114495,0.03382480010128395,5
Q675078,0.002854716606837107,1
Q1369803,0.00043754615282763404,0
Q1326740,0.06299674424913759,8
Q906193,0.033845273360700076,5
Q8000236,0.0338945990523458,5
Q713079,0.00964332182747183,3
Q1185232,0.0020901717004116684,1
Q563118,0.0228654721091424,4
Q5240780,0.0330020289706524,5
Q11339514,0.034741432277843945,5
Q110168,0.03655656339383338,6
Q6536868,0.0022528615089679486,1
Q188388,0.0014521631337944079,0
Q518325,0.029858033319418328,5
Q852921,0.00839582557167575,3
Q3380487,0.017730139060908957,3
Q5965823,0.0024397807722675484,1
Q1420400,0.00024793776851280043,0
Q2040675,0.02734224842891794,5
Q1697118,0.0018160613749141246,0
Q457555,0.0033217771073155177,1
Q729301,0.07636197010162804,9
Q91940,0.04384063246333272,6
Q11088361,0.004393088258712166,2
Q5990904,0.09937805152726568,9
Q1069984,0.029115266085644714,5
Q3301459,0.005765989051546454,2
Q3308992,0.06718547726110458,8
Q1087989,0.08747106728728801,9
Q6104703,0.0355097563604522,6
Q2417140,0.007904571339334622,3
Q1238567,0.0015720153729366763,0
Q2848695,0.0077034615687566884,3
Q16782000,0.0031776478629170074,1
Q6280756,0.052378653909814644,7
Q2653932,0.006643742639000291,2
Q544562,0.04117933147988661,6
Q1357854,0.053667296354963846,7
Q438774,0.020933299908410394,4
Q3056728,0.00023215883362221953,0
Q120900,0.015575404189386112,3
Q3893206,0.017107017818388078,3
Q12022376,0.0009824463309936428,0
Q1824990,0.008452302002092177,3
Q2083059,0.005512585039706816,2
Q472728,0.06333328778904317,8
Q5549639,0.051972929373099074,7
Q6832245,0.0533316057233957,7
Q1154812,0.03529066895280206,6
Q4078380,0.030277842116375263,5
Q5294587,0.004915299766176302,2
Q5946855,0.0006359831312462561,0
Q3048224,0.0024932923862807173,1
Q93938,0.07387811849440278,8
Q6291208,0.0064177297191943565,2
Q6183232,0.02956793047129672,5
Q18619213,0.004203934012001992,2
Q12360287,0.14881650385161235,9
Q3261647,0.05350807230889177,7
Q9256017,0.00237453806978907,1
Q7789191,0.025075425689867883,4
Q1453305,0.03805260459180809,6
Q7153259,0.036549324830247816,6
Q3225509,0.005714591647921741,2
Q7347168,0.004254621564259981,2
Q5808735,0.003970580683288363,2
Q5571370,0.05502137728105311,7
Q15440080,0.050170493939407826,7
Q1282102,0.0009145327676044582,0
Q534861,0.003458722115344521,1
Q15440196,0.0564036986354022,7
Q454044,0.07473134315915839,8
Q3142531,0.18733577859732412,9
Q2847360,0.0020631940154525927,1
Q5077663,0.0023564695645194225,1
Q3875906,0.06587359451549848,8
Q10334275,0.002217577054198164,1
Q344596,0.032783676611345895,5
Q3173867,0.045817185547723016,6
Q609939,0.05300820494478554,7
Q5044979,0.006666915505635359,2
Q384760,0.0590796145532009,8
Q5934890,0.03475533147728806,5
Q1685060,0.056474082303627805,7
Q1465068,0.04717323468565034,7
Q40543742,0.009536359490082774,3
Q6195917,0.0550972973107284,7
Q4203757,0.0029424853333177253,1
Q5019197,0.07678526859794656,9
Q6817634,0.06112384032205224,8
Q1173662,0.05413228451741734,7
Q930489,0.023363560356385777,4
Q3993282,0.0716570505830932,8
Q5698209,0.0023263697320174055,1
Q3938893,0.09378909334899443,9
Q3309181,0.052943926862820775,7
Q1757584,0.04026244761139629,6
Q3264762,0.04948034939788645,7
Q2001102,0.025275551340834864,4
Q3435235,0.04522034452652046,6
Q3069135,0.01186870518505918,3
Q6333149,0.0014417931509151582,0
Q1560405,0.027390679781469775,5
Q24278,0.0004774790028883961,0
Q5806054,0.03730936497807128,6
Q49180680,0.0010476109409512132,0
Q1512327,0.033641181132269486,5
Q1489534,0.14146209134665333,9
Q15184193,0.041113333740646844,6
Q7878963,0.0004301352419346942,0
Q3094041,0.06709275568868993,8
Q2076829,0.003664400098017847,1
Q13668742,0.002689946663339734,1
Q518805,0.0006594924007291231,0
Q18911306,0.042456561850293985,6
Q114889893,0.050722540871914294,7
Q177408,0.0021556125055100118,1
Q7364277,0.0424633903564995,6
Q4275857,0.005410885610094524,2
Q285203,0.008193695677101005,3
Q124096,0.0015757249222033566,0
Q1999529,0.03550068059424734,6
Q30609250,0.04490089492099049,6
Q5863275,0.047373081973862946,7
Q3856112,0.0024801004501953726,1
Q6202427,0.070504288363596,8
Q18719862,0.06663445066966861,8
Q4895834,0.03320798033395215,5
Q1608383,0.08454642176675348,9
Q6235166,0.001823669317798086,0
Q1304738,0.00712586694474684,2
Q4792141,0.030548306895873244,5
Q16488974,0.04161365588507628,6
Q19298297,0.000337600999788635,0
Q7607065,0.020084202456230025,4
Q49842388,0.13392033840370754,9
Q7965891,0.014651880491067297,3
Q4722789,0.0006581735818016649,0
Q5495997,0.0061335227090034234,2
Q21916319,0.005440497538613039,2
Q823230,0.06498013889886445,8
Q15435420,0.0043642921997402205,2
Q117072,0.07018295884345087,8
Q3134420,0.061824880801813774,8
Q3200853,0.035273348906161635,6
Q6324136,0.02938860949933529,5
Q109853683,0.043213315061208055,6
Q57707427,0.020145677437336796,4
Q9030106,0.025044469261002244,4
Q7282163,0.05370409403716972,7
Q4769079,0.008350195005078541,3
Q16649602,0.05880669130781674,8
Q108127481,0.000599432154268366,0
Q1700224,0.024443301547033294,4
Q8015825,0.0004988648320097578,0
Q5621630,0.06923215196059163,8
Q2143706,0.06719301774402629,8
Q18911808,0.03557730371169809,6
Q3166284,0.043528360336700496,6
Q39071412,0.024017971929384676,4
Q753476,0.07958527348709725,9
Q1222152,0.004925065180537675,2
Q2830153,0.06442329005833142,8
Q5431238,0.05039764228446773,7
Q4383490,0.08193159736483203,9
Q574232,0.008497783361992351,3
Q359922,0.04603488000046697,6
Q6128538,0.04354863961510692,6
Q18245330,0.0332607412869718,5
Q3565700,0.00263712265237116,1
Q3322192,0.008597621893461737,3
Q7964597,0.0022593926113398375,1
Q3106292,0.0652897837270044,8
Q108129,0.04506984871772354,6
Q7436164,0.05638895472694669,7
Q94909616,0.09402086106545766,9
Q4723071,0.054391979009997794,7
Q1467284,0.08685854815141163,9
Q5218350,0.034763852349542455,5
Q6271923,0.007060542903283373,2
Q1779985,0.0386932624513456,6
Q16562255,0.0033925258925652643,1
Q108168758,0.052007504964112675,7
Q69983265,0.0016105856924596184,0
Q1802820,0.004996883516627894,2
Q2534563,0.04804157613037876,7
Q1077084,0.04655999431798719,7
Q6284379,0.016501541016217165,3
Q3179129,0.07725824529799317,9
Q120433417,0.0028638164270326258,1
Q2717164,0.09402648840017758,9
Q1273446,0.04557798162975792,6
Q3260781,0.00533618512265481,2
Q2543420,0.04598522469686536,6
Q57237818,0.048702149972949284,7
Q1697178,0.13642730882438922,9
Q3588046,0.0025812191651090545,1
Q120405711,0.054839999997115974,7
Q3810978,0.05925945233157357,8
Q116527354,0.03357986993037743,5
Q98080479,0.021711049958009335,4
Q3083769,0.059301408568584305,8
Q1580643,0.0019526405810058526,0
Q6307634,0.07020735468613952,8
Q5787987,0.010969608682807965,3
Q5246238,0.0037522949834425034,2
Q12260773,0.006017436820344142,2
Q6219074,0.0026279926342461122,1
Q20684000,0.08083072618630872,9
Q2044213,0.013898073016489126,3
Q5549630,0.050177613443188836,7
Q10340557,0.04665063971398162,7
Q3441587,0.0034536750562018485,1
Q4750473,0.0017928394038087203,0
Q16324360,0.05824936386454209,8
Q5976331,0.0007500789654420569,0
Q7407711,0.04778916190182141,7
Q3439187,0.022906114781022002,4
Q125498819,0.019712997466406517,3
Q6044642,0.04662156986037664,7
Q1927114,0.15827379863283508,9
Q105887278,0.12251846072776842,9
Q10927146,0.07008556776770532,8
Q39292143,0.0008307400579087964,0
Q18643873,0.006361429850264937,2
Q22968540,0.02521043688137312,4
Q10367560,0.01924219588570595,3
Q5499037,0.002791463319028861,1
Q4392627,0.0004185170035381939,0
Q9602529,0.053760491715865985,7
Q55943613,0.10811975291841466,9
Q7410723,0.02538483039376669,4
Q5733900,0.020704356764040647,4
Q3696204,0.15000837622324661,9
Q3025486,0.026201359369802817,4
Q18285240,0.043415221831895834,6
Q9078941,0.06832877620028917,8
Q2865296,0.003397198105536932,1
Q95228737,0.07202283236928755,8
Q7490144,0.007038281888071216,2
Q5335541,0.0028337304656228923,1
Q4156586,0.027293443857608395,5
Q10326482,0.03690857475357121,6
Q28864281,0.036859237117094316,6
Q3569549,0.03060793738613639,5
Q13567970,0.001845373412774857,0
Q6239603,0.00352030851841621,1
Q66425340,0.03390724532041255,5
Q5990830,0.04574548478368764,6
Q3384317,0.056991662375853035,7
Q3426970,0.025554258790251052,4
Q1324172,0.040987258915380104,6
Q98996,0.0041239615058231574,2
Q52154753,0.0024446974659647134,1
Q29904554,0.0006636331060248827,0
Q3302711,0.02131466548341038,4
Q16628218,0.019989896123467427,3
Q4720619,0.0019048253648225,0
Q4920033,0.027394706919497462,5
Q5806287,0.04424889232092808,6
Q48345173,0.01573560010261507,3
Q23815258,0.08287957821645406,9
Q100359101,0.0012702539787042136,0
Q23350551,0.04801278165251206,7
Q2640733,0.026068278726892276,4
Q92302708,0.0003589826359842543,0
Q274635,0.030166631901734554,5
Q3929711,0.038289948593683676,6
Q94937179,0.0025434263589734947,1
Q7017172,0.0011314842479203315,0
Q1584768,0.06950914849540418,8
Q9618236,0.026985253276757,4
Q598720,0.03622545842913075,6
Q113090000,0.02800563567874132,5
Q18887932,0.02050450568173837,4
Q15444760,0.01997547157000491,3
Q2796485,0.06610187239067009,8
Q3085998,0.0019237595478740755,0
Q10723468,0.0026197705248197463,1
Q6003702,0.0005961887966493402,0
Q19971417,0.005487852901908293,2
Q6004284,0.006426072461889415,2
Q10357173,0.0006484171922232351,0
Q26769367,0.0682497183997083,8
Q20109616,0.004610943103970223,2
Q23059392,0.004409229238930722,2
Q16359097,0.052724717685791136,7
Q49594868,0.0049749956004092695,2
Q114242945,0.004627369873415049,2
Q13101413,0.028796788520495095,5
Q55674944,0.014343652206421253,3
Q7631935,0.0026848140990318446,1
Q1736552,0.059465228994930196,8
Q1349694,0.009072141392509074,3
Q117247002,0.008323053550531808,3
Q119537,0.04716553333355937,7
Q20991375,0.004711745376744278,2
Q3264823,0.10195965392629311,9
Q27507987,0.03562343388961792,6
Q1584778,0.026718748998757,4
Q100696803,0.132625981074047,9
Q79417420,0.08431893253909899,9
Q2134413,0.027736740432843354,5
Q3300445,0.11086552379122977,9
Q16357159,0.024649408395870362,4
Q47498526,0.0012570775911089171,0
Q5267514,0.038609424030923045,6
Q107387272,0.02478951663081511,4
Q7708885,0.010573566094425418,3
Q1352065,0.0005929308782362124,0
Q16106650,0.026992427602349097,4
Q576051,0.003806815646435453,2
Q3421059,0.14029154258647872,9
Q3573857,0.0527574340477637,7
Q95312813,0.05593832051449549,7
Q16302545,0.0405425921538499,6
Q17381111,0.051078179593778215,7
Q10374124,0.028570562540428206,5
Q15970550,0.05217750050384061,7
Q1363089,0.0006343826997820466,0
Q24634358,0.0006942095304360267,0
Q1465736,0.057837151092298124,8
Q3265805,0.01974145969076939,3
Q3805138,0.0608532045703544,8
Q1819267,0.009551124292742548,3
Q3069154,0.042228862696234985,6
Q10364600,0.05303388275358428,7
Q5407783,0.04277086078182902,6
Q52150088,0.042294901053020674,6
Q15505892,0.065373077425878,8
Q108864744,0.0372184087060778,6
Q76780091,0.08549349124080409,9
Q22980182,0.14722898383834612,9
Q123184700,0.0018201900833991432,0
Q17017194,0.0013580272398483592,0
Q13564502,0.016647317348693316,3
Q18214987,0.008807629287998947,3
Q4778500,0.0022214851340594836,1
Q36221011,0.004635638227496891,2
Q9747442,0.03509215239210158,5
Q137824483,0.06185038586098334,8
Q12368561,0.032292683923254004,5
Q65929795,0.002139205644815337,1
Q17383268,0.03348964718393729,5
Q109715839,0.05908337942214025,8
Q4747968,0.05174038349918471,7
Q1768810,0.0236687422510166,4
Q18215263,0.0016717835295395537,0
Q15441040,0.0031384953762295473,1
Q2770034,0.11005672951012639,9
Q2158910,0.03933010450158991,6
Q2978442,0.07224840076951956,8
Q6076815,0.07053616038661568,8
Q95220356,0.0047088009172298,2
Q10301345,0.006060788635320213,2
Q5859932,0.004871972777088144,2
Q442509,0.04720375634611175,7
Q6050078,0.04147334420509715,6
Q29576578,0.004709379262441791,2
Q13157704,0.022571975684446317,4
Q22063686,0.002379471455559366,1
Q6197620,0.015924060662494247,3
Q3018601,0.02376653114429334,4
Q7331584,0.04083021568854976,6
Q47876945,0.00231388529691485,1
Q19894236,0.03382906974580759,5
Q10357515,0.0019033274575073259,0
Q5301323,0.0034980857756779955,1
Q16509066,0.004735988493390321,2
Q16649601,0.05579655781816466,7
Q5791255,0.004171991543882631,2
Q60439241,0.054229235717281644,7
Q3293454,0.0033936917332664527,1
Q5489402,0.046140332568212296,7
Q11253102,0.005443593578402612,2
Q15690363,0.06453028681315576,8
Q5344021,0.005789350051271725,2
Q6289886,0.004204216817289254,2
Q125532,0.003633677007534829,1
Q1749176,0.10147546763598,9
Q1730670,0.09851133417937961,9
Q16669224,0.003144304501063861,1
Q10320858,0.04415634457458472,6
Q16194955,0.06141167512152517,8
Q5957493,0.11424967532324591,9
Q7702145,0.05822334151626104,8
Q31728041,0.005833642415417705,2
Q33646758,0.03243064573357376,5
Q1578393,0.06038559723696919,8
Q17154086,0.001659656828995765,0
Q10389074,0.0026839061002770967,1
Q10814150,0.034592261539286545,5
Q28541074,0.0011883995084851575,0
Q131358245,0.001203605557370075,0
Q7021772,0.00246666773656703,1
Q3131143,0.036167733163925464,6
Q106731000,0.042431853977170725,6
Q1177025,0.0046901391760812115,2
Q5858368,0.047486460038619435,7
Q109623606,0.04942252642279815,7
Q110775978,0.06280341771871223,8
Q18917973,0.034852502325625936,5
Q97347506,0.027716933550300506,5
Q3903387,0.0033176263280443913,1
Q2545209,0.030319520244564854,5
Q2926390,0.016464465137458997,3
Q4355013,0.02540749526133347,4
Q89818596,0.03283101658976869,5
Q22679424,0.03588332808479436,6
Q10316773,0.020767858861228637,4
Q28660348,0.03292230251374772,5
Q6844063,0.0035996862778656553,1
Q1448145,0.12254267542104122,9
Q12373905,0.023834615360628433,4
Q8427812,0.06153077146299426,8
Q6167859,0.0015665986346662742,0
Q5724683,0.09886564949388105,9
Q5798564,0.0490059977555491,7
Q65165589,0.03575348057237568,6
Q10391515,0.0513796128915462,7
Q60196695,0.01594168501214535,3
Q16487107,0.01466407978188817,3
Q6009396,0.02438857955536143,4
Q5628549,0.03205626567576415,5
Q2045147,0.019488084430604343,3
Q42392496,0.06173417682132303,8
Q16728657,0.0015992909587440062,0
Q5913499,0.01107297236902425,3
Q3832294,0.001967626839695769,0
Q10307906,0.0017207055840396902,0
Q3436310,0.028251763823348004,5
Q105077376,0.028185910664137767,5
Q2158431,0.007408815706479318,2
Q4885995,0.026991730342822345,4
Q2592026,0.001379886546970594,0
Q55675634,0.020758000173117505,4
Q15970723,0.016566642978351375,3
Q57608813,0.04793551825160305,7
Q3105712,0.05350019776737568,7
Q16443839,0.0299377775753218,5
Q177909,0.001353115795208432,0
Q1754869,0.057671784094156235,8
Q27836013,0.05695796856071276,7
Q42390367,0.0026016808385297993,1
Q7145789,0.016196271934528626,3
Q6524844,0.00259890426811553,1
Q91250723,0.03406211352623373,5
Q42392651,0.08272603117767466,9
Q7918211,0.033006554844681776,5
Q120078722,0.051770342887833096,7
Q6004736,0.08157222833535775,9
Q11781204,0.01928798788375056,3
Q84589807,0.025383768210530316,4
Q55641540,0.021711981706679016,4
Q20950138,0.018487320383680946,3
Q6435111,0.0042432439662899194,2
Q42395843,0.04991371524447052,7
Q6107121,0.01162306257242428,3
Q2903400,0.004075245366146296,2
Q5858111,0.003456110792414914,1
Q23062916,0.054950686460353344,7
Q59141262,0.0005379608246229376,0
Q7787244,0.017100344563065282,3
Q16351527,0.02867235530796993,5
Q16301784,0.049323759698474925,7
Q87493206,0.0009760576516137412,0
Q37643152,0.05709302020308919,7
Q7842289,0.03989714467874906,6
Q1605545,0.04567089762925605,6
Q42391878,0.060142575570133916,8
Q110651125,0.05397606980987843,7
Q39040513,0.026846488688928014,4
Q11857998,0.04819053264216251,7
Q16162648,0.002799804957857709,1
Q1629666,0.0038072267749483875,2
Q25484495,0.010889793659964253,3
Q6108311,0.004569728585606193,2
Q5767488,0.003527247532156969,1
Q22063312,0.06521421386747285,8
Q13188527,0.0052558437142079025,2
Q99439644,0.017781979868562763,3
Q13188409,0.017259098109046345,3
Q42392199,0.001377429846602555,0
Q69855184,0.04877444212666627,7
Q6178328,0.06525077433304015,8
Q5753431,0.02253741472619407,4
Q7294450,0.0956812475194377,9
Q106850777,0.20772646464171612,9
Q5496188,0.06216822967758972,8
Q1441411,0.02475766447208193,4
Q11858758,0.02172934823680547,4
Q30106187,0.0003099204084809178,0
Q2831471,0.0338048839619651,5
Q108293721,0.0004403547181907304,0
Q30307143,0.004534626239250509,2
Q121927957,0.029564752138544072,5
Q15458723,0.0026140235450752836,1
Q6397469,0.04060150841328686,6
Q62036541,0.0024899173399681373,1
Q95460810,0.02926991916970007,5
Q20683370,0.00032755390386390637,0
Q16938124,0.05497052958134702,7
Q9697201,0.033886043802559274,5
Q64167102,0.037749061726851434,6
Q10361234,0.003060785420392203,1
Q42388467,0.0036093963477217155,1
Q64705628,0.005513665897968236,2
Q7366886,0.048994799006754214,7
Q112526573,0.031392215916435325,5
Q3290633,0.029575553794237427,5
Q60176389,0.001823147600081576,0
Q1281653,0.05866329516641558,8
Q42394243,0.17708410116727477,9
Q113809936,0.0015717942745371645,0
Q42390085,0.0833268800042638,9
Q112553250,0.05866915755391581,8
Q15435693,0.051570037243073005,7
Q62663436,0.057175371360001156,7
Q3110615,0.03454619463268773,5
Q55436283,0.032896524339957364,5
Q20789743,0.1001393665481664,9
Q42393687,0.03156341949138173,5
Q42393418,0.0323582461111779,5
Q524039,0.002687938614491625,1
Q47545145,0.018279728648414022,3
Q16301662,0.0027283479558823124,1
Q95267228,0.0019473744718570085,0
Q696106,0.06575814409997695,8
Q42405438,0.00014733126249093508,0
Q23061175,0.04406175089251924,6
Q123233,0.017246195874581358,3
Q42386316,0.0001981269224298295,0
Q64141264,0.0016450889428960736,0
Q26251170,0.002230760275028715,1
Q3169822,0.002076837881473687,1
Q17332844,0.003483399921845137,1
Q105051,0.11734927839430317,9
Q135185891,0.0017714679747808906,0
Q10321203,0.08289567968947031,9
Q10308225,0.022577458321923476,4
Q4923981,0.05968065536839624,8
Q130731561,0.04963028120404664,7
Q10382351,0.004082115395634424,2
Q10387210,0.018608792996255417,3
Q107146371,0.05596488360893237,7
Q1890057,0.021143668300323784,4
Q106086823,0.0012452248535858156,0
Q1495493,0.06977784057859684,8
Q2428922,0.02752910470559821,5
Q47537766,0.04048676993746809,6
Q20734497,0.002541569872818294,1
Q62839573,0.0026777581892953486,1
Q71025938,0.026448995245679105,4
Q1368533,0.06335494779984976,8
Q16599079,0.09220730595001372,9
Q56794317,0.028880298810281247,5
Q42391190,0.028218434111390335,5
Q1374946,0.02430770289261767,4
Q2977763,0.05289805612959229,7
Q42396609,0.0004912218621380708,0
Q42392795,0.002000926326598522,1
Q55675148,0.04973797894101411,7
Q1825304,0.0016885349259487118,0
Q117752176,0.006438090902123008,2
Q107693105,0.05021525345556732,7
Q33165442,0.03334679441442529,5
Q16185257,0.05121961792817851,7
Q42403404,0.018922051887613207,3
Q56346910,0.08559407070886721,9
Q7976564,0.15922720247771244,9
Q13188368,0.032549641047858915,5
Q5126543,0.028909314150826156,5
Q42391028,0.027632831646853546,5
Q17516244,0.06836405609035785,8
Q2544513,0.0023652159848839105,1
Q55070596,0.028230838923650598,5
Q56350509,0.041007838588571266,6
Q5293054,0.022924961756887578,4
Q18325437,0.03679541396800268,6
Q42405136,0.021056396371693212,4
Q15439182,0.0023652158382517284,1
Q16940051,0.06814759749257533,8
Q9668438,0.0019313343491110639,0
Q10292928,0.03978363325379215,6
Q95383629,0.0020959248018187536,1
Q42389485,0.07892678661225115,9
Q7503547,0.027298550599927054,5
Q97179813,0.006909744471060251,2
Q122916885,0.02353659604438191,4
Q98106132,0.0055833952988827975,2
Q1634838,0.001594148028718226,0
Q55681356,0.05323048072273663,7
Q48872711,0.0690019337012725,8
Q98834031,0.026369859817838237,4
Q15132674,0.002481030783402073,1
Q980610,0.0012305213722940333,0
Q17478259,0.03580173668996351,6
Q56671505,0.023455166791827575,4
Q42393335,0.023833810448134974,4
Q42398996,0.019847538519378045,3
Q42394524,0.02324448654522458,4
Q105531489,0.023176300832239743,4
Q42393470,0.019634794114092132,3
Q42387858,0.040246302558280184,6
Q42400013,0.019207072130044463,3
Q42392641,0.07373066941347473,8
Q104995743,0.011917824235347197,3
Q56671509,0.08755822872591001,9
Q64685831,0.005231062937786085,2
Q115543320,0.005726919441717386,2
Q37980447,0.04524176492593874,6
Q15970668,0.07178004623149734,8
Q108690699,0.05845028189140068,8
Q125498322,0.053981920277383987,7
Q7176522,0.0036718900472352753,2
Q21511333,0.0003620098998893489,0
Q136202995,0.08212589212186537,9
Q42394322,0.0039585508739581,2
Q15407249,0.0452492551110724,6
Q6217234,0.0003300905117489298,0
Q42390597,0.022584031207754273,4
Q130731534,0.08190000019456553,9
Q3166704,0.041964454629686065,6
Q101910956,0.02549832674784752,4
Q13189996,0.03241063741450463,5
Q42393810,0.06261909936296944,8
Q10283032,0.02000211216864539,3
Q16887362,0.08035097359421618,9
Q42389955,0.018659881653914936,3
Q118126169,0.018306496576857883,3
Q126415086,0.022242855706988137,4
Q94923016,0.03452870041009738,5
Q96108951,0.0472848993974543,7
Q15970664,0.014231010382463423,3
Q42391895,0.017239791689921284,3
Q42402235,0.03001206106900503,5
Q60580718,0.01688273179330334,3
Q10325484,0.04930451872421212,7
Q133256391,0.0013215863972298465,0
Q7182114,0.021964177298754953,4
Q42394191,0.0022351518802790336,1
Q42394297,0.11161368065668031,9
Q42390574,0.00019901485161083772,0
Q14053053,0.058937292633625446,8
Q111370620,0.06909518237137646,8
Q56671503,0.053924381015612324,7
Q15072051,0.09122472295488819,9
Q110375261,0.025417999387208928,4
Q16337601,0.01884970782327186,3
Q16438785,0.035312354672766076,6
Q28758841,0.008479547716984602,3
Q16302431,0.00971114768061786,3
Q25439073,0.012913108984570997,3
Q16935178,0.008989120138617291,3
Q42393321,0.05765963428802875,8
Q42386570,0.037147953147221364,6
Q95260079,0.0037501553644657903,2
Q5742172,0.027684545372722365,5
Q56671678,0.09938742571822032,9
Q64684051,0.0005497654874904738,0
Q42398174,0.02573041292048574,4
Q120433313,0.04414719524341127,6
Q30644296,0.0016603779766911587,0
Q135412841,0.0033041127753383457,1
Q95178965,0.00045521319273899094,0
Q18110101,0.04441681608242251,6
Q5935221,0.011608166289825498,3
Q84845604,0.028204013268344034,5
Q42392266,0.06518369429836492,8
Q6247001,0.058288004451496664,8
Q42392544,0.04664806604854306,7
Q25586640,0.003749603418947126,2
Q5675709,0.03511338645673095,6
Q65208871,0.029227302662605464,5
Q95310032,0.10661142859505267,9
Q42400192,0.001770625817643475,0
Q124740713,0.0003786723608895818,0
Q133226614,0.0005068675654054881,0
Q10349942,0.03799369050008163,6
Q124626105,0.0019970361648418027,1
Q133867488,0.05650697704160135,7
Q9752222,0.024558544711028123,4
Q1508160,0.038750078778340406,6
Q112553345,0.028793241502239428,5
Q42399614,0.03113822629817745,5
Q47006210,0.017666383952586927,3
Q10327095,0.028660486323205763,5
Q127170709,0.04607309330498232,6
Q116373288,0.0047241561673726125,2
Q3309930,0.0121412213244787,3
Q42394120,0.05030932494849406,7
Q56670766,0.0063442431519606345,2
Q16446222,0.05358184709966516,7
Q56670976,0.0010163965997136131,0
Q11891512,0.02587077802867673,4
Q95470076,0.07052263159590078,8
Q137336361,0.0005907187679934189,0
Q16192589,0.030052039912065988,5
Q17384258,0.035538404228575876,6
Q16528893,0.06013354240660573,8
Q16440277,0.0023157855245791717,1
Q10268194,0.041209208472200685,6
Q56671298,0.10356124057209179,9
Q6128634,0.02539547433669723,4
Q95233821,0.06503423508961177,8
Q1133849,0.01318676182400288,3
Q56670841,0.0021313827794274746,1
Q42390773,0.02860289455481969,5
Q42393957,0.0032319173000670775,1
Q20048129,0.04927543332611564,7
Q21604562,0.022294365991487784,4
Q10346186,0.03143478811075571,5
Q21706058,0.02018019197219002,4
Q132743745,0.009370390520553927,3
Q121303302,0.04544687292674783,6
Q42393786,0.027014672898567925,4
Q121745453,0.0006487735600551877,0
Q42392921,0.018361215819780067,3
Q56671516,0.06947754275177791,8
Q42393732,0.01048972512454376,3
Q31320473,0.017455774445902787,3
Q21020033,0.08340618699115343,9
Q42390411,0.04430602992465073,6
Q109453095,0.001094737068618678,0
Q28865076,0.003375932165255091,1
Q6346112,0.0021597589206444096,1
Q16939780,0.039883489219730776,6
Q13002002,0.03329201507664879,5
Q15815191,0.02696877594695767,4
Q105480459,0.002034711742821423,1
Q42402237,0.0017911802418624962,0
Q42389127,0.028982052533815493,5
Q42392117,0.029193986993541313,5
Q42387795,0.06848502619906065,8
Q42393749,0.016882570495819548,3
Q42393392,0.027917379598976146,5
Q17384492,0.023245892518978344,4
Q42401306,0.00043394614391637274,0
Q60400532,0.020984510763843067,4
Q56671150,0.007509495217497714,2
Q6935927,0.024886333749039678,4
Q19710633,0.058299658565519094,8
Q10272457,0.014903037024667087,3
Q16493323,0.02638822143282309,4
Q42391777,0.06464669208816448,8
Q56671569,0.06377924791170805,8
Q126179194,0.0016129398464506679,0
Q42396106,0.027048008697328693,4
Q13534618,0.0017428871608893932,0
Q42394774,0.11629808764773013,9
Q42402474,0.19098216265073012,9
Q42391036,0.0030832966360991214,1
Q56671291,0.02400041707455649,4
Q116946144,0.003583885731987821,1
Q42392724,0.05778393189300343,8
Q56671571,0.06078652311084693,8
Q42399270,0.016722794924976577,3
Q42391392,0.022273409988849628,4
Q42393716,0.10803427930338552,9
Q42390976,0.05289350347367366,7
Q17382026,0.04520182403073524,6
Q42394234,0.0018877955103614645,0
Q10308882,0.026595318914142026,4
Q42392953,0.00352568531468093,1
Q42389922,0.0043897121062041935,2
Q42404301,0.06004944252317519,8
Q56671647,0.003895684642271983,2
Q124634097,0.03118397843388277,5
Q56671303,0.026440624627972677,4
Q42405334,0.027511135841256903,5
Q20804714,0.049305054903803866,7
Q62869789,0.00470711381382064,2
Q42390961,0.02573286948448456,4
Q42388595,0.030256197715097338,5
Q56671275,0.004750845080652828,2
Q42391301,0.00043394614391637274,0
Q56671308,0.03994488758002305,6
Q42390666,0.022782417474417813,4
Q42391221,0.03641587213431534,6
Q42389473,0.03166707919277423,5
Q42394420,0.0014146937519604846,0
Q132146351,0.03993474812988644,6
Q56671100,0.023820274737678705,4
Q42398992,0.002201136186053058,1
Q1625288,0.0019767141056960705,0
Q42393259,0.0033992350521567733,1
Q56671209,0.0028725732622537,1
Q107586160,0.08349197720179792,9
Q16309126,0.004001496624401142,2
Q56671195,0.10756665176228185,9
Q42386341,0.003915289077256586,2
Q56671586,0.04013954303934452,6
Q42393220,0.002588005818229497,1
Q56671064,0.002532270682747561,1
Q42391545,0.051388745682195265,7
Q56671316,0.0019033258815732404,0
Q134154407,0.027872462626934418,5
Q135196565,0.03222543526295997,5
Q56671471,0.03097775479785159,5
Q56671313,0.02150557148835436,4
Q56671198,0.02126583094536781,4
Q136822429,0.0016666666666666668,0
Q56671502,0.020741684489761873,4
Q42392430,0.00258732285138286,1
Q56671002,0.02260981321733745,4
Q56671206,0.029485495747245474,5
Q56671243,0.16248667449838283,9
Q42391363,0.021281627491828606,4
Q56671277,0.12073588210526337,9
Q42392036,0.046703191516358704,7
Q56671536,0.06661708467597309,8
Q42391608,0.0033679884949798025,1
Q56671432,0.04318632633614019,6
Q42391409,0.0668217668017434,8
Q26715178,0.04638697546959878,7
Q56671520,0.012645986602619431,3
Q42405428,0.01137476754524722,3
Q5800221,0.05033770978814324,7
Q42394598,0.02749695749209744,5
Q42388977,0.025296982666496156,4
Q42394884,0.0004489124259524306,0
Q56671153,0.03364190706321954,5
Q10347698,0.02727838471421802,5
Q42396567,0.005580510534740901,2
Q42394459,0.023428653479488623,4
Q42403373,0.0023831773197488778,1
Q42388876,0.0007033486073454398,0
Q42394195,0.008121538222836051,3
Q64348112,0.04856498267302398,7
Q95463821,0.06164181433604317,8
Q42392180,0.0669250846282623,8
Q56671431,0.06696119088994477,8
Q125990264,0.04405658687015068,6
Q56671265,0.002772052789523632,1
Q42396320,0.03131883901038372,5
Q56671249,0.025748824805938167,4
Q42393461,0.04464748552779764,6
Q42390238,0.031691874893073235,5
Q42391029,0.0012341046066605148,0
Q42392105,0.0026562065054532152,1
Q56671486,0.00039267838537893654,0
Q42394755,0.049783777804213176,7
Q56671096,0.030992963003921712,5
Q56671081,0.001859913888154227,0
Q56671000,0.0747873171312486,8
Q42391005,0.006333426437921125,2
Q42389341,0.049931584534994355,7
Q42394650,0.021504573048418855,4
Q56671346,0.002721793061766829,1
Q5963369,0.002063021387428622,1
Q42389725,0.09549328768148425,9
Q42392989,0.0016798829747146254,0
Q42391024,0.05637426338728189,7
Q56671076,0.06178533445727134,8
Q42401648,0.03252063556823831,5
Q42390631,0.05126014001314896,7
Q42394766,0.00015622220732533238,0
Q42394751,0.0014842837908523965,0
Q42397581,0.06691662645471054,8
Q109337894,0.02054034716093846,4
Q56671622,0.041396977569809666,6
Q20608512,0.046898684798176035,7
Q56671464,0.02326825283029745,4
Q42402987,0.01789205601602411,3
Q10334834,0.003015910506305701,1
Q42397608,0.0043755375996197545,2
Q35831245,0.018107139744070876,3
Q97369177,0.022608378966125896,4
Q6951547,0.018667722178152896,3
Q42390906,0.026875976430612094,4
Q108847629,0.06675170884886612,8
Q125817142,0.022600719948167754,4
Q125817129,0.0022238400391481742,1
Q106777993,0.037052101941453336,6
Q25485141,0.027898364282661903,5
Q42394044,0.08792084377751644,9
Q5391750,0.14288176348702142,9
Q30043516,0.030424129762680132,5
Q56671423,0.0027511966936039642,1
Q29862149,0.07219602419863702,8
Q42394325,0.050835900401395975,7
Q5948648,0.05669678993617454,7
Q20738116,0.025080764138932354,4
Q47537701,0.04221485697424355,6
Q89277320,0.0016558992029664732,0
Q42404331,0.06251608720959678,8
Q42392241,0.02652180441027034,4
Q61750370,0.0032326786778617356,1
Q10289051,0.001845373412774857,0
Q56671602,0.018196380333895607,3
Q96210279,0.003868166233757604,2
Q75653076,0.0015246354897591658,0
Q24851874,0.02008861792832533,4
Q95157150,0.03279207498376605,5
Q134451821,0.02507684896234922,4
Q13113642,0.02812963308155273,5
Q94786818,0.12560261059265315,9
Q100600015,0.01716722088810567,3
Q5657159,0.03461443228277266,5
Q26267290,0.03497644558935911,5
Q27586997,0.025648933630145518,4
Q6098411,0.09939710422961621,9
Q137731568,0.061602954813912515,8
Q10270622,0.0023314004368826247,1
Q109592009,0.042782227926998526,6
Q95243820,0.027122193867808397,4
Q103162791,0.062021253616378315,8
Q131750788,0.016273952336045262,3
Q89371679,0.00437158339031161,2
Q22281343,0.05032833756125282,7
Q131762617,0.005576230001626082,2
Q132777778,0.0038075636873932364,2
Q119186456,0.0027029457130338603,1
Q12562505,0.08423418547174864,9
Q12547127,0.0400630060990495,6
Q12550505,0.09028129212031978,9
Q16432343,0.005951822317085076,2
Q63121611,0.0062732579177983035,2
Q131758265,0.06089227950520295,8
Q123965509,0.005951822317085076,2
Q60565393,0.008570169700057357,3
Q136804862,0.021947703624194063,4
Q16431449,0.03124118453505633,5
Q69048039,0.10304401898779314,9
Q114064719,0.0024412141772863936,1
Q109641208,0.03314270760980134,5
Q135427180,0.0782844465345751,9
Q12555790,0.02532561502897211,4
Q12217168,0.0024412141772863936,1
Q137709005,0.10512714018930472,9
Q136419284,0.09364528017216547,9
Q132722334,0.04700638255010387,7
Q132734665,0.00909507655710595,3
Q16946163,0.02398734620235695,4
Q30069874,0.06962838346364275,8
Q137821400,0.07840957108077856,9
Q109785124,0.011729713169367719,3
Q126393240,0.06937067815864562,8
Q115628373,0.00275371433671161,1
Q123965021,0.0902291204733082,9
Q18411090,0.07537084788452283,8
Q56349707,0.08498687630676116,9
Q117470268,0.00025826519080553406,0
Q137594815,0.002058351177022028,1
Q15781462,0.031417913782847126,5
Q137578893,0.0014343696053525728,0
Q108409287,0.07304592072248874,8
Q136762713,0.09813691986609534,9
Q134488600,0.005348820962264861,2
Q138114021,0.0305779721491224,5
Q85871012,0.033589910889491204,5
Q133807646,0.075050664421808,8
Q81476954,0.06305277935065078,8
Q85991014,0.029524792402138105,5
Q103786614,0.06396705067247764,8
Q27734336,0.004010687894900415,2
Q108516491,0.07867891209071663,9
Q9218920,0.14123330022513592,9
Q41532200,0.04709674763315204,7
Q117212815,0.013702266659701794,3
Q52247378,0.014954591180821626,3
Q23892797,0.02883878668698356,5
Q111378870,0.01704951985333461,3
Q79917156,0.00354079817126654,1
Q135855582,0.13196757511175639,9
Q130527523,0.12357065063412648,9
Q16203076,0.07067644557711526,8
Q131607516,0.002483232488670938,1
Q136084512,0.052903805612921816,7
Q132858876,0.004401605582781479,2
Q134426828,0.018646875969373797,3
Q109777332,0.004717444619211546,2
Q60256889,0.024591348822935732,4
Q113243504,0.0020461124665383562,1
Q133444704,0.08024773100845076,9
Q134621027,0.1202650018579951,9
Q124632961,0.005171348131415853,2
Q122347171,0.0291468366183627,5
Q133934052,0.08206286136409727,9
Q122664805,0.004385434507878401,2
Q130464577,0.10527409177437766,9
Q135426576,0.005346729231689231,2
Q12571004,0.03759764359452602,6
Q125810420,0.0015039847432318267,0
Q25614764,0.06957503276005801,8
Q138609197,0.12819914095640272,9
Q131430328,0.029311693543686276,5
Q131387611,0.05333053206673253,7
Q23309428,0.014770611822207102,3
Q125339995,0.03697326460615039,6
Q127176228,0.0047684275259086365,2
Q123819047,0.05850897091845068,8
Q61000511,0.000373196597225837,0
Q70880435,0.042352263190405484,6
Q109982248,0.002612676215067265,1
Q80105481,0.0066140465880452515,2
Q43549566,0.07975081769551635,9
Q56394530,0.010320985222314751,3
Q60565257,0.08683021132745501,9
Q117029056,0.00418760922306148,2
Q117196888,0.018908309650225493,3
Q55217262,0.025457077345775077,4
Q101242250,0.02108266114760241,4
Q84005033,0.05352073671583253,7
Q39387738,0.06023564066374449,8
Q113243503,0.02617154794220563,4
Q30932284,0.009908198907288987,3
Q59572131,0.0880781719976873,9
Q16495280,0.002213801563943608,1
Q108486488,0.026662762563712937,4
Q16846821,0.0008497718408122466,0
Q131323783,0.02964905833162107,5
Q5646785,0.0617700144423242,8
Q127607128,0.06904493934806036,8
Q113452721,0.042030551978842375,6
Q3086821,0.0020123301634254677,1
Q110929755,0.013107407385012291,3
Q18551858,0.052930635544491726,7
Q61763525,0.006167749467715176,2
Q133105249,0.03431362439614963,5
Q111352310,0.007317574910156495,2
Q108178477,0.04712430938365468,7
Q7027453,0.003762620512357593,2
Q137797684,0.0354245547077531,6
Q92434509,0.000802222611908876,0
Q119991512,0.05953699743251762,8
Q31738455,0.05486586031658746,7
Q4367611,0.08140894936350943,9
Q80640735,0.034836591948044025,5
Q125105385,0.06836178864280473,8
Q42396578,0.0008687940481103374,0
Q5542294,0.06059753365947478,8
Q124293644,0.004193877372606334,2
Q28497368,0.0022091943259439526,1
Q108144608,0.04358377765585211,6
Q131613550,0.01729294220944222,3
Q105882943,0.10896503733868985,9
Q61082274,0.060690820316835876,8
Q106544711,0.047217667885375084,7
Q136088965,0.17787241948740065,9
Q133260491,0.0602297540998196,8
Q64853069,0.016055041637048593,3
Q254947,0.00023913637968311438,0
Q432473,0.049563283110064894,7
Q154519,0.06729949495687916,8
Q1770624,0.05258405471861985,7
Q115206,0.0018081619551140508,0
Q231536,0.03808864190351295,6
Q159166,0.029204473982557544,5
Q466705,0.029273623299694004,5
Q3459336,0.06802896226427504,8
Q231749,0.01208046837267707,3
Q21286612,0.0030083333424200556,1
Q229397,0.00046042345946107645,0
Q284047,0.010271766526766419,3
Q290438,0.0316173650286767,5
Q29554348,0.07133911242930721,8
Q24368,0.05161679125008698,7
Q152461,0.026849213350665976,4
Q460513,0.020913285775710097,4
Q22673974,0.02213105755379716,4
Q3574603,0.08263259938310764,9
Q2935061,0.02046721329299836,4
Q21005632,0.03267542220307322,5
Q446195,0.0048236683650397455,2
Q1397437,0.004754550886664657,2
Q230821,0.00726955788723476,2
Q30931682,0.008251068022476805,3
Q110897541,0.03559631539480228,6
Q242883,0.023980801427516997,4
Q443063,0.11680767365354683,9
Q1060011,0.029621153617319762,5
Q15079800,0.007309096671773588,2
Q269137,0.06318558686019238,8
Q17410449,0.055939703451772634,7
Q19566049,0.0033516391299024573,1
Q61888708,0.045255259971482,6
Q563326,0.006140480843801314,2
Q64960,0.06346638407962274,8
Q4699195,0.0028906113929290864,1
Q153431,0.040553644797342574,6
Q979262,0.06253326224675154,8
Q83827832,0.0731077869643272,8
Q446817,0.006736686283170048,2
Q237928,0.04477097931197951,6
Q85697,0.005320876716156105,2
Q235158,0.026874036618297854,4
Q3289196,0.0013235973784326454,0
Q42211304,0.09266909289283896,9
Q5257792,0.0021749666199003936,1
Q16663519,0.02513419657823403,4
Q127180,0.0038870867663976347,2
Q2288972,0.055070646993421825,7
Q5026365,0.028673176891154478,5
Q6161799,0.001680195145176059,0
Q19791141,0.031225709936839898,5
Q3543017,0.01813649089689508,3
Q71402,0.0018423791594665859,0
Q29835,0.027067984912386364,4
Q28919207,0.00044346959163247196,0
Q5915635,0.07017780128828922,8
Q104530416,0.004915845395788514,2
Q18205822,0.028721402547228714,5
Q3808176,0.03376233663356451,5
Q5211998,0.08264339333842145,9
Q3847007,0.0012583704503487307,0
Q3160413,0.04868793062489227,7
Q98152396,0.0030524534985807133,1
Q600368,0.02574286668937881,4
Q451090,0.03527681313175625,6
Q8951675,0.003567689116084717,1
Q2981186,0.003251351855683637,1
Q435055,0.001679529154199922,0
Q44155688,0.07155488181526988,8
Q7129247,0.0019094490552422983,0
Q58838587,0.0016269357555701396,0
Q629328,0.0537661920719831,7
Q15733377,0.02083346782554514,4
Q601072,0.0008907415948966542,0
Q273760,0.035446826926070436,6
Q4183875,0.002710871545969728,1
Q137342,0.022327842510495674,4
Q55216941,0.033794405913493586,5
Q448552,0.04859195920119036,7
Q601805,0.03530207041973403,6
Q3610446,0.07615425810291024,9
Q131665,0.017662641200008468,3
Q456169,0.0018521342707193997,0
Q1884047,0.0017143089693240543,0
Q1871331,0.05383769015891458,7
Q20988924,0.058301546649515965,8
Q3388381,0.003002471142174595,1
Q3735131,0.07041200326912876,8
Q131228171,0.0016432525014165257,0
Q57269307,0.026648594999875114,4
Q5926544,0.09423691997116959,9
Q7507837,0.0025606612802554956,1
Q15222799,0.046418515846281705,7
Q5039591,0.0021674127174728993,1
Q2346200,0.0055604353613686675,2
Q4419866,0.0361718446510672,6
Q2412812,0.050168599586517426,7
Q13423321,0.010363381564702207,3
Q59209884,0.013306397003024446,3
Q32352804,0.010933849552232698,3
Q2842007,0.011207249633811839,3
Q153040,0.002023125164589613,1
Q8925853,0.036046544626603005,6
Q16185782,0.00039941844342476014,0
Q4738771,0.0024604250804163286,1
Q85340,0.0513353569337672,7
Q6370055,0.00043725948557353495,0
Q235986,0.04887752742572995,7
Q65034890,0.06306445871276724,8
Q12033547,0.07406984104935875,8
Q115731747,0.09622292002380782,9
Q107366114,0.00754100530588717,2
Q242592,0.05595097487224886,7
Q5648816,0.01079579904713252,3
Q23007922,0.0005294296571415421,0
Q3725416,0.00028845405430067545,0
Q5371730,0.10812612202926716,9
Q5548313,0.003726897855783739,2
Q63152756,0.06813385608140028,8
Q5375430,0.05399464154072377,7
Q600852,0.04215645110423902,6
Q1574155,0.07199807648892576,8
Q2410843,0.012180187496516403,3
Q110095852,0.0832948424129029,9
Q11769142,0.0009760107232739335,0
Q7279480,0.06430064888503778,8
Q2547782,0.10283648658415767,9
Q61600769,0.0009776094685294131,0
Q5186397,0.028771682902253695,5
Q579183,0.040959349886860966,6
Q459923,0.0012563816889888133,0
Q2876219,0.02158619069283555,4
Q87746008,0.025783078568111673,4
Q112246603,0.006743835540682686,2
Q110021,0.0343212303490714,5
Q26871089,0.03327497926710663,5
Q11690758,0.057949301995421754,8
Q3337907,0.0354090399866569,6
Q112213837,0.03861352938600885,6
Q1997600,0.026466869227945177,4
Q3815344,0.020477933210463053,4
Q21198517,0.14352939445920365,9
Q16336914,0.03327273938920328,5
Q56015542,0.0006791259122547087,0
Q2944319,0.00020759067589159723,0
Q41249446,0.04779393588733233,7
Q20676629,0.002258054967537646,1
Q16182523,0.019214736155624756,3
Q2656682,0.010710551163895105,3
Q2565614,0.016581648895698423,3
Q2390373,0.024492781837271917,4
Q55172628,0.05182561663175724,7
Q388340,0.025248955971494822,4
Q734601,0.031196127288871712,5
Q18613330,0.006973153703427351,2
Q6150590,0.13958630646472225,9
Q20638091,0.09041683550106032,9
Q122877279,0.03187673993385487,5
Q2235451,0.018621376175588265,3
Q10305244,0.10345062687093305,9
Q116301415,0.0343650822075684,5
Q18202546,0.024367184019566564,4
Q30334976,0.051601805235945514,7
Q130014114,0.061107025671946764,8
Q17501739,0.06347660968603425,8
Q3615375,0.004823938319059443,2
Q1320417,0.10316567087822223,9
Q1159234,0.005439328473588797,2
Q4922451,0.0009780847798344047,0
Q172690,0.05582151999540264,7
Q5936652,0.039670181688337275,6
Q18516417,0.06348975889600732,8
Q5971585,0.06129931897795951,8
Q3609894,0.027008605857650473,4
Q263826,0.05977068897571682,8
Q14931764,0.04664744108700974,7
Q543638,0.06677524827089484,8
Q6026916,0.006515475483241761,2
Q28167038,0.0349020900363761,5
Q127428109,0.018979918668699733,3
Q1938140,0.03377657011446518,5
Q18223999,0.003738516803481963,2
Q2216272,0.031732069995358644,5
Q2991123,0.017619983479714194,3
Q75333151,0.1156865442626877,9
Q34662332,0.022028075602197307,4
Q1135477,0.04885408237543178,7
Q2845133,0.021276287907351418,4
Q96855,0.10603229244311169,9
Q3881617,0.0018294581029619664,0
Q5044567,0.06163901777865146,8
Q5927864,0.04454533701136115,6
Q3723137,0.07257719721312401,8
Q106709909,0.12642387172392738,9
Q91512524,0.09008809781158636,9
Q96741538,0.005086769644317569,2
Q3667463,0.03028201043635776,5
Q7369055,0.13022536993000164,9
Q451852,0.03075153768425837,5
Q24004775,0.011227339647618914,3
Q30231556,0.05959234215572582,8
Q47485784,0.03947837063377721,6
Q7154656,0.06485906419227835,8
Q116196,0.0815645209003697,9
Q2707885,0.005423178673939049,2
Q125823293,0.06362759026104424,8
Q111599825,0.007368531563216625,2
Q1261298,0.035163554900649076,6
Q447126,0.0007967203944124355,0
Q2746115,0.01923005202592685,3
Q16738430,0.004005251443744949,2
Q28807571,0.003436765857852634,1
Q111985806,0.02067535956955784,4
Q5398997,0.060998434942511136,8
Q1320275,0.0027118184769532433,1
Q16738433,0.004748394137121372,2
Q47069925,0.0013395797176922741,0
Q14949578,0.019321545124963556,3
Q7681197,0.022967426180077487,4
Q11308865,0.01362908496764207,3
Q3731637,0.03773950962539107,6
Q4888198,0.03063603382246397,5
Q422581,0.001566945230497155,0
Q3695621,0.039563479887742135,6
Q6187243,0.039893407901607426,6
Q50418657,0.00898704436586384,3
Q842173,0.02904726719737019,5
Q106696192,0.032367507145973536,5
Q16213093,0.013837770649228406,3
Q24450492,0.11159464888669263,9
Q4739585,0.001022161099474026,0
Q14169699,0.038973181407112346,6
Q116175998,0.01522752458410164,3
Q22752920,0.04957003217805362,7
Q16165581,0.00047523826276372046,0
Q1320293,0.04749173668032442,7
Q1627337,0.016905943771631016,3
Q3607163,0.04741392571960595,7
Q95560296,0.007420458433158708,2
Q3721502,0.06927357907464728,8
Q452968,0.010307192575095192,3
Q7148166,0.021693067640006423,4
Q7356082,0.004047833114469235,2
Q6812911,0.006643804915188906,2
Q111596687,0.004873737157899,2
Q6748298,0.02279473822275729,4
Q61099633,0.03668264152042409,6
Q62065126,0.00021309023578771995,0
Q115012,0.0003443765455865792,0
Q137997080,0.02855725277031126,5
Q16735442,0.005876698013386402,2
Q15690129,0.00488836742423388,2
Q60832573,0.05403228462851108,7
Q6781966,0.04299034006378318,6
Q5363212,0.06160964754551543,8
Q12018963,0.00034211665849336254,0
Q3813957,0.15237735868025845,9
Q13022868,0.003155520993735053,1
Q104525175,0.020727616276972373,4
Q111272416,0.033709612896538774,5
Q104531269,0.026299693684680346,4
Q6733983,0.04321135867758318,6
Q3559626,0.06184314364012798,8
Q6809033,0.11137105115569208,9
Q104525271,0.03711740423086043,6
Q16734387,0.036176486238637715,6
Q5271379,0.09134850280169873,9
Q2696784,0.04082773252495824,6
Q5407907,0.0012074022721955521,0
Q1445616,0.07397197590214581,8
Q22687826,0.07637646922625203,9
Q902331,0.10226985141379655,9
Q19745543,0.004277184100178166,2
Q3195444,0.05558566909026466,7
Q15123123,0.018656776536809652,3
Q4009782,0.018689729445188888,3
Q6660403,0.05542414420543764,7
Q6206148,0.047731608551102846,7
Q789566,0.01594747150775056,3
Q21154407,0.02262233913573581,4
Q29884612,0.00823063421704223,3
Q79267134,0.08309424049303014,9
Q25345997,0.10130360332980984,9
Q62017605,0.03211550435527343,5
Q12034159,0.0017610869559979642,0
Q4392756,0.0062739501265025276,2
Q9332712,0.020261419696379075,4
Q6321141,0.03277705549884635,5
Q135909101,0.0022359252753661974,1
Q29789505,0.06263948252102512,8
Q4106170,0.0023786150761683,1
Q124791488,0.06470306231303148,8
Q94989802,0.01986882545103313,3
Q24006318,0.035475376216820356,6
Q2846509,0.023065458049191856,4
Q5111002,0.034633270238471583,5
Q15214868,0.11743955188430237,9
Q16200514,0.006658289753810096,2
Q110193058,0.04940344348632744,7
Q2056984,0.030074118363141722,5
Q16581581,0.05213362999943932,7
Q110560253,0.057866620265598766,8
Q25462133,0.002368399424039692,1
Q1871489,0.02390461098052081,4
Q74436958,0.02967170765401921,5
Q3241407,0.13513275582225717,9
Q20574092,0.002407219947071653,1
Q5785515,0.02925184915839497,5
Q4676480,0.0023861762760271433,1
Q6207163,0.05820511087660086,8
Q732109,0.02057339187699321,4
Q6378553,0.10053860506618952,9
Q4746083,0.025988079625211803,4
Q12752646,0.027682048242859768,5
Q3978221,0.12533749945054515,9
Q3932583,0.018603432168429326,3
Q19571619,0.009168396363865095,3
Q126433631,0.019345515125834413,3
Q91515898,0.002297435184571137,1
Q8204247,0.0007301735771584846,0
Q5623422,0.062216395780204624,8
Q1085088,0.0017403088456035636,0
Q104531722,0.03042397060025801,5
Q54861134,0.033309239599582104,5
Q15436816,0.020727159947710006,4
Q4411627,0.027606450348325342,5
Q11458293,0.0014962967684056731,0
Q4160423,0.027113767504002264,4
Q104524017,0.10692017633129543,9
Q21197935,0.06703349918204363,8
Q6410167,0.01624705121595743,3
Q2535161,0.03362918797979933,5
Q7336585,0.003486184507955485,1
Q2233475,0.12262445464303555,9
Q6142025,0.04721378400661445,7
Q99519786,0.005070492347013827,2
Q29349532,0.00744850809786776,2
Q104525201,0.06644549335289045,8
Q109826988,0.013683454114269154,3
Q49090949,0.0073328186694562375,2
Q85913338,0.059991105535148026,8
Q8506589,0.0025373734538677913,1
Q76909970,0.02549994075615679,4
Q254939,0.0024799699067115247,1
Q3660615,0.0069849701638960895,2
Q5648850,0.12814144277508116,9
Q19630433,0.059040812397891024,8
Q61440298,0.05903091085040655,8
Q5362975,0.04402018334153207,6
Q3706349,0.0411210447224867,6
Q15685231,0.05862312652517797,8
Q115687297,0.0321213855281877,5
Q12972328,0.016487398260540253,3
Q104531284,0.007724148118798003,3
Q6557855,0.03462491355735951,5
Q15290780,0.007620897018001083,3
Q2324979,0.06264546866808604,8
Q20025931,0.02516450382877397,4
Q44414404,0.00182488919674344,0
Q520453,0.03377779230295019,5
Q87276493,0.07046818317470963,8
Q5549747,0.011467809338847368,3
Q16215065,0.005135006103820336,2
Q22921223,0.0004002849069406748,0
Q2412701,0.016572001622267678,3
Q104518864,0.12531348950523757,9
Q6205359,0.014919023099968983,3
Q15141565,0.0021265416465924623,1
Q166169,0.031174867229157115,5
Q104830164,0.0015932462348648624,0
Q2272759,0.02339817241887004,4
Q5248273,0.011081638113287108,3
Q104521837,0.04578272993238683,6
Q63120950,0.00490049044697378,2
Q167062,0.0013502149384003938,0
Q5515939,0.004325740639939183,2
Q61119029,0.08668547642205345,9
Q20991120,0.09704181113959268,9
Q7145666,0.047409840779524495,7
Q21663352,0.016939385243325642,3
Q5387813,0.08018600915004906,9
Q6437136,0.0033196087025135503,1
Q116447775,0.005507785507042279,2
Q29019845,0.003438711085184458,1
Q131751538,0.061714521938328847,8
Q122878715,0.024707942892544858,4
Q17995736,0.07848202938306004,9
Q97405820,0.030639586419230404,5
Q7288569,0.018733091699261364,3
Q26722366,0.0586979972778781,8
Q122842271,0.02749582008103946,5
Q4168451,0.001884141715038321,0
Q104522191,0.0583937188649116,8
Q22888908,0.02801655736751729,5
Q2863156,0.00035599895056436756,0
Q682919,0.03429970534792183,5
Q3816743,0.03267735820924892,5
Q109580238,0.0029144888084803476,1
Q63237571,0.016946020410459093,3
Q3835662,0.0033948084359071372,1
Q2625570,0.01636571590527145,3
Q122897436,0.0314822311742592,5
Q6696982,0.0004621790936079151,0
Q89899,0.011739220738007821,3
Q4898396,0.11667531206642448,9
Q7145910,0.03103565131558981,5
Q14912668,0.0021252496893699015,1
Q6437680,0.003512922955979742,1
Q108047022,0.0028664126950711712,1
Q20973718,0.1146870140253444,9
Q21075642,0.0195807211759822,3
Q37935318,0.025496587612861586,4
Q89020,0.06312048137778986,8
Q8002784,0.0001562214546141168,0
Q1775857,0.029382551906653245,5
Q2213382,0.001702047368766048,0
Q129566105,0.10024773822967481,9
Q5248039,0.0494019383462968,7
Q4971592,0.12834804145736964,9
Q13461825,0.01192797549776712,3
Q107641651,0.0029249617425430685,1
Q18207504,0.033219449462225895,5
Q104530396,0.0171622591290474,3
Q61099056,0.054237581653701586,7
Q104523440,0.07623756307142546,9
Q4661535,0.052859983133510445,7
Q104527951,0.0002385138105013011,0
Q116723,0.02343960197070735,4
Q7492542,0.014166776542051795,3
Q6375895,0.05471993318689865,7
Q4749286,0.058964551244003405,8
Q27210416,0.0038943765589585315,2
Q104527750,0.04662892874073193,7
Q6398320,0.0005770173813890859,0
Q3981497,0.028419015279155115,5
Q2057006,0.028935178348911846,5
Q4960758,0.0013903890790183749,0
Q16620233,0.003605503677800881,1
Q20968365,0.005664678066409116,2
Q18636447,0.026819978279187237,4
Q116236428,0.1107140987657667,9
Q10303856,0.10665659778057,9
Q6132549,0.005021415824855477,2
Q3973147,0.046214405346230614,7
Q3723442,0.006685643089522006,2
Q6756373,0.020631397220922956,4
Q40757296,0.025705514144661764,4
Q62273559,0.02530098556511875,4
Q65059880,0.0654451319461178,8
Q967127,0.0020012498643045737,1
Q24251043,0.02671159982751663,4
Q104523965,0.0021314583830748437,1
Q110521306,0.040239514189540734,6
Q55080910,0.007322011518524409,2
Q109436194,0.06918849063732535,8
Q433126,0.03373650119855262,5
Q40322723,0.061022801753122996,8
Q7070333,0.17033694935947108,9
Q16236028,0.00930220333830689,3
Q104525351,0.0832883419763341,9
Q11737411,0.07372675989016172,8
Q104531739,0.06782649271161219,8
Q24269259,0.0330152124479939,5
Q6372430,0.00925987633738859,3
Q603700,0.04093528818485518,6
Q5271482,0.005106564851792822,2
Q5547335,0.004835753006155412,2
Q47090654,0.014646270941421366,3
Q129521144,0.007882836279926222,3
Q5248219,0.003989587872686093,2
Q111575435,0.0365242284825604,6
Q107247113,0.017439226901362556,3
Q120893720,0.05471094397487893,7
Q15690325,0.10711560396739675,9
Q568057,0.006763290541499027,2
Q28755521,0.007122392872309267,2
Q13561664,0.05630989266139988,7
Q2709668,0.02599080246291679,4
Q3941410,0.07374133749914105,8
Q18643008,0.06907893578887697,8
Q2001602,0.04977969009438621,7
Q110813591,0.061166646441641014,8
Q104522535,0.10693306797117122,9
Q16975552,0.014585010908108173,3
Q6820335,0.02635494237358186,4
Q16163697,0.005754705082601133,2
Q18636410,0.022636088579152683,4
Q2695376,0.035636141679543036,6
Q3402724,0.04587431264565847,6
Q24955392,0.052775714099824296,7
Q4732779,0.005213186531144035,2
Q5141128,0.06310521477264644,8
Q56393605,0.0008621472752159424,0
Q6762056,0.03776782481786184,6
Q3701993,0.01992975161958091,3
Q16231634,0.025310720804474145,4
Q104522371,0.01600957077593931,3
Q104523790,0.08335907305195021,9
Q67182039,0.0029247100347168597,1
Q60309829,0.002545951609284544,1
Q2763087,0.006289217071044942,2
Q135107236,0.031420970868231465,5
Q61958,0.0014030017219438284,0
Q16221921,0.08303845996117867,9
Q4967473,0.05328624767943607,7
Q46999810,0.011278231592691678,3
Q2671129,0.03165813095530159,5
Q47489828,0.03606815389502851,6
Q26131621,0.03306774199489437,5
Q126778230,0.006475089511119991,2
Q10266043,0.07370043855371432,8
Q11879910,0.005845774486607019,2
Q104531631,0.005166033334460656,2
Q31926358,0.011121088955630668,3
Q17322666,0.0610176159006881,8
Q30117154,0.001006230084309027,0
Q23908620,0.059665826000234796,8
Q15710784,0.06086238387823698,8
Q127305489,0.006637974888040179,2
Q57150244,0.003664003981070074,1
Q29835624,0.014224453169057127,3
Q2048362,0.0024301673911188123,1
Q136027497,0.11206621566940898,9
Q88100594,0.06646261892311812,8
Q5290053,0.02625434397119653,4
Q56810689,0.00036478004618677157,0
Q5243034,0.05349258303910637,7
Q43900798,0.09284006362204647,9
Q18637683,0.08073279424733902,9
Q1036356,0.0029409963421224107,1
Q12382728,0.009591344614970417,3
Q25467724,0.04879980976083975,7
Q3764277,0.050819703899498095,7
Q6761597,0.06037542775573364,8
Q117756812,0.0016680367939379103,0
Q123580618,0.08479986058325154,9
Q104522462,0.02741361011987187,5
Q3852239,0.037458539254804,6
Q5074558,0.0037372937859082,2
Q129024407,0.0016819261898468488,0
Q6178219,0.01514520764902097,3
Q131677706,0.0490210547351082,7
Q5186116,0.003918063174529832,2
Q17580360,0.028305986492973122,5
Q120963090,0.08996980422230152,9
Q48009,0.023523645297645633,4
Q4236414,0.001919922464670729,0
Q3796410,0.036885704037089205,6
Q131108699,0.02332361221904915,4
Q5039706,0.006790456568910649,2
Q90416236,0.02764089561932354,5
Q107762,0.018635693155768244,3
Q2125238,0.07615169054578227,9
Q28942314,0.04280027374067668,6
Q71682,0.00034021879339193834,0
Q1508413,0.05016306154041202,7
Q16223610,0.01243363800329787,3
Q6706874,0.021070347431354754,4
Q1329827,0.021628994202893794,4
Q1996704,0.02373097014709732,4
Q30820163,0.004054936238798836,2
Q6437837,0.0667391536594519,8
Q3756244,0.0019462675305059918,0
Q5891815,0.07878947857889161,9
Q7931382,0.08806353677519922,9
Q16663081,0.05831867309851357,8
Q6199185,0.12467984469279415,9
Q17198329,0.08264270143681635,9
Q132999386,0.004294904088614358,2
Q18211719,0.04573208080624197,6
Q4355739,0.12804856999720793,9
Q22910768,0.11654276080328718,9
Q104439008,0.01827538065297527,3
Q3663250,0.022203834807008008,4
Q2640381,0.06511782278541893,8
Q3491056,0.013038463570093499,3
Q3177686,0.09552334851264156,9
Q104521893,0.06709987141333253,8
Q2840673,0.03385322754034945,5
Q107279880,0.02569789002615124,4
Q1938165,0.009193200362665929,3
Q12796422,0.0500050779840628,7
Q5448489,0.06635450165249346,8
Q104531662,0.00590682226469196,2
Q56036928,0.004292266558935696,2
Q104531555,0.10065469542131651,9
Q10306996,0.013349247773028082,3
Q56760751,0.003864078725449421,2
Q9697678,0.006635913087122472,2
Q18330857,0.000260306655146431,0
Q3609702,0.005734120721160934,2
Q2658278,0.006184885274063257,2
Q104521640,0.07752574905517655,9
Q4726263,0.0334683505352755,5
Q21934493,0.03449253926596803,5
Q126000768,0.005409807995080804,2
Q1681672,0.05272577324852398,7
Q108892145,0.025872601918708094,4
Q138263,0.032271152845964206,5
Q12049214,0.06904032166862384,8
Q135067573,0.025553573343097373,4
Q4696916,0.05471447317505207,7
Q12038575,0.0018368891278189162,0
Q19871971,0.0895175063416406,9
Q13561658,0.020570005288226754,4
Q4491724,0.03505481285387932,5
Q3341451,0.05291804242108116,7
Q18534279,0.016817637913979243,3
Q16149553,0.028386581828624,5
Q3651410,0.07720181330444102,9
Q3877703,0.0023147826401591115,1
Q125856885,0.003207406167586925,1
Q124609107,0.0023329503886768215,1
Q18046420,0.08257617959102465,9
Q66360836,0.001854659555710946,0
Q3026146,0.07783477590903531,9
Q56073402,0.021307904409868614,4
Q104531244,0.04047648566982396,6
Q3850624,0.0024527457920941603,1
Q19665680,0.02827724878858497,5
Q23836547,0.0285971786726088,5
Q4887253,0.08400340641518808,9
Q62593144,0.046174990269992035,7
Q50379567,0.1202240488043564,9
Q1130277,0.0018564526277794259,0
Q29644068,0.04605395157468018,6
Q28945704,0.02976302365738909,5
Q10294438,0.09257565123008911,9
Q7186444,0.004370487396118528,2
Q21102958,0.008022655737526552,3
Q117816586,0.004957541799256156,2
Q6485417,0.03791357929846772,6
Q4763219,0.08458216765663297,9
Q3704387,0.03968867381346639,6
Q4257523,0.042420665456939476,6
Q3605608,0.005455580197923214,2
Q10906101,0.03457959601366064,5
Q6178221,0.005793973356455246,2
Q3372062,0.0682797073416393,8
Q1935027,0.0006980536691708535,0
Q39060977,0.010034345267941037,3
Q4773139,0.005724316266194094,2
Q2835716,0.006828961309430803,2
Q2905926,0.05308423735115166,7
Q27865627,0.07203995300401074,8
Q117383133,0.005720083926256243,2
Q5515948,0.03480530249410386,5
Q19560743,0.0027737213233429998,1
Q6405332,0.0035017679267086432,1
Q12762281,0.03597842825039457,6
Q27671320,0.0833917329706969,9
Q2641623,0.11890285100470725,9
Q1475360,0.0664177804520079,8
Q3973160,0.007665367535200505,3
Q101220338,0.06452246876473633,8
Q12326349,0.009329667704417835,3
Q52928155,0.05804844474787344,8
Q64010026,0.10253758766653914,9
Q66750375,0.009396169283744928,3
Q136503606,0.06659668966007072,8
Q3458653,0.06233344743836953,8
Q7313620,0.00026104887957364135,0
Q35659350,0.0022164316949003413,1
Q4805465,0.0017124460566943537,0
Q104525303,0.05274541445641299,7
Q4772234,0.09098054137804105,9
Q14955028,0.004846739100933471,2
Q104523600,0.06439750059690515,8
Q16063353,0.05250391770579015,7
Q3336445,0.0047081311267489585,2
Q669951,0.005396419808531116,2
Q2673333,0.05744860185294872,8
Q107114077,0.10496401006942022,9
Q98280511,0.012003035007705888,3
Q10389085,0.05564017046874054,7
Q12288262,0.06166189850228942,8
Q18637588,0.004353598728961512,2
Q61099618,0.021374198943492396,4
Q16148921,0.04996199316451645,7
Q5361628,0.07315139795573115,8
Q12759626,0.00018345434741832154,0
Q6121822,0.02788187175305193,5
Q6177509,0.08933204245263945,9
Q23905388,0.00016642948471271487,0
Q28973855,0.013525159553864479,3
Q124634550,0.06978697348627212,8
Q16336468,0.050114099152819384,7
Q97860444,0.05334385794091577,7
Q4007704,0.03687517443814983,6
Q10330630,0.04883769344100272,7
Q463535,0.004631957976089177,2
Q2420343,0.04554926119790063,6
Q104531637,0.03829213470009969,6
Q97458986,0.05976765564221524,8
Q1469179,0.09209800395974797,9
Q5108601,0.05016634618086448,7
Q6033254,0.00930353014423451,3
Q126038097,0.004919837724113963,2
Q104522390,0.041298561419203524,6
Q3630948,0.0006275674180896951,0
Q7922444,0.05923552102678441,8
Q16231279,0.013914553890963993,3
Q16223631,0.04417703624725716,6
Q59618569,0.04666435241095314,7
Q21448075,0.010059708254827207,3
Q11771612,0.001289024296420333,0
Q16300856,0.007606699155258275,3
Q55380534,0.007896081861369796,3
Q12299534,0.0011143851280235643,0
Q21070422,0.048131280157464346,7
Q9334609,0.028942793527823134,5
Q17364128,0.019642944310234257,3
Q1315844,0.05459543161617133,7
Q2621006,0.0016636237229426746,0
Q126087935,0.0620193931922349,8
Q110235911,0.07036431198689762,8
Q22003189,0.034264386022549435,5
Q13019392,0.0007186712563072136,0
Q3833412,0.04496918151154692,6
Q3849294,0.037380265873667134,6
Q12471730,0.0599206860390087,8
Q4969611,0.002262994802835602,1
Q122853728,0.008591507436465529,3
Q113767,0.027825998601649443,5
Q47492927,0.032820918968208206,5
Q6179208,0.003543035377980024,1
Q52818214,0.003353382477997144,1
Q5129228,0.019971969113150488,3
Q7532422,0.0504690213535418,7
Q104531765,0.0007087020297830549,0
Q43767281,0.02316149968688737,4
Q123907425,0.03547509459172671,6
Q2059421,0.026956648130294466,4
Q12065215,0.02655786273481617,4
Q67439890,0.11398301086886148,9
Q51816075,0.004158922961595454,2
Q134451475,0.003344001830158419,1
Q4893875,0.02954642346622509,5
Q12471418,0.02051271210493443,4
Q12735874,0.05648074413873547,7
Q5954863,0.054330108872261806,7
Q3978381,0.030388269731089743,5
Q86080744,0.02430874841448227,4
Q3850183,0.054498820384970975,7
Q50291468,0.095415626463637,9
Q18637225,0.004687493286559201,2
Q22133066,0.03553205307464536,6
Q11688758,0.029113363056789913,5
Q15118190,0.0053129862741600085,2
Q2392771,0.05841102434191583,8
Q16558899,0.06159111622887299,8
Q104531842,0.004303632387189882,2
Q15975285,0.007835299470847325,3
Q5958525,0.006413334917737761,2
Q29651239,0.009915420759112049,3
Q2164910,0.008227629945434523,3
Q6374076,0.035197386771097294,6
Q6386506,0.008929184224392137,3
Q67174647,0.004485251634871709,2
Q6500328,0.01729139105244743,3
Q122031,0.003709820416289223,2
Q4355149,0.0655838436999249,8
Q3832613,0.04652837119480821,7
Q3876419,0.006920443596828328,2
Q7088902,0.004517046535294259,2
Q304340,0.05933806380378807,8
Q31755222,0.03722279920233935,6
Q55231396,0.003144043353872005,1
Q1798160,0.03081590407783389,5
Q98165672,0.03678230082666527,6
Q3856415,0.03039267091768699,5
Q10855712,0.01583345525993695,3
Q6050040,0.003171462658450943,1
Q18419244,0.002422515665917532,1
Q22007366,0.0022238400391481742,1
Q648029,0.05423116624275023,7
Q7652538,0.03027977606498395,5
Q60048616,0.0022527062571671406,1
Q1122347,0.06792634729613053,8
Q26837694,0.009144728086809089,3
Q17305625,0.0003600410978631204,0
Q7553752,0.03885516766673845,6
Q12116072,0.06654668421332993,8
Q29531292,0.05217484593751737,7
Q903186,0.06602677122360226,8
Q5353881,0.025606140491586295,4
Q137157790,0.006195013299801469,2
Q26709137,0.06543646977290724,8
Q7421638,0.09119694744559956,9
Q5801553,0.0016798829747146254,0
Q5219232,0.023283318211571775,4
Q64009672,0.16798643263253887,9
Q65013189,0.05410914150091177,7
Q16236945,0.007952298297319658,3
Q24942555,0.06678003265433934,8
Q11879848,0.026905843936993985,4
Q128904181,0.021084346524141036,4
Q104346712,0.08224406745673116,9
Q121589667,0.003178543642994708,1
Q7928402,0.025725493752807024,4
Q19666838,0.0030272166691277034,1
Q57313869,0.0001468343775123652,0
Q11299614,0.03037815577450378,5
Q25464832,0.03259984770940786,5
Q13434469,0.04760765385487129,7
Q4767317,0.042404078330472106,6
Q441418,0.005206151164243945,2
Q131738115,0.0011275789286467012,0
Q7801191,0.08051963999451914,9
Q4891791,0.07976306983935644,9
Q6371007,0.06131422505776505,8
Q568958,0.006148103162599571,2
Q64748139,0.06379932778296861,8
Q7688101,0.0057533802367951675,2
Q12017993,0.07866525780969474,9
Q110050524,0.04991908234473111,7
Q5533063,0.05512710855581043,7
Q15215796,0.0010242432514978076,0
Q5607453,0.04856129434351726,7
Q113638756,0.04738781589009148,7
Q3998704,0.006448405870108819,2
Q16593477,0.00406375419032243,2
Q21067299,0.061739033819793766,8
Q10379311,0.06578953799928008,8
Q98598259,0.004861843328669181,2
Q84560710,0.005936727347365534,2
Q85865766,0.05058768325555941,7
Q521039,0.0045892658868696675,2
Q21099159,0.054765278757171396,7
Q122315092,0.0013021228462343978,0
Q21874584,0.020263947621693833,4
Q2392661,0.06286498543380258,8
Q3218746,0.02005051300301937,4
Q3946675,0.01036369603625189,3
Q116662270,0.0018109428018627464,0
Q71730498,0.030540110333497215,5
Q3811116,0.06342295322887316,8
Q16213246,0.0368338327577215,6
Q136379662,0.018151954639263692,3
Q6900058,0.13408999403926308,9
Q124646003,0.006317391909978449,2
Q15044094,0.08624306429854076,9
Q8054446,0.03102369291214229,5
Q49251927,0.0013652023567400924,0
Q6192956,0.0020944816779293884,1
Q6037377,0.031669489702339945,5
Q1352779,0.002056727518419841,1
Q18637555,0.026253794020589367,4
Q17107127,0.005395524412246561,2
Q6385955,0.055230732668491316,7
Q55106151,0.017092704299922743,3
Q8069672,0.06659380404042349,8
Q16154519,0.06709750416377591,8
Q107866151,0.1007752437576544,9
Q24572601,0.05202555484680733,7
Q56390601,0.0019863753299272885,0
Q124060599,0.04465073942647155,6
Q2734404,0.026325665713385772,4
Q3229469,0.06460169254907228,8
Q112023354,0.0023289436939674868,1
Q17403214,0.02698411491414992,4
Q25468747,0.017893507825647664,3
Q3666241,0.0649794937016155,8
Q47251066,0.03881440589000579,6
Q16513117,0.051561849178152895,7
Q3306244,0.012614725892160464,3
Q12034161,0.004188108565464664,2
Q12018996,0.003371687902677261,1
Q11961106,0.0035345714644162926,1
Q26236873,0.0027276459041212556,1
Q5997444,0.046194308668914164,7
Q113144894,0.027241715958700966,5
Q21621501,0.03341881021813208,5
Q18153709,0.02126718349605352,4
Q18484787,0.040649931458375865,6
Q1229642,0.11829032945111538,9
Q46532701,0.07407076108880058,8
Q126889869,0.04786310602740696,7
Q107170795,0.018064341093926992,3
Q106641331,0.003034903692201929,1
Q115898109,0.015788522772002864,3
Q117774,0.002864505705918168,1
Q10359286,0.06505118006348362,8
Q60999906,0.0262184032545769,4
Q9077361,0.005603170598454934,2
Q23887859,0.05123324413984919,7
Q110781553,0.04404694848050224,6
Q5418297,0.005317842929967604,2
Q49248264,0.07200652221944223,8
Q5794002,0.002628650166877183,1
Q111577878,0.006757839766164743,2
Q136031827,0.037471385783955855,6
Q3611816,0.027567974047166023,5
Q56412850,0.02510600150274315,4
Q24006331,0.022167037441808948,4
Q27901807,0.16634014134137734,9
Q25484647,0.0021659829272942864,1
Q5984816,0.0022351518802790336,1
Q5874412,0.004291091780371055,2
Q136497492,0.11821243682934868,9
Q7937813,0.047016065848547346,7
Q28039889,0.04108285327770853,6
Q123034160,0.00036004299148858127,0
Q5109047,0.022819409530822964,4
Q129194761,0.03063671127575843,5
Q95224430,0.005010263268090848,2
Q16154043,0.0062366494390400365,2
Q65170283,0.00620512808850025,2
Q120549510,0.049214840086147446,7
Q22277743,0.0727752734604335,8
Q6172655,0.05305778932175855,7
Q130383360,0.022404534584841852,4
Q7801810,0.03251512596461398,5
Q26262062,0.042185671963754376,6
Q6968822,0.02038792596499641,4
Q12032927,0.0005137491530969977,0
Q62886345,0.01156088096691407,3
Q3676114,0.027888229128239597,5
Q120228302,0.03598111489566472,6
Q136668873,0.023473205777786388,4
Q118215616,0.037028505050630336,6
Q108523870,0.002440316155974383,1
Q17386032,0.05551487730098108,7
Q136323295,0.0038317284693525594,2
Q34584918,0.06273314675102655,8
Q124332114,0.010805574354741488,3
Q104596550,0.030106398119064782,5
Q84082164,0.022107698213887274,4
Q6166827,0.05224666093830721,7
Q11774073,0.007676956504583628,3
Q49056103,0.0643760190486253,8
Q136832069,0.09350329769347253,9
Q108177810,0.02973738781942504,5
Q3959256,0.051028031466153166,7
Q130544759,0.05087122608681231,7
Q17998507,0.058293277010507814,8
Q11722430,0.012489699680244985,3
Q16164776,0.0004510260905027745,0
Q138381985,0.09943384702019989,9
Q63352665,0.08229432001086982,9
Q64756727,0.05706161533470585,7
Q71948060,0.039689398653608175,6
Q115478779,0.07349870062677913,8
Q16161615,0.1211092511689565,9
Q18202802,0.06734031237494813,8
Q59655822,0.01674586641445816,3
Q11728885,0.04865219045099337,7
Q64781479,0.015727899336259038,3
Q27536220,0.0008762693318133015,0
Q27861767,0.12584599516093997,9
Q64009495,0.04064923590451262,6
Q11052277,0.016854511712543582,3
Q61876174,0.060626730478409746,8
Q104668143,0.006334196954212135,2
Q126370092,0.097633324968296,9
Q115051888,0.0044681832984133,2
Q66490661,0.02705885311792046,4
Q8506034,0.051468710782541366,7
Q66360818,0.026913047735802723,4
Q135030063,0.03406829627027141,5
Q62310426,0.004000215174532217,2
Q135951052,0.006394618186898361,2
Q10823065,0.04522129651724963,6
Q30090205,0.0048790191486894965,2
Q56222461,0.020299013600393337,4
Q108324988,0.0015451093120966775,0
Q20500864,0.030602431060820882,5
Q135975341,0.013916728160528817,3
Q76910604,0.0728427326334348,8
Q20499028,0.0036664727780792135,2
Q130470105,0.0016798829747146254,0
Q51120443,0.0256404477147636,4
Q64692943,0.03519014866410281,6
Q20026284,0.020182919122548933,4
Q29453213,0.05214828838000716,7
Q61099644,0.039207447891520836,6
Q11310347,0.012273783122443704,3
Q113828883,0.0019033258815732404,0
Q12770234,0.0021200947869436013,1
Q103627259,0.0004846205199085081,0
Q18921057,0.001729309784713878,0
Q114290347,0.03395383534775654,5
Q55433836,0.00298716115286943,1
Q56855411,0.0014143257931806788,0
Q56631083,0.021406036443066424,4
Q136091374,0.045478328686487636,6
Q543999,0.05166633765411236,7
Q189728,0.0020466515742594074,1
Q168199,0.03434470240405158,5
Q2829995,0.09494025005790617,9
Q3118802,0.00019042230337438162,0
Q15428297,0.04089996070908049,6
Q89376,0.056151941009987626,7
Q174244,0.045476843448552164,6
Q75053,0.002184301735407332,1
Q3180864,0.030794911950236727,5
Q71144,0.026703154134010976,4
Q121455,0.03979226100897423,6
Q91093,0.020064157840745007,4
Q9025108,0.03456787043803663,5
Q3381806,0.06466502206818028,8
Q39415644,0.004188521440084422,2
Q3419113,0.0027808653926518,1
Q12037105,0.0027941848827329327,1
Q102247404,0.004097842091370447,2
Q57907563,0.0033445176747450675,1
Q1809334,0.003194369068087082,1
Q4191780,0.0042503694591096665,2
Q305414,0.0360546268108434,6
Q10564923,0.05391796950483764,7
Q57414579,0.08234070173710561,9
Q91232089,0.02991985804229318,5
Q1463918,0.08948906646161836,9
Q1626653,0.07428850546681767,8
Q2223288,0.0021758722485332085,1
Q15065304,0.0018546557884391182,0
Q11925747,0.03294476247023739,5
Q6523655,0.061702232664591794,8
Q2248148,0.03422860414609512,5
Q5240251,0.0006088947657054818,0
Q13735239,0.04784466971055545,7
Q41670173,0.019016151484896396,3
Q56000671,0.05061855564707961,7
Q2476742,0.07947960033128855,9
Q518041,0.03156136124112636,5
Q21199056,0.0024835851907118395,1
Q101242567,0.06261238689622119,8
Q16513969,0.0041691182159102076,2
Q27870042,0.05083035010756649,7
Q101348,0.006165544935675463,2
Q1015006,0.009958403830575826,3
Q13424143,0.022510091841797832,4
Q1532528,0.0969761816783578,9
Q12023043,0.012992980509144743,3
Q533056,0.05896979717107309,8
Q3290927,0.05058330022555661,7
Q179547,0.0003497332257191969,0
Q5307654,0.04630013894618319,7
Q96240,0.050240311011796275,7
Q64706321,0.003410451607643168,1
Q5234261,0.06047542121263203,8
Q1781987,0.014572904200586111,3
Q1925137,0.0027343544548016517,1
Q89715,0.0845420338200079,9
Q2645586,0.030737757257012895,5
Q1557575,0.003081191111657568,1
Q5354264,0.004397643372798409,2
Q42089129,0.03724525565957089,6
Q18718697,0.038902823452276636,6
Q1083773,0.0023243734981346176,1
Q18630269,0.03073498110481335,5
Q1611633,0.1641727607113148,9
Q2162975,0.0384847312475845,6
Q1243812,0.0451954182403386,6
Q1584532,0.03911076088679654,6
Q1465955,0.03834615631780628,6
Q1612051,0.03508808412003194,5
Q1587494,0.1004471292547882,9
Q116995586,0.017067455269557944,3
Q28729223,0.019004408589125527,3
Q111981583,0.02585241067170026,4
Q88191911,0.0024793898236681027,1
Q62559955,0.04913356689064582,7
Q704881,0.003097382876305292,1
Q37672175,0.020036740460945963,4
Q1655626,0.0004606573587440869,0
Q18913337,0.04536000127306439,6
Q1702052,0.005200713368022974,2
Q3917317,0.004098931406482535,2
Q23993955,0.005824774746578388,2
Q122236,0.04495266752794971,6
Q23063254,0.030363013682521388,5
Q110333,0.011287761268583048,3
Q96138,0.02935114613955679,5
Q17322472,0.0714355009699721,8
Q1526844,0.048696252959686034,7
Q12042395,0.04924887906200353,7
Q120065,0.07182497991112173,8
Q12025118,0.006841887711276492,2
Q43192085,0.018362860036170728,3
Q1744773,0.06575334660087903,8
Q65940459,0.00320943807165597,1
Q1912916,0.04368917515285878,6
Q26214205,0.003581449396100353,1
Q1549424,0.057419349321259784,8
Q19513898,0.005127139688060272,2
Q11779015,0.033798278196907686,5
Q106877382,0.03226983482036067,5
Q28222898,0.07705666986311795,9
Q62434616,0.007870010353445592,3
Q19840750,0.023829262894638898,4
Q167964,0.0061974777592280145,2
Q1889180,0.002602953968037237,1
Q18042635,0.03457772061868349,5
Q1447214,0.051968865526071314,7
Q15851554,0.026339077120833908,4
Q23878557,0.0028029440538345925,1
Q701511,0.0066145975850783415,2
Q17518492,0.05547247697437549,7
Q4523816,0.12848658407126617,9
Q102256164,0.0006071836928265901,0
Q2597267,0.001266032129744605,0
Q1697458,0.04411590929640072,6
Q2329147,0.05952346566217218,8
Q2718102,0.04423118236109411,6
Q1462617,0.04612659321457732,7
Q1587049,0.03487188837242717,5
Q1986291,0.004752235790038353,2
Q2653166,0.0020153334773537423,1
Q44587091,0.004740555071388294,2
Q28493479,0.05507696513117883,7
Q25340668,0.004784276130027836,2
Q59528118,0.00499430792044196,2
Q1788750,0.07404718500211176,8
Q3158359,0.0033555207707850728,1
Q1699979,0.060906039799647274,8
Q1745843,0.050638696948838116,7
Q6075544,0.04955444511351312,7
Q63967798,0.0005190045648911627,0
Q23062575,0.03160359145524025,5
Q10857622,0.05088145108322913,7
Q1539179,0.0019065988043904432,0
Q14002462,0.011517144823081226,3
Q1612857,0.05148557205777496,7
Q23887806,0.014489936634847241,3
Q16299983,0.07136979269960486,8
Q3524971,0.009742162821955742,3
Q57573358,0.06479505639511214,8
Q2553432,0.04757054793732394,7
Q2546275,0.07824098633401276,9
Q19271586,0.003570048933627774,1
Q106890098,0.0015183617602335176,0
Q4151365,0.03067446106151991,5
Q1463261,0.031013379520665414,5
Q2638899,0.011069238235924051,3
Q915234,0.014548147096118683,3
Q1578448,0.016311128772440602,3
Q2039942,0.046624340059831904,7
Q26201840,0.019792839575019486,3
Q30031036,0.05498131954494562,7
Q13428979,0.0350383795714017,5
Q2198034,0.02210979836963212,4
Q27898343,0.03928116609545112,6
Q1685725,0.002224361331095149,1
Q1513733,0.024353237499017015,4
Q1598786,0.020909256087140136,4
Q1406820,0.04396079711157629,6
Q110180475,0.029668187554432523,5
Q12743074,0.08756155277067572,9
Q1896633,0.023214807091146168,4
Q15446184,0.0541363425615889,7
Q19277403,0.03301242881305929,5
Q98104430,0.030789539864142828,5
Q6549703,0.1272791350826348,9
Q40835168,0.033640206271982935,5
Q101236188,0.0033927637897170787,1
Q15507825,0.018539176383611522,3
Q19287297,0.031851481805618725,5
Q113811488,0.0630016174337844,8
Q215525,0.04786385778286063,7
Q23956971,0.014127767620711926,3
Q1114061,0.04195257802435125,6
Q1928771,0.020171982578414814,4
Q98769069,0.0018834529447286535,0
Q3308189,0.056133568306891216,7
Q5497282,0.04646888040964924,7
Q29981094,0.0352145079050399,6
Q1338166,0.07613077934587703,9
Q1058985,0.007528297442109152,2
Q19958962,0.018353651395933663,3
Q5276303,0.0020349678286156287,1
Q1405637,0.004476998641780202,2
Q454899,0.001722708506753754,0
Q95167203,0.022792933469439825,4
Q15456147,0.04543978515716327,6
Q13460573,0.00199371077668571,1
Q17353024,0.14029201803964247,9
Q23061462,0.004449894053957214,2
Q41796219,0.00699646578832183,2
Q4096092,0.008866906510768567,3
Q9254753,0.04623833816993991,7
Q21033002,0.007488815463183107,2
Q19960123,0.08157527508818509,9
Q41142793,0.009664068829288375,3
Q18718940,0.019111398087468534,3
Q9267500,0.08552900972948099,9
Q55672926,0.056025427264632825,7
Q1338518,0.003928554320575382,2
Q2039447,0.067258997113958,8
Q59525094,0.0042099315009664125,2
Q56780713,0.002831242390208656,1
Q11780040,0.00242918995292249,1
Q1602215,0.040650875865224936,6
Q22692414,0.002986377682264539,1
Q28017797,0.020249657247138318,4
Q10857451,0.0023624804396308987,1
Q110342116,0.022952380728015632,4
Q19832250,0.052240492655907265,7
Q97011137,0.08192157421485972,9
Q12044896,0.038939057376431135,6
Q112487786,0.02398743836827004,4
Q13856482,0.011514511042886637,3
Q1579059,0.07463464645870205,8
Q241545,0.004089923270470512,2
Q37719780,0.005459523115280462,2
Q55559966,0.00315100348102405,1
Q90346169,0.08993866988101636,9
Q23748024,0.0034567486244801962,1
Q1098776,0.10264318546782646,9
Q22089436,0.0315391089314099,5
Q17326729,0.04618542568374551,7
Q63003056,0.03065225602846011,5
Q17138792,0.08022216140504827,9
Q88597327,0.0671146443522095,8
Q2078031,0.025462953800023926,4
Q119703657,0.0007116328103673347,0
Q20979976,0.04878649397726042,7
Q112254789,0.07573100794029938,8
Q99721,0.028888830369840593,5
Q103164068,0.0009749769187678784,0
Q2427883,0.04163729234395966,6
Q12025352,0.012662533718582255,3
Q107156,0.12146805289731893,9
Q810057,0.0394308811316381,6
Q43199589,0.0460027531820831,6
Q3108022,0.02208706571058076,4
Q16298703,0.0020107498790370697,1
Q27267308,0.09170829798083695,9
Q11714551,0.04026905575375732,6
Q104665645,0.004049525575848172,2
Q23888800,0.001506113685853036,0
Q61827235,0.01323051560050008,3
Q22693445,0.0014030246284409535,0
Q1288946,0.043874697292285145,6
Q115007447,0.032536964785114864,5
Q16538389,0.003432471585393051,1
Q63003562,0.024320179265218584,4
Q19285363,0.013722038745740767,3
Q15627046,0.0024214946362958608,1
Q18544184,0.08103838058127828,9
Q116600,0.02364331612660563,4
Q1605958,0.029566090142196043,5
Q1673494,0.04178210076736257,6
Q1730154,0.06590073458198695,8
Q17579884,0.047321371293825305,7
Q27749781,0.03594416379656832,6
Q48860885,0.022450957219419285,4
Q998502,0.03823006925136744,6
Q2284948,0.03418793480986104,5
Q5731267,0.016975334362365847,3
Q40974982,0.055689910031529025,7
Q1263492,0.053653317747098216,7
Q1222096,0.002079794401145101,1
Q21033912,0.05118974706074989,7
Q109616488,0.03955174678837539,6
Q19513606,0.07241506909388985,8
Q1712936,0.05631437327234503,7
Q1604139,0.025835476709999604,4
Q2075282,0.006579201325942341,2
Q1577782,0.07600534962975299,9
Q13341449,0.08250568898359224,9
Q55413922,0.002988172964971559,1
Q97063814,0.02275450652069764,4
Q15431492,0.0016474325091886772,0
Q19818800,0.0014695438972663914,0
Q12299714,0.0021373764829696077,1
Q28869266,0.0037493977815879253,2
Q110932,0.005184562332395129,2
Q2073872,0.044402452516390106,6
Q12025389,0.04639811499955208,7
Q22004140,0.003299989178822364,1
Q95104264,0.1082940888260368,9
Q21832531,0.003166332850488539,1
Q29908298,0.003568455385723206,1
Q15854508,0.05717467553164356,7
Q107365275,0.05280144117545284,7
Q36977698,0.03321992947583718,5
Q12055943,0.0006529792278085492,0
Q245334,0.06175188266088498,8
Q6949680,0.003504866071633597,1
Q18402317,0.004313581887244641,2
Q17429814,0.028141309490849534,5
Q7176124,0.060646446688700985,8
Q107429934,0.025834723425030705,4
Q66819551,0.0715064304583729,8
Q2041179,0.05158867050218511,7
Q1818785,0.004694706837129178,2
Q57469533,0.0013370489862588454,0
Q2669113,0.04827415892472781,7
Q9288152,0.012093199311493897,3
Q15781997,0.007633671554973099,3
Q67202366,0.00884691833998148,3
Q106839277,0.008309911641413693,3
Q1789363,0.02308568221026983,4
Q889933,0.07646414374596629,9
Q24428513,0.006429047027872559,2
Q112502502,0.007310381642519825,2
Q29862592,0.0015784795083722686,0
Q2527417,0.03858512834884321,6
Q65945408,0.027734094119718555,5
Q11817868,0.0019144832791989212,0
Q11767564,0.022121219769699794,4
Q23063368,0.055597385233730943,7
Q1697223,0.0034168422937438693,1
Q25273277,0.0019313610376460806,0
Q101242607,0.0018546184380551934,0
Q11686807,0.09910279799661749,9
Q63003169,0.0015532128199702586,0
Q17389416,0.02928561917687182,5
Q1279187,0.09144129609250548,9
Q11778814,0.002522557082264344,1
Q26257550,0.028443507113973195,5
Q23020608,0.0273929417054077,5
Q15456351,0.002933909975511311,1
Q1703528,0.0018912813544332992,0
Q1894937,0.06013982832890018,8
Q97834,0.08043011709676451,9
Q7358221,0.0022205044315232315,1
Q31053890,0.027844236712165238,5
Q11738025,0.0263691479637538,4
Q95221279,0.0019144832791989212,0
Q71674799,0.09663586155591065,9
Q62075493,0.0079380085577898,3
Q63004334,0.11695924609262304,9
Q63003144,0.04036820237005683,6
Q106421323,0.10060031711653686,9
Q112544397,0.0042222691321093285,2
Q42911370,0.040355266029506155,6
Q1608179,0.02019209506011717,4
Q4977715,0.14113424979801598,9
Q1355233,0.04477643032960272,6
Q23978068,0.0027324878370321116,1
Q18624287,0.00423875866246223,2
Q21551697,0.0029869477307120354,1
Q792235,0.00415701727878363,2
Q28868889,0.060692790726006814,8
Q11817575,0.10106413229454025,9
Q131179917,0.002793841286304062,1
Q124823569,0.016299399312894494,3
Q37627577,0.033193860702142135,5
Q19691428,0.003667720944453275,2
Q22669773,0.034955424608655195,5
Q26208901,0.047869679744793565,7
Q2959286,0.049078859897551355,7
Q2538631,0.025005492617825826,4
Q24202925,0.04028019148014067,6
Q1598494,0.002034979808096935,1
Q129345,0.025274937165523304,4
Q15290678,0.05122887026457794,7
Q63003417,0.06144742775006544,8
Q47091394,0.06047054162773262,8
Q30122287,0.003137760376673538,1
Q67198282,0.05525202080399839,7
Q21033322,0.15536436829427414,9
Q2517502,0.040241210880997184,6
Q105747224,0.0775582399913877,9
Q53001818,0.053007925653798874,7
Q90181,0.07356234946123674,8
Q18008957,0.0019859978764338697,0
Q61693769,0.012317046890688308,3
Q22693740,0.002606336298264482,1
Q23072001,0.003026043156312687,1
Q60818564,0.07553078795959857,8
Q63003756,0.055131920682232535,7
Q87783859,0.02664130938736078,4
Q15724764,0.055590870900557574,7
Q55687582,0.041465259661999224,6
Q22681977,0.00207395208136288,1
Q567267,0.039619524388681694,6
Q16610263,0.021537487537109278,4
Q1288463,0.04296258119837677,6
Q18191225,0.06589563509148151,8
Q72049176,0.0016439604944522537,0
Q24054338,0.0014856215202941154,0
Q21032179,0.053162310140901475,7
Q15549877,0.001630345179598578,0
Q33103693,0.10002926100664596,9
Q1279154,0.023405785569268363,4
Q1626428,0.0032768874833305497,1
Q95099364,0.0672503212993222,8
Q1284967,0.04618428447579423,7
Q1879046,0.0007340237107487013,0
Q47489591,0.09225574066401675,9
Q28198633,0.0036612579811566804,1
Q25374252,0.11044929736488833,9
Q1629228,0.0017187032580304902,0
Q132171102,0.08018619447176539,9
Q26876960,0.03213522679487983,5
Q67197854,0.030494358297038754,5
Q40430342,0.013423067422410699,3
Q28464731,0.05125255783813519,7
Q45367526,0.005771069633493978,2
Q63003965,0.014788366668525725,3
Q15435414,0.11550965094335966,9
Q35603120,0.02696727258406705,4
Q30819303,0.036784819759986064,6
Q18221373,0.08936763923570124,9
Q63003102,0.011962126187997309,3
Q42786408,0.01642796086870185,3
Q16054562,0.01671117686574139,3
Q73515577,0.04867516792479239,7
Q65588735,0.03612836914069657,6
Q1351961,0.07728543832193198,9
Q113750631,0.005937825677565126,2
Q2123379,0.053061044614923246,7
Q15437969,0.0773807228871781,9
Q90645,0.06561419769031651,8
Q18811904,0.001291422019076155,0
Q4072922,0.009800545391316199,3
Q89285865,0.05516945932535458,7
Q426825,0.04109572862470379,6
Q27159524,0.05768919743220643,8
Q21033649,0.09123172306426376,9
Q119134935,0.021248022269184753,4
Q86336600,0.011143414513805011,3
Q12778659,0.030323381262619915,5
Q1608415,0.0036022334149443305,1
Q78868467,0.0025687063249963606,1
Q2091200,0.035495532884243536,6
Q28941884,0.0008243786374102486,0
Q31000572,0.04403529221239736,6
Q7902311,0.05399989345708586,7
Q49863158,0.0043703945096319466,2
Q19963814,0.003821408823520049,2
Q75940181,0.04136209387947884,6
Q95365310,0.0040027489465345265,2
Q68294513,0.03400252194563147,5
Q25928132,0.03677472118269604,6
Q1733215,0.0566709521411692,7
Q2163066,0.03632360434138613,6
Q24276523,0.023497856166639818,4
Q24258107,0.02424799713224391,4
Q23994727,0.003647271788486357,1
Q2547294,0.0023298531476221977,1
Q20675773,0.027922412602851745,5
Q1579649,0.0007017193390070736,0
Q15845781,0.036452414629522936,6
Q2177764,0.019988548613429125,3
Q27230539,0.08402325744696114,9
Q19793337,0.03421875432874169,5
Q28004349,0.03268435206694507,5
Q15447384,0.04388826759711236,6
Q1442448,0.06378028606879006,8
Q31207487,0.057150735376413984,7
Q41744577,0.05328226213441274,7
Q2547327,0.08189110370717158,9
Q32999386,0.0036332743293358673,1
Q95395272,0.03013650472760063,5
Q16168343,0.002015381641497574,1
Q29872801,0.030234526496648907,5
Q816705,0.0076635469079485,3
Q63003881,0.04223137796866721,6
Q1690970,0.06766707567854612,8
Q15358844,0.053848556199703905,7
Q59530642,0.004683803347622957,2
Q109139488,0.00614164730453958,2
Q5984188,0.06440188193426458,8
Q63004074,0.0011920004145541238,0
Q19960221,0.13280007766299026,9
Q63003132,0.026356177726690126,4
Q57421950,0.05252266814921682,7
Q24197441,0.02752803597101839,5
Q1259090,0.0009441978118678788,0
Q107208299,0.0005390641295930365,0
Q21669517,0.057511781932386714,8
Q15453522,0.040059641220731274,6
Q63004138,0.002055752034978839,1
Q21684410,0.0033297363634408354,1
Q94984944,0.0034519421561177593,1
Q106983091,0.011470754961437839,3
Q11978004,0.020957659861119197,4
Q9376723,0.02340471285442549,4
Q107163765,0.07141111580869643,8
Q1264376,0.05370625516462305,7
Q27604764,0.0025977384366908094,1
Q1905319,0.08836048121545577,9
Q2687110,0.023171068368712334,4
Q95389972,0.03130114611030915,5
Q28049539,0.03574119503901283,6
Q28665399,0.03652241605353375,6
Q107005667,0.10895000185889993,9
Q65124767,0.008267344987797258,3
Q15089507,0.030589536992631193,5
Q1269856,0.05728565624849902,7
Q1100002,0.0014595483270281099,0
Q1442030,0.02723947598912616,5
Q1894652,0.09429731903441331,9
Q95155464,0.0018912813544332992,0
Q28851352,0.11105542948198836,9
Q1379039,0.07525546282400168,8
Q67198194,0.0018973272013421652,0
Q95175309,0.05403699343736429,7
Q1735968,0.020833701163761067,4
Q42320970,0.03548509303256276,6
Q55713635,0.052924720873308045,7
Q1493066,0.004109076059055718,2
Q39487349,0.024733297931961103,4
Q95139881,0.05423452396432465,7
Q2545866,0.09731025090639044,9
Q111334507,0.0029298945063525542,1
Q12023239,0.0023351341605870306,1
Q27960339,0.031411182707248755,5
Q20190416,0.031911977783884125,5
Q27229699,0.06887732494949775,8
Q23059973,0.022121515923085863,4
Q2284900,0.032334838968249895,5
Q2140197,0.041207786214640336,6
Q2163473,0.07058211513143041,8
Q1016434,0.09515027752845723,9
Q21499711,0.03582390922295458,6
Q631132,0.01532442335110324,3
Q15435172,0.04250216169506724,6
Q29000592,0.08841338095643761,9
Q29550390,0.027153677142090077,4
Q42530734,0.066902325226149,8
Q102243644,0.057780858047023556,8
Q17107293,0.03266958736313362,5
Q1745614,0.12280628770811605,9
Q1603196,0.05045341648031404,7
Q12271452,0.006538674247424231,2
Q2474850,0.05136791489338911,7
Q697709,0.060478563706655664,8
Q21033708,0.0659461251711152,8
Q15480129,0.014063412991790253,3
Q1896822,0.0772654063687907,9
Q30066805,0.029777031513508034,5
Q865239,0.0016609458457286792,0
Q1608751,0.051963188058292184,7
Q55227806,0.0023058115538375644,1
Q18398033,0.03259254558140172,5
Q94991485,0.00212712017995911,1
Q1224240,0.0045697461983893505,2
Q1690515,0.025685708979178056,4
Q2163562,0.004343306619380177,2
Q1927815,0.0023755939899603364,1
Q27646922,0.041165345682146984,6
Q65727452,0.03442632368230983,5
Q58863322,0.00218993344898838,1
Q24033845,0.07782804412791709,9
Q95399044,0.0410768753032367,6
Q24711551,0.0017376680210509725,0
Q29011369,0.07520327196031174,8
Q36832470,0.032197596533503695,5
Q65589214,0.11193893416705722,9
Q2302708,0.030764077216450792,5
Q12174174,0.030831597091743983,5
Q18222214,0.021348408433343184,4
Q61448623,0.07983432564824307,9
Q15707842,0.027012942233639307,4
Q30243693,0.08708499608481866,9
Q95332547,0.06727601389289763,8
Q116947598,0.001962364346039598,0
Q108663843,0.06780758729753283,8
Q21552506,0.03975794443775022,6
Q1746553,0.05324583481781668,7
Q113808608,0.045650741223812234,6
Q1258137,0.0062586148461805675,2
Q46918669,0.0009410943447931325,0
Q57457867,0.036477436172875244,6
Q22691294,0.05400415384087712,7
Q1581735,0.14943288166327415,9
Q18352928,0.00240952862507591,1
Q55692398,0.03418144495584072,5
Q1746216,0.007428856887930708,2
Q1145553,0.03035244728258246,5
Q23958111,0.006324896601412641,2
Q124650865,0.0056812093051441265,2
Q23061033,0.03178939454123648,5
Q24052414,0.0011497093901423837,0
Q21281333,0.03050772860961278,5
Q18626851,0.11495696544315152,9
Q102171061,0.0019491113372755464,0
Q65850149,0.026074812808553054,4
Q33638255,0.03379019810158166,5
Q4240544,0.05771805587096485,8
Q1679129,0.06138814852356037,8
Q1279434,0.06596690834452092,8
Q55323823,0.03086404664048833,5
Q106911,0.0024330036092835923,1
Q29583178,0.13453698787768267,9
Q18222113,0.005214714501996303,2
Q21552119,0.01117639788024942,3
Q72060299,0.050359494477541906,7
Q11697418,0.006966568791522075,2
Q1236010,0.049640736761482895,7
Q1927510,0.051675914179704116,7
Q1680555,0.003132433833546175,1
Q1457124,0.00168175582705501,0
Q2687095,0.05768546677576566,8
Q27912165,0.07424842927202552,8
Q64429531,0.0611346062625042,8
Q514576,0.03234946799683193,5
Q7491306,0.003991004551998468,2
Q27064385,0.03384280418466667,5
Q1350836,0.03226194724647719,5
Q125699792,0.020973141161839324,4
Q24451597,0.050915782656244024,7
Q39590812,0.05170982605508577,7
Q1393502,0.059277896536949086,8
Q18628920,0.06381755787673929,8
Q108817009,0.03420668066508357,5
Q30880263,0.023129447881727508,4
Q125760095,0.00734904749989138,2
Q95224028,0.07101589222236847,8
Q89903667,0.008015360452341615,3
Q124000687,0.0017755936348584336,0
Q15439774,0.05189629211741912,7
Q46321131,0.0013525021457245767,0
Q24705426,0.03243294470755674,5
Q32979659,0.05506903746697087,7
Q28704751,0.023785005542042957,4
Q67197818,0.01069440316658957,3
Q11719342,0.0034531379916179715,1
Q15822865,0.0022531498608328706,1
Q124169453,0.030682575307605316,5
Q19819032,0.0019526392892743752,0
Q95179498,0.0019767141056960705,0
Q65945410,0.031112751244855245,5
Q1603901,0.00414476810211684,2
Q1600092,0.00195497975988108,0
Q87806822,0.0283018362056195,5
Q20068339,0.036496754790094524,6
Q95135013,0.1640492092757259,9
Q102229256,0.07258337515592099,8
Q28702038,0.03970431574421021,6
Q2650337,0.001989070476045889,0
Q95440600,0.002906725598299048,1
Q113660513,0.025417145774650537,4
Q123628163,0.034309308120787786,5
Q32979112,0.06096091750519766,8
Q102124350,0.025293153816366612,4
Q1403780,0.03360574912828824,5
Q133878001,0.09663539910487962,9
Q15549980,0.07289500842744717,8
Q112122224,0.000950710254325342,0
Q16735582,0.038611940170670066,6
Q1516545,0.054945882144362794,7
Q95083219,0.04779996146053666,7
Q1447456,0.0027478166125322547,1
Q1461178,0.002017952957095505,1
Q95155326,0.044693232222895535,6
Q2591580,0.006882409593502394,2
Q1515698,0.004521516920500162,2
Q62476549,0.09524607770755612,9
Q42198942,0.001934073685520546,0
Q28766978,0.005296867921500866,2
Q102344418,0.006131441242430643,2
Q102356205,0.002779114049427811,1
Q63003627,0.031984636167751115,5
Q20967933,0.04914127186274906,7
Q12670136,0.0014478873188007247,0
Q18413071,0.04292969373152412,6
Q63003653,0.028736316011314364,5
Q126026761,0.06446487882761892,8
Q30853977,0.016491925946892163,3
Q2153256,0.0014027427732429128,0
Q1745196,0.10547874165285238,9
Q95147462,0.002740353467465613,1
Q95115184,0.044822469438720425,6
Q19793360,0.005582225898319448,2
Q23888036,0.004221025182509663,2
Q102408067,0.003674763487088529,2
Q124637186,0.03685801658334473,6
Q16301170,0.026145988365446727,4
Q109645162,0.005998659438644111,2
Q21839538,0.04802940400276946,7
Q95485945,0.0012521976916907884,0
Q110136549,0.0018977035773923609,0
Q2645267,0.05381534486411463,7
Q17402334,0.0015532128199702586,0
Q55575697,0.07823065288648072,9
Q68596187,0.022628731432633487,4
Q106983612,0.001897705445306504,0
Q22675319,0.0023075223537925636,1
Q83808731,0.006263280802518213,2
Q2113367,0.05149077397011398,7
Q113807905,0.009606626658798407,3
Q21552325,0.032636801229397695,5
Q67198009,0.05488044635857564,7
Q63004078,0.042480019949350606,6
Q26227222,0.09480952406747076,9
Q113812353,0.0034507772302713635,1
Q63004376,0.049463479641326843,7
Q100158621,0.0003828427192254609,0
Q120578454,0.04199692404303326,6
Q20733690,0.0106804901794263,3
Q23936671,0.0037403888687809477,2
Q1223772,0.055075209074725205,7
Q1273104,0.004747479876508357,2
Q122573753,0.0028018533258445492,1
Q34810433,0.00612893273276953,2
Q22669676,0.001996453217954226,1
Q126326947,0.0018216903861813687,0
Q95098779,0.0018216903861813687,0
Q15814407,0.08840742803615394,9
Q28702746,0.028916479091373837,5
Q95490231,0.03913474406683989,6
Q95147601,0.002063195883366736,1
Q95166722,0.015937278535112856,3
Q65770767,0.024702888353092103,4
Q57315994,0.014998662404153595,3
Q62022761,0.003217588910380657,1
Q73506340,0.03657753584206931,6
Q95374663,0.033150957810348144,5
Q60156524,0.005391897996129007,2
Q95221059,0.00516024844012145,2
Q102190993,0.08190784495936397,9
Q95154399,0.045242026509086486,6
Q64078166,0.05010824318823896,7
Q95221291,0.005047068795924371,2
Q22133131,0.002864473138117003,1
Q135098919,0.0060478804592417525,2
Q1543636,0.04487179841927587,6
Q95483455,0.005270988573243978,2
Q95440618,0.006157208901250226,2
Q130552593,0.0032773809718838432,1
Q18645566,0.060362073303598156,8
Q63862919,0.0058648488581452395,2
Q95174465,0.005375978185712065,2
Q496416,0.006889399273043422,2
Q93031046,0.030718929827365946,5
Q95094925,0.007320484159897079,2
Q63004356,0.04183929528217227,6
Q67198382,0.04575949914759642,6
Q67198095,0.001412349312328567,0
Q19965714,0.08748858627267285,9
Q71164754,0.02141810149633884,4
Q12501014,0.0116408473301399,3
Q65849906,0.03975736601945646,6
Q109714144,0.022933444351116473,4
Q102941917,0.00039873512583493736,0
Q134696992,0.06615228553130321,8
Q138205241,0.004502006910741004,2
Q23671752,0.0033928087375149213,1
Q1171153,0.00505334257994233,2
Q112342956,0.0036785758570393253,2
Q113821749,0.06955702375416471,8
Q95464709,0.004040963677609176,2
Q1875054,0.06245285049821253,8
Q28856365,0.056011601155707066,7
Q18529418,0.02625207054621185,4
Q18413072,0.001897705445306504,0
Q95375359,0.0019867050928702194,0
Q59651886,0.002853913456656514,1
Q95078118,0.03196593043872813,5
Q113809224,0.0014612915499376978,0
Q16471484,0.029063366355244428,5
Q33133782,0.004456061776701239,2
Q40331612,0.0033621958498511145,1
Q18275154,0.15688022193200438,9
Q95447333,0.0019767141056960705,0
Q119505169,0.11949256964989431,9
Q106984536,0.0018033716165254442,0
Q102201167,0.0353274089406011,6
Q112326717,0.003993176227035009,2
Q95373602,0.0029853572146871193,1
Q106983580,0.0013380139300633634,0
Q68595915,0.056687851352249366,7
Q126369150,0.0394003844686718,6
Q63004308,0.032691070105778534,5
Q1512261,0.04868336924069453,7
Q16890312,0.0013564409122622705,0
Q1794274,0.03239675741222727,5
Q95391454,0.0024016330908967526,1
Q65588736,0.017203963164818294,3
Q112395729,0.004539778793525251,2
Q110641595,0.08248894366911176,9
Q38792375,0.04452379636364663,6
Q15448878,0.03350559539640458,5
Q113770381,0.08036933383772851,9
Q137270503,0.048540789832427746,7
Q17305201,0.004807800864078595,2
Q76741476,0.05373086993550071,7
Q95152711,0.001081858629133871,0
Q39744347,0.06003559659672055,8
Q26459799,0.04881655835073257,7
Q20006996,0.04687134172799583,7
Q4330843,0.01231460814530592,3
Q113377029,0.0009551284431598689,0
Q105674842,0.028040306438290617,5
Q62672286,0.032651645844504744,5
Q120096538,0.007033738679547483,2
Q113977000,0.02794141162008285,5
Q123684704,0.034065977623911295,5
Q20006986,0.02400503008365746,4
Q95178762,0.04855490565892589,7
Q48182811,0.004962705281668006,2
Q20430665,0.16293459605528185,9
Q123684566,0.06954840524592334,8
Q123703343,0.05575515657911171,7
Q63003433,0.13629166338855156,9
Q95172906,0.0022742861085372702,1
Q24025674,0.0013083278160069363,0
Q126073915,0.028032909793560594,5
Q130710784,0.021530183416369843,4
Q107172842,0.06987172583245575,8
Q106984531,0.06106717461200625,8
Q123460392,0.005100487008943577,2
Q201248,0.011425773806058402,3
Q102130875,0.0038101150932119358,2
Q92577736,0.004337358062336592,2
Q111820892,0.021267780351412725,4
Q123682707,0.0028172155783758156,1
Q123707183,0.061313608887614245,8
Q133852189,0.03897250968810294,6
Q110726444,0.002161943656014458,1
Q123702535,0.00572326345592039,2
Q126250706,0.023614942669021696,4
Q106328238,0.007257580387961973,2
Q124293099,0.05645857573846621,7
Q123685639,0.04533393965532266,6
Q15437237,0.05777913457650481,8
Q123684637,0.00348174556286458,1
Q67599242,0.002582912018624321,1
Q28580868,0.002200347569710507,1
Q20798511,0.022768242559160816,4
Q126372665,0.034531749976099584,5
Q123682752,0.021468250448498136,4
Q30972882,0.021410455522060494,4
Q16168138,0.009730004846983883,3
Q68595922,0.07312982630147001,8
Q67198431,0.0028374274051031546,1
Q95156086,0.03393851024844056,5
Q47091310,0.026740762513049847,4
Q123763861,0.03968759566941697,6
Q68595896,0.018961015780623296,3
Q111383319,0.13089183733504028,9
Q76741412,0.03930311747387321,6
Q123681681,0.002234925189416425,1
Q117834456,0.02139733202577369,4
Q2172982,0.018443665869003652,3
Q123763694,0.023217416272748006,4
Q123686752,0.0017426817257918021,0
Q21547612,0.060148015274138183,8
Q113769019,0.04401506070931826,6
Q95156929,0.0016275979530587985,0
Q123682413,0.0019465295685434825,0
Q33321348,0.006115341870220246,2
Q67198020,0.00458540132521519,2
Q61874095,0.03285956536369227,5
Q67198408,0.023301754548181224,4
Q104641189,0.0011018094378278203,0
Q137459342,0.02863912306266429,5
Q126934642,0.03514101477714049,6
Q67198346,0.02143897537466332,4
Q67197902,0.0015939691216239873,0
Q95485053,0.0016798829747146254,0
Q65945421,0.03549066338385185,6
Q110538877,0.02561804611290853,4
Q107174594,0.05198819664868191,7
Q67198400,0.005412410431219158,2
Q19630665,0.006379302435625159,2
Q125747175,0.009408811195688229,3
Q10303866,0.05492707733099962,7
Q40539807,0.007834913982731364,3
Q15987404,0.05356696979674854,7
Q108914836,0.0070077471371197105,2
Q70214812,0.024294239794116983,4
Q115979727,0.12072236504973959,9
Q58470184,0.028590390682842456,5
Q77660487,0.0026813873961697965,1
Q115257166,0.02454205475397414,4
Q67197790,0.002306548238957562,1
Q74621924,0.09667182076473574,9
Q67198074,0.15134893705184918,9
Q68596057,0.0022357721118554017,1
Q17446807,0.05428622284678946,7
Q61874209,0.008769380327675642,3
Q105828251,0.0015227000177653529,0
Q74621969,0.0007818503021214042,0
Q95374768,0.05461350024539103,7
Q61135734,0.04553439632716281,6
Q74621947,0.04064253714904026,6
Q130536409,0.004975732933050375,2
Q124785888,0.0035518474437684923,1
Q26699795,0.03952100878373403,6
Q135265961,0.08973786388184399,9
Q125580568,0.005774173539577755,2
Q23060645,0.051212536106023145,7
Q95446538,0.05122359759987582,7
Q869303,0.04528052071040031,6
Q95241566,0.0029701473687739704,1
Q135265992,0.023810735535152575,4
Q61878845,0.0016666666666666668,0
Q61878098,0.025800723658865665,4
Q61878228,0.025804715382727345,4
Q61880852,0.0023147826401591115,1
Q64846950,0.050987537840960794,7
Q135266051,0.03674220539350984,6
Q61880301,0.08002610693326621,9
Q109760017,0.1279768843057086,9
Q64833360,0.02306394080562265,4
Q109757604,0.033618891468719034,5
Q109758618,0.002257587721927954,1
Q64852126,0.002592617846250459,1
Q64846331,0.005988958026740126,2
Q4481470,0.09414630884751161,9
Q64862035,0.04166163641256432,6
Q109776898,0.05601956103285578,7
Q64848096,0.097619943459252,9
Q64832180,0.10733198790138544,9
Q124858290,0.028281773157808197,5
Q63170789,0.054627632552237286,7
Q64848746,0.047230049349434575,7
Q64848612,0.007215564549472836,2
Q64832413,0.0014437427909548984,0
Q64848728,0.004184032944064401,2
Q64862496,0.0591974690905612,8
Q64832855,0.005046951278242209,2
Q64849448,0.005454865665668899,2
Q64846973,0.004575806779786587,2
Q64850589,0.037099571339697934,6
Q64832090,0.0006840737882463394,0
Q20481112,0.11304787488994439,9
Q115102730,0.007658957962419682,3
Q132013639,0.031124839227563837,5
Q120636048,0.01657291081048969,3
Q1914526,0.002126362220410322,1
Q133523649,0.08725645797859116,9
Q43374600,0.0017057414427584306,0
Q119398344,0.025158971794071748,4
Q119436566,0.001372713607598905,0
Q119438751,0.029909473770763965,5
Q1805962,0.026275857946793168,4
Q1284031,0.002251569384145675,1
Q130312850,0.02658047251548652,4
Q56248606,0.023052636599033397,4
Q16979840,0.13711018303801972,9
Q129652344,0.14286431291388363,9
Q129943748,0.0024412141772863936,1
Q88082960,0.016574035663446195,3
Q2368430,0.008052894900807343,3
Q105822003,0.023480617589092243,4
Q2160930,0.0001943154182110618,0
Q138110961,0.030104192933767468,5
Q125419507,0.1081896999554184,9
Q137791499,0.0013771167815468345,0
Q1675775,0.04780256342814329,7
Q113807939,0.07531510140827645,8
Q134690419,0.034611380753098026,5
Q65945392,0.021591630335312587,4
Q21516819,0.047685405677324946,7
Q111831114,0.03274131261758866,5
Q137568514,0.017459401941795336,3
Q125419466,0.004317052480365365,2
Q97581966,0.0018443005748372343,0
Q7412588,0.03634809918015943,6
Q69520380,0.014977057465666703,3
Q65924871,0.05306468526925851,7
Q137179598,0.002465153629364423,1
Q124097609,0.02307386343054181,4
Q20798882,0.0021178808927571307,1
Q124460433,0.003917235896741798,2
Q65924869,0.024317564856124057,4
Q67198333,0.00045432609590897083,0
Q1673427,0.007485915136531263,2
Q73882446,0.04105177647295178,6
Q131453585,0.004246280162840583,2
Q5850623,0.003691383878879146,2
Q87115687,0.044214678653205226,6
Q88012747,0.061529526230175095,8
Q116168126,0.0025485942905964596,1
Q29169583,0.053339698990437535,7
Q43729,0.0026454268327960793,1
Q960594,0.0030272166691277034,1
Q1277708,0.019128592083692435,3
Q29342,0.04444935527596135,6
Q187184,0.003521654045624102,1
Q433148,0.0348797845625246,5
Q3186498,0.001358380943555352,0
Q296416,0.02209880296644806,4
Q979715,0.023140321731899543,4
Q5651446,0.03508070326210588,5
Q359377,0.01164560942211375,3
Q558820,0.005029904551571124,2
Q299768,0.002780783649777838,1
Q1280005,0.072024993098169,8
Q311947,0.17333633309376859,9
Q3554195,0.041724466426472685,6
Q433813,0.026511675354299415,4
Q456365,0.051027314736428846,7
Q1526376,0.057063916523532945,7
Q195878,0.04762917889797567,7
Q555436,0.00024420494191365567,0
Q631125,0.029390408019646045,5
Q6420456,0.0005104790949193738,0
Q128721,0.028937114502120984,5
Q3275756,0.05102946065889247,7
Q450481,0.03431486467862927,5
Q358699,0.00674105204959704,2
Q1101626,0.004438540998688869,2
Q301689,0.008386258725582301,3
Q552413,0.013227283382753785,3
Q428603,0.003670031908663262,2
Q2334585,0.07511976239117246,8
Q108159340,0.02243086965601526,4
Q1875129,0.019567881423927697,3
Q313488,0.059796966538157886,8
Q520526,0.0039057157047491455,2
Q1613303,0.06630447010248233,8
Q312152,0.02629640765560112,4
Q310022,0.0028627273850091333,1
Q71390,0.047993655649968235,7
Q746616,0.0028165749972036973,1
Q113916,0.03648408177254693,6
Q5289726,0.006548289387140483,2
Q77044,0.02841205243172754,5
Q3194939,0.020406694698185013,4
Q2440941,0.02743032605289175,5
Q517962,0.03221395940356162,5
Q1032995,0.021321175258628776,4
Q3067712,0.04292069293502218,6
Q1375957,0.057025375412594774,7
Q538897,0.037482590188326295,6
Q27756687,0.05133146163349633,7
Q2735592,0.06081523529904897,8
Q510462,0.025948816649862386,4
Q930445,0.05168600221627494,7
Q17490268,0.02981323010825763,5
Q472508,0.02716161421754137,4
Q16875956,0.08918323050860141,9
Q96745600,0.05500807922710988,7
Q2959477,0.004231499599911753,2
Q3760423,0.03288785102759612,5
Q2749342,0.03152358501055202,5
Q706484,0.034056006243297895,5
Q16209481,0.1311613566900499,9
Q3814847,0.0017465912717086484,0
Q29456,0.0034527985525330857,1
Q320515,0.04165793153854205,6
Q3714431,0.12291511215345162,9
Q17490281,0.046181732051010164,7
Q27825322,0.029716385674496793,5
Q464495,0.06521957487135348,8
Q962408,0.11360562180958406,9
Q459988,0.0018235804505044465,0
Q584535,0.16736815062480756,9
Q2469707,0.002262994802835602,1
Q669446,0.003294609594364462,1
Q2479321,0.03819981683284797,6
Q12382615,0.06721372393071634,8
Q561897,0.00210710252273389,1
Q3888429,0.037886665458018096,6
Q4018618,0.06706418770073035,8
Q7699573,0.00372528136157245,2
Q24005295,0.07008234613812461,8
Q251799,0.03293291044603173,5
Q1173037,0.059433822692365364,8
Q399473,0.003954440885967576,2
Q4801962,0.0072171124568956874,2
Q3041942,0.006471014946226152,2
Q175520,0.04455215966499297,6
Q2555801,0.002172696960722972,1
Q3836673,0.06875570363976632,8
Q4979250,0.03141059853288669,5
Q710886,0.09747528398920363,9
Q1577700,0.03107223425104685,5
Q2841178,0.05365244700703582,7
Q7610116,0.0007053310994013517,0
Q797670,0.037820028953307896,6
Q3802207,0.025553226035209084,4
Q3940991,0.06598119508611386,8
Q2501742,0.051990765037297194,7
Q6740851,0.0004928015407479514,0
Q3508727,0.009034397089557158,3
Q1237801,0.021953352542427897,4
Q533101,0.0016998695976171638,0
Q521943,0.10946194430359701,9
Q722294,0.1563256309835543,9
Q2001591,0.043911094126469326,6
Q2390882,0.0370597976020278,6
Q3758474,0.058606385189181674,8
Q10314428,0.023548615517999343,4
Q764582,0.0029992190333735873,1
Q17489664,0.033244640219529886,5
Q1371743,0.052401383318315536,7
Q664000,0.006432833518123327,2
Q18630884,0.002176168644069838,1
Q16234095,0.0015106939711070637,0
Q2332425,0.0170173399196001,3
Q25463,0.04094937968886124,6
Q516161,0.0016968935632248763,0
Q800230,0.0013768046961184202,0
Q1626563,0.026829428747502795,4
Q16234793,0.029123061928216724,5
Q17712339,0.005442040885453387,2
Q553482,0.03203747292124228,5
Q1255561,0.044084401100668705,6
Q35323780,0.021267083232168534,4
Q16233206,0.02293319517453022,4
Q464812,0.03835406690945369,6
Q898409,0.002246149287888693,1
Q10543112,0.005732773330355863,2
Q5274613,0.049981903640136965,7
Q1779180,0.08778620198217334,9
Q3717053,0.0031909707625321433,1
Q3176445,0.0026475218522220316,1
Q17478652,0.0031051540673546056,1
Q2292625,0.004180165999265906,2
Q16235949,0.0039940747651236565,2
Q4706403,0.002270314927270638,1
Q876827,0.04277496561776657,6
Q7800080,0.028462845386167654,5
Q137212231,0.00502550146820927,2
Q3641286,0.031039120381366865,5
Q17517086,0.0404252174121583,6
Q3779906,0.03539481451152653,6
Q21623024,0.026567557956131433,4
Q3808381,0.05185450446226243,7
Q663790,0.0027045225305523603,1
Q64746416,0.02190536173176626,4
Q81942227,0.05612489646232356,7
Q1955016,0.01981473632766656,3
Q16235879,0.08429127362915317,9
Q1244773,0.028643466602402856,5
Q535456,0.002233079447363172,1
Q3453783,0.04309194218715437,6
Q5107485,0.0024283126128718637,1
Q19281751,0.021705223494391943,4
Q2679273,0.14287857711040133,9
Q2359797,0.03434114872024408,5
Q5246462,0.06704216664216966,8
Q3860168,0.004633846140236781,2
Q36641637,0.014361681073345728,3
Q26209650,0.08497328550752148,9
Q17265743,0.06650009669941696,8
Q6214413,0.045681446307056284,6
Q3168023,0.03865644838420248,6
Q601201,0.011296385186725409,3
Q1607188,0.008677629059804175,3
Q26271402,0.0047125803507835325,2
Q1101557,0.029611950432704384,5
Q3874498,0.018301443487574322,3
Q3190452,0.027665702699894202,5
Q16223656,0.045033936762101864,6
Q5105724,0.059182212679860624,8
Q6182370,0.0334968327250464,5
Q3052503,0.04415223097074626,6
Q4984295,0.04396482877110872,6
Q3973341,0.0572816260070841,7
Q44740,0.017331670513425323,3
Q5238774,0.023997951397681027,4
Q16234913,0.02134159927756085,4
Q525776,0.014616204824688955,3
Q6137927,0.11345873626295046,9
Q27662608,0.04070899603563443,6
Q6850575,0.0016143881159695517,0
Q1734445,0.023712605229621833,4
Q27286798,0.024146237991053747,4
Q21039375,0.04886332461816121,7
Q6968952,0.11687513294422926,9
Q2083454,0.0393717088302069,6
Q1405209,0.005333601612892777,2
Q5982405,0.04509742281700765,6
Q544700,0.13287653500198932,9
Q66764676,0.00040286954308958717,0
Q205969,0.062301853913665446,8
Q16236329,0.002441099782485985,1
Q2144035,0.008565946635904109,3
Q5296858,0.08813744271997544,9
Q3120247,0.060645318856839006,8
Q378375,0.02573902403488459,4
Q28935619,0.033948204308035364,5
Q3007571,0.006806617154769725,2
Q7366919,0.0117831481284654,3
Q461427,0.04795385533153843,7
Q15042670,0.0022223310527949547,1
Q18057258,0.07429855269224572,8
Q3718962,0.02682916381274412,4
Q560103,0.03698707564893865,6
Q123736,0.10187030861228334,9
Q7181866,0.021404244344141194,4
Q110263365,0.007882548566876677,3
Q4265509,0.028282951328928545,5
Q14778564,0.007684085354502488,3
Q3990697,0.11387146929921975,9
Q3869080,0.002501872509163379,1
Q2352493,0.004838640825720645,2
Q578510,0.031790482012403365,5
Q7901088,0.055401134103272076,7
Q6016123,0.0017968600012640992,0
Q873089,0.06237221085333073,8
Q495920,0.05140307741383618,7
Q6771223,0.0007301957257439451,0
Q7280111,0.0016430518520643062,0
Q7328352,0.03995751217024779,6
Q26829736,0.03180643081333452,5
Q15041594,0.05429606579094087,7
Q4533700,0.003618608823674179,1
Q2896629,0.00923688491431826,3
Q14324108,0.0037751360821171543,2
Q3982511,0.02503274254688807,4
Q20807338,0.05521735028516813,7
Q6771149,0.04462708838036636,6
Q7035574,0.02660388248732871,4
Q16018576,0.025779287751571955,4
Q6845176,0.00031074125498978884,0
Q39396117,0.08227953447093443,9
Q13461111,0.005628546815219669,2
Q2878898,0.0025793711155505388,1
Q29034560,0.07665409148530526,9
Q8250882,0.026901697820398543,4
Q2854955,0.006514923622905536,2
Q13562779,0.015033476433232993,3
Q1891580,0.026963067727972304,4
Q6915673,0.0421621104092677,6
Q7611987,0.044276520537089054,6
Q3522120,0.02834676123544142,5
Q6653212,0.00094763342139126,0
Q2564848,0.004236375649115495,2
Q44821118,0.022478137273223908,4
Q5210607,0.0029446296305543317,1
Q5952509,0.012410780623272319,3
Q15119293,0.0046577577601921005,2
Q5042512,0.0028493809876199046,1
Q880199,0.030262167731889607,5
Q5132995,0.05905561027806255,8
Q29001127,0.006176515708095895,2
Q16234220,0.03280117523598251,5
Q994337,0.0025122852926068263,1
Q17388524,0.0008973104358469423,0
Q4751931,0.03480551481478078,5
Q5338093,0.050798112890008636,7
Q16225904,0.0035121077345066655,1
Q21622311,0.08153816418092041,9
Q6519648,0.0036653712160856127,2
Q7384416,0.0023372573510799673,1
Q17305978,0.07919251793548011,9
Q7454322,0.052331261202783565,7
Q13085273,0.05107359760391804,7
Q38917020,0.025421102254829613,4
Q16230071,0.0032450409072856115,1
Q1321959,0.04927057425149764,7
Q2218320,0.002916015475875455,1
Q56250121,0.043251970828326124,6
Q39072382,0.22860271027532383,9
Q12328618,0.0021495920332842288,1
Q5274737,0.07334323233322107,8
Q3993203,0.12123200318424839,9
Q21284910,0.08821421965309448,9
Q2927171,0.002788386005542532,1
Q16233601,0.0344398568823634,5
Q5304838,0.0013889109603116032,0
Q9070165,0.035917595891146056,6
Q3313751,0.04581193129510887,6
Q64498150,0.03539261994694692,6
Q90799171,0.03189326040543415,5
Q63190376,0.002861255300317052,1
Q19519977,0.094042326840661,9
Q4154114,0.0324023561567786,5
Q63824936,0.02520675828084598,4
Q4953062,0.02399103220254571,4
Q12382499,0.05231420979449402,7
Q3133146,0.04996505944273955,7
Q2581190,0.06883169753186275,8
Q63996181,0.04336095560109348,6
Q71824812,0.0034124427548633818,1
Q4008936,0.004196474724039652,2
Q3852095,0.09930865520638389,9
Q6703076,0.019187875868542252,3
Q1633821,0.0035581942076106767,1
Q2380411,0.026288131687719714,4
Q100234691,0.045690538275151446,6
Q524530,0.04828579226297277,7
Q37531282,0.052193192127009416,7
Q62020944,0.0031268941290520324,1
Q27473659,0.07346290639391222,8
Q13405142,0.09728868849243942,9
Q2388647,0.00481608523739491,2
Q6928018,0.046448259859093816,7
Q18015177,0.00127199499985274,0
Q7812726,0.13106422260094114,9
Q1062223,0.03252509883813283,5
Q106497650,0.018423042234303997,3
Q44737222,0.0021862952299596,1
Q60455333,0.04858856096337647,7
Q982836,0.058845780662691805,8
Q10991200,0.006354117359068962,2
Q511304,0.014658634582772312,3
Q1281685,0.05030181343501613,7
Q61874678,0.004321478734998714,2
Q104530417,0.00057643879759528,0
Q6397130,0.06968760829791072,8
Q16890504,0.044871681550767754,6
Q17428192,0.07973623976382341,9
Q50931886,0.04873931794426487,7
Q10543841,0.027733489727676853,5
Q5247811,0.04741770793977581,7
Q5108208,0.004155662025831249,2
Q6473241,0.035701733867073246,6
Q5277807,0.002539972541760548,1
Q10460653,0.10174572036700044,9
Q6757615,0.013471156246505318,3
Q6831223,0.04879648993604252,7
Q7931647,0.0375195654122601,6
Q10462137,0.057150506555275316,7
Q28819149,0.03203405923472807,5
Q19867006,0.1257911169455311,9
Q66011129,0.012201695430072757,3
Q7586596,0.03184453687524083,5
Q17430599,0.02901877973404628,5
Q6791353,0.022913247377491706,4
Q7114445,0.005437711761693315,2
Q7036052,0.0005456306473870379,0
Q56480296,0.023901153778599114,4
Q14516345,0.01851547218519958,3
Q6277474,0.026863703045390555,4
Q114711415,0.00846100478261317,3
Q7463312,0.0882350615365907,9
Q17521985,0.01925274322319624,3
Q27448056,0.017131569602925226,3
Q110281841,0.03434377517501566,5
Q3779808,0.027851492712832448,5
Q41188010,0.033884274072013575,5
Q16218677,0.006659571720462738,2
Q5219532,0.00015498574250207472,0
Q102258850,0.012907396857355924,3
Q6175856,0.059764700805119135,8
Q1948010,0.009036799795223477,3
Q16091448,0.04426735822148314,6
Q52125967,0.028416914378306353,5
Q7862283,0.10668236474069592,9
Q13187076,0.0398816792817932,6
Q4935645,0.003270332619652798,1
Q18225033,0.10084740266489683,9
Q18411508,0.03597854766022823,6
Q21141513,0.029374197516308462,5
Q21063780,0.03554482671622517,6
Q42269330,0.026273548198682044,4
Q16653363,0.021257272291698985,4
Q2279390,0.028330845181517437,5
Q6125561,0.04399736197899935,6
Q3615837,0.03495336226227469,5
Q17453260,0.0150833775387466,3
Q2964862,0.047284682427118425,7
Q1749674,0.07063866334879476,8
Q25929963,0.023356713980993035,4
Q16149755,0.004399204962401132,2
Q3807810,0.001558620653243045,0
Q16632847,0.046944759063614755,7
Q29888007,0.054649335642768054,7
Q16236390,0.0034111237559092266,1
Q6065753,0.03132085321132182,5
Q41884906,0.043095988300559857,6
Q19867892,0.08036886088567989,9
Q116003975,0.0027005255450317377,1
Q100959155,0.018333693017515956,3
Q100886571,0.04338519321273493,6
Q107426684,0.06717951071038725,8
Q1266112,0.0016371251667495765,0
Q3531869,0.02771516935553491,5
Q16234253,0.09173317898965942,9
Q4757294,0.0027723756743184918,1
Q19571902,0.018807512441823132,3
Q16235098,0.001501325016094898,0
Q21079295,0.00626701231074133,2
Q10556287,0.0660451375562867,8
Q16233172,0.003440149006879489,1
Q7648900,0.056652461580214114,7
Q21005467,0.048071989459871414,7
Q5548772,0.03917370396378265,6
Q6453707,0.14034344267458476,9
Q7505744,0.022680350958676015,4
Q1934161,0.16515562287597849,9
Q7131694,0.08178572670624891,9
Q29031332,0.07379511721064877,8
Q2793052,0.000261875831063992,0
Q23008111,0.0023174589222457963,1
Q3616172,0.050769353552454995,7
Q15842753,0.11350453713823017,9
Q1383407,0.06696490142842024,8
Q47504991,0.12130434138495573,9
Q69511028,0.0005948015365272615,0
Q96103100,0.18015740177110645,9
Q98710574,0.021279618096734197,4
Q26972617,0.012359589426488802,3
Q107125571,0.0022255711019484566,1
Q107502928,0.09542637872433342,9
Q112895272,0.004044333608825185,2
Q19663987,0.040209778238392224,6
Q5957655,0.03421558195044547,5
Q60494801,0.0007659586431157362,0
Q6228502,0.0030740994932189174,1
Q21039341,0.0019145009817127226,0
Q6991504,0.0013922420633124943,0
Q50391375,0.00498586438633678,2
Q100769496,0.0773741379392429,9
Q19594194,0.0016052188155419866,0
Q7420666,0.003803821744870402,2
Q21622111,0.015294247466882398,3
Q63214294,0.03962460716663961,6
Q70141141,0.0018114173907885936,0
Q22276694,0.04015222353910303,6
Q55759612,0.0034281207281490586,1
Q16204095,0.03650590480585698,6
Q17198151,0.05633596299400888,7
Q98249139,0.05301400214806942,7
Q44749671,0.033280516189525586,5
Q6701813,0.031738404493346424,5
Q18044261,0.001496925983198043,0
Q2087621,0.03939237148709091,6
Q16083510,0.00025594677976417495,0
Q16086837,0.0015821040979619027,0
Q21523334,0.057624525385286444,8
Q102197345,0.03624087809605095,6
Q2340918,0.022032344807611553,4
Q6266889,0.04702972959815398,7
Q5557878,0.07675015408183741,9
Q19577936,0.017493036153923912,3
Q7048180,0.001859243890413742,0
Q4801666,0.051676308428010756,7
Q3002041,0.052328035777776366,7
Q21621091,0.05471617307214213,7
Q5214757,0.0014147382351107662,0
Q51702085,0.023434924616857488,4
Q8054436,0.0804884037089429,9
Q138348060,0.021238685689061308,4
Q45027751,0.04336096740441329,6
Q16762786,0.004015645168450537,2
Q7704606,0.03327380574293975,5
Q16836970,0.021243745215987046,4
Q26838313,0.05433158780585705,7
Q4007753,0.027657698157754946,5
Q21055585,0.017641941671947107,3
Q98198257,0.0023147826401591115,1
Q16013710,0.0030889771683193126,1
Q3535470,0.03129533917150834,5
Q2723699,0.04280999999443485,6
Q56175063,0.08537321743558134,9
Q17627798,0.0007356648305873629,0
Q6112226,0.0020616330871953536,1
Q18049744,0.023017661857948908,4
Q7911231,0.021855506188823308,4
Q96402406,0.0442983218352007,6
Q4776367,0.004823604736280939,2
Q5651359,0.003526288273891846,1
Q112304387,0.03376980414729193,5
Q24007142,0.06187270478685943,8
Q55654209,0.016686804964259328,3
Q4678975,0.046742470366973925,7
Q5053531,0.00469203564225583,2
Q28528670,0.09647160551831142,9
Q10464801,0.061193457098020335,8
Q42305613,0.051071371183695244,7
Q7931387,0.005528615091811498,2
Q101096377,0.058479290234121725,8
Q113652741,0.056416975943807506,7
Q5108523,0.005413483166626258,2
Q16730381,0.004436303318223385,2
Q23883912,0.007667770082273894,3
Q24450141,0.0015439947150679076,0
Q65029240,0.02950932893797253,5
Q60050574,0.003388439095392506,1
Q62929773,0.002131507805391856,1
Q19898380,0.07531776500920226,8
Q19893769,0.05856523033466903,8
Q27583774,0.002008933569048276,1
Q124633423,0.017993513311725228,3
Q22276985,0.055775709464919554,7
Q6108809,0.049994117175093805,7
Q3345871,0.03874996827375204,6
Q5236300,0.022807471585128726,4
Q28147580,0.028254844743320913,5
Q109553878,0.013809635658095256,3
Q22342548,0.020706762918975517,4
Q20744670,0.023443641687824365,4
Q7149197,0.04070999641330117,6
Q19788114,0.11551179985741214,9
Q25485303,0.029163811708722776,5
Q7938374,0.06857073572405485,8
Q20492270,0.028419880974373382,5
Q130478096,0.054789488198633184,7
Q28377794,0.022895148607196374,4
Q130484531,0.03043859293768634,5
Q3838168,0.1214618426854481,9
Q106862119,0.020866375375703374,4
Q19867802,0.019501943770382273,3
Q6099056,0.05776736038359524,8
Q98201830,0.0014820664828830489,0
Q25431380,0.018069054727829898,3
Q33435863,0.025560288174091925,4
Q106966961,0.0028739031546842113,1
Q41777187,0.062172284870238424,8
Q4817919,0.03413667314600224,5
Q16232428,0.003375130621372579,1
Q7489774,0.043342755551340054,6
Q13527923,0.01932504378455181,3
Q22162710,0.09766894440788346,9
Q4831599,0.015040020041559571,3
Q16193991,0.04636121821775949,7
Q5219263,0.016341590230705028,3
Q61892600,0.08279631081400259,9
Q16228274,0.04048003611543339,6
Q69511971,0.055632702484867146,7
Q4746482,0.04442951060315498,6
Q106873543,0.0007500856205481675,0
Q21005446,0.05448087879047116,7
Q100924020,0.006521999429780835,2
Q136289792,0.0481452267197698,7
Q4724750,0.00138305184373318,0
Q15822008,0.04394508579404224,6
Q7902058,0.10539352243823422,9
Q98603248,0.10025981522520448,9
Q120645895,0.05738608820950946,7
Q60824125,0.006392987503433903,2
Q126180926,0.03424963891159595,5
Q100884566,0.004332152003869195,2
Q7660430,0.01388833998240711,3
Q22342329,0.08408293853574432,9
Q29589067,0.06295043646906737,8
Q1717444,0.01716135199950831,3
Q123182488,0.008963678883965107,3
Q4772059,0.00430944837162829,2
Q134302634,0.0443778030978745,6
Q22812486,0.007267869616460357,2
Q134319722,0.09761605786202993,9
Q137589017,0.028185019809469136,5
Q7599507,0.048950942663229365,7
Q126223951,0.008112431512844267,3
Q100165907,0.03324661592475461,5
Q123228644,0.0035291027372050966,1
Q123203190,0.03175819820909672,5
Q111039887,0.002480271072912939,1
Q4018238,0.005208236083158763,2
Q123228831,0.001498863248345792,0
Q109406875,0.0030904495557915555,1
Q100897731,0.024563147875084727,4
Q4776005,0.002415427721826688,1
Q134302598,0.09753611751587216,9
Q131138707,0.03653342937875176,6
Q3530745,0.048800577861743806,7
Q106687210,0.037359653167858414,6
Q126039497,0.002072811470152101,1
Q7141333,0.05340094818403079,7
Q5133111,0.036690170332032694,6
Q2388913,0.028956948327928132,5
Q126220786,0.02052544305864816,4
Q16452721,0.002262847163336034,1
Q64167398,0.06823167522545825,8
Q120267577,0.004171602908431904,2
Q3858936,0.028192646053578074,5
Q16236143,0.047276758839740536,7
Q130480863,0.044011087917103425,6
Q126221279,0.037918665387072475,6
Q106852271,0.0022619988814399743,1
Q76787625,0.0020868110829684885,1
Q7108535,0.0019425370454154904,0
Q1071175,0.03442928444426444,5
Q123202473,0.03741027531589321,6
Q119552831,0.024746524072617387,4
Q4805769,0.007662432317511081,3
Q5657124,0.06211567605038925,8
Q27107039,0.0032903257749781318,1
Q123203017,0.09833428490991665,9
Q109796214,0.02664700690572016,4
Q22006131,0.0571402854079757,7
Q19898331,0.004891527812967692,2
Q31863094,0.0027364903316998528,1
Q66124304,0.0011175713454752332,0
Q24084668,0.042907708473524785,6
Q5107950,0.07011414989171265,8
Q6937294,0.09158662674100651,9
Q26207454,0.038360141071760376,6
Q6733714,0.02453888641942225,4
Q5207884,0.051913121596157526,7
Q3527867,0.014880666630926687,3
Q29452284,0.003174330108942151,1
Q125807354,0.02804564837853055,5
Q16223872,0.07340286203015267,8
Q22162761,0.03845704384967544,6
Q100260803,0.1286255073087154,9
Q59306423,0.0020366974229202484,1
Q41749542,0.07116635327669003,8
Q99514057,0.03704052403361871,6
Q97323201,0.002339689654832308,1
Q126221051,0.0023356907472611137,1
Q120379082,0.07990917505673668,9
Q24150742,0.08534720271624782,9
Q1068225,0.03782690109997523,6
Q2854764,0.0753099641093766,8
Q3701788,0.0004016664383739171,0
Q1976434,0.02774172923307378,5
Q98539564,0.007041438348142546,2
Q100772519,0.0652249380312879,8
Q85873788,0.003329996949038304,1
Q2763379,0.0421979850120235,6
Q5722499,0.004339555512193986,2
Q38051006,0.027466726469291037,5
Q23883285,0.013497355234222136,3
Q52886784,0.051552826958388656,7
Q6143246,0.003318336127823301,1
Q122574761,0.0016009317935447547,0
Q119306963,0.05652848311954799,7
Q16232961,0.019540270788025595,3
Q21284552,0.16184495098873974,9
Q13122329,0.035085967895750025,5
Q27978938,0.0013370496519455463,0
Q123203061,0.07227777079127554,8
Q86682410,0.020839620834189696,4
Q6286469,0.08261379055675576,9
Q17198729,0.01506558600741623,3
Q21181161,0.0296803354667419,5
Q105970082,0.012198465629780357,3
Q12268562,0.012975502433696063,3
Q126868880,0.02550098965793771,4
Q110495977,0.04349957762687461,6
Q64681270,0.0017541348229475418,0
Q48611371,0.06960478890670996,8
Q16232250,0.0679940632292532,8
Q6215862,0.02265618274673629,4
Q4761588,0.0009672912724981741,0
Q55955919,0.023451470039798826,4
Q3528415,0.005992754037810013,2
Q27662793,0.058068726571432555,8
Q89206732,0.0017328898415832545,0
Q60479067,0.07229691145792566,8
Q108554124,0.06500687344077168,8
Q127417992,0.05004192049595064,7
Q54861653,0.0816202710798989,9
Q17523853,0.019417044225132983,3
Q27107018,0.006909179680748165,2
Q111974843,0.01713918729680587,3
Q5091142,0.003760292749055445,2
Q98393976,0.03930952333050577,6
Q130461800,0.08751858420310131,9
Q134302899,0.06884965672163909,8
Q134302984,0.024800737428595905,4
Q16224888,0.051239240990311345,7
Q4704750,0.01682240318397865,3
Q118198690,0.038866227720163085,6
Q15974434,0.05526403716834103,7
Q20641226,0.0018216903861813687,0
Q16914080,0.06756736069247167,8
Q126039386,0.036123364311320315,6
Q44079610,0.05605074935523859,7
Q106513341,0.08407975530809236,9
Q256532,0.011205952504692581,3
Q21623271,0.04592256346858927,6
Q87743472,0.0034213486509728093,1
Q25470267,0.0017326245142395564,0
Q136089824,0.0018115975263396373,0
Q62393067,0.0010948355951625236,0
Q25470370,0.04564397499753287,6
Q126220835,0.014995112462961546,3
Q125807343,0.018236994615372145,3
Q126220991,0.026612708389075843,4
Q126221751,0.0003600410978631204,0
Q123202963,0.02512337515432093,4
Q22162725,0.0443068205276676,6
Q15983380,0.0019462675305059918,0
Q134320112,0.022887376389270266,4
Q62140867,0.001264024542136315,0
Q94997903,0.1430444085224569,9
Q25470487,0.004349409187365018,2
Q5996249,0.0010805907640522043,0
Q55238309,0.057702122638688576,8
Q5079172,0.0799637681254184,9
Q5885337,0.02925178338543431,5
Q6382526,0.022397036055480917,4
Q85995966,0.07486544594767393,8
Q85999522,0.003210567306437546,1
Q16872871,0.11619939522058857,9
Q86682308,0.07329254331622191,8
Q134302489,0.02325780293352637,4
Q7103777,0.03426864432424221,5
Q25470333,0.08608660446447366,9
Q18387184,0.06412314437240535,8
Q60724194,0.0034952497327088612,1
Q123202632,0.03136305189954986,5
Q21620992,0.0678569804443928,8
Q65162963,0.00208706137560173,1
Q66342225,0.0024944049323014283,1
Q136486067,0.046417782739658,7
Q55819170,0.02808152469724958,5
Q134302966,0.021437854325764658,4
Q16116712,0.05025928656521406,7
Q6985607,0.019788550777162073,3
Q64374407,0.0892229823244536,9
Q126221880,0.0035856194093318444,1
Q7902063,0.049514592238980276,7
Q123202663,0.0036798367047776457,2
Q23418616,0.007161196633855996,2
Q28777381,0.03730185397472438,6
Q24006661,0.053032642649095366,7
Q88406833,0.057038077996042866,7
Q7492858,0.03536172393829146,6
Q19664779,0.003623328704284366,1
Q134302444,0.0731862883792682,8
Q56877000,0.010308948363300843,3
Q103911672,0.07036104506879842,8
Q134302501,0.028147560033634857,5
Q24007419,0.0014350140379758643,0
Q28856066,0.021438218760584684,4
Q127257419,0.04751757616746456,7
Q7678939,0.0015587192511061717,0
Q123202899,0.002045449770692862,1
Q126220781,0.00240256777752928,1
Q85202272,0.10086015381951227,9
Q134302968,0.05381782301294824,7
Q134303002,0.0851067640245423,9
Q99618708,0.0001841701463638334,0
Q7929349,0.07066332452488347,8
Q21620803,0.052319122975024314,7
Q123228533,0.0015292650305380692,0
Q60455373,0.022158742350081334,4
Q50405894,0.023711558428658974,4
Q16234456,0.04097772406420271,6
Q65030866,0.004509143900936969,2
Q134302468,0.008065061160893974,3
Q125807422,0.01469459964822903,3
Q126221306,0.00047300756998331175,0
Q86834122,0.04290219580100418,6
Q65548531,0.1003339881698121,9
Q4866856,0.04930919553410483,7
Q130742511,0.0792026691468862,9
Q2276432,0.039885430333215094,6
Q7363160,0.0049063705095359076,2
Q134320015,0.031076794927625984,5
Q55200561,0.024273002297672285,4
Q21621372,0.0215969187148404,4
Q21572737,0.0027637793310045567,1
Q16348020,0.001288958348585776,0
Q27049392,0.003958902980731735,2
Q126221542,0.00529406127524538,2
Q126039299,0.022347873631175682,4
Q136089779,0.0005861267955032821,0
Q107555914,0.01767179698360921,3
Q134302510,0.009240221941539605,3
Q28055439,0.021767942510497504,4
Q85202421,0.0043880837407912245,2
Q61793955,0.052232759698716075,7
Q87740190,0.02427931920556954,4
Q28131380,0.0014683883132745712,0
Q123202522,0.002346814581907319,1
Q31773999,0.010371937067077916,3
Q85328227,0.11930286456228532,9
Q137639374,0.02588297836877234,4
Q136089781,0.05737199421692826,7
Q21621932,0.028552836298827877,5
Q19561017,0.027275002650081693,5
Q28784460,0.02534713615573848,4
Q16897844,0.003307756725607174,1
Q4739815,0.0025101285299865455,1
Q123182238,0.0512387798326992,7
Q87736570,0.07024980812215574,8
Q42287938,0.0734626237658491,8
Q75224640,0.05244010382174326,7
Q136089777,0.021434619588156335,4
Q4805865,0.006175956062580267,2
Q134302632,0.1141342515727957,9
Q107479246,0.03143019532652645,5
Q110820434,0.031394529549139696,5
Q27970991,0.06173115382568078,8
Q27949784,0.0009264787633579871,0
Q24007467,0.009858084579694873,3
Q95306490,0.00861655832058952,3
Q134302496,0.01954419689182591,3
Q29917556,0.11273148357945639,9
Q26131932,0.07371497221846796,8
Q16221177,0.09582720434987933,9
Q80868546,0.02171685684362784,4
Q45042934,0.014550768777741667,3
Q65760683,0.06191204223602207,8
Q20736581,0.03987264964656416,6
Q110224121,0.09272934945566147,9
Q21284547,0.07154130868707881,8
Q6553582,0.0033853330932710137,1
Q16189514,0.02953720264355589,5
Q4857774,0.06434351564761,8
Q134302457,0.0005108892117133667,0
Q10556446,0.020106907699213864,4
Q87472444,0.0017304209563371257,0
Q17198305,0.030273530606576962,5
Q24088899,0.003774827272797232,2
Q33289626,0.030012164952619883,5
Q53448125,0.024372511022948937,4
Q18348666,0.09188487525727411,9
Q123228382,0.009237973602313853,3
Q107659116,0.04470246137697912,6
Q123229018,0.0008864994053041858,0
Q6008189,0.044240203644397895,6
Q6373654,0.04361680270327279,6
Q22681993,0.002720204004743625,1
Q21622845,0.025315722492962094,4
Q50937565,0.0038231067188338043,2
Q61996800,0.06981667311299462,8
Q60564432,0.019181094999053783,3
Q28037521,0.01817271882113566,3
Q4708841,0.005844027051618216,2
Q42211763,0.02424451677238701,4
Q85765464,0.001609995862885422,0
Q21285518,0.00013441270798616087,0
Q6957777,0.017338958534007073,3
Q102308421,0.016510195390508367,3
Q21622847,0.031424034494813055,5
Q89204383,0.030985716364671775,5
Q21471145,0.07721290599904775,9
Q23880208,0.0019349318349032086,0
Q131632465,0.04102820289228634,6
Q59656125,0.06785327491223886,8
Q87359125,0.0021079513217493137,1
Q106339830,0.07694196768533276,9
Q136289800,0.009496528942853622,3
Q3530505,0.060265854719858576,8
Q5433628,0.002591407515796467,1
Q79351723,0.06330728606643375,8
Q79060931,0.0041555593692843154,2
Q100944508,0.07213844126155741,8
Q7397500,0.06710666272030094,8
Q99315794,0.002120737140884717,1
Q23417010,0.03814147413433286,6
Q136260019,0.023120065670886005,4
Q104845993,0.05542608837745534,7
Q21623276,0.002611609119280492,1
Q88890797,0.04985455382894603,7
Q21170841,0.00468583095489709,2
Q44660455,0.00028182890786622173,0
Q7599929,0.04770021702634173,7
Q16676874,0.0861580978976324,9
Q108751420,0.02302366244488693,4
Q60734421,0.02436597181006294,4
Q66649518,0.06788132193452275,8
Q131747879,0.07164605217958821,8
Q21663012,0.052368395580371305,7
Q65029570,0.017484238363994414,3
Q136297649,0.0005775659628057787,0
Q21663111,0.0654866010762597,8
Q107282311,0.033237904214826114,5
Q65665961,0.11118117564234095,9
Q79351675,0.00194901395165072,0
Q107719223,0.017350529092558332,3
Q22007315,0.016581277262602206,3
Q22280226,0.09080465688170176,9
Q7916225,0.0018661889320643877,0
Q21572739,0.002951280864858437,1
Q21642282,0.0759240331749462,9
Q124308227,0.004054610752134876,2
Q27657117,0.018945578249597937,3
Q106376996,0.05314498363361152,7
Q50947310,0.04870424230707429,7
Q110451696,0.018227899951448804,3
Q94647813,0.03391498995765469,5
Q28549322,0.04503768716719448,6
Q23880469,0.032410075085559265,5
Q21285472,0.036900665082419126,6
Q21621930,0.024690114046205375,4
Q29052592,0.12712385916415841,9
Q23761527,0.002173755857508818,1
Q65088593,0.04071739021582733,6
Q104177272,0.038085829740422926,6
Q24005683,0.07813555399200643,9
Q90726623,0.04252920436438432,6
Q62503352,0.07885125144596129,9
Q104780509,0.1566471870812863,9
Q104146989,0.1098197894533906,9
Q21979438,0.0004416734397212026,0
Q136277232,0.115238437066623,9
Q84152270,0.07640553894609153,9
Q27049272,0.016531329040390955,3
Q62092978,0.002142866498015129,1
Q104177233,0.0018109421935821738,0
Q21285567,0.0018226951385155725,0
Q23418907,0.03864597392439959,6
Q105970434,0.0001679079634196105,0
Q22004692,0.04965053825050949,7
Q81199510,0.059139209555315944,8
Q28793949,0.002396418135550983,1
Q27899124,0.01177944909420831,3
Q106096060,0.07098355029430356,8
Q21620848,0.029823501976044296,5
Q22279780,0.0383988540986301,6
Q29206054,0.00259312172863185,1
Q104869135,0.029957958184684417,5
Q28967808,0.022885782791806347,4
Q28549822,0.02958652086720512,5
Q27924924,0.06920295393154437,8
Q21663027,0.003114488488716871,1
Q110878671,0.0002857100042071329,0
Q28549295,0.06044075225858322,8
Q110851712,0.04879546284330011,7
Q23883623,0.021592064404286373,4
Q24006367,0.02371761195811188,4
Q28870639,0.061619843355223636,8
Q106055217,0.0010336876052574133,0
Q27663544,0.0019310040586853578,0
Q28540596,0.018488658606698603,3
Q21451072,0.028859740448136512,5
Q23664423,0.07056887602043078,8
Q29168814,0.025143721931453835,4
Q107465904,0.136869950319217,9
Q24006338,0.03613049269759908,6
Q28968056,0.004684601003804521,2
Q38586909,0.0022722710715107563,1
Q28549300,0.002613071329673969,1
Q27831147,0.06237438314535097,8
Q29252170,0.0019701677633807584,0
Q28967868,0.01956158675438621,3
Q22004529,0.002210940037569742,1
Q5268857,0.00037867095440523063,0
Q23664654,0.039073542576831904,6
Q104413877,0.08571939757495833,9
Q64746274,0.030178583578922304,5
Q27909517,0.027856593232076888,5
Q109939109,0.023685654004517463,4
Q22277573,0.07573349842253076,8
Q103821497,0.1181251450067443,9
Q108315338,0.010005199603519909,3
Q23664142,0.049866422880002495,7
Q109909384,0.021887701014870427,4
Q28940977,0.05932726811794461,8
Q28086389,0.027428473142764247,5
Q110332659,0.0017428871608893932,0
Q27469916,0.021040873697626267,4
Q100944493,0.055822103035390556,7
Q23771843,0.01923184146316982,3
Q108314184,0.0407593747095574,6
Q28595327,0.013665589433689297,3
Q22006523,0.01812664030417859,3
Q110999110,0.05657881366440168,7
Q28968092,0.003958220602012387,2
Q30026999,0.005022478266944705,2
Q110981583,0.030220474964837336,5
Q21620954,0.026335001490048887,4
Q78150421,0.07532869066159684,8
Q24549788,0.06772908353869207,8
Q24006342,0.043938333723193654,6
Q23664261,0.07525505932669115,8
Q28777352,0.042205013490528014,6
Q108435184,0.0012332004814406543,0
Q27909403,0.006520260624768854,2
Q106249695,0.05145105689921324,7
Q23682334,0.020220259617128155,4
Q111536453,0.012867734531478095,3
Q96002118,0.011318341060994845,3
Q49582291,0.04126829420676264,6
Q105092781,0.09742185152171805,9
Q107046623,0.0016810933824695931,0
Q95264655,0.03600008478849551,6
Q111109199,0.08420878618970103,9
Q54365891,0.00030244403102377266,0
Q104521690,0.020263134177228952,4
Q41104554,0.06507557732950245,8
Q100260352,0.10204850488116253,9
Q101579788,0.017776426317489456,3
Q97924223,0.03380124077451247,5
Q128304746,0.02699823951992778,4
Q97735088,0.005712644215525151,2
Q64010522,0.06185565763768847,8
Q23304599,0.038230333436034394,6
Q97446719,0.031874599626786786,5
Q56678475,0.03554507528345288,6
Q112599020,0.10654856207236198,9
Q27783551,0.02204582900603828,4
Q59179432,0.018478546454986096,3
Q105675342,0.0019871808242416006,0
Q101245867,0.035935932882497676,6
Q27736590,0.014807535133646316,3
Q24005560,0.0010972225409544981,0
Q27689117,0.04510601481918815,6
Q134703151,0.030060318529995685,5
Q135016790,0.07330600560892325,8
Q96337408,0.031108077842480254,5
Q99670717,0.026690674341215997,4
Q120648202,0.0032010778556370314,1
Q137610289,0.04982627729516892,7
Q6595017,0.06595693845705536,8
Q134879856,0.04212767342317911,6
Q131388137,0.04744061033035169,7
Q99806498,0.058400044149024624,8
Q134885638,0.06651308147082213,8
Q138606605,0.007165953976658671,2
Q60995361,0.08257023303325106,9
Q110688111,0.00774104268608466,3
Q21229913,0.026010970401733006,4
Q65963703,0.018740698129642554,3
Q106707884,0.0023157873924933153,1
Q27580504,0.0022925757041449657,1
Q27580717,0.05903869090153857,8
Q123287826,0.15921873702142011,9
Q52194001,0.018133900195482687,3
Q134885643,0.0018109428018627464,0
Q16629637,0.0019144832791989212,0
Q18021995,0.021456009685619143,4
Q19707652,0.0053662894147639495,2
Q26255475,0.00393596165961181,2
Q27580523,0.08130636459695278,9
Q28500401,0.04135275194351019,6
Q106613537,0.026742531127408653,4
Q95930521,0.007181051277097815,2
Q95970451,0.056748684925906456,7
Q96319792,0.0037292042980052818,2
Q138650108,0.03746062294081185,6
Q96337412,0.07390560917484909,8
Q96337714,0.001831176250309318,0
Q96337722,0.0025443356646771774,1
Q96339163,0.01629419044286749,3
Q97182968,0.003285384153027948,1
Q106618840,0.06580261181429939,8
Q3517219,0.0021422045437563026,1
Q95922498,0.0005268960656335775,0
Q103834848,0.020074319545624497,4
Q27672934,0.002359178223995061,1
Q136028192,0.007217106842214455,2
Q105976493,0.040850664847323304,6
Q127574290,0.0024412141772863936,1
Q116600568,0.06058860627781242,8
Q95751007,0.01568669517287003,3
Q95748256,0.05824248932761215,8
Q7695423,0.09676761858238857,9
Q112685640,0.05147694553827125,7
Q112652372,0.03406697304733316,5
Q136297677,0.00020551382833788951,0
Q61935142,0.014560699423876914,3
Q6032980,0.06216253927320925,8
Q99670670,0.032664537038661304,5
Q4167043,0.035159114046253014,6
Q4899489,0.0023204012853651197,1
Q5381402,0.0989059871116662,9
Q122819031,0.0018317680820667003,0
Q26255605,0.0003464775792825973,0
Q23884050,0.05468303352474511,7
Q138142378,0.027064581908193636,4
Q105531321,0.0035243363554532023,1
Q108286902,0.03255270548747615,5
Q105718564,0.023087255822720937,4
Q137882031,0.029236867302975464,5
Q106504661,0.044773303230272274,6
Q21180899,0.0005551195421906782,0
Q26255607,0.0004958014924453958,0
Q114344936,0.01902427920729302,3
Q66104427,0.09633624013588721,9
Q19661323,0.016788429729297664,3
Q96339258,0.058334303879509906,8
Q104444460,0.007246328288048322,2
Q95971500,0.04716598749026246,7
Q55653608,0.09199111180774462,9
Q52735381,0.031710563285825645,5
Q47004197,0.058769060334166644,8
Q1627948,0.053829107492892624,7
Q110221921,0.04410117530901156,6
Q95895848,0.030893400728253136,5
Q95896761,0.03184958804758298,5
Q29474004,0.01321751778791079,3
Q2866564,0.07294774720330927,8
Q22957403,0.0547728461249927,7
Q24958080,0.007889717539116973,3
Q26255472,0.0013728075095303816,0
Q108323820,0.026921471715953278,4
Q105531308,0.02996257958119729,5
Q1710516,0.03454615914647507,5
Q126150573,0.054774692135522315,7
Q98087747,0.027220717861406514,5
Q108322374,0.10004029647948608,9
Q107489864,0.06930352909092466,8
Q110292355,0.03176419858839135,5
Q109902847,0.0018114153516910984,0
Q111262741,0.024837287934225703,4
Q95920162,0.0003596332282473232,0
Q78264300,0.04642778773836499,7
Q19661263,0.0021597589206444096,1
Q95886424,0.020117557882258393,4
Q95877304,0.05648023836620273,7
Q95877298,0.05934101880831336,8
Q16558824,0.1573994493583859,9
Q136289376,0.021067562467631955,4
Q95751188,0.02944044091497217,5
Q138308037,0.0004331652849057832,0
Q135834032,0.000560904132763577,0
Q19661324,0.0026018116620045075,1
Q60834521,0.0017266008348690387,0
Q136505204,0.10541244529680983,9
Q22957472,0.0632735178580341,8
Q2687559,0.05641492607268105,7
Q130191721,0.02351239870846392,4
Q19956007,0.002183464562977176,1
Q18747757,0.14296406449259588,9
Q17274657,0.0007087290335871336,0
Q22082648,0.03663639093541662,6
Q3104130,0.013727981174283161,3
Q1343994,0.002480271207909806,1
Q3128208,0.017887301862723453,3
Q3144588,0.03002003812020778,5
Q95919731,0.029293333606202787,5
Q99670675,0.11322433584994782,9
Q5691280,0.025951632157500484,4
Q60832124,0.018572914538384683,3
Q97761613,0.02695818414956258,4
Q97367917,0.0017489942647758532,0
Q64748731,0.037609219366493814,6
Q66048980,0.0025051800928925397,1
Q7557568,0.01949070679212851,3
Q95751213,0.016745204633313294,3
Q126043751,0.00478937810819302,2
Q10840328,0.0021422045437563026,1
Q1608095,0.1368171531129363,9
