entity,brier_score,decile
Q43729,0.03438002454357204,2
Q960594,0.023979326837599634,0
Q1277708,0.03206601100595925,1
Q29342,0.019981374442680652,0
Q187184,0.030957153227405276,1
Q433148,0.030003378999454662,1
Q3186498,0.02923917731233169,1
Q296416,0.027366011071060115,0
Q979715,0.020711765275625196,0
Q5651446,0.03098212135842561,1
Q359377,0.03584960312541325,3
Q558820,0.0364534449033326,3
Q299768,0.03957284192365224,5
Q1280005,0.043111719902331834,6
Q311947,0.03316598957400138,2
Q3554195,0.04084631350145414,5
Q433813,0.04060659487590194,5
Q456365,0.03597096753057844,3
Q1526376,0.045064707418374365,7
Q195878,0.021060178234685752,0
Q555436,0.0637586283018043,9
Q631125,0.024638622176980964,0
Q6420456,0.05350959293019355,8
Q128721,0.026608130507151512,0
Q3275756,0.04507679921691822,7
Q450481,0.022588573123311806,0
Q358699,0.021948996005205945,0
Q1101626,0.024890868231242463,0
Q301689,0.037247108548788765,4
Q552413,0.04076604465524647,5
Q428603,0.07895156893454722,9
Q2334585,0.032441208611504936,2
Q108159340,0.04402382541684309,6
Q1875129,0.04570722463723606,7
Q313488,0.020889267295752002,0
Q520526,0.02900967134999476,0
Q1613303,0.03574504359884745,3
Q312152,0.03353428905097496,2
Q310022,0.03964126069648472,5
Q71390,0.03920280471906565,5
Q746616,0.024622126242959057,0
Q113916,0.032963431103260867,2
Q5289726,0.03777216849237679,4
Q77044,0.026944843987513,0
Q3194939,0.036410069425100354,3
Q2440941,0.049429266011306365,8
Q517962,0.03439019546405043,2
Q1032995,0.020043634807304263,0
Q3067712,0.038807113084979826,4
Q1375957,0.030404952966556036,1
Q538897,0.024563030326996516,0
Q27756687,0.05230235722137311,8
Q2735592,0.036725828522140236,3
Q510462,0.038221362857766235,4
Q930445,0.03587470171518656,3
Q17490268,0.026907522472750516,0
Q472508,0.03560691232994996,3
Q16875956,0.03345833853408016,2
Q96745600,0.05873848523754711,9
Q2959477,0.08165699058728251,9
Q3760423,0.04190127698985826,6
Q2749342,0.03311577431787132,2
Q706484,0.04880878476466222,8
Q16209481,0.03822442318716499,4
Q3814847,0.028432034939495324,0
Q29456,0.032329061014856754,1
Q320515,0.025485051988566543,0
Q3714431,0.026954535225069822,0
Q17490281,0.03213989631371733,1
Q27825322,0.03183560796838308,1
Q464495,0.04298349817359383,6
Q962408,0.04166147643723461,6
Q459988,0.025686775477612375,0
Q584535,0.04697612540899105,7
Q2469707,0.048954773838450684,8
Q669446,0.03596794937491842,3
Q2479321,0.03929322929852826,5
Q12382615,0.036026771070980325,3
Q561897,0.029599635324433465,1
Q3888429,0.03742724226260509,4
Q4018618,0.0368299215807935,3
Q7699573,0.02882013156389292,0
Q24005295,0.04198204771318095,6
Q251799,0.03474353666001143,2
Q1173037,0.02464110340326051,0
Q399473,0.03640561699591563,3
Q4801962,0.03618162819314398,3
Q3041942,0.047544982014092026,7
Q175520,0.040939025272056624,5
Q2555801,0.025971238706655114,0
Q3836673,0.02755753817313473,0
Q4979250,0.03549251723276308,3
Q710886,0.09613572031811105,9
Q1577700,0.04023977738018337,5
Q2841178,0.03558818637255521,3
Q7610116,0.029361016408141847,1
Q797670,0.04332427737749072,6
Q3802207,0.06579959686711466,9
Q3940991,0.055590478632039274,9
Q2501742,0.040137910654462476,5
Q6740851,0.04617961537469521,7
Q3508727,0.047802081818889265,8
Q1237801,0.04409944154475866,7
Q533101,0.04452625922709294,7
Q521943,0.025716075142911226,0
Q722294,0.027386753079712733,0
Q2001591,0.03134910525807428,1
Q2390882,0.03380769949986379,2
Q3758474,0.03042137489847223,1
Q10314428,0.04053822836486853,5
Q764582,0.03615753606743953,3
Q17489664,0.03353995835254891,2
Q1371743,0.03605796621170513,3
Q664000,0.03643557295343349,3
Q18630884,0.03635926013577284,3
Q16234095,0.03696967416027477,4
Q2332425,0.039624269358773286,5
Q25463,0.025826018007777198,0
Q516161,0.03695632602950148,4
Q800230,0.027955563577423116,0
Q1626563,0.040316584833040486,5
Q16234793,0.0398203122653461,5
Q17712339,0.02488939885797917,0
Q553482,0.023078421330500046,0
Q1255561,0.03354207745103391,2
Q35323780,0.03471640531844941,2
Q16233206,0.03537001935366038,3
Q464812,0.04267348319380431,6
Q898409,0.03302044965679446,2
Q10543112,0.11877673170295344,9
Q5274613,0.039704664024836876,5
Q1779180,0.04915686810519121,8
Q3717053,0.03127121736721725,1
Q3176445,0.024568178238217442,0
Q17478652,0.05443112323761053,8
Q2292625,0.03462962852885447,2
Q16235949,0.04075904768094465,5
Q4706403,0.04169344658990703,6
Q876827,0.030057266681395443,1
Q7800080,0.028573586972402754,0
Q137212231,0.026896413482314783,0
Q3641286,0.0646571584445612,9
Q17517086,0.06289691730172818,9
Q3779906,0.047826332185915636,8
Q21623024,0.03992516637417282,5
Q3808381,0.03304862206263051,2
Q663790,0.04095770145713795,5
Q64746416,0.11512906137822264,9
Q81942227,0.04962272013857459,8
Q1955016,0.03698472831527278,4
Q16235879,0.03741323717589477,4
Q1244773,0.03676231530708716,3
Q535456,0.046758120242088246,7
Q3453783,0.044113166635745084,7
Q5107485,0.03872213348940567,4
Q19281751,0.05076997777998608,8
Q2679273,0.03263994840583927,2
Q2359797,0.03743670272881467,4
Q5246462,0.030981569817912412,1
Q3860168,0.038706831084030065,4
Q36641637,0.030530867406021282,1
Q26209650,0.024075539804938022,0
Q17265743,0.024721442639996524,0
Q6214413,0.03802130191781356,4
Q3168023,0.06291906198244666,9
Q601201,0.04676730744889349,7
Q1607188,0.04335255551987403,6
Q26271402,0.03354809429890953,2
Q1101557,0.04692123043849516,7
Q3874498,0.03962390343866828,5
Q3190452,0.026993316682596802,0
Q16223656,0.026110799421047576,0
Q5105724,0.03944446768268274,5
Q6182370,0.031402959330103467,1
Q3052503,0.03899348764793447,4
Q4984295,0.03228643566083444,1
Q3973341,0.030670208753418443,1
Q44740,0.0413295703244858,5
Q5238774,0.02848376244469544,0
Q16234913,0.04885956104039848,8
Q525776,0.04091941315036231,5
Q6137927,0.03573747614751738,3
Q27662608,0.040189211043817244,5
Q6850575,0.042277560518996324,6
Q1734445,0.04691107822651299,7
Q27286798,0.03928767228353093,5
Q21039375,0.023502343245680415,0
Q6968952,0.07332293592785791,9
Q2083454,0.04114133328186397,5
Q1405209,0.04297250976068588,6
Q5982405,0.03308223163104549,2
Q544700,0.046124035468255095,7
Q66764676,0.030287913168304512,1
Q205969,0.03886206698039821,4
Q16236329,0.031052221201415365,1
Q2144035,0.03423086525147697,2
Q5296858,0.029442540454319707,1
Q3120247,0.033973809711007524,2
Q378375,0.027998647859120682,0
Q28935619,0.04088092060822597,5
Q3007571,0.02824753633413777,0
Q7366919,0.03595305100402424,3
Q461427,0.032391961138860406,2
Q15042670,0.06108857731853229,9
Q18057258,0.03380646731581626,2
Q3718962,0.04464752577518578,7
Q560103,0.03372011954771815,2
Q123736,0.04527360319625515,7
Q7181866,0.05572163132262342,9
Q110263365,0.04375721029209475,6
Q4265509,0.021897735505866017,0
Q14778564,0.02850862591114453,0
Q3990697,0.0300811757498848,1
Q3869080,0.02687896015618538,0
Q2352493,0.03243570016579997,2
Q578510,0.03224570562429532,1
Q7901088,0.043482625572696706,6
Q6016123,0.03085942322195799,1
Q873089,0.049052243160978726,8
Q495920,0.034540308525085675,2
Q6771223,0.025699411862035393,0
Q7280111,0.03662403822468962,3
Q7328352,0.05091689626352235,8
Q26829736,0.03706365602789465,4
Q15041594,0.025485729285505035,0
Q4533700,0.04187056242492564,6
Q2896629,0.04792150774650479,8
Q14324108,0.04328752503430656,6
Q3982511,0.041676883643491085,6
Q20807338,0.027675789791297735,0
Q6771149,0.03764311737226593,4
Q7035574,0.0451586549195667,7
Q16018576,0.06976386213862552,9
Q6845176,0.03273169145528497,2
Q39396117,0.027245578944276923,0
Q13461111,0.04292181869689233,6
Q2878898,0.045844888036700414,7
Q29034560,0.03852751516093265,4
Q8250882,0.038405437785921134,4
Q2854955,0.04354744133795167,6
Q13562779,0.03837690299902158,4
Q1891580,0.033017831454070265,2
Q6915673,0.0387723302116701,4
Q7611987,0.031511094020442706,1
Q3522120,0.0281499364281143,0
Q6653212,0.036397828174764814,3
Q2564848,0.03844862581064486,4
Q44821118,0.031679511692693736,1
Q5210607,0.05399595524057265,8
Q5952509,0.04165913299354872,6
Q15119293,0.028807675255097184,0
Q5042512,0.0346082008120693,2
Q880199,0.04313074804368515,6
Q5132995,0.04764354344950878,7
Q29001127,0.05534264987536243,9
Q16234220,0.047998288207962356,8
Q994337,0.030208566242861713,1
Q17388524,0.027512495751168656,0
Q4751931,0.04192115270522441,6
Q5338093,0.03122063958319608,1
Q16225904,0.03345481399524372,2
Q21622311,0.03265950960900346,2
Q6519648,0.04189601034213113,6
Q7384416,0.03667129994907649,3
Q17305978,0.048359503816819215,8
Q7454322,0.0304444078385135,1
Q13085273,0.040483902176240746,5
Q38917020,0.05075912081176855,8
Q16230071,0.026498761759324797,0
Q1321959,0.046173763717325254,7
Q2218320,0.04338782751607013,6
Q56250121,0.0374096386565529,4
Q39072382,0.041057563822303834,5
Q12328618,0.03481514110590454,3
Q5274737,0.03332782985646878,2
Q3993203,0.03351732929414412,2
Q21284910,0.054340096528935865,8
Q2927171,0.03636869030458112,3
Q16233601,0.04112584006853572,5
Q5304838,0.02625629259733448,0
Q9070165,0.04483158843839706,7
Q3313751,0.03461388566335087,2
Q64498150,0.05402372615880237,8
Q90799171,0.03097362147661797,1
Q63190376,0.029418316734359448,1
Q19519977,0.058802067473080186,9
Q4154114,0.03794788861218001,4
Q63824936,0.03169234999200908,1
Q4953062,0.032259458736713924,1
Q12382499,0.04627059136224462,7
Q3133146,0.05951354879597279,9
Q2581190,0.04390936775547893,6
Q63996181,0.03388518595387989,2
Q71824812,0.015605452484389387,0
Q4008936,0.03592658156725876,3
Q3852095,0.04969065788382547,8
Q6703076,0.05204986903550439,8
Q1633821,0.034277815452199364,2
Q2380411,0.0307499788489872,1
Q100234691,0.02643083800400298,0
Q524530,0.06855072646456302,9
Q37531282,0.038548197155399797,4
Q62020944,0.025789705169437568,0
Q27473659,0.02620921956811332,0
Q13405142,0.04642129481347975,7
Q2388647,0.06447662703763903,9
Q6928018,0.07822178958780017,9
Q18015177,0.03934764408896227,5
Q7812726,0.04541520464533121,7
Q1062223,0.035412727894281466,3
Q106497650,0.0641940827593094,9
Q44737222,0.03599013875955286,3
Q60455333,0.03468420218278612,2
Q982836,0.0413712885396793,6
Q10991200,0.022460455481743524,0
Q511304,0.04511434309859368,7
Q1281685,0.04844848490898498,8
Q61874678,0.02282578832996382,0
Q104530417,0.03705866013413068,4
Q6397130,0.04711261255480674,7
Q16890504,0.023227198383463418,0
Q17428192,0.035614071014483245,3
Q50931886,0.023698701128406954,0
Q10543841,0.02926496474486342,1
Q5247811,0.04487346265137204,7
Q5108208,0.04295239836530325,6
Q6473241,0.03387809111337318,2
Q5277807,0.02777888827253816,0
Q10460653,0.045807723440745185,7
Q6757615,0.05331779950790613,8
Q6831223,0.032561922295110894,2
Q7931647,0.03710499190993043,4
Q10462137,0.04053899393190464,5
Q28819149,0.036195115532607326,3
Q19867006,0.040945912556311394,5
Q66011129,0.05686885975941014,9
Q7586596,0.038188139241890656,4
Q17430599,0.032729830790256084,2
Q6791353,0.03135504689289584,1
Q7114445,0.04621472155277161,7
Q7036052,0.04038978506843323,5
Q56480296,0.048108829557631586,8
Q14516345,0.05761525860650582,9
Q6277474,0.03524019730647307,3
Q114711415,0.04136921938354062,6
Q7463312,0.034836488312221185,3
Q17521985,0.03825304154994224,4
Q27448056,0.03169133894730187,1
Q110281841,0.033778175395077076,2
Q3779808,0.028815786218344137,0
Q41188010,0.04414071511238978,7
Q16218677,0.04504692424157822,7
Q5219532,0.03451376840111779,2
Q102258850,0.03600343971236381,3
Q6175856,0.039310875178937554,5
Q1948010,0.04489280326600074,7
Q16091448,0.02928823740254854,1
Q52125967,0.040330228659074624,5
Q7862283,0.05129436657641796,8
Q13187076,0.05641907520448112,9
Q4935645,0.04789625704666943,8
Q18225033,0.03436832934563277,2
Q18411508,0.03726014969819355,4
Q21141513,0.038401249490719415,4
Q21063780,0.03239516911761925,2
Q42269330,0.044421975884477445,7
Q16653363,0.044444540777272744,7
Q2279390,0.05749123941837703,9
Q6125561,0.04815080679294666,8
Q3615837,0.04083683797590824,5
Q17453260,0.04291320122154128,6
Q2964862,0.03033106399763391,1
Q1749674,0.04085437620289684,5
Q25929963,0.03608966288234778,3
Q16149755,0.037274574300461126,4
Q3807810,0.035528371282568555,3
Q16632847,0.03725146133397048,4
Q29888007,0.04266514678716133,6
Q16236390,0.04605739124815663,7
Q6065753,0.03435490232103418,2
Q41884906,0.02605885799291217,0
Q19867892,0.030056090162586115,1
Q116003975,0.04231593099779913,6
Q100959155,0.07351922664276807,9
Q100886571,0.037537974042110143,4
Q107426684,0.030858504686025495,1
Q1266112,0.047420935780305366,7
Q3531869,0.07281714492983006,9
Q16234253,0.05539956914365182,9
Q4757294,0.03087454049296028,1
Q19571902,0.03584979619248723,3
Q16235098,0.03244100826035453,2
Q21079295,0.02972799968823196,1
Q10556287,0.04718407120953987,7
Q16233172,0.049521268176487346,8
Q7648900,0.03973394653792137,5
Q21005467,0.03616946342437956,3
Q5548772,0.043889237245558585,6
Q6453707,0.03827285084824201,4
Q7505744,0.03705495841070194,4
Q1934161,0.046914657534303704,7
Q7131694,0.0340449766321095,2
Q29031332,0.04163556189198686,6
Q2793052,0.038413264283435236,4
Q23008111,0.03942109358267848,5
Q3616172,0.04957650773602185,8
Q15842753,0.03902019574328118,5
Q1383407,0.037747429447676666,4
Q47504991,0.03375822301138629,2
Q69511028,0.03424677270063179,2
Q96103100,0.04460923019370484,7
Q98710574,0.03480059638077292,3
Q26972617,0.035442153393896586,3
Q107125571,0.026134176056484503,0
Q107502928,0.05457209085146092,8
Q112895272,0.04319853597912959,6
Q19663987,0.04638627587720278,7
Q5957655,0.05166015488397158,8
Q60494801,0.042150686300914286,6
Q6228502,0.034354947762416356,2
Q21039341,0.033034095130594104,2
Q6991504,0.043328275568792325,6
Q50391375,0.06613364504283774,9
Q100769496,0.04506167272431766,7
Q19594194,0.025999824166865124,0
Q7420666,0.023571966860601565,0
Q21622111,0.03630911786103402,3
Q63214294,0.03972795030298336,5
Q70141141,0.04252378328170669,6
Q22276694,0.03849159415795732,4
Q55759612,0.03423849588274532,2
Q16204095,0.03434679138962081,2
Q17198151,0.04400013391189373,6
Q98249139,0.027741055588579703,0
Q44749671,0.03341649332975513,2
Q6701813,0.03879491775074033,4
Q18044261,0.047641351082795075,7
Q2087621,0.036405546063008026,3
Q16083510,0.027482796716190975,0
Q16086837,0.04520777938033846,7
Q21523334,0.038667027677406554,4
Q102197345,0.02785474687253688,0
Q2340918,0.030435930498719364,1
Q6266889,0.048646388606395446,8
Q5557878,0.04550131902796133,7
Q19577936,0.042474772727525166,6
Q7048180,0.03647359264739143,3
Q4801666,0.0418489543885837,6
Q3002041,0.041023498139777605,5
Q21621091,0.03894493971636186,4
Q5214757,0.03605921602821774,3
Q51702085,0.034125204769334075,2
Q8054436,0.03973819740659933,5
Q138348060,0.035448578972287,3
Q45027751,0.02925504169574865,1
Q16762786,0.029362754251938624,1
Q7704606,0.03419683852402677,2
Q16836970,0.040568998779104685,5
Q26838313,0.045240717752035704,7
Q4007753,0.03597391763839284,3
Q21055585,0.04154085773825731,6
Q98198257,0.05002248732798727,8
Q16013710,0.05190798597583965,8
Q3535470,0.03669619896782397,3
Q2723699,0.03585856435771359,3
Q56175063,0.04733735593827996,7
Q17627798,0.03187969904000311,1
Q6112226,0.04504377568018923,7
Q18049744,0.04082000100128652,5
Q7911231,0.04948546307038018,8
Q96402406,0.036185332443135786,3
Q4776367,0.052798281172454366,8
Q5651359,0.03854814766951857,4
Q112304387,0.041753056069080884,6
Q24007142,0.06223852435306479,9
Q55654209,0.03593149458189218,3
Q4678975,0.04042698341951899,5
Q5053531,0.0567408723756351,9
Q28528670,0.058870821163510736,9
Q10464801,0.04971468277395774,8
Q42305613,0.03856386057506875,4
Q7931387,0.045924102781398496,7
Q101096377,0.0492920301388335,8
Q113652741,0.03784529762242095,4
Q5108523,0.05245896090871609,8
Q16730381,0.0352381620484665,3
Q23883912,0.04265514492195594,6
Q24450141,0.05132452220806753,8
Q65029240,0.0457822890721246,7
Q60050574,0.03296496679704396,2
Q62929773,0.0611000604562659,9
Q19898380,0.05456418409818685,8
Q19893769,0.019732508537779282,0
Q27583774,0.038867668555528034,4
Q124633423,0.038233723684121264,4
Q22276985,0.05513071566586241,9
Q6108809,0.046397932880198986,7
Q3345871,0.04324423026824207,6
Q5236300,0.02934041272628532,1
Q28147580,0.04408848137332854,6
Q109553878,0.03493406225563762,3
Q22342548,0.04004662034231713,5
Q20744670,0.05302414743484026,8
Q7149197,0.04192438403226546,6
Q19788114,0.048496375820916884,8
Q25485303,0.04515839276791016,7
Q7938374,0.027432628215130712,0
Q20492270,0.04564859970177895,7
Q130478096,0.043040680479077796,6
Q28377794,0.05554528839756209,9
Q130484531,0.02884380860633194,0
Q3838168,0.03590977265075582,3
Q106862119,0.03901484878558146,4
Q19867802,0.043788727189654555,6
Q6099056,0.04152346069427322,6
Q98201830,0.04130708797455844,5
Q25431380,0.04447158264411801,7
Q33435863,0.039946430979975536,5
Q106966961,0.04630713126485806,7
Q41777187,0.04227633140809057,6
Q4817919,0.02904513086960146,0
Q16232428,0.029992038557389963,1
Q7489774,0.028900358692203927,0
Q13527923,0.037970217239381966,4
Q22162710,0.03177038775778571,1
Q4831599,0.03164122461112869,1
Q16193991,0.03417791341685245,2
Q5219263,0.035252294026843586,3
Q61892600,0.028746056304720945,0
Q16228274,0.0386696168976578,4
Q69511971,0.0340602381595708,2
Q4746482,0.02416339689095923,0
Q106873543,0.04342115187507673,6
Q21005446,0.03537741359207374,3
Q100924020,0.029872008200317306,1
Q136289792,0.03425460080653941,2
Q4724750,0.044986766639460836,7
Q15822008,0.025420410153247912,0
Q7902058,0.0375344064641735,4
Q98603248,0.04342625156822689,6
Q120645895,0.04233472107674193,6
Q60824125,0.04837036396669091,8
Q126180926,0.04173944160535954,6
Q100884566,0.0425410795046235,6
Q7660430,0.051791773842616344,8
Q22342329,0.04003025877283981,5
Q29589067,0.03440664219903287,2
Q1717444,0.03355354565161272,2
Q123182488,0.05528752815680945,9
Q4772059,0.03161329608048904,1
Q134302634,0.02797307523442928,0
Q22812486,0.04070250692213922,5
Q134319722,0.07819396554345408,9
Q137589017,0.07995720276391961,9
Q7599507,0.033540815749462445,2
Q126223951,0.09160880600226776,9
Q100165907,0.0363804898367137,3
Q123228644,0.03290557526259473,2
Q123203190,0.034604643371583414,2
Q111039887,0.05199797413062338,8
Q4018238,0.05235962902354291,8
Q123228831,0.039964099241347806,5
Q109406875,0.03482193122861445,3
Q100897731,0.10429334624208106,9
Q4776005,0.030527759435588088,1
Q134302598,0.037986492242482024,4
Q131138707,0.04320328400443598,6
Q3530745,0.026798779238540165,0
Q106687210,0.04015815332411194,5
Q126039497,0.04232608786451911,6
Q7141333,0.05172850776971003,8
Q5133111,0.028445622328108103,0
Q2388913,0.047575229233102354,7
Q126220786,0.035317333778348996,3
Q16452721,0.04105916879862041,5
Q64167398,0.03357992415815214,2
Q120267577,0.08586514264053098,9
Q3858936,0.03347980541213524,2
Q16236143,0.0396630053262398,5
Q130480863,0.11855944449944221,9
Q126221279,0.05120155066551348,8
Q106852271,0.0926854938480548,9
Q76787625,0.037456642776317245,4
Q7108535,0.05631832477662774,9
Q1071175,0.05316469197182722,8
Q123202473,0.036407408907107745,3
Q119552831,0.03549724933829451,3
Q4805769,0.05093587498182503,8
Q5657124,0.042130325133391204,6
Q27107039,0.03944880881675628,5
Q123203017,0.047540861262096286,7
Q109796214,0.04524819434118462,7
Q22006131,0.03726251323556553,4
Q19898331,0.06952664657768244,9
Q31863094,0.04412378086689504,7
Q66124304,0.03483404239701614,3
Q24084668,0.07790451377441394,9
Q5107950,0.03725298037251026,4
Q6937294,0.06276203569803694,9
Q26207454,0.05247398430656711,8
Q6733714,0.024364001525161546,0
Q5207884,0.06218834236624585,9
Q3527867,0.03274442224186818,2
Q29452284,0.0407001663064572,5
Q125807354,0.05421281543456569,8
Q16223872,0.058594528507824095,9
Q22162761,0.03136085294201629,1
Q100260803,0.05004288192157941,8
Q59306423,0.04763760965132852,7
Q41749542,0.04724073081002671,7
Q99514057,0.048538103051874934,8
Q97323201,0.0331600934008486,2
Q126221051,0.03696395127816295,4
Q120379082,0.03913245584340485,5
Q24150742,0.04385917530722402,6
Q1068225,0.03711731229286376,4
Q2854764,0.05461874761653028,8
Q3701788,0.04378486330369797,6
Q1976434,0.038617868243940756,4
Q98539564,0.045066868040106185,7
Q100772519,0.035515748617140346,3
Q85873788,0.02914958415110961,1
Q2763379,0.038237395623058376,4
Q5722499,0.02481533884567447,0
Q38051006,0.04236657864878781,6
Q23883285,0.03536359600991237,3
Q52886784,0.02872899736585377,0
Q6143246,0.03150331038383101,1
Q122574761,0.04346598678164524,6
Q119306963,0.05821074416882692,9
Q16232961,0.04059341352450581,5
Q21284552,0.03012451073360416,1
Q13122329,0.0313311782715695,1
Q27978938,0.04221443965176493,6
Q123203061,0.04662809175344743,7
Q86682410,0.04835414256009101,8
Q6286469,0.06980365658677679,9
Q17198729,0.038750748451527824,4
Q21181161,0.04011482762303957,5
Q105970082,0.030487532035729008,1
Q12268562,0.041390267938893464,6
Q126868880,0.0354648075224982,3
Q110495977,0.04662704877604455,7
Q64681270,0.028333441728959637,0
Q48611371,0.03799520635867749,4
Q16232250,0.024550876493269442,0
Q6215862,0.03530976362308382,3
Q4761588,0.03495805951753449,3
Q55955919,0.058651413275734234,9
Q3528415,0.06054060437996427,9
Q27662793,0.05991387606826642,9
Q89206732,0.04125257181112075,5
Q60479067,0.06709531383075487,9
Q108554124,0.04959571484939141,8
Q127417992,0.019977395750582713,0
Q54861653,0.05324929165662989,8
Q17523853,0.04334314134492461,6
Q27107018,0.02213756399199298,0
Q111974843,0.07793339446982372,9
Q5091142,0.04170586082531228,6
Q98393976,0.04230790623776502,6
Q130461800,0.045040330168780944,7
Q134302899,0.052359031269193876,8
Q134302984,0.06966540098624621,9
Q16224888,0.05817517735433135,9
Q4704750,0.03111908783927043,1
Q118198690,0.06599225292257958,9
Q15974434,0.027802093339827708,0
Q20641226,0.05817057244054002,9
Q16914080,0.049847602170687025,8
Q126039386,0.05000252998286113,8
Q44079610,0.049850739093422844,8
Q106513341,0.045982212882371275,7
Q256532,0.056706130659074275,9
Q21623271,0.05635655284201602,9
Q87743472,0.03397458038296756,2
Q25470267,0.03294347017822685,2
Q136089824,0.05514516706997102,9
Q62393067,0.07064040289313522,9
Q25470370,0.0353793219634602,3
Q126220835,0.032747107326505556,2
Q125807343,0.044308195599446265,7
Q126220991,0.04211993184671362,6
Q126221751,0.03716507811584959,4
Q123202963,0.05022856685895561,8
Q22162725,0.037722814930654686,4
Q15983380,0.03790064269285895,4
Q134320112,0.04196542447753744,6
Q62140867,0.05697680665745159,9
Q94997903,0.04500498624410831,7
Q25470487,0.047939381351506445,8
Q5996249,0.04794599619794635,8
Q55238309,0.06783401062372735,9
Q5079172,0.03968530089000081,5
Q5885337,0.034377131837927434,2
Q6382526,0.03346050566090274,2
Q85995966,0.04522998679726132,7
Q85999522,0.054976920330706065,9
Q16872871,0.02613173144925771,0
Q86682308,0.03657682148277981,3
Q134302489,0.05399526578415849,8
Q7103777,0.026400819738771782,0
Q25470333,0.05404544793424101,8
Q18387184,0.03256115517982317,2
Q60724194,0.03847218355094754,4
Q123202632,0.02815986771754481,0
Q21620992,0.03590107471020199,3
Q65162963,0.03930760359794762,5
Q66342225,0.038888103808438185,4
Q136486067,0.037249041976181105,4
Q55819170,0.03859414995246405,4
Q134302966,0.032456583430693804,2
Q16116712,0.05911296055953269,9
Q6985607,0.037855563401254705,4
Q64374407,0.026397573966994155,0
Q126221880,0.029769533968065257,1
Q7902063,0.03770609929552164,4
Q123202663,0.04016184619791879,5
Q23418616,0.039919843822715365,5
Q28777381,0.03656917781925221,3
Q24006661,0.06483401790212562,9
Q88406833,0.030873858142991737,1
Q7492858,0.052943467506105645,8
Q19664779,0.042770423174394355,6
Q134302444,0.04104768932165062,5
Q56877000,0.039029545069507426,5
Q103911672,0.0427495474785752,6
Q134302501,0.028294890502569055,0
Q24007419,0.0333311577078894,2
Q28856066,0.0321829769208009,1
Q127257419,0.03184955739406567,1
Q7678939,0.05037567926478722,8
Q123202899,0.03218952660100145,1
Q126220781,0.031405047524392854,1
Q85202272,0.04391621073034604,6
Q134302968,0.024942759614296747,0
Q134303002,0.03591340710165694,3
Q99618708,0.04455455062451049,7
Q7929349,0.0323888120687138,2
Q21620803,0.03622093540873136,3
Q123228533,0.0370917374585937,4
Q60455373,0.0416029766714204,6
Q50405894,0.047708910651782094,7
Q16234456,0.03552199376081654,3
Q65030866,0.05092438819454134,8
Q134302468,0.07335747593061506,9
Q125807422,0.03685536633398552,3
Q126221306,0.03964266464354191,5
Q86834122,0.04080287086902083,5
Q65548531,0.02776950242927816,0
Q4866856,0.032525577853287156,2
Q130742511,0.04399650581491362,6
Q2276432,0.07502918289002757,9
Q7363160,0.09348368402559203,9
Q134320015,0.03710703650965259,4
Q55200561,0.016547332133802908,0
Q21621372,0.03765728966956051,4
Q21572737,0.03209680595778286,1
Q16348020,0.02947577059092072,1
Q27049392,0.03074849584424961,1
Q126221542,0.05359725836428751,8
Q126039299,0.03740884906001914,4
Q136089779,0.03921729651389691,5
Q107555914,0.04597684186546563,7
Q134302510,0.029540961227262894,1
Q28055439,0.03835938129445656,4
Q85202421,0.040149078350100655,5
Q61793955,0.031028714163814683,1
Q87740190,0.030697840708673804,1
Q28131380,0.034389937358265434,2
Q123202522,0.03683045253504554,3
Q31773999,0.042290220662265676,6
Q85328227,0.03213633168068141,1
Q137639374,0.02430578467354897,0
Q136089781,0.0330655656759071,2
Q21621932,0.03479134587195615,2
Q19561017,0.04826418452585365,8
Q28784460,0.0329166936256853,2
Q16897844,0.04097381424140119,5
Q4739815,0.04059313010031067,5
Q123182238,0.04789109778271604,8
Q87736570,0.03843960800295289,4
Q42287938,0.04555094713946957,7
Q75224640,0.04010449031871431,5
Q136089777,0.043640246690817626,6
Q4805865,0.0339663178880819,2
Q134302632,0.040798837132418345,5
Q107479246,0.03932820228395516,5
Q110820434,0.025353509882108563,0
Q27970991,0.05042444567502377,8
Q27949784,0.03641670630917346,3
Q24007467,0.042185640683082073,6
Q95306490,0.035584958163308276,3
Q134302496,0.034779236832698276,2
Q29917556,0.042796546777596284,6
Q26131932,0.05371286575347205,8
Q16221177,0.0734176269349378,9
Q80868546,0.036205307753524214,3
Q45042934,0.0389990051204241,4
Q65760683,0.03476296346816759,2
Q20736581,0.04104254089040205,5
Q110224121,0.037053323762917485,4
Q21284547,0.038628153773807294,4
Q6553582,0.03656280329554652,3
Q16189514,0.04063336280357636,5
Q4857774,0.045553310689709206,7
Q134302457,0.053144928939327395,8
Q10556446,0.03578431467913121,3
Q87472444,0.036561120251079146,3
Q17198305,0.05304542671820896,8
Q24088899,0.042784558762856334,6
Q33289626,0.02556395423729363,0
Q53448125,0.03208499912665898,1
Q18348666,0.03894267146796181,4
Q123228382,0.04131813305331258,5
Q107659116,0.04439736872868305,7
Q123229018,0.0452313218316099,7
Q6008189,0.027116381346465723,0
Q6373654,0.060357811050366514,9
Q22681993,0.033751357873380634,2
Q21622845,0.02477254907733873,0
Q50937565,0.03821848900854174,4
Q61996800,0.05614027068480204,9
Q60564432,0.058251713982382144,9
Q28037521,0.03862600157472972,4
Q4708841,0.04396436258051803,6
Q42211763,0.024467210007602585,0
Q85765464,0.03940663492360534,5
Q21285518,0.034415636315253996,2
Q6957777,0.06612846487688985,9
Q102308421,0.03623836528250279,3
Q21622847,0.027451012373780594,0
Q89204383,0.053351879255635275,8
Q21471145,0.053630226530574726,8
Q23880208,0.07841328221213387,9
Q131632465,0.03356957286545324,2
Q59656125,0.04553909719901904,7
Q87359125,0.03651065737408143,3
Q106339830,0.049039220391678726,8
Q136289800,0.044010184749574854,6
Q3530505,0.039323428492890056,5
Q5433628,0.03621541768421524,3
Q79351723,0.03895617680947917,4
Q79060931,0.034719975557548965,2
Q100944508,0.03953157554135914,5
Q7397500,0.05219499653646814,8
Q99315794,0.03725915480145958,4
Q23417010,0.049167633253612515,8
Q136260019,0.02936461750334226,1
Q104845993,0.038586712104416054,4
Q21623276,0.030297323637923163,1
Q88890797,0.05483479462198906,8
Q21170841,0.03623242218995988,3
Q44660455,0.024610865871395948,0
Q7599929,0.0444382493965632,7
Q16676874,0.040829253176079605,5
Q108751420,0.04476332356162008,7
Q60734421,0.043034290430090175,6
Q66649518,0.04321864837692467,6
Q131747879,0.036140452356156164,3
Q21663012,0.04753568012036947,7
Q65029570,0.038006301471313605,4
Q136297649,0.027339726970271525,0
Q21663111,0.03752377073466599,4
Q107282311,0.031653149943560256,1
Q65665961,0.03336097203113528,2
Q79351675,0.027920256960917322,0
Q107719223,0.04256558025412876,6
Q22007315,0.03596941792770992,3
Q22280226,0.05397391469865589,8
Q7916225,0.02855405131379548,0
Q21572739,0.04073615505338158,5
Q21642282,0.048381007393799136,8
Q124308227,0.04390652159826718,6
Q27657117,0.027603690313647396,0
Q106376996,0.040794830417504695,5
Q50947310,0.02614657282944354,0
Q110451696,0.04561681092271304,7
Q94647813,0.03037359587524486,1
Q28549322,0.042490456681385395,6
Q23880469,0.03163314051148033,1
Q21285472,0.03572022182542653,3
Q21621930,0.0363478042912542,3
Q29052592,0.05205575767209157,8
Q23761527,0.03728405076631831,4
Q65088593,0.042992857851192987,6
Q104177272,0.029256668923276448,1
Q24005683,0.03920962061095032,5
Q90726623,0.025058812800490382,0
Q62503352,0.03752882229679867,4
Q104780509,0.04003769333910374,5
Q104146989,0.032608103508526845,2
Q21979438,0.026418987521850887,0
Q136277232,0.05738304603834545,9
Q84152270,0.054715200643565345,8
Q27049272,0.02704622447672988,0
Q62092978,0.0378454923650496,4
Q104177233,0.046804447491478184,7
Q21285567,0.06436923616307033,9
Q23418907,0.02726693849516962,0
Q105970434,0.05589689225528182,9
Q22004692,0.04569405852233633,7
Q81199510,0.036244372964042995,3
Q28793949,0.047812492952485706,8
Q27899124,0.05791418613514542,9
Q106096060,0.09207001522874912,9
Q21620848,0.04950590328421126,8
Q22279780,0.045350133764752096,7
Q29206054,0.021452885930158396,0
Q104869135,0.05147752866684137,8
Q28967808,0.05349258894198203,8
Q28549822,0.040429175168473046,5
Q27924924,0.04155179064196199,6
Q21663027,0.028279936842984146,0
Q110878671,0.0332916313180613,2
Q28549295,0.031534719493444344,1
Q110851712,0.036939324249763324,4
Q23883623,0.03710690828240261,4
Q24006367,0.03731221548252005,4
Q28870639,0.036929843859610546,4
Q106055217,0.049990440537784175,8
Q27663544,0.027113580017285747,0
Q28540596,0.0540325676156745,8
Q21451072,0.03181425772771256,1
Q23664423,0.03418190616430545,2
Q29168814,0.03791817595518565,4
Q107465904,0.03731067554621872,4
Q24006338,0.03580467615967738,3
Q28968056,0.028798701758869595,0
Q38586909,0.035673089347558834,3
Q28549300,0.023877806633111957,0
Q27831147,0.03708504590512909,4
Q29252170,0.043335543825485746,6
Q28967868,0.04136338790131249,6
Q22004529,0.04905979797962664,8
Q5268857,0.022605806822663735,0
Q23664654,0.03398799872627203,2
Q104413877,0.05258293810291001,8
Q64746274,0.0392099852477649,5
Q27909517,0.03417664335469018,2
Q109939109,0.043358252890285096,6
Q22277573,0.046134755695215746,7
Q103821497,0.054321591785375455,8
Q108315338,0.0341770702628246,2
Q23664142,0.03188098000327346,1
Q109909384,0.04238528062119099,6
Q28940977,0.03219808478162483,1
Q28086389,0.033856034433249096,2
Q110332659,0.03577765765829068,3
Q27469916,0.03653284971566294,3
Q100944493,0.02868555175649873,0
Q23771843,0.04624323365675736,7
Q108314184,0.037646036714291384,4
Q28595327,0.036383604757633324,3
Q22006523,0.041046457558143984,5
Q110999110,0.04884481664237819,8
Q28968092,0.03088410395893195,1
Q30026999,0.033576515336536966,2
Q110981583,0.03926463294357445,5
Q21620954,0.03335028181992482,2
Q78150421,0.028391711570169148,0
Q24549788,0.035564948350087534,3
Q24006342,0.03900721794067944,4
Q23664261,0.020905747639844416,0
Q28777352,0.03051320915902185,1
Q108435184,0.033814745827314856,2
Q27909403,0.03368464429566196,2
Q106249695,0.039193131295570616,5
Q23682334,0.03590738092630669,3
Q111536453,0.03813634652942047,4
Q96002118,0.02910290610385202,1
Q49582291,0.04386864888441096,6
Q105092781,0.03285264722657951,2
Q107046623,0.04659743675519495,7
Q95264655,0.02789630549816579,0
Q111109199,0.03770981247019407,4
Q54365891,0.0354613306606256,3
Q104521690,0.04507350634957892,7
Q41104554,0.03134065938044814,1
Q100260352,0.04027981679461286,5
Q101579788,0.03550343847506462,3
Q97924223,0.057915714008343916,9
Q128304746,0.04540958808669869,7
Q97735088,0.05994073099144092,9
Q64010522,0.029040068025854914,0
Q23304599,0.03241480320027674,2
Q97446719,0.030455403666015048,1
Q56678475,0.0242104161118595,0
Q112599020,0.0408496966152535,5
Q27783551,0.030643421493532618,1
Q59179432,0.0373204133029484,4
Q105675342,0.028150490122596995,0
Q101245867,0.024481805605520667,0
Q27736590,0.03999676135382305,5
Q24005560,0.03152926138559958,1
Q27689117,0.038992270973108256,4
Q134703151,0.042208545197177254,6
Q135016790,0.04627765503514203,7
Q96337408,0.043613967799907435,6
Q99670717,0.04612203149131212,7
Q120648202,0.04236232986143237,6
Q137610289,0.036045825138724154,3
Q6595017,0.06591491277568884,9
Q134879856,0.04081270043195648,5
Q131388137,0.03630225194052386,3
Q99806498,0.05504530157191275,9
Q134885638,0.04484282144282241,7
Q138606605,0.03065418797181172,1
Q60995361,0.024589290679512387,0
Q110688111,0.03839656054503648,4
Q21229913,0.041370717498052816,6
Q65963703,0.04051502965665309,5
Q106707884,0.040168599027093216,5
Q27580504,0.05454047175865876,8
Q27580717,0.03373627589504492,2
Q123287826,0.042633925515560646,6
Q52194001,0.05118455686852586,8
Q134885643,0.04263413618867213,6
Q16629637,0.03868389467688049,4
Q18021995,0.0381703284544378,4
Q19707652,0.04687568849547085,7
Q26255475,0.04745035933353562,7
Q27580523,0.02777388374596964,0
Q28500401,0.042492868882712455,6
Q106613537,0.03020406162677137,1
Q95930521,0.03284763971877651,2
Q95970451,0.02306102846500917,0
Q96319792,0.0444905395211639,7
Q138650108,0.03865208263135805,4
Q96337412,0.031029862084233382,1
Q96337714,0.04437666912855634,7
Q96337722,0.03450756150823742,2
Q96339163,0.02837790876544078,0
Q97182968,0.04973920721897777,8
Q106618840,0.03912100023092714,5
Q3517219,0.046855110245527604,7
Q95922498,0.03788601671861522,4
Q103834848,0.03961638716888811,5
Q27672934,0.03609643960760952,3
Q136028192,0.02585219825828189,0
Q105976493,0.03730209532677492,4
Q127574290,0.08345724936939614,9
Q116600568,0.04883504061728673,8
Q95751007,0.04845342732488727,8
Q95748256,0.02370594990480567,0
Q7695423,0.040452513304730355,5
Q112685640,0.03807434507587648,4
Q112652372,0.04198792575659618,6
Q136297677,0.02219654062449184,0
Q61935142,0.05257270679904579,8
Q6032980,0.042895865865001125,6
Q99670670,0.026919465973182573,0
Q4167043,0.05102084962386413,8
Q4899489,0.04471380336284751,7
Q5381402,0.04295488056127748,6
Q122819031,0.040790189522787665,5
Q26255605,0.032799696571947284,2
Q23884050,0.03561038046517521,3
Q138142378,0.040923490496527236,5
Q105531321,0.048432814792379035,8
Q108286902,0.037521796172457274,4
Q105718564,0.034168811563459536,2
Q137882031,0.07265631721505504,9
Q106504661,0.033031828063546695,2
Q21180899,0.035433462030626056,3
Q26255607,0.06914036093739562,9
Q114344936,0.0445619552558343,7
Q66104427,0.041436395988670646,6
Q19661323,0.03138796191007466,1
Q96339258,0.03077910965364917,1
Q104444460,0.05218678739207422,8
Q95971500,0.04563094102609074,7
Q55653608,0.02373128813118923,0
Q52735381,0.03959270145370354,5
Q47004197,0.07480189390778379,9
Q1627948,0.042612523372428414,6
Q110221921,0.06329750312703332,9
Q95895848,0.0501274185413506,8
Q95896761,0.04773490723782123,7
Q29474004,0.055212251283144206,9
Q2866564,0.04011362294279237,5
Q22957403,0.03341955151074297,2
Q24958080,0.0676099717876311,9
Q26255472,0.05090137588559551,8
Q108323820,0.03649260626668455,3
Q105531308,0.024044069154082904,0
Q1710516,0.04571983780601738,7
Q126150573,0.04120194055332677,5
Q98087747,0.028755947864172873,0
Q108322374,0.036365791793211144,3
Q107489864,0.041456344387943975,6
Q110292355,0.036462525497800054,3
Q109902847,0.0413053990844421,5
Q111262741,0.041144482476190264,5
Q95920162,0.02723342223511261,0
Q78264300,0.058396863684664645,9
Q19661263,0.04227779307968014,6
Q95886424,0.04423180414381645,7
Q95877304,0.030744434134395746,1
Q95877298,0.050442482551061645,8
Q16558824,0.03400367093760236,2
Q136289376,0.03325157354112427,2
Q95751188,0.03756974356994957,4
Q138308037,0.03670915440752579,3
Q135834032,0.03476529879834357,2
Q19661324,0.036129100850904164,3
Q60834521,0.054400706379285235,8
Q136505204,0.05051066320160141,8
Q22957472,0.04182945099866158,6
Q2687559,0.044095717562140126,7
Q130191721,0.04362794646890072,6
Q19956007,0.03741383356584547,4
Q18747757,0.04001024558497787,5
Q17274657,0.042431377323120745,6
Q22082648,0.03811750167498304,4
Q3104130,0.06805252056430777,9
Q1343994,0.038021474632919376,4
Q3128208,0.033140171158199554,2
Q3144588,0.047251336501038,7
Q95919731,0.04854756255779307,8
Q99670675,0.03529415494890455,3
Q5691280,0.037685407936394,4
Q60832124,0.02753718405258237,0
Q97761613,0.04511661770328822,7
Q97367917,0.05806719721235742,9
Q64748731,0.07408093061411732,9
Q66048980,0.047353293899872764,7
Q7557568,0.03642791801854317,3
Q95751213,0.05446885582017443,8
Q126043751,0.034634552612927465,2
Q10840328,0.041610624167796935,6
Q1608095,0.046652770258244464,7
Q229166,0.028803722163136102,0
Q158250,0.01730386686211114,0
Q210462,0.04042851149758672,5
Q229021,0.0269933417229458,0
Q154421,0.03568880682761976,3
Q229223,0.03780990432425861,4
Q436996,0.02609718690428372,0
Q320218,0.03426993589379692,2
Q59314,0.025428813453468983,0
Q124112,0.029270990700690877,1
Q212518,0.036886421742665584,3
Q228871,0.03126350212726833,1
Q448876,0.045900853776319944,7
Q2657882,0.055573806108674996,9
Q142546,0.0365513480040449,3
Q69171,0.03537809916104777,3
Q1374481,0.027389753853106567,0
Q315083,0.03440946192917526,2
Q905187,0.06914288986700463,9
Q299309,0.04383110512059183,6
Q233618,0.029401492540472085,1
Q460457,0.06312274285109991,9
Q259461,0.03622738619645191,3
Q438065,0.0331610558981274,2
Q88896,0.05380890978769941,8
Q302650,0.05115938109048372,8
Q709509,0.03420486291456837,2
Q236472,0.05827666378409596,9
Q86632,0.039336879859157306,5
Q938423,0.044067765111525506,6
Q386349,0.051956045824702576,8
Q155378,0.030854411201106918,1
Q239075,0.024141910004167277,0
Q723404,0.03880096388955929,4
Q1277039,0.020517595599889797,0
Q110379,0.04357992615704289,6
Q716398,0.07984614928550787,9
Q7171604,0.06076856197754064,9
Q3441473,0.04172902145934587,6
Q2473293,0.0333252000055525,2
Q955818,0.07295339483580644,9
Q73272104,0.05348207357056135,8
Q234344,0.03394017544174941,2
Q79178,0.04222566914268068,6
Q5233363,0.0695029997947208,9
Q496503,0.04116164342391031,5
Q314606,0.040815817095229696,5
Q268311,0.03313843450769266,2
Q930937,0.027590805195875825,0
Q266313,0.06808235203684222,9
Q40299,0.03276100704080591,2
Q538542,0.029932919158459883,1
Q335587,0.0272820306841929,0
Q28943186,0.042970706581251,6
Q939550,0.060941218456471206,9
Q3559331,0.03278557383993439,2
Q3074028,0.030266029590623283,1
Q976165,0.03190237610804759,1
Q50574810,0.03836134710458602,4
Q84765,0.03998099785998934,5
Q454944,0.04037120478410753,5
Q460262,0.02728469896175732,0
Q380180,0.039926160694160835,5
Q975046,0.04855352111952358,8
Q71412,0.03670812890319443,3
Q2713545,0.03611762947597647,3
Q3367717,0.04020609029799587,5
Q354462,0.04223727768401926,6
Q447862,0.04468352914015158,7
Q725650,0.0356076867586093,3
Q4673343,0.03487281483237944,3
Q1281170,0.0362533841506788,3
Q356331,0.033144472525902156,2
Q75559,0.03210753594488684,1
Q3379202,0.03746990306533023,4
Q1319770,0.04194423375721573,6
Q15528381,0.04247735364860645,6
Q6761944,0.04684691813976098,7
Q2576513,0.0451440540769081,7
Q457410,0.030271743930978985,1
Q10898133,0.04084871241187588,5
Q350506,0.021514653549729115,0
Q235489,0.02985814043827646,1
Q3181396,0.032641585446413664,2
Q592524,0.0434887727372102,6
Q4678398,0.037279013214850866,4
Q435487,0.029970255318271972,1
Q2900955,0.030731220819765835,1
Q3050472,0.04176395306813917,6
Q2118568,0.047906668739924996,8
Q109568963,0.038634365501829616,4
Q777625,0.06253882574533474,9
Q3046262,0.034306073310980255,2
Q111238,0.06654887662053341,9
Q3026948,0.056844250330371736,9
Q174930,0.041102491296193575,5
Q975203,0.036139928074785325,3
Q110314832,0.04115463623667344,5
Q5058003,0.027416358326933437,0
Q90029,0.03274227014045508,2
Q2925059,0.03352264472675118,2
Q1035938,0.05341737103290836,8
Q1585851,0.02965816216036246,1
Q2049922,0.036354374872037375,3
Q3103203,0.04024844235386723,5
Q725070,0.029233314109468507,1
Q18206549,0.034226089368233265,2
Q4748667,0.02800911580778519,0
Q2461823,0.054056136215743095,8
Q2067384,0.024932780897884133,0
Q242778,0.037787840482759925,4
Q1421566,0.04197304643445102,6
Q354603,0.03840271806803069,4
Q3370617,0.06555563578995624,9
Q4704371,0.038379520452203886,4
Q1062414,0.03615706968360315,3
Q5213674,0.045794641078912436,7
Q17403476,0.018263948162325863,0
Q454379,0.03575363610845927,3
Q559007,0.04410879755646864,7
Q3505991,0.02661910855645853,0
Q1226205,0.0360294877949937,3
Q86336,0.06086430614646539,9
Q12471431,0.03245165071835484,2
Q5549551,0.02570765963903972,0
Q4485021,0.03476859634159103,2
Q7349286,0.03281384297910733,2
Q3434086,0.03835177394442274,4
Q597985,0.024631877266038056,0
Q16218779,0.02913761440479626,1
Q3291420,0.043300932211582294,6
Q937805,0.03196781058343409,1
Q3431313,0.03808636216420756,4
Q3536295,0.033075458320660105,2
Q26923822,0.05029045515684695,8
Q2928904,0.030391602055227684,1
Q2207669,0.023180304438778988,0
Q11216625,0.04300828554786843,6
Q16090757,0.02876819432846973,0
Q3783485,0.04570954456150428,7
Q9004686,0.09262179646143229,9
Q110757,0.04505771072266742,7
Q3818856,0.027759662484022105,0
Q2863647,0.1149631213277791,9
Q104766,0.036087679178361316,3
Q2052882,0.034089030122909744,2
Q7245624,0.037120924293763485,4
Q1248813,0.03555769148035076,3
Q270081,0.042481406617874994,6
Q538842,0.03346406665223322,2
Q2551259,0.03553881413583387,3
Q3179060,0.04015043446275073,5
Q16224236,0.059561758968120715,9
Q3175098,0.06319797427359225,9
Q7490953,0.03945013555103206,5
Q2735756,0.022666458840541644,0
Q3815699,0.03219126151518177,1
Q23615571,0.04883522103674702,8
Q1617424,0.03381407409210637,2
Q94907475,0.043165799392345196,6
Q6115262,0.0326276555356824,2
Q3900863,0.054923985055203906,9
Q3302338,0.03501282931110082,3
Q443575,0.03557984094905808,3
Q12506459,0.03508384205217537,3
Q7300380,0.0343029794535602,2
Q15498620,0.0315175003096026,1
Q33026764,0.04095679665516633,5
Q3784506,0.026781114966512466,0
Q7363882,0.03364158023748242,2
Q4027099,0.044186311107912865,7
Q1700357,0.028785694245399583,0
Q3560666,0.027689723151099903,0
Q210792,0.0363620280181443,3
Q3308948,0.03066697265244999,1
Q11837826,0.02359963120178537,0
Q23072512,0.04414787204194596,7
Q455029,0.041608899489109875,6
Q2159268,0.026945325146794628,0
Q3389623,0.037659741476566026,4
Q15509115,0.03493646221503798,3
Q3505614,0.03949228816066154,5
Q669144,0.035185028109118124,3
Q28001783,0.03238384397945289,2
Q1600880,0.02924429588514923,1
Q95814,0.04514500694891322,7
Q432332,0.04109211096122823,5
Q7851089,0.0362834370948258,3
Q3543348,0.03620063849024438,3
Q4828887,0.028809971215747878,0
Q2256714,0.0465709945684268,7
Q5748042,0.028749782530536866,0
Q439874,0.027343444884870075,0
Q5142021,0.03076897286132244,1
Q7641468,0.03300928615787524,2
Q1688983,0.049242216340936784,8
Q2159369,0.04087770882193345,5
Q3185910,0.06525134666039485,9
Q2533146,0.058397125231263176,9
Q18715957,0.047480518337679675,7
Q152020,0.027298138429841128,0
Q94698650,0.05239539962442491,8
Q5129225,0.039200691394290804,5
Q6161055,0.04330069685423691,6
Q2341270,0.022691917475312448,0
Q532229,0.04768402984268038,7
Q5257627,0.039336811732959075,5
Q3544809,0.03786453000938794,4
Q2960982,0.047323162521362844,7
Q2353036,0.025582287217331377,0
Q3082481,0.07802700412585216,9
Q1874966,0.0392270748506327,5
Q23731498,0.046811178130663655,7
Q276301,0.03288233122283174,2
Q22662868,0.041930741300159,6
Q3564998,0.05037607654603197,8
Q732161,0.05732141513034455,9
Q1711950,0.03341265300392622,2
Q72126265,0.037036600918399436,4
Q21122386,0.034259538149049265,2
Q3237653,0.04581106792316926,7
Q5460727,0.02712284765876394,0
Q639236,0.03673161483890163,3
Q517689,0.03138237074071619,1
Q7332058,0.04189137544051776,6
Q21078137,0.03916522728262898,5
Q1581669,0.03437332267657762,2
Q103066582,0.034766132585422375,2
Q2837277,0.04178394851525935,6
Q16163821,0.03146549526805487,1
Q11838533,0.04097049226637676,5
Q3426714,0.03998198063118328,5
Q16188616,0.034569597318375424,2
Q4269666,0.04118273852178505,5
Q15644544,0.04581701639063734,7
Q5405327,0.03892828087163415,4
Q6759968,0.03993398773578804,5
Q3556367,0.04202081537523157,6
Q3550232,0.031533991654358856,1
Q16006472,0.020339056948593046,0
Q1239525,0.03772472831019448,4
Q3013892,0.03414127265627502,2
Q3510133,0.026852268249051313,0
Q18633966,0.0467189679864422,7
Q6204806,0.03748198445190606,4
Q5263755,0.046763464172006365,7
Q3575591,0.030687552431897948,1
Q6551638,0.04146653481763002,6
Q23887610,0.041469656439298994,6
Q2941851,0.04210518158321107,6
Q6200824,0.02798416327561934,0
Q5443899,0.030991546830472224,1
Q7041818,0.027994362674199913,0
Q18001519,0.05452002585539989,8
Q16731523,0.03822574456961893,4
Q56600101,0.039191225534462686,5
Q781753,0.03446590075411215,2
Q5096407,0.05222116205561169,8
Q1232334,0.035014649558512946,3
Q22959281,0.030970765075254633,1
Q712823,0.06719152624540665,9
Q3081359,0.05321023236146283,8
Q132915874,0.04325604055581148,6
Q65067265,0.04082645880402127,5
Q225456,0.033521992981468206,2
Q3341029,0.04683837796136658,7
Q3611682,0.03943359074632717,5
Q12524009,0.03377022606449396,2
Q6761982,0.02740022160714527,0
Q2829659,0.039595134838741594,5
Q522038,0.0358544598472541,3
Q991475,0.022048118073075627,0
Q54820920,0.03961517908595828,5
Q3160617,0.050948812570846325,8
Q915980,0.032058740048285815,1
Q1189618,0.030638659343250867,1
Q1448212,0.03686826657669723,3
Q97486040,0.052208369320472944,8
Q16106999,0.03653658497707325,3
Q7660212,0.0407984569211166,5
Q17386334,0.04271572717054284,6
Q18715750,0.03214806153374929,1
Q4727017,0.041425602699489916,6
Q15815136,0.04249527474373369,6
Q5049247,0.048777851421040935,8
Q106602874,0.03607997015119085,3
Q11833634,0.037789953355836056,4
Q5882331,0.035319689121828125,3
Q1804820,0.06030907482514871,9
Q723461,0.04412018372953991,7
Q6129432,0.04458354006271722,7
Q4885794,0.03452499475207585,2
Q5930636,0.03787477231030007,4
Q2592153,0.031074482243471455,1
Q3069199,0.03502304848936858,3
Q3435742,0.040774035975632505,5
Q96201,0.045959056183795255,7
Q5547470,0.027454184650535722,0
Q5301561,0.05758749420156045,9
Q3784116,0.035193235501540264,3
Q3163544,0.03496821571723886,3
Q7505879,0.025373997618078747,0
Q3309478,0.03213228560840364,1
Q2216690,0.03890967359903286,4
Q7368304,0.09710193049767316,9
Q21483297,0.041527217742215045,6
Q2939610,0.0407667009029015,5
Q2975115,0.06025850402263047,9
Q105386602,0.04061941314204422,5
Q57593237,0.038675541355216086,4
Q21476378,0.06723097406473141,9
Q5106863,0.07218107716384718,9
Q5673233,0.03387290884837572,2
Q3591442,0.05748618816254722,9
Q4935608,0.03427689007416877,2
Q60473879,0.03131222531301266,1
Q12486446,0.03224396855361477,1
Q506953,0.03338456089606912,2
Q17410945,0.03853188081191342,4
Q95391821,0.024561906398686814,0
Q15515416,0.03764310307553211,4
Q3089651,0.025629323073224988,0
Q6860815,0.0451346890752702,7
Q5170419,0.021742917305145916,0
Q5239053,0.030590221425188635,1
Q3538225,0.04653609781326196,7
Q2165483,0.052540093178909196,8
Q1352452,0.027239002587492317,0
Q22673847,0.041142400370487525,5
Q19667270,0.04912666069352887,8
Q30232303,0.06764256593088493,9
Q7322792,0.033255216556597925,2
Q22958059,0.03165114105771729,1
Q94268182,0.039917603694918334,5
Q4754421,0.043380078989464346,6
Q12497946,0.035700568673997304,3
Q19946603,0.03595605873757006,3
Q41715,0.04009705108115581,5
Q16213612,0.05682242269597564,9
Q4898911,0.028262449755576603,0
Q2855860,0.049538039124893844,8
Q1500209,0.0377124974486684,4
Q4683085,0.03469420847105442,2
Q535126,0.030760676551521284,1
Q2412670,0.027797025724319177,0
Q6289364,0.04195378184531102,6
Q63031848,0.047777940980187256,8
Q7821298,0.04490554929598502,7
Q100792115,0.03905495008704272,5
Q15966750,0.052977246366728396,8
Q21035820,0.02566517587151729,0
Q12970176,0.0406439139124043,5
Q97153932,0.0354389156648161,3
Q98830684,0.043046016004674004,6
Q19502471,0.03582611150328653,3
Q21517313,0.038014265267732585,4
Q5769365,0.025973387395874122,0
Q24451590,0.04734012136477022,7
Q6377203,0.03821907653235899,4
Q3293090,0.04690046714528067,7
Q3173285,0.026545735114087216,0
Q3514655,0.028032973390147962,0
Q5349475,0.03349972352280524,2
Q93101789,0.03755177730228732,4
Q7861641,0.025478125474411344,0
Q100233515,0.03528917538935235,3
Q62675840,0.049644985365397756,8
Q7366909,0.04670323850129225,7
Q3524958,0.039517930350058905,5
Q3958239,0.05793368218701685,9
Q55675042,0.05156120944080054,8
Q24059375,0.03338403273851655,2
Q6079884,0.051134682134029275,8
Q18210661,0.027142447817009776,0
Q5264808,0.04011409347676577,5
Q95174209,0.03329038732863288,2
Q3645482,0.03505751308495718,3
Q3515360,0.028551804070649143,0
Q16631862,0.05863835722174473,9
Q3441245,0.02944778078291392,1
Q6306866,0.03204117580521501,1
Q64482025,0.03651030893068287,3
Q6408925,0.03520330513783346,3
Q22077815,0.04838318125098615,8
Q6577204,0.06196505215125813,9
Q687484,0.040703338392658696,5
Q7399819,0.028787143725906784,0
Q136325266,0.05334174142396323,8
Q2978305,0.05715018786955524,9
Q7831200,0.04238666040748483,6
Q15460937,0.04898883064374655,8
Q12484109,0.03705651330946565,4
Q7537856,0.04090874946016653,5
Q1550747,0.027292305349862024,0
Q123508788,0.05220383713833804,8
Q55231409,0.04629312759344597,7
Q20457401,0.036342621881043105,3
Q31187108,0.04053520616020705,5
Q110640735,0.04688212948697609,7
Q12497096,0.04210597053551908,6
Q1477187,0.042231032824164245,6
Q4891560,0.03689930450900868,3
Q21063745,0.026105418740555195,0
Q126872623,0.052654507248326717,8
Q7416091,0.05161596001664979,8
Q10346285,0.05155916314584864,8
Q5415005,0.0325557022612079,2
Q3545304,0.03985539976190774,5
Q12701951,0.04034529452453907,5
Q2129151,0.04044074687306784,5
Q22928530,0.05044457061177934,8
Q1381773,0.04043768920196064,5
Q2039725,0.03727273482758755,4
Q22277117,0.03042569586404799,1
Q15711150,0.03390512310439919,2
Q861955,0.049245102069224604,8
Q50841052,0.12801337832402068,9
Q7516933,0.08982569898291001,9
Q22575705,0.03736386845730754,4
Q1737292,0.04083821049966638,5
Q181028,0.03622352884152409,3
Q20974024,0.03754516575574873,4
Q5053442,0.046483338023971525,7
Q12512164,0.03705182847066609,4
Q2674063,0.035561691813868694,3
Q101008704,0.039580225763367796,5
Q12470536,0.03687455136194515,3
Q23900763,0.04462809895855262,7
Q4725874,0.03310287743031989,2
Q18354514,0.026552152175824902,0
Q12498460,0.03987284124563145,5
Q16138397,0.021129090432323656,0
Q1707890,0.036300749112047455,3
Q3067913,0.03729163585887072,4
Q22673548,0.04536140511318336,7
Q18684675,0.042947917689398415,6
Q84265938,0.04260376289728881,6
Q3491453,0.04879674791919801,8
Q7147717,0.04768602983032463,7
Q14952263,0.05938209465292369,9
Q7129656,0.03367642822070604,2
Q95313857,0.04182327584997027,6
Q7684064,0.05120925300364539,8
Q7586356,0.03116526402830535,1
Q7812515,0.05371653434101705,8
Q46996041,0.038114380012073734,4
Q95713809,0.045172077353964175,7
Q3514000,0.03868118249829833,4
Q13014261,0.03030978322866748,1
Q12971471,0.037788578901898004,4
Q3899134,0.04690724150141252,7
Q4347073,0.03141273744404675,1
Q95903101,0.026142851449972335,0
Q7380618,0.031784910705213616,1
Q3545912,0.0386933102185123,4
Q1448635,0.04013301690896547,5
Q2053428,0.04058329379436564,5
Q12471924,0.03587996036831607,3
Q30925980,0.038233247153586114,4
Q12710117,0.02918412808446429,1
Q116985802,0.03774431998949299,4
Q2634510,0.024156718437721,0
Q5269022,0.04653788746878065,7
Q7698112,0.023991648231864397,0
Q124220636,0.055261191257079706,9
Q5267654,0.027257211156367613,0
Q7683925,0.0333895726577751,2
Q112858247,0.03259732345708966,2
Q116153705,0.04079084797942304,5
Q1613914,0.04342995808929527,6
Q7363866,0.03747243077914194,4
Q111011975,0.025710737756180563,0
Q113535728,0.04872088284304712,8
Q4019000,0.03497733649162304,3
Q2735987,0.03700208132574612,4
Q129259255,0.03579849803715593,3
Q7846939,0.026280147998147138,0
Q286458,0.05624529321273313,9
Q4724780,0.03219566634010762,1
Q22212088,0.033480003902924306,2
Q111837843,0.049530223836261524,8
Q67205124,0.09085978419538528,9
Q29535290,0.033244385374140525,2
Q7520252,0.03306299701223928,2
Q3064476,0.045972106526303264,7
Q4766243,0.07569395908329361,9
Q95625341,0.038823881098459814,4
Q116977049,0.04315527072317075,6
Q7246472,0.03735225694818578,4
Q6266102,0.045614195691831665,7
Q24059386,0.02900188274555617,0
Q11193668,0.04197309599129342,6
Q5273048,0.04921568695477528,8
Q12701623,0.041149932088164996,5
Q24250411,0.032955490560947896,2
Q95188223,0.026195677014755527,0
Q3336393,0.03852952375932812,4
Q11878279,0.049965707238447656,8
Q17388745,0.03142769946441972,1
Q42895106,0.050112843402109454,8
Q4275734,0.027541467720041648,0
Q3371765,0.0491419298850595,8
Q22915815,0.01952148413983674,0
Q95729806,0.04167379883263251,6
Q3942965,0.03985286307601495,5
Q55676799,0.039487840911181384,5
Q2874744,0.051965834528762696,8
Q2159203,0.042385252880504896,6
Q7384539,0.051539556316845356,8
Q16147148,0.03530632414815447,3
Q19596699,0.04766431480611782,7
Q5122239,0.03506598747912767,3
Q6238150,0.042755082685522146,6
Q21907057,0.03715051274696512,4
Q21005803,0.04441063823306392,7
Q4020064,0.04049420453926226,5
Q7811560,0.03952449461665785,5
Q5271527,0.04750037817657187,7
Q5494227,0.03369828227395447,2
Q94741713,0.04792437536882527,8
Q77378376,0.03286444778581097,2
Q12686251,0.06797755425034813,9
Q5297673,0.09493817732991842,9
Q25929925,0.07519984233334084,9
Q18275286,0.044394296642167395,7
Q22639398,0.06597038480247852,9
Q16091505,0.06826674824330761,9
Q16139312,0.05863345487205283,9
Q19896075,0.03629423502554152,3
Q99475391,0.04141825706608649,6
Q3516593,0.05041801750160421,8
Q63349157,0.034258420621685014,2
Q16199660,0.029047314599760978,0
Q29452236,0.04270691165721339,6
Q16146453,0.030614479258767237,1
Q20649361,0.03404518106060758,2
Q21066326,0.04041850308384536,5
Q4794176,0.04069823222846035,5
Q7286442,0.03127116939187325,1
Q26859284,0.042847868370071006,6
Q16571330,0.03154483817124517,1
Q121384805,0.030408857249160592,1
Q5336284,0.03619304535938483,3
Q17411027,0.046010707181393294,7
Q1258751,0.09902066635179602,9
Q4924472,0.04416805795991534,7
Q7289434,0.033949652170826766,2
Q3545375,0.04728137644737982,7
Q4285628,0.04446541568161772,7
Q4707695,0.057813336539151196,9
Q16140718,0.03651466864130559,3
Q24044607,0.06441466138021187,9
Q22811301,0.03694113588150592,4
Q1827815,0.02888867749493361,0
Q109941777,0.028806718012748065,0
Q7441095,0.0454859092048477,7
Q1707908,0.03402673740556158,2
Q59892284,0.04003776388372868,5
Q3144715,0.03798849682569013,4
Q109193318,0.029047181758322983,0
Q28723681,0.03305308497494327,2
Q6727052,0.03553096517733029,3
Q22116807,0.03245362634917322,2
Q125218515,0.04888687107944517,8
Q110094605,0.041200074661341395,5
Q110773804,0.039415221703866354,5
Q11132344,0.03539046099783019,3
Q64875560,0.03712630699536843,4
Q7246462,0.058925603616326504,9
Q53234193,0.04521197477161724,7
Q20090423,0.03515115133979223,3
Q111444892,0.045115515277340104,7
Q4820082,0.04110996358543295,5
Q66537058,0.053291364101056955,8
Q5435180,0.06659055150189494,9
Q108102272,0.03412805699324824,2
Q4779207,0.03427402694514204,2
Q20462425,0.04759502565337518,7
Q97208547,0.04868506692970873,8
Q15411441,0.04269603933884717,6
Q16765356,0.031199161273944603,1
Q19519495,0.03279754965646522,2
Q56793731,0.03086870174725597,1
Q113468045,0.042602510169496094,6
Q55615287,0.0366424874551776,3
Q17600963,0.042021106286176654,6
Q12683097,0.04273495130975499,6
Q11033517,0.07341973818770653,9
Q6376383,0.02782791372999674,0
Q134359687,0.055774089905501846,9
Q110193269,0.09301535495909143,9
Q7490479,0.04819336578625375,8
Q106554714,0.04586334307909372,7
Q16200949,0.03746225505237979,4
Q18205147,0.0417411681706694,6
Q15874560,0.04817639075169899,8
Q16240581,0.03092837670532705,1
Q94751642,0.035263010610905136,3
Q16434250,0.04300459731142212,6
Q28839224,0.02692689321889157,0
Q69701153,0.07514750411273538,9
Q7932909,0.029763520463632762,1
Q18221699,0.0554072758706789,9
Q43900383,0.04027586463913815,5
Q4983402,0.0434813206076941,6
Q7154747,0.04601673839412421,7
Q126598613,0.04556434973907164,7
Q96210757,0.03559035447123252,3
Q22704642,0.03624275997202285,3
Q12477273,0.0358306329590514,3
Q113129696,0.03612462930511738,3
Q12500927,0.03418577695993161,2
Q14878777,0.02799193994932503,0
Q7423276,0.03599566838064861,3
Q94811043,0.03659280909485936,3
Q114353704,0.03183345264267309,1
Q17411279,0.056339328320043625,9
Q3543596,0.030165696415913424,1
Q4762471,0.038109374708069174,4
Q3309491,0.04526869453446798,7
Q3130469,0.04367559716525861,6
Q123463359,0.06228606426170612,9
Q119267237,0.033476996556552195,2
Q105965964,0.03937596740126724,5
Q95789280,0.03327245213927861,2
Q12482484,0.03393330117891046,2
Q124711883,0.035336900472984184,3
Q94828195,0.0457389166750365,7
Q16147361,0.035581258397726585,3
Q3470622,0.03543642294514791,3
Q2878879,0.038947412540580914,4
Q438834,0.03130361621546028,1
Q4777873,0.04093145561012388,5
Q19630122,0.05089232508026305,8
Q38091188,0.03312996946807126,2
Q65321197,0.04434219823278516,7
Q96101267,0.03608178603243097,3
Q7306595,0.04070456152999702,5
Q16200086,0.02932980326461373,1
Q4874189,0.03490657056557453,3
Q18421319,0.05451326899088391,8
Q6828636,0.03165040402864772,1
Q85992452,0.04693263833480211,7
Q94774780,0.03860781077949605,4
Q95854841,0.034834888032216335,3
Q98138162,0.03874750311777378,4
Q135582624,0.04071146767776607,5
Q13118805,0.03075386596403856,1
Q20278477,0.034409620880886026,2
Q16200770,0.02518739472733937,0
Q5987027,0.03255513553022039,2
Q16218691,0.03560960021601497,3
Q579887,0.0358110352805825,3
Q55960462,0.030339836541155095,1
Q95715333,0.027194490630379715,0
Q5065395,0.04179359802776556,6
Q16755943,0.03748078650730029,4
Q56050505,0.0528672499522278,8
Q29996170,0.04346428603113639,6
Q7238427,0.028325647169599892,0
Q16203105,0.03156992044974203,1
Q55314943,0.02882036733275476,0
Q19724008,0.042763918083125685,6
Q19944148,0.062484645143726314,9
Q137907874,0.030314406133883344,1
Q7238147,0.04689968290317912,7
Q31174387,0.03036270942640521,1
Q109569141,0.03756071050116109,4
Q4055196,0.036659680476535415,3
Q108017856,0.03364860734251735,2
Q19580904,0.031069530757107108,1
Q7823983,0.044083084161915365,6
Q113517948,0.04535273062257992,7
Q6837219,0.04351721445160318,6
Q12494756,0.03703925136767288,4
Q5386533,0.025522496279429586,0
Q56399328,0.04474442606578214,7
Q18638571,0.035569811223851146,3
Q55517219,0.04220096115207889,6
Q14949697,0.04732009706286536,7
Q6379304,0.03594870009378012,3
Q29452944,0.046961283080781686,7
Q97210730,0.03745752659770549,4
Q4132013,0.038659924328264386,4
Q108488065,0.03921547518790568,5
Q42715085,0.0445888611213098,7
Q12488071,0.04052838836840923,5
Q18223342,0.04724628398822068,7
Q6452313,0.04395918700832429,6
Q22935422,0.04831296865857139,8
Q116843275,0.03708296041479462,4
Q130391368,0.02941509837842025,1
Q13012767,0.02778088619267833,0
Q21005309,0.04465538335765879,7
Q120230496,0.04447958777512748,7
Q17410457,0.0450827378395343,7
Q1558550,0.038099225856161295,4
Q17517297,0.0261224650987126,0
Q48280216,0.03538260471632599,3
Q96863214,0.03931426442101913,5
Q12471999,0.03005252164670368,1
Q12684114,0.04604252666254247,7
Q10824774,0.053363406425461196,8
Q47454145,0.03155302478888577,1
Q4308848,0.03274435740344548,2
Q61992391,0.04594424565779497,7
Q105062156,0.053423233817331675,8
Q60332404,0.04031658622978064,5
Q7042301,0.03317901944740811,2
Q98492771,0.02920498468082642,1
Q12503067,0.037471053661135234,4
Q19944092,0.03268812856849138,2
Q21872295,0.04648976595687064,7
Q96314804,0.05043326499409909,8
Q28496435,0.06275598934328089,9
Q4263183,0.04498949218143849,7
Q24631223,0.05169684917254797,8
Q103700719,0.027939440386376004,0
Q13015775,0.03224674135793452,1
Q28530033,0.03452208121560042,2
Q16154619,0.0354783768890407,3
Q30641582,0.05025320994132905,8
Q113379135,0.03549413660542063,3
Q61099662,0.03669412344950069,3
Q14917296,0.04114753544864394,5
Q12485545,0.044440755926824824,7
Q6257880,0.04444332451841275,7
Q23007981,0.03467994682400127,2
Q4886737,0.07131971074218167,9
Q6167208,0.045512703014730614,7
Q12511661,0.042356601286953656,6
Q19739483,0.03770028645157284,4
Q20451004,0.03160320343501439,1
Q25467216,0.04934183131520795,8
Q130754285,0.0639645356416638,9
Q127690033,0.023769135497005652,0
Q65161393,0.03029850568329212,1
Q127169113,0.050115250698117834,8
Q19666829,0.03127121409139393,1
Q113017160,0.03952976883561861,5
Q4776078,0.029033839379423467,0
Q124386717,0.0302498554182239,1
Q137787193,0.029318192912659406,1
Q112302389,0.043218723126259156,6
Q12495030,0.03820534333108915,4
Q7279109,0.045463381939071575,7
Q102046904,0.031157152988365126,1
Q5071090,0.041256862718152466,5
Q65280884,0.03733738752104377,4
Q137438140,0.037129294744117386,4
Q96055638,0.04176157395215178,6
Q6397435,0.032377424313358036,1
Q124060832,0.043067522215830774,6
Q50220690,0.03517481177742775,3
Q4898610,0.048860585330389054,8
Q49253715,0.07812598925431942,9
Q106214147,0.07356300163165352,9
Q12964258,0.03318362151564757,2
Q136231482,0.04596080692008801,7
Q18209420,0.04526597613448801,7
Q3644223,0.04137573292957196,6
Q133322953,0.040271125438079064,5
Q31194844,0.024065074091016714,0
Q106405479,0.05339219619592248,8
Q31173594,0.04538143898372214,7
Q115471944,0.03681799117359727,3
Q123762841,0.03532583482964839,3
Q4805709,0.03556973627286727,3
Q65028767,0.0669565082269294,9
Q21401964,0.02873654276250466,0
Q28500882,0.047132369560190346,7
Q16201343,0.03394270211201953,2
Q113814281,0.047274857404800065,7
Q95895571,0.057760683430680144,9
Q993839,0.03222372586276279,1
Q97490432,0.04651975215975916,7
Q4262188,0.05631334727761783,9
Q109441994,0.03364412426426874,2
Q7435566,0.10014395823138066,9
Q17305700,0.02587799178824054,0
Q128516488,0.05411313453409685,8
Q13018450,0.05736319093709353,9
Q107774000,0.0614119273715623,9
Q130251102,0.04871656191404077,8
Q116771952,0.04099290195088994,5
Q61103027,0.05082135888413704,8
Q12496541,0.03282262533354088,2
Q28724375,0.02905730871020929,0
Q111600669,0.04082291209953216,5
Q5673766,0.03474693742966813,2
Q16235834,0.04067506678484743,5
Q137738885,0.033693860185287014,2
Q12564818,0.03114740780437004,1
Q100994186,0.034601263408850925,2
Q20858091,0.04207307889535579,6
Q65807797,0.03814223500393227,4
Q7295459,0.03662184702349192,3
Q107646081,0.06642762974375781,9
Q16232648,0.03688734042303758,3
Q13020339,0.04166716301822548,6
Q2651337,0.032933429539465715,2
Q61110634,0.03853968687688674,4
Q97704951,0.05356478924820013,8
Q12479366,0.04121092265869873,5
Q130278365,0.03667723742995606,3
Q12482879,0.040473172445416705,5
Q12965224,0.05289291513549253,8
Q31186972,0.031443194868047,1
Q22662900,0.03733146003419794,4
Q12482607,0.04644205988849747,7
Q132777569,0.02644187311883062,0
Q117481092,0.02733114586730161,0
Q5488622,0.04282330543057292,6
Q79666013,0.04774280005246947,7
Q25470075,0.033832287869207424,2
Q12509231,0.03705922266773012,4
Q118990877,0.03739058735281097,4
Q136528395,0.07884812310175975,9
Q59653187,0.03617623042349869,3
Q11264345,0.045320487876087764,7
Q138710367,0.037919939179319705,4
Q97206434,0.03613907694670902,3
Q16141660,0.03217212108409195,1
Q109437055,0.04067503853359034,5
Q31173773,0.03558773797111777,3
Q99911867,0.04721755226197134,7
Q7246456,0.04988370897286422,8
Q94329023,0.03610226724047253,3
Q12479393,0.05102299550314319,8
Q106504350,0.037783400689636336,4
Q111804736,0.043595124330768384,6
Q103453675,0.022584536234484177,0
Q66829481,0.04332869652477419,6
Q11223053,0.04196793624915212,6
Q6270224,0.043487343746213596,6
Q12500351,0.03540826806477033,3
Q47455329,0.04224777334556598,6
Q23807271,0.035068569365960124,3
Q113017819,0.032687651481604824,2
Q76621276,0.03472776828347469,2
Q6019564,0.04283094975682737,6
Q12499821,0.047358248811555426,7
Q20557954,0.0359968505970971,3
Q130219820,0.035925239367195556,3
Q131722567,0.03388624942604854,2
Q65223036,0.058335461193713856,9
Q5248115,0.03140761724814427,1
Q12507468,0.03628506001677465,3
Q19891740,0.04122472988907879,5
Q86904166,0.03379971566172417,2
Q4740295,0.046902990720129815,7
Q61116954,0.03016842103726693,1
Q56064990,0.04187757829010568,6
Q12500704,0.04684098344249419,7
Q12481311,0.037107319394114845,4
Q16233427,0.03630978286844258,3
Q124062215,0.052956046145912095,8
Q20457762,0.0344893369185028,2
Q68760644,0.047334507558905684,7
Q61116848,0.06860475436898211,9
Q115915483,0.029621947884085703,1
Q13015944,0.03895022125435225,4
Q112682966,0.037721984060519714,4
Q109801667,0.04862765593256001,8
Q13014749,0.035935738602517545,3
Q25466693,0.03543136617563183,3
Q85984175,0.029285096551737676,1
Q12494329,0.04750965526264239,7
Q12481757,0.04121866765470438,5
Q28723733,0.021839660252738376,0
Q12682697,0.03295800024684852,2
Q130053588,0.04460727257990211,7
Q47455370,0.06660384375447304,9
Q19943576,0.054694594767943805,8
Q25484819,0.05043109447809753,8
Q57242277,0.04683464267481433,7
Q25485146,0.05087776991119078,8
Q19665776,0.06072068475258027,9
Q136881332,0.03948504691072793,5
Q100606519,0.07043300072666227,9
Q114414303,0.03894724261469236,4
Q21284544,0.04009129616900311,5
Q61116915,0.04676558265467691,7
Q136163714,0.025350575874299855,0
Q12499351,0.02947382103166834,1
Q23712687,0.04291871095533599,6
Q7418981,0.037556085692990376,4
Q51760499,0.04135227200543112,6
Q65203646,0.04115465304493822,5
Q33124650,0.035426463685658854,3
Q65280812,0.038796584717885614,4
Q109433280,0.037777149161999375,4
Q12686223,0.04181678582209879,6
Q124630040,0.03577016868554374,3
Q20278489,0.031657654562062335,1
Q133465871,0.04370955301562071,6
Q47455411,0.03727297090326811,4
Q12470889,0.038725863764808674,4
Q12508449,0.036998766099192455,4
Q63344532,0.032969001608197726,2
Q30339519,0.04024385881367479,5
Q12489660,0.034166295658878396,2
Q11123853,0.042983598925829446,6
Q85267323,0.04551669800810583,7
Q25470448,0.03569304954106907,3
Q64211096,0.027275415175171826,0
Q66019365,0.05879607827664504,9
Q12484223,0.04195804863691185,6
Q97223290,0.03527155312480832,3
Q101108241,0.030759457111776824,1
Q85199738,0.029798792153727046,1
Q106214982,0.02514748187258113,0
Q22278395,0.03639352625616989,3
Q24053400,0.03912163133385621,5
Q56705877,0.04060274325168139,5
Q47455399,0.04493902175926488,7
Q12501396,0.036416145008523304,3
Q101249655,0.025422662092574627,0
Q24006720,0.036361407031704096,3
Q53821769,0.05766618313071834,9
Q107315827,0.02817605240296419,0
Q47455339,0.03149339734999974,1
Q26236875,0.03733944134097407,4
Q124128363,0.035702564958138894,3
Q17410736,0.0411218065627537,5
Q12472848,0.03984500251006926,5
Q137428137,0.04790845810568903,8
Q124077029,0.051295974643931146,8
Q85994991,0.03867918265482551,4
Q19743836,0.05734425125633488,9
Q13023981,0.04528372234342643,7
Q20456808,0.13588817466806863,9
Q20675996,0.025513748012196025,0
Q47797596,0.03726302431609969,4
Q12472009,0.04437988368616199,7
Q8071288,0.04677751335390131,7
Q19724719,0.040196443879319886,5
Q31185992,0.04432905272183058,7
Q97332821,0.09355570261146551,9
Q12682656,0.04292449946992394,6
Q19725698,0.0612092698016266,9
Q107637293,0.04902236189369283,8
Q23007672,0.041717448967996625,6
Q12481731,0.05004837298072634,8
Q31500799,0.03746661716667802,4
Q25470837,0.038823099277939935,4
Q13013688,0.033106890406542536,2
Q17411777,0.03305433054362428,2
Q16217633,0.03543581189333995,3
Q47455366,0.072479337251744,9
Q60194461,0.03541831041842953,3
Q65281221,0.03897635714956294,4
Q122124595,0.03486251732990951,3
Q61118365,0.045459208363192526,7
Q31350973,0.042145324531984996,6
Q19745308,0.04164754644793498,6
Q20458189,0.06317611034994039,9
Q76490206,0.027030130205577665,0
Q85628333,0.04093156354541001,5
Q110952382,0.03038582285459576,1
Q25483928,0.05336970041924535,8
Q58236564,0.03354237103327454,2
Q124259339,0.01965898189303293,0
Q47496199,0.04511830806795161,7
Q107641637,0.015745140438301743,0
Q16138763,0.04784146082472768,8
Q131994620,0.03711961212696673,4
Q61117062,0.04654388722773285,7
Q16140572,0.034180709102959776,2
Q132146261,0.033100926020950064,2
Q61110821,0.037093748820289256,4
Q132125516,0.03651856961111484,3
Q113624734,0.031009625524914205,1
Q132519133,0.03238195271371063,2
Q7398625,0.044482224991910305,7
Q132734345,0.04179290189711468,6
Q101777750,0.03225411050318589,1
Q25483886,0.02636154312907358,0
Q132657917,0.03565921554617143,3
Q68059977,0.027298796573267992,0
Q132798813,0.042822514537524885,6
Q132773941,0.03974486833876093,5
Q132774069,0.031666956488129214,1
Q132774597,0.03973111421511233,5
Q132814372,0.036302619719142844,3
Q133187651,0.04874365663198394,8
Q133224893,0.02600709412356793,0
Q132657638,0.05252338672327333,8
Q132529653,0.04266005055922358,6
Q132313812,0.03997011974895553,5
Q138667109,0.04632979880869249,7
Q132125036,0.04787708122615062,8
Q31185865,0.039910419458729016,5
Q132716670,0.03377888091141197,2
Q57275980,0.03935706314170229,5
Q30323716,0.048527098192143715,8
Q132795030,0.032955881727578434,2
Q132795138,0.043237582983794445,6
Q125536738,0.042562907801254476,6
Q133189142,0.035924620122857666,3
Q12685820,0.03524110212490477,3
Q62018383,0.02333299541355987,0
Q133520855,0.04208433119042633,6
Q118696889,0.03663989574856743,3
Q119336118,0.03817839777054611,4
Q137594869,0.03419866143965175,2
Q97587202,0.04304609630953083,6
Q124323372,0.06289722092765154,9
Q21290206,0.03493893242172803,3
Q137602514,0.029561236928160043,1
Q132313829,0.033222676545172865,2
Q56399463,0.02924713426863601,1
Q138592490,0.06017977321210971,9
Q138634527,0.024655014659498462,0
Q132773937,0.06168547243872993,9
Q25482579,0.054870023262543664,8
Q28086251,0.03350855823098486,2
Q131845247,0.03890352030087369,4
Q107041827,0.06273392878843576,9
Q137598294,0.06385102284571677,9
Q128034803,0.043992762113876545,6
Q128034796,0.0355454078495737,3
Q124742033,0.03203997774875224,1
Q124562105,0.029280955069876095,1
Q130535326,0.06340170041925862,9
Q136815868,0.04271724005096354,6
Q135107862,0.030132983201278243,1
Q137737455,0.03868852460207692,4
Q138581034,0.04540317816165254,7
Q23872312,0.032395231581508296,2
Q28870219,0.02824272727598247,0
Q32540431,0.03398809362028441,2
Q4285754,0.039024567245551554,5
Q53764574,0.0269863196065268,0
Q56224062,0.04307575089070481,6
Q61115788,0.02629135621687051,0
Q65205474,0.03755656335887289,4
Q74788717,0.03232368717195441,1
Q96376795,0.034550363078284914,2
Q97215360,0.04643303706356788,7
Q134237654,0.07271647431217074,9
Q123734955,0.06443086652670996,9
Q99975986,0.03221983951552312,1
Q10321516,0.048971819423759305,8
Q116757962,0.04917466183191223,8
Q120000996,0.0414212436479046,6
Q103700496,0.031023589678393484,1
Q111029840,0.041114416001011414,5
Q109433590,0.03336042313875583,2
Q106231461,0.02975271804496743,1
Q129927072,0.03809871875793581,4
Q108649351,0.06960337576894741,9
Q132569392,0.04124058053206496,5
Q125761928,0.039152154549039274,5
Q65205528,0.05169317161299408,8
Q12559849,0.040043026521712766,5
Q138581056,0.06861354999611867,9
Q27267589,0.04276989097525309,6
Q130361369,0.04671394743531986,7
Q124961812,0.047816786089749326,8
Q97307444,0.03746767401685753,4
Q124664099,0.05386626814419126,8
Q134237624,0.032514494593633335,2
Q16016383,0.04222553057724107,6
Q134544703,0.0434220399099266,6
Q22973137,0.03833441061860643,4
Q112113402,0.059036013404998894,9
Q134237459,0.056652663574720034,9
Q134237579,0.033786874957068974,2
Q113138258,0.041768450964320504,6
Q107419713,0.06166165391715227,9
Q55682730,0.039822116063576385,5
Q113141901,0.04735188453460686,7
Q106981875,0.03797040946766475,4
Q132673371,0.026407397913737068,0
Q134426829,0.07924738939019031,9
Q22002920,0.029286040751030577,1
Q26721194,0.038863592303064264,4
Q136407455,0.04637520613437976,7
Q138581089,0.04563349770688191,7
Q16147480,0.0466255925246213,7
Q10954388,0.04316747548862538,6
Q124000100,0.042879952255896935,6
Q124211981,0.029411136519191226,1
Q119238839,0.03997150587007012,5
Q138604205,0.041822294839778514,6
Q124413518,0.03193957749803016,1
Q96312581,0.033676153868492056,2
Q125050350,0.039154094709600115,5
Q12516585,0.04338993554427054,6
Q126457062,0.024162068001413985,0
Q112108050,0.043109590291449985,6
Q16646126,0.04230234713862844,6
Q136682868,0.04602959918517663,7
Q117466322,0.06423623730788035,9
Q129261893,0.044903204368945536,7
Q61125177,0.038656923984811374,4
Q117866217,0.036833589112006335,3
Q133850199,0.06674916389935617,9
Q134964479,0.0372369086221496,4
Q136387902,0.04682170624572844,7
Q136387865,0.04130688819470657,5
Q138604213,0.04156663641360994,6
Q20871826,0.05791800416868247,9
Q134960987,0.02941446689397335,1
Q137737411,0.038280877002793263,4
Q109417926,0.03585726003157422,3
Q23777999,0.042363758489759665,6
Q136402457,0.02838603458618647,0
Q115587857,0.05224646454106492,8
Q131309376,0.035503702428395754,3
Q130729589,0.04025677735883092,5
Q130963437,0.04341608427177365,6
Q133462630,0.03328175444766893,2
Q131387695,0.04347421707237934,6
Q118645018,0.03004963771210828,1
Q5747376,0.05189880826426833,8
Q116762424,0.06318202184661191,9
Q10327736,0.0691111502855498,9
Q117746016,0.041661443534678516,6
Q93491663,0.03138146724230655,1
Q107346214,0.03220365715915699,1
Q12485978,0.04785759177710076,8
Q113574571,0.03276995894065827,2
Q113497223,0.038271658348170125,4
Q33979056,0.0490565732939871,8
Q33296353,0.03353401658655088,2
Q124344448,0.03876086940692833,4
Q97214273,0.05757220297748927,9
Q116045182,0.03203998846245436,1
Q128789567,0.031992913512306174,1
Q109432198,0.030276509060224055,1
Q10347503,0.040770780933292894,5
Q96625159,0.03758972600571634,4
Q16629787,0.0414716658737079,6
Q28038485,0.033417466674593645,2
Q61118214,0.04004579470775779,5
Q103825408,0.037306322325888784,4
Q22002895,0.026805498597476676,0
Q59795741,0.03399618802498582,2
Q108651792,0.03427674778700501,2
Q106547938,0.04537735511655097,7
Q56046816,0.0323694664363332,1
Q2690172,0.03751746148277409,4
Q27830972,0.058652721074272926,9
Q108137375,0.0326664061463973,2
Q108362607,0.043419594228088054,6
Q18066170,0.03514360179368546,3
Q120819463,0.049590406539936696,8
Q111651305,0.039514356716225586,5
Q101198603,0.031160181752621145,1
Q138581098,0.03752241423415528,4
Q113324440,0.03336893777179694,2
Q134609073,0.029388056500078353,1
Q134649858,0.03645936967573108,3
Q111973351,0.0371832954785874,4
Q135713064,0.03161111700580667,1
Q113584818,0.037644293291592267,4
Q132508529,0.03084348918227168,1
Q136431352,0.06085831618320081,9
Q117433180,0.0279071631561653,0
Q131405091,0.04021709963543371,5
Q1310029,0.04876380908223003,8
Q116753448,0.03850725805070422,4
Q130632023,0.13804151927725727,9
Q137528106,0.0521331310824767,8
Q130341995,0.04043789579518258,5
Q123419895,0.041777520065191365,6
Q137855999,0.03856979115730458,4
Q125685281,0.0452989595725038,7
Q125148726,0.03441293512448933,2
Q137528040,0.028239408269383558,0
Q97233397,0.03721477832331222,4
Q99321510,0.02135762692739211,0
Q86741685,0.039341918175935825,5
Q4257638,0.04067319737318614,5
Q4218070,0.045137766609966753,7
Q12519102,0.0344792850895747,2
Q116194537,0.03732798701786704,4
Q130263916,0.05011414489609597,8
Q56241612,0.06054535984690976,9
Q30456133,0.04896000867089105,8
Q113377249,0.05871504842576446,9
Q107559351,0.060851465270001626,9
Q10982012,0.06222717405191896,9
Q113126045,0.05383252745554478,8
Q138297054,0.03440193385476022,2
Q137862596,0.028387731658717965,0
Q137791605,0.038181500142155184,4
Q109943370,0.02643961772026172,0
Q111575534,0.04283300968591607,6
Q17274555,0.047475101992497847,7
Q29261553,0.03972359906971421,5
Q120661638,0.024718704974219994,0
Q18239188,0.03227358519468854,1
Q107447793,0.03804998019763324,4
Q28501379,0.030485725197486803,1
Q113014989,0.04457274344276229,7
Q2440374,0.028224418665432963,0
Q135716965,0.05121927812889161,8
Q102317107,0.039862132492460095,5
Q122416157,0.045470113085616416,7
Q10273578,0.04170462220973533,6
Q119073047,0.04584394859180577,7
Q10278266,0.0388366808585478,4
Q11899083,0.043049963743281246,6
Q133356148,0.04982097184978297,8
Q111989254,0.03788116658689854,4
Q110774566,0.03954223457101493,5
Q118956130,0.03131469922395156,1
Q16232570,0.03019150240235935,1
Q47009402,0.04358124566189853,6
Q16491119,0.02903173552925568,0
Q135689446,0.045287687818711765,7
Q3934505,0.04541529373631231,7
Q18479173,0.03838384446834938,4
Q19975035,0.04357473061471511,6
Q105705290,0.03454259063435859,2
Q135712630,0.053483328530898204,8
Q21418821,0.03901380235118131,4
Q132411738,0.03072208292645101,1
Q136361537,0.04240176255104453,6
Q136259669,0.04120220452489724,5
Q132672673,0.024062177348047636,0
Q6239077,0.0401513707316788,5
Q125968039,0.034441578394363036,2
Q9204,0.06544102644594649,9
Q40826,0.0351521039199461,3
Q298685,0.04808411955268177,8
Q182658,0.02666082933789611,0
Q554406,0.024759899743902674,0
Q1405996,0.047427290942010716,7
Q560015,0.05680936295620369,9
Q3316148,0.04460144700350868,7
Q336125,0.03773924586408046,4
Q301951,0.04387589806684837,6
Q363227,0.05007528432076662,8
Q353869,0.07862049169421316,9
Q357114,0.0397801753084202,5
Q49601,0.0422866827528463,6
Q68036,0.033770980650919345,2
Q700616,0.03876837483560166,4
Q3900936,0.053248622471611516,8
Q70215,0.046621004899118336,7
Q727079,0.03280307735297476,2
Q1686762,0.0352309182610836,3
Q7408607,0.029665404635880983,1
Q528421,0.047489003696815565,7
Q1675791,0.06515486881384341,9
Q49637,0.04322906846944943,6
Q921268,0.03716497244140915,4
Q557008,0.035203823940262106,3
Q273873,0.028775492122143555,0
Q318845,0.04867641264388273,8
Q124595,0.0244939103916709,0
Q450279,0.046974502736517154,7
Q1382872,0.017507601674756564,0
Q1248054,0.052589839854185326,8
Q1081888,0.039995003196611055,5
Q639360,0.03180026305296623,1
Q198051,0.03626345983153326,3
Q712220,0.03361343800148568,2
Q2032745,0.03435123534152261,2
Q3525034,0.04325789033847732,6
Q930425,0.0457254986549951,7
Q1902944,0.04384466275987083,6
Q288193,0.030735670551989832,1
Q7176544,0.028548617121136616,0
Q1633235,0.05351699091918217,8
Q977179,0.032858793492493654,2
Q434280,0.04708790448099821,7
Q45336,0.08696125409069919,9
Q2900161,0.03449833029714522,2
Q1900293,0.029284289437257024,1
Q6141084,0.12123096395121806,9
Q8977221,0.04082214454154135,5
Q4205803,0.05662535884677172,9
Q1174969,0.0403708034760195,5
Q5481265,0.03867559085129072,4
Q4095817,0.041860445043943144,6
Q1659739,0.037451238761094574,4
Q7114495,0.10548633117983244,9
Q675078,0.03795812668005814,4
Q1369803,0.039265803754935116,5
Q1326740,0.05006097065681777,8
Q906193,0.06706484421654388,9
Q8000236,0.03569505534484829,3
Q713079,0.042524141948555604,6
Q1185232,0.05010243773892122,8
Q563118,0.042482311630429634,6
Q5240780,0.04279603234395017,6
Q11339514,0.02909184218499082,0
Q110168,0.06187056078907316,9
Q6536868,0.027453191440113472,0
Q188388,0.03690399043041604,3
Q518325,0.03070698564375687,1
Q852921,0.0314875081709735,1
Q3380487,0.04192553010156228,6
Q5965823,0.03949979604930709,5
Q1420400,0.02885684907909553,0
Q2040675,0.023151575552125693,0
Q1697118,0.02584575216589657,0
Q457555,0.044780884788501986,7
Q729301,0.02878462102409761,0
Q91940,0.02919314860887532,1
Q11088361,0.04512133776035345,7
Q5990904,0.036019577697838985,3
Q1069984,0.041692907925911536,6
Q3301459,0.04934186837133784,8
Q3308992,0.04014309023307246,5
Q1087989,0.059484585249831606,9
Q6104703,0.03327873920303433,2
Q2417140,0.031242018956223513,1
Q1238567,0.0420403191484051,6
Q2848695,0.043672162295114635,6
Q16782000,0.04441275748840063,7
Q6280756,0.070698917867436,9
Q2653932,0.04203148137708577,6
Q544562,0.037421209424072024,4
Q1357854,0.04072355520191316,5
Q438774,0.036777458207792234,3
Q3056728,0.03815526840285379,4
Q120900,0.03705591839598493,4
Q3893206,0.04156798969208199,6
Q12022376,0.04956358127783178,8
Q1824990,0.03685426179024827,3
Q2083059,0.052710853185724924,8
Q472728,0.021680384418608145,0
Q5549639,0.05161398199171117,8
Q6832245,0.030261345330417397,1
Q1154812,0.034374887132444965,2
Q4078380,0.028580008444977895,0
Q5294587,0.030763600683808373,1
Q5946855,0.03259977385786096,2
Q3048224,0.04335998733522745,6
Q93938,0.028671114113153855,0
Q6291208,0.06698929176330846,9
Q6183232,0.0303016263638726,1
Q18619213,0.04706903984369391,7
Q12360287,0.04382128761671242,6
Q3261647,0.05244893582626968,8
Q9256017,0.031134642565929696,1
Q7789191,0.05460523637852563,8
Q1453305,0.05998975037729216,9
Q7153259,0.11020112141822715,9
Q3225509,0.0588656137924406,9
Q7347168,0.02734194200582692,0
Q5808735,0.032742564047380796,2
Q5571370,0.03258847101460529,2
Q15440080,0.04128550702426624,5
Q1282102,0.03692521467074715,4
Q534861,0.033494246626002845,2
Q15440196,0.01881227495433284,0
Q454044,0.04657770430019727,7
Q3142531,0.03709886616233438,4
Q2847360,0.04323191222822164,6
Q5077663,0.04074662280045245,5
Q3875906,0.041833363525744294,6
Q10334275,0.05013864904832036,8
Q344596,0.026590908973455278,0
Q3173867,0.04608879406202618,7
Q609939,0.05748213779017276,9
Q5044979,0.044600877150940944,7
Q384760,0.041054039530405866,5
Q5934890,0.055866508612866794,9
Q1685060,0.05214570405202251,8
Q1465068,0.06125413174343631,9
Q40543742,0.03479611590123482,2
Q6195917,0.07187163112395643,9
Q4203757,0.05449776096210727,8
Q5019197,0.03324968359651325,2
Q6817634,0.03830126715743177,4
Q1173662,0.04375425545943039,6
Q930489,0.039680862536229745,5
Q3993282,0.03200204975498709,1
Q5698209,0.03136910686377645,1
Q3938893,0.10902145363405609,9
Q3309181,0.020787048184376385,0
Q1757584,0.025291540617676408,0
Q3264762,0.051771271531156134,8
Q2001102,0.02470200555636728,0
Q3435235,0.06336678948272369,9
Q3069135,0.03819678602593237,4
Q6333149,0.06920975784449825,9
Q1560405,0.0911180413825168,9
Q24278,0.032554530872872536,2
Q5806054,0.046383086508841556,7
Q49180680,0.04878774395576178,8
Q1512327,0.029893188727185372,1
Q1489534,0.026857066206231538,0
Q15184193,0.03145454166464609,1
Q7878963,0.03930590974892483,5
Q3094041,0.04730233075567293,7
Q2076829,0.046744396027927196,7
Q13668742,0.041960151967452744,6
Q518805,0.03481536545144238,3
Q18911306,0.04620750176846468,7
Q114889893,0.02927377559570927,1
Q177408,0.029421416685097772,1
Q7364277,0.03919446816862919,5
Q4275857,0.04872124801819889,8
Q285203,0.03899087626171455,4
Q124096,0.044121737208317795,7
Q1999529,0.04897565849934175,8
Q30609250,0.03518852823226574,3
Q5863275,0.031247393674328553,1
Q3856112,0.039880091132026216,5
Q6202427,0.04631788909141112,7
Q18719862,0.04276441527617168,6
Q4895834,0.02867754515490365,0
Q1608383,0.04528165403695733,7
Q6235166,0.047380903797320316,7
Q1304738,0.03821962951648504,4
Q4792141,0.04089371752780745,5
Q16488974,0.03539800545007011,3
Q19298297,0.03842529012111307,4
Q7607065,0.046039658089872655,7
Q49842388,0.04189009294476399,6
Q7965891,0.04231873893190342,6
Q4722789,0.03562111914528375,3
Q5495997,0.04533433941514712,7
Q21916319,0.06687863591660985,9
Q823230,0.030722893110791006,1
Q15435420,0.027208426919998453,0
Q117072,0.04773639981084019,7
Q3134420,0.03849116433924269,4
Q3200853,0.04884575019327342,8
Q6324136,0.041363382374742894,6
Q109853683,0.06315382655017594,9
Q57707427,0.0513036151096768,8
Q9030106,0.06945503621986536,9
Q7282163,0.040492366406112035,5
Q4769079,0.050669933306867976,8
Q16649602,0.04524775942576489,7
Q108127481,0.03802959182534424,4
Q1700224,0.0408724759539531,5
Q8015825,0.054535639360926,8
Q5621630,0.045355849598326135,7
Q2143706,0.05975074336973262,9
Q18911808,0.060817172864747394,9
Q3166284,0.046621384079181996,7
Q39071412,0.028166511754554254,0
Q753476,0.023568438552472943,0
Q1222152,0.032098701488691955,1
Q2830153,0.044034955106446234,6
Q5431238,0.03646683108774691,3
Q4383490,0.05307023966568699,8
Q574232,0.031587284408792715,1
Q359922,0.04831760805573122,8
Q6128538,0.044966500397781155,7
Q18245330,0.046379409443532346,7
Q3565700,0.03353282268625726,2
Q3322192,0.0249428949046721,0
Q7964597,0.035943289931344366,3
Q3106292,0.03878553803593212,4
Q108129,0.04319241861764299,6
Q7436164,0.03724031307723401,4
Q94909616,0.037271438712272176,4
Q4723071,0.03020723998383356,1
Q1467284,0.030726398185967112,1
Q5218350,0.08475379745307625,9
Q6271923,0.03310910177766291,2
Q1779985,0.03974164711043435,5
Q16562255,0.06798849248770876,9
Q108168758,0.0352023020553529,3
Q69983265,0.02916081459197349,1
Q1802820,0.03959356696244641,5
Q2534563,0.0510073952038255,8
Q1077084,0.03276147045532542,2
Q6284379,0.039167241844986836,5
Q3179129,0.03620123121815132,3
Q120433417,0.04083024205555644,5
Q2717164,0.03947403748763281,5
Q1273446,0.0386019888603689,4
Q3260781,0.0358349804909525,3
Q2543420,0.039689854959377054,5
Q57237818,0.035227425274694316,3
Q1697178,0.027997879128912315,0
Q3588046,0.04560490335668284,7
Q120405711,0.03769695611560108,4
Q3810978,0.0489406639050209,8
Q116527354,0.04795016535552483,8
Q98080479,0.03444733930676884,2
Q3083769,0.03657415420108237,3
Q1580643,0.03523164113356112,3
Q6307634,0.03407167739676289,2
Q5787987,0.039040668455330226,5
Q5246238,0.03481349344567998,3
Q12260773,0.03991283498556428,5
Q6219074,0.04051597201086561,5
Q20684000,0.04202936015054297,6
Q2044213,0.039747545427936494,5
Q5549630,0.03369048559876074,2
Q10340557,0.052329773139195034,8
Q3441587,0.03641247116439547,3
Q4750473,0.035909806637693296,3
Q16324360,0.08179184604677224,9
Q5976331,0.04542688977244555,7
Q7407711,0.03808340693273998,4
Q3439187,0.053638243953805925,8
Q125498819,0.037301346377524566,4
Q6044642,0.029734262292406523,1
Q1927114,0.03544936808193441,3
Q105887278,0.04196540008128367,6
Q10927146,0.02408895188724668,0
Q39292143,0.03643188731684558,3
Q18643873,0.04118965475284223,5
Q22968540,0.03742649475896888,4
Q10367560,0.036927460732555616,4
Q5499037,0.027362800995415867,0
Q4392627,0.035535630043382616,3
Q9602529,0.030529498933167917,1
Q55943613,0.03608598155297929,3
Q7410723,0.03220299960845666,1
Q5733900,0.03907005443609668,5
Q3696204,0.02975723919221678,1
Q3025486,0.04349853564988103,6
Q18285240,0.02417411770884737,0
Q9078941,0.029145226901865093,1
Q2865296,0.0424909049241429,6
Q95228737,0.04577790347774022,7
Q7490144,0.04335229257068715,6
Q5335541,0.028561049289420635,0
Q4156586,0.07605494732569225,9
Q10326482,0.026494110271845603,0
Q28864281,0.0366973398402486,3
Q3569549,0.04984637668149229,8
Q13567970,0.03445447892771901,2
Q6239603,0.054619330720265494,8
Q66425340,0.036509400103637735,3
Q5990830,0.027355162459418197,0
Q3384317,0.05974293465632602,9
Q3426970,0.03770651377093609,4
Q1324172,0.028847658772158283,0
Q98996,0.023442487657575155,0
Q52154753,0.04001848832176316,5
Q29904554,0.03787126235845524,4
Q3302711,0.03219057485759254,1
Q16628218,0.025200994751824104,0
Q4720619,0.08088634512029388,9
Q4920033,0.03581629321638022,3
Q5806287,0.058262874147420124,9
Q48345173,0.03181161523777563,1
Q23815258,0.03516182128862495,3
Q100359101,0.05732530430388254,9
Q23350551,0.07640676065864083,9
Q2640733,0.03538232747096851,3
Q92302708,0.037548973041051606,4
Q274635,0.029856155684648288,1
Q3929711,0.022969532493280674,0
Q94937179,0.03738319778746846,4
Q7017172,0.025913002609626964,0
Q1584768,0.06523571964138901,9
Q9618236,0.034134112354929406,2
Q598720,0.03136306084960384,1
Q113090000,0.030150440345100407,1
Q18887932,0.03996472135348324,5
Q15444760,0.03329278030410344,2
Q2796485,0.04144474754057797,6
Q3085998,0.050855801415606174,8
Q10723468,0.05060982264136636,8
Q6003702,0.038166390440967236,4
Q19971417,0.03477594005970477,2
Q6004284,0.03514225388867192,3
Q10357173,0.037786884210290986,4
Q26769367,0.04015909367362901,5
Q20109616,0.03621018284411387,3
Q23059392,0.04164769985148271,6
Q16359097,0.029001709987970328,0
Q49594868,0.0418001299060449,6
Q114242945,0.038979930550875064,4
Q13101413,0.05409651575568705,8
Q55674944,0.04559091438624049,7
Q7631935,0.05771242952000745,9
Q1736552,0.04743650839609921,7
Q1349694,0.03682679357777068,3
Q117247002,0.041534161696086584,6
Q119537,0.04936998307026478,8
Q20991375,0.029490078230337682,1
Q3264823,0.061826913802332996,9
Q27507987,0.032304216004911984,1
Q1584778,0.03890057541980589,4
Q100696803,0.028794668068175766,0
Q79417420,0.03536754144712707,3
Q2134413,0.0393988130929352,5
Q3300445,0.04000031298085446,5
Q16357159,0.03731588448374981,4
Q47498526,0.036164407436703266,3
Q5267514,0.05386671151301579,8
Q107387272,0.07282300045032479,9
Q7708885,0.0388736365964014,4
Q1352065,0.04192830462591101,6
Q16106650,0.03593561059534125,3
Q576051,0.028687742392923737,0
Q3421059,0.03501543425739447,3
Q3573857,0.030719673726140307,1
Q95312813,0.058399355725250575,9
Q16302545,0.02341412048782086,0
Q17381111,0.041807214401300384,6
Q10374124,0.040677728895058274,5
Q15970550,0.037260278821312824,4
Q1363089,0.03459454738106006,2
Q24634358,0.04044376757918977,5
Q1465736,0.047475766182883315,7
Q3265805,0.05792775251256501,9
Q3805138,0.082391140132532,9
Q1819267,0.05173486999269314,8
Q3069154,0.05305303955150045,8
Q10364600,0.06077184204276701,9
Q5407783,0.07068884221984827,9
Q52150088,0.04416694277011074,7
Q15505892,0.034077726587772646,2
Q108864744,0.04035200129572792,5
Q76780091,0.028281262339624004,0
Q22980182,0.03456395075577002,2
Q123184700,0.030602525074783404,1
Q17017194,0.03785519960364826,4
Q13564502,0.0292954450587119,1
Q18214987,0.035817662142722945,3
Q4778500,0.04909488064554981,8
Q36221011,0.025362852672772815,0
Q9747442,0.03839550523563135,4
Q137824483,0.07051130997626466,9
Q12368561,0.09682621332432664,9
Q65929795,0.07781623536133807,9
Q17383268,0.08215191887007807,9
Q109715839,0.03308144234055887,2
Q4747968,0.029139283302121764,1
Q1768810,0.0450334131473928,7
Q18215263,0.039373531511847526,5
Q15441040,0.04598792343147493,7
Q2770034,0.023728767767438937,0
Q2158910,0.041230880445631904,5
Q2978442,0.02879301800729704,0
Q6076815,0.030389137266187843,1
Q95220356,0.05419928997626906,8
Q10301345,0.03616678471900469,3
Q5859932,0.041517512935489755,6
Q442509,0.03699389488582032,4
Q6050078,0.060605068699085406,9
Q29576578,0.051997077430690805,8
Q13157704,0.036062337420845865,3
Q22063686,0.03653678346377895,3
Q6197620,0.04238626220956263,6
Q3018601,0.027533564115525853,0
Q7331584,0.025138577500570827,0
Q47876945,0.0319855521237524,1
Q19894236,0.03308421486376514,2
Q10357515,0.025973733371168557,0
Q5301323,0.029828894901597364,1
Q16509066,0.029294806892291383,1
Q16649601,0.0275765013399182,0
Q5791255,0.0288656155943109,0
Q60439241,0.03826335506090258,4
Q3293454,0.03177172732057636,1
Q5489402,0.031808299997535615,1
Q11253102,0.03933605315983293,5
Q15690363,0.05408938218918654,8
Q5344021,0.039305912898579584,5
Q6289886,0.03355849510082778,2
Q125532,0.04974568786521485,8
Q1749176,0.03748945022387885,4
Q1730670,0.04649423070174038,7
Q16669224,0.029409583160712932,1
Q10320858,0.03201116762023498,1
Q16194955,0.043101836199531125,6
Q5957493,0.033087570981420684,2
Q7702145,0.04031824880652199,5
Q31728041,0.03149408440981545,1
Q33646758,0.03876697218880616,4
Q1578393,0.03872653419717118,4
Q17154086,0.03635702630422581,3
Q10389074,0.044203033243154694,7
Q10814150,0.03747081630162273,4
Q28541074,0.04362142765195249,6
Q131358245,0.04978937251112233,8
Q7021772,0.06095437426519221,9
Q3131143,0.046910025696426036,7
Q106731000,0.04121262078969667,5
Q1177025,0.04321590763609234,6
Q5858368,0.056072971723497,9
Q109623606,0.044401734779387636,7
Q110775978,0.028772530861264942,0
Q18917973,0.0357036128746941,3
Q97347506,0.04671387924024896,7
Q3903387,0.040398468391187825,5
Q2545209,0.02978140454835108,1
Q2926390,0.033896478959080684,2
Q4355013,0.0484449982889883,8
Q89818596,0.025781968061960106,0
Q22679424,0.04410329672347652,7
Q10316773,0.0335923903183891,2
Q28660348,0.04779763977819135,8
Q6844063,0.03642207165387984,3
Q1448145,0.03350475195858214,2
Q12373905,0.03745734384167557,4
Q8427812,0.055529304155367845,9
Q6167859,0.049894734845666026,8
Q5724683,0.02820659076567727,0
Q5798564,0.03959881481113253,5
Q65165589,0.047163874693333,7
Q10391515,0.05957592703160041,9
Q60196695,0.030151779178213454,1
Q16487107,0.028930301120747945,0
Q6009396,0.034746606390386944,2
Q5628549,0.048690669498948666,8
Q2045147,0.028607714527225478,0
Q42392496,0.0413092171220661,5
Q16728657,0.03957530427008526,5
Q5913499,0.03403290535084505,2
Q3832294,0.02723921132218739,0
Q10307906,0.04373530261744174,6
Q3436310,0.036633258009591226,3
Q105077376,0.055923635530667946,9
Q2158431,0.038860006737643185,4
Q4885995,0.03849662584252922,4
Q2592026,0.05044731790577043,8
Q55675634,0.031025265261978668,1
Q15970723,0.0441510976954042,7
Q57608813,0.03516984196485455,3
Q3105712,0.04110741711328335,5
Q16443839,0.041440448911223365,6
Q177909,0.032421899666862986,2
Q1754869,0.046832306385175215,7
Q27836013,0.04469855847913526,7
Q42390367,0.03189752865354336,1
Q7145789,0.05153940658073474,8
Q6524844,0.04361389058890607,6
Q91250723,0.02081428088734717,0
Q42392651,0.05595576067835707,9
Q7918211,0.03497067987228003,3
Q120078722,0.03287236768447497,2
Q6004736,0.048206093326759764,8
Q11781204,0.03664860037448564,3
Q84589807,0.07633484652624589,9
Q55641540,0.040086490327906024,5
Q20950138,0.027350268291365512,0
Q6435111,0.04571374101832942,7
Q42395843,0.038312733052875754,4
Q6107121,0.05051555980529452,8
Q2903400,0.03549523586953032,3
Q5858111,0.0331024777855894,2
Q23062916,0.036899157855864576,3
Q59141262,0.027664542557579816,0
Q7787244,0.03282724840057611,2
Q16351527,0.03597028245887743,3
Q16301784,0.04014752852490609,5
Q87493206,0.0354827701729412,3
Q37643152,0.04266770117904628,6
Q7842289,0.0405198561492611,5
Q1605545,0.045525806887210425,7
Q42391878,0.0328474142385652,2
Q110651125,0.021599457258577516,0
Q39040513,0.0361166426825877,3
Q11857998,0.03798996778303902,4
Q16162648,0.030254809838302477,1
Q1629666,0.04261031917283839,6
Q25484495,0.03494397280285297,3
Q6108311,0.03374681282821586,2
Q5767488,0.03646079327711537,3
Q22063312,0.04053129201835617,5
Q13188527,0.029582121062532492,1
Q99439644,0.03176659411538888,1
Q13188409,0.022420334938401097,0
Q42392199,0.04481390008638911,7
Q69855184,0.03126679034323593,1
Q6178328,0.04570390725718876,7
Q5753431,0.04508292574898697,7
Q7294450,0.04685744321326948,7
Q106850777,0.03460079722416127,2
Q5496188,0.02192680847539504,0
Q1441411,0.048347237600908,8
Q11858758,0.050960243498450124,8
Q30106187,0.03810866740777104,4
Q2831471,0.023735313936320945,0
Q108293721,0.03150181544110217,1
Q30307143,0.038993175126245054,4
Q121927957,0.038077069245401315,4
Q15458723,0.03544130228706821,3
Q6397469,0.03639440818074845,3
Q62036541,0.04087187089895434,5
Q95460810,0.03689320975300805,3
Q20683370,0.046348918456942174,7
Q16938124,0.025961571291933088,0
Q9697201,0.034946493114050695,3
Q64167102,0.031597531318231065,1
Q10361234,0.03848636772302341,4
Q42388467,0.03704489019216303,4
Q64705628,0.03213057340342905,1
Q7366886,0.05444630906291176,8
Q112526573,0.037700203952133284,4
Q3290633,0.021826534831244446,0
Q60176389,0.06326398863625128,9
Q1281653,0.043470773213070225,6
Q42394243,0.03442919835442873,2
Q113809936,0.06071737913332939,9
Q42390085,0.047986280682622354,8
Q112553250,0.05653522604633106,9
Q15435693,0.06941817629586462,9
Q62663436,0.06281110997899013,9
Q3110615,0.034047038427231696,2
Q55436283,0.04136298946127889,6
Q20789743,0.036868218329206996,3
Q42393687,0.03668581691454624,3
Q42393418,0.040746403063284524,5
Q524039,0.018610762842919272,0
Q47545145,0.03762291494004257,4
Q16301662,0.026343119119145605,0
Q95267228,0.03290578239247775,2
Q696106,0.036604723965796115,3
Q42405438,0.025090702513361852,0
Q23061175,0.033256180044935885,2
Q123233,0.057953553222238066,9
Q42386316,0.03235724407347706,1
Q64141264,0.04712969129401974,7
Q26251170,0.03997941511799604,5
Q3169822,0.04556205484298402,7
Q17332844,0.03356217072875075,2
Q105051,0.06725033456255687,9
Q135185891,0.03480917760127368,3
Q10321203,0.03785136216011118,4
Q10308225,0.03735002364670111,4
Q4923981,0.0415749199919804,6
Q130731561,0.03102074303887942,1
Q10382351,0.03978738975975465,5
Q10387210,0.04447022457593709,7
Q107146371,0.04873531649557375,8
Q1890057,0.0405760409696245,5
Q106086823,0.03093692993068991,1
Q1495493,0.060021948209014415,9
Q2428922,0.02385344959819802,0
Q47537766,0.040916128639856,5
Q20734497,0.04505198333897331,7
Q62839573,0.04344515519664264,6
Q71025938,0.032849815015960446,2
Q1368533,0.06210183500308908,9
Q16599079,0.03698256828063439,4
Q56794317,0.048659747072741365,8
Q42391190,0.045725682632166184,7
Q1374946,0.04686456905581823,7
Q2977763,0.05917567805312076,9
Q42396609,0.0588879552657139,9
Q42392795,0.05146185674789499,8
Q55675148,0.04494609707919438,7
Q1825304,0.038772059921654105,4
Q117752176,0.04067221426688339,5
Q107693105,0.040633332706373065,5
Q33165442,0.03956328526802241,5
Q16185257,0.03053600177508737,1
Q42403404,0.027440842709477435,0
Q56346910,0.03649098356701918,3
Q7976564,0.03179097583970772,1
Q13188368,0.04931548626364873,8
Q5126543,0.07314255759790535,9
Q42391028,0.03350212151162461,2
Q17516244,0.031761686337534824,1
Q2544513,0.02876838175610286,0
Q55070596,0.04072606777444612,5
Q56350509,0.037948975976523275,4
Q5293054,0.0392531749541813,5
Q18325437,0.048324983351142235,8
Q42405136,0.04514111318392495,7
Q15439182,0.03947251741396583,5
Q16940051,0.03987982281043376,5
Q9668438,0.0350222846867843,3
Q10292928,0.04375665069381283,6
Q95383629,0.028835693181884673,0
Q42389485,0.03763448881576716,4
Q7503547,0.04308441657159378,6
Q97179813,0.03623746422856749,3
Q122916885,0.0358814648564475,3
Q98106132,0.03860458183056018,4
Q1634838,0.04451373025403031,7
Q55681356,0.04172169265426396,6
Q48872711,0.06615282368523043,9
Q98834031,0.05463820131925941,8
Q15132674,0.03462464484028721,2
Q980610,0.03528778756903276,3
Q17478259,0.03995656180295044,5
Q56671505,0.029846383775442294,1
Q42393335,0.03452070834410057,2
Q42398996,0.053047976227949094,8
Q42394524,0.05029234450450251,8
Q105531489,0.03657749106030883,3
Q42393470,0.04072282380711851,5
Q42387858,0.02579817504870716,0
Q42400013,0.047448802405106905,7
Q42392641,0.05634752375651347,9
Q104995743,0.06334184048048011,9
Q56671509,0.06056342409777912,9
Q64685831,0.05431776706152567,8
Q115543320,0.06325447248667443,9
Q37980447,0.04691625906241455,7
Q15970668,0.024772254165691694,0
Q108690699,0.04926239373787813,8
Q125498322,0.032247695607029205,1
Q7176522,0.04404035613924419,6
Q21511333,0.048216257081274846,8
Q136202995,0.04243818019466467,6
Q42394322,0.06535846161915401,9
Q15407249,0.05650954223239402,9
Q6217234,0.03486061792561833,3
Q42390597,0.041994703813041746,6
Q130731534,0.02619260865721132,0
Q3166704,0.0395772229161621,5
Q101910956,0.036435706474541606,3
Q13189996,0.05462854237464456,8
Q42393810,0.041909494609606406,6
Q10283032,0.03255983325067628,2
Q16887362,0.02958746250130065,1
Q42389955,0.09910391865488376,9
Q118126169,0.04760450126886409,7
Q126415086,0.04503841621900156,7
Q94923016,0.04042580545689296,5
Q96108951,0.04330638530259818,6
Q15970664,0.031599380378459045,1
Q42391895,0.04914870864493273,8
Q42402235,0.03154177894131928,1
Q60580718,0.04317691125481631,6
Q10325484,0.04316608251541837,6
Q133256391,0.0708322433306999,9
Q7182114,0.05145327065166853,8
Q42394191,0.07794913751507489,9
Q42394297,0.04624824863229981,7
Q42390574,0.0483945246418701,8
Q14053053,0.024974174547109526,0
Q111370620,0.028592817141282367,0
Q56671503,0.03184136298026943,1
Q15072051,0.04933514203043892,8
Q110375261,0.05728335298999318,9
Q16337601,0.03034036347358069,1
Q16438785,0.033378054510319034,2
Q28758841,0.03314398925430352,2
Q16302431,0.023393206142883777,0
Q25439073,0.02637168226579822,0
Q16935178,0.048381883625328484,8
Q42393321,0.04254269019124753,6
Q42386570,0.030498148409248565,1
Q95260079,0.03068747303422722,1
Q5742172,0.030648298779284006,1
Q56671678,0.047947597028866126,8
Q64684051,0.043408489559279874,6
Q42398174,0.04030345805790687,5
Q120433313,0.04946409329090792,8
Q30644296,0.03526207902296161,3
Q135412841,0.04052272782515648,5
Q95178965,0.025452804434160984,0
Q18110101,0.040785351757494044,5
Q5935221,0.042908746130524325,6
Q84845604,0.047743005398958455,7
Q42392266,0.0446841940421014,7
Q6247001,0.04654058815693111,7
Q42392544,0.052467182026516394,8
Q25586640,0.044157653401263854,7
Q5675709,0.03231066347107565,1
Q65208871,0.026184647651923635,0
Q95310032,0.06199827954167547,9
Q42400192,0.04293227820299488,6
Q124740713,0.04364190622727783,6
Q133226614,0.03650193830983374,3
Q10349942,0.03427512073464354,2
Q124626105,0.04056263538360337,5
Q133867488,0.04448456549079767,7
Q9752222,0.06620973347712245,9
Q1508160,0.036122486003760376,3
Q112553345,0.03835293373058716,4
Q42399614,0.05291371611948726,8
Q47006210,0.07793765933529512,9
Q10327095,0.04570941818677265,7
Q127170709,0.041747580746645606,6
Q116373288,0.037933000397533334,4
Q3309930,0.04187393408518211,6
Q42394120,0.07686200209737044,9
Q56670766,0.03735107734296054,4
Q16446222,0.049220834804989816,8
Q56670976,0.0348944333090755,3
Q11891512,0.0404176571972444,5
Q95470076,0.028212519936367777,0
Q137336361,0.04125106860034224,5
Q16192589,0.03107530226925489,1
Q17384258,0.03483207983718105,3
Q16528893,0.04758912825577314,7
Q16440277,0.03362015021509537,2
Q10268194,0.06358212909731994,9
Q56671298,0.044824670363214275,7
Q6128634,0.03769424734426158,4
Q95233821,0.04316195220661594,6
Q1133849,0.0338229180585968,2
Q56670841,0.046746478615664215,7
Q42390773,0.040314871587981665,5
Q42393957,0.05251761559032065,8
Q20048129,0.03907213920154651,5
Q21604562,0.05313665016540358,8
Q10346186,0.039143813604429596,5
Q21706058,0.04352009163611805,6
Q132743745,0.041796955201455384,6
Q121303302,0.04215344535350062,6
Q42393786,0.046892676705635475,7
Q121745453,0.04403532291486379,6
Q42392921,0.03975145846137549,5
Q56671516,0.07606549336277706,9
Q42393732,0.03295874238049593,2
Q31320473,0.04483609672425887,7
Q21020033,0.05115048282826134,8
Q42390411,0.041368831441753816,6
Q109453095,0.02412536263563722,0
Q28865076,0.038650346696505564,4
Q6346112,0.0381781384305893,4
Q16939780,0.04271625696816234,6
Q13002002,0.02711213396742098,0
Q15815191,0.05661815114274232,9
Q105480459,0.04445626284399892,7
Q42402237,0.03658562995856038,3
Q42389127,0.03241933883113563,2
Q42392117,0.033745528308029696,2
Q42387795,0.03696227632956726,4
Q42393749,0.04563013920384707,7
Q42393392,0.04596693084513028,7
Q17384492,0.03593646020830485,3
Q42401306,0.05125684861374115,8
Q60400532,0.033249057362866756,2
Q56671150,0.03743270681963894,4
Q6935927,0.037859707621003554,4
Q19710633,0.024166704859643517,0
Q10272457,0.023124886023755422,0
Q16493323,0.03876895756031598,4
Q42391777,0.04288188740170942,6
Q56671569,0.0502353388674561,8
Q126179194,0.05141107716517354,8
Q42396106,0.028054243838366525,0
Q13534618,0.03548593039295793,3
Q42394774,0.03788003783852471,4
Q42402474,0.04464183175267497,7
Q42391036,0.023468583584890113,0
Q56671291,0.04065741995942637,5
Q116946144,0.04244277223059644,6
Q42392724,0.03192718205407091,1
Q56671571,0.03191213763174713,1
Q42399270,0.08147801748053736,9
Q42391392,0.04203904755218364,6
Q42393716,0.03515472246907435,3
Q42390976,0.044880872425605955,7
Q17382026,0.10172081066461912,9
Q42394234,0.02842555437997992,0
Q10308882,0.03503957557299405,3
Q42392953,0.02896422322841626,0
Q42389922,0.03437010577244556,2
Q42404301,0.020867928415021206,0
Q56671647,0.03336679961734656,2
Q124634097,0.02417859234002151,0
Q56671303,0.03316672302513592,2
Q42405334,0.03399494870055459,2
Q20804714,0.030768896022030028,1
Q62869789,0.048779995384548365,8
Q42390961,0.0417485380566854,6
Q42388595,0.04445150510049924,7
Q56671275,0.0928362232947333,9
Q42391301,0.032221791819230745,1
Q56671308,0.03107247967036426,1
Q42390666,0.03471215166750422,2
Q42391221,0.03150035068762581,1
Q42389473,0.04150039967063916,6
Q42394420,0.022977412352862884,0
Q132146351,0.020898842344810382,0
Q56671100,0.03399624536099276,2
Q42398992,0.03125036113031971,1
Q1625288,0.030079130326023065,1
Q42393259,0.04097610673180805,5
Q56671209,0.036434938061726596,3
Q107586160,0.029586359414835478,1
Q16309126,0.04110568182616547,5
Q56671195,0.038323196262522834,4
Q42386341,0.030331071286368066,1
Q56671586,0.04430767113457404,7
Q42393220,0.049214330003046106,8
Q56671064,0.03491377279569229,3
Q42391545,0.037803203970006256,4
Q56671316,0.03661102219907196,3
Q134154407,0.039576426656535976,5
Q135196565,0.038563532418856836,4
Q56671471,0.0430289154160074,6
Q56671313,0.030090920611949633,1
Q56671198,0.0357401481045233,3
Q136822429,0.0427743839522417,6
Q56671502,0.04862454953058112,8
Q42392430,0.04684094317834243,7
Q56671002,0.03371161270125733,2
Q56671206,0.03445431482933981,2
Q56671243,0.04015088066906884,5
Q42391363,0.04567813479163966,7
Q56671277,0.04857891302134143,8
Q42392036,0.06321258184818716,9
Q56671536,0.035084487407334476,3
Q42391608,0.041509277474040394,6
Q56671432,0.029774998461634138,1
Q42391409,0.048558327310749556,8
Q26715178,0.04378729665086722,6
Q56671520,0.04289761486340202,6
Q42405428,0.03472785623225758,2
Q5800221,0.04973638851845979,8
Q42394598,0.03962047086057771,5
Q42388977,0.04331056442772438,6
Q42394884,0.023057630993122507,0
Q56671153,0.03564582965020452,3
Q10347698,0.02553556784191151,0
Q42396567,0.03642487302752523,3
Q42394459,0.04289515199123309,6
Q42403373,0.03995653429975543,5
Q42388876,0.035740835407996954,3
Q42394195,0.04781020054762542,8
Q64348112,0.03793015207832537,4
Q95463821,0.038504458568719105,4
Q42392180,0.03292724995276702,2
Q56671431,0.038605749919834495,4
Q125990264,0.02757648448295056,0
Q56671265,0.03834767947752924,4
Q42396320,0.036736225296332865,3
Q56671249,0.032080498119012535,1
Q42393461,0.03518666140335171,3
Q42390238,0.03563802986141194,3
Q42391029,0.038803699721972944,4
Q42392105,0.04488795294526074,7
Q56671486,0.02669921089697353,0
Q42394755,0.03818482207575346,4
Q56671096,0.03135027570260083,1
Q56671081,0.04213818402102929,6
Q56671000,0.045769491883186325,7
Q42391005,0.04074622111389707,5
Q42389341,0.045425200327190635,7
Q42394650,0.042817367952530556,6
Q56671346,0.049117875235268976,8
Q5963369,0.053802305316869026,8
Q42389725,0.04168632016675672,6
Q42392989,0.05399951577879604,8
Q42391024,0.04216677478081277,6
Q56671076,0.0500223996584889,8
Q42401648,0.038013269482284236,4
Q42390631,0.038571269269330646,4
Q42394766,0.03458580577599132,2
Q42394751,0.029550965645977364,1
Q42397581,0.04368937034016872,6
Q109337894,0.04088464514044879,5
Q56671622,0.0467263330062606,7
Q20608512,0.03125468195777474,1
Q56671464,0.03558029527007918,3
Q42402987,0.03424812447824754,2
Q10334834,0.0346029874059246,2
Q42397608,0.04682289064598787,7
Q35831245,0.03586706857329081,3
Q97369177,0.021388210504655242,0
Q6951547,0.054159701210152754,8
Q42390906,0.07295828966692638,9
Q108847629,0.05299793681129969,8
Q125817142,0.033236811580436426,2
Q125817129,0.03138389596654265,1
Q106777993,0.04047764776398504,5
Q25485141,0.03760970274487589,4
Q42394044,0.030036450395710262,1
Q5391750,0.03872660073432648,4
Q30043516,0.035972054642452296,3
Q56671423,0.05084101798666187,8
Q29862149,0.032390088517456395,2
Q42394325,0.03218055799005333,1
Q5948648,0.024325391470171674,0
Q20738116,0.03776944857985259,4
Q47537701,0.03505375578872694,3
Q89277320,0.026588260642049864,0
Q42404331,0.03452923530925282,2
Q42392241,0.04036400542001066,5
Q61750370,0.03936965117295167,5
Q10289051,0.03795748923879554,4
Q56671602,0.04920967106140127,8
Q96210279,0.07466785036188986,9
Q75653076,0.036809137066446236,3
Q24851874,0.04436540793263781,7
Q95157150,0.03027279826233849,1
Q134451821,0.037574101537521526,4
Q13113642,0.04177373176513427,6
Q94786818,0.05239828248219614,8
Q100600015,0.03718998829161664,4
Q5657159,0.03801775436927701,4
Q26267290,0.033057240094552943,2
Q27586997,0.03680340093717753,3
Q6098411,0.037686289979081126,4
Q137731568,0.029821601974510004,1
Q10270622,0.03939012234592591,5
Q109592009,0.03967872219824108,5
Q95243820,0.033700815259221716,2
Q103162791,0.03289900143389582,2
Q131750788,0.04025926115846547,5
Q89371679,0.03865995383643899,4
Q22281343,0.049341787372484194,8
Q131762617,0.035932395461211214,3
Q132777778,0.01973433707581727,0
Q119186456,0.040899288572611624,5
Q12562505,0.0407997538952576,5
Q12547127,0.03305293460896452,2
Q12550505,0.049092758463873544,8
Q16432343,0.04512224956695827,7
Q63121611,0.042095398546643036,6
Q131758265,0.033342754424996845,2
Q123965509,0.04169264827008035,6
Q60565393,0.04837518902102755,8
Q136804862,0.05031268132860929,8
Q16431449,0.02829213961441807,0
Q69048039,0.03484051991195096,3
Q114064719,0.06872789273554024,9
Q109641208,0.029116207239761376,1
Q135427180,0.057134968638343574,9
Q12555790,0.05000946107400541,8
Q12217168,0.043205433824502794,6
Q137709005,0.03781604394789368,4
Q136419284,0.034387721531198574,2
Q132722334,0.036359437014748114,3
Q132734665,0.03829914402424543,4
Q16946163,0.04052821717235913,5
Q30069874,0.04418202746211393,7
Q137821400,0.03857646720517178,4
Q109785124,0.022379758664539295,0
Q126393240,0.04859533634945285,8
Q115628373,0.04291380241943879,6
Q123965021,0.04203525182267474,6
Q18411090,0.03212554412497797,1
Q56349707,0.021050591802331126,0
Q117470268,0.03369755598263049,2
Q137594815,0.032561925126703736,2
Q15781462,0.0409689627286093,5
Q137578893,0.04492021069121721,7
Q108409287,0.04646192016612319,7
Q136762713,0.03756072621947052,4
Q134488600,0.03788920432771629,4
Q138114021,0.03948633136522201,5
Q85871012,0.04120368743438015,5
Q133807646,0.02869932227479899,0
Q81476954,0.03049556410899045,1
Q85991014,0.04366052453385353,6
Q103786614,0.02738355933942326,0
Q27734336,0.03824141270973351,4
Q108516491,0.026915139913853116,0
Q9218920,0.028823968724916813,0
Q41532200,0.022700002121776863,0
Q117212815,0.027645857237292862,0
Q52247378,0.05230647161965602,8
Q23892797,0.035046553502292674,3
Q111378870,0.03066473808839325,1
Q79917156,0.05469085157764565,8
Q135855582,0.07308354150315542,9
Q130527523,0.038002657451232116,4
Q16203076,0.031410484547190476,1
Q131607516,0.03518834971558486,3
Q136084512,0.04434274370358746,7
Q132858876,0.06424622301818926,9
Q134426828,0.022404551641514146,0
Q109777332,0.035507085518391816,3
Q60256889,0.03828593292820756,4
Q113243504,0.046526847455142975,7
Q133444704,0.05980893945653257,9
Q134621027,0.035405743481552614,3
Q124632961,0.057176773961691435,9
Q122347171,0.034890115055526194,3
Q133934052,0.05406368869965403,8
Q122664805,0.031533781883014755,1
Q130464577,0.0461100431815303,7
Q135426576,0.050098756541120955,8
Q12571004,0.05751117545688393,9
Q125810420,0.05286970742403309,8
Q25614764,0.04238826121588846,6
Q138609197,0.053262013825515854,8
Q131430328,0.02906818319710832,0
Q131387611,0.04159119874450952,6
Q23309428,0.03292951587345692,2
Q125339995,0.028691623753627132,0
Q127176228,0.030448962132897228,1
Q123819047,0.035895109984004275,3
Q61000511,0.030656224305351122,1
Q70880435,0.04700129420587532,7
Q109982248,0.03455676276877867,2
Q80105481,0.04632303735450845,7
Q43549566,0.03680004186047664,3
Q56394530,0.0251201852177453,0
Q60565257,0.04022527376400641,5
Q117029056,0.045484322996563645,7
Q117196888,0.04186921273805988,6
Q55217262,0.04783219827948981,8
Q101242250,0.038574363287127766,4
Q84005033,0.0504883994175166,8
Q39387738,0.04146983461048295,6
Q113243503,0.03941811915559617,5
Q30932284,0.04831971301099745,8
Q59572131,0.04051899657616117,5
Q16495280,0.04075405392946818,5
Q108486488,0.07135588554101366,9
Q16846821,0.0668959743587537,9
Q131323783,0.0502726566531436,8
Q5646785,0.040143712907764056,5
Q127607128,0.036973275627747985,4
Q113452721,0.028748670358141912,0
Q3086821,0.040694203526992205,5
Q110929755,0.03171590935970664,1
Q18551858,0.03554869529304488,3
Q61763525,0.03407150802780189,2
Q133105249,0.03257717961147248,2
Q111352310,0.03038451535533447,1
Q108178477,0.029142966621506616,1
Q7027453,0.07905707915220042,9
Q137797684,0.05257368428630044,8
Q92434509,0.03861704380139734,4
Q119991512,0.0461403799827575,7
Q31738455,0.03112327756235542,1
Q4367611,0.04297439241120377,6
Q80640735,0.037467079324082705,4
Q125105385,0.04132497067826825,5
Q42396578,0.04112973402816351,5
Q5542294,0.03799381507012669,4
Q124293644,0.03320871922460712,2
Q28497368,0.09037829448843934,9
Q108144608,0.034843292607564524,3
Q131613550,0.03442186125802165,2
Q105882943,0.05593791179369915,9
Q61082274,0.034539098911949825,2
Q106544711,0.059377003695868354,9
Q136088965,0.03044750121296675,1
Q133260491,0.06304602096359543,9
Q64853069,0.03400260691090702,2
Q543999,0.08349441337895255,9
Q189728,0.04949590972557763,8
Q168199,0.04568169973739184,7
Q2829995,0.057453676175794416,9
Q3118802,0.03536472479533519,3
Q15428297,0.038139099577871226,4
Q89376,0.036920799850011544,4
Q174244,0.03776485963342609,4
Q75053,0.05492723374901298,9
Q3180864,0.06733776740853287,9
Q71144,0.061986102583658415,9
Q121455,0.048306899088269094,8
Q91093,0.04073876291381912,5
Q9025108,0.040639306637949416,5
Q3381806,0.045371273230696126,7
Q39415644,0.027451480027381823,0
Q3419113,0.07798465908984999,9
Q12037105,0.05415071434402934,8
Q102247404,0.04742710552293601,7
Q57907563,0.03292638990873576,2
Q1809334,0.029198007572801374,1
Q4191780,0.03242852343021223,2
Q305414,0.0339072363141456,2
Q10564923,0.03254748899027953,2
Q57414579,0.048297493208676476,8
Q91232089,0.0478817153299214,8
Q1463918,0.04290148639215608,6
Q1626653,0.03761129017945554,4
Q2223288,0.04019714799295836,5
Q15065304,0.04103602464496126,5
Q11925747,0.043649934653873616,6
Q6523655,0.044376590118434096,7
Q2248148,0.054382019319780796,8
Q5240251,0.05654874807934178,9
Q13735239,0.045563404332083085,7
Q41670173,0.05180812180105514,8
Q56000671,0.03107787638570657,1
Q2476742,0.04976537502954219,8
Q518041,0.07157941676488618,9
Q21199056,0.0445143227317541,7
Q101242567,0.033511231712112295,2
Q16513969,0.022879229830111026,0
Q27870042,0.030520255037510425,1
Q101348,0.05416984332336795,8
Q1015006,0.029700063608749865,1
Q13424143,0.033429558880391445,2
Q1532528,0.0480471402992305,8
Q12023043,0.039033692556799456,5
Q533056,0.053431156824467516,8
Q3290927,0.08795172242113206,9
Q179547,0.03796290096750776,4
Q5307654,0.040498843980709874,5
Q96240,0.06773034688692403,9
Q64706321,0.04387688133494562,6
Q5234261,0.08111247936342211,9
Q1781987,0.05187784367173993,8
Q1925137,0.085092885321987,9
Q89715,0.04646267502636546,7
Q2645586,0.034772996127124686,2
Q1557575,0.03001360126272655,1
Q5354264,0.033395059790643944,2
Q42089129,0.08382549232244704,9
Q18718697,0.03649057816773774,3
Q1083773,0.0519629545946994,8
Q18630269,0.035351904517648115,3
Q1611633,0.03658331525529251,3
Q2162975,0.030446346251411127,1
Q1243812,0.048082803485699946,8
Q1584532,0.05313974834937954,8
Q1465955,0.041058822185806663,5
Q1612051,0.038350629645276905,4
Q1587494,0.0598262401106805,9
Q116995586,0.027009924411591963,0
Q28729223,0.03719207419315286,4
Q111981583,0.03300100628405275,2
Q88191911,0.04335266941570749,6
Q62559955,0.0367401463825345,3
Q704881,0.032081887859036484,1
Q37672175,0.03861629169224062,4
Q1655626,0.03768551672382025,4
Q18913337,0.03374772531258961,2
Q1702052,0.04406633371302431,6
Q3917317,0.03140218445876148,1
Q23993955,0.03802666651703183,4
Q122236,0.042669674519845706,6
Q23063254,0.03576449335466706,3
Q110333,0.0473672429251969,7
Q96138,0.032163754586671804,1
Q17322472,0.038292608599185374,4
Q1526844,0.05580849942961143,9
Q12042395,0.03683524000714799,3
Q120065,0.042045676098186865,6
Q12025118,0.05291745411155548,8
Q43192085,0.044378239241461975,7
Q1744773,0.03548359169659415,3
Q65940459,0.033351613373555064,2
Q1912916,0.03348965406884509,2
Q26214205,0.05237157524587447,8
Q1549424,0.045832311997178916,7
Q19513898,0.025268862235989047,0
Q11779015,0.032010297216706084,1
Q106877382,0.04504713932822623,7
Q28222898,0.03790383761226842,4
Q62434616,0.04111429045091691,5
Q19840750,0.03492043341167955,3
Q167964,0.033483130845523124,2
Q1889180,0.043888185200718785,6
Q18042635,0.037931955618862735,4
Q1447214,0.032951314555481594,2
Q15851554,0.0394436482779162,5
Q23878557,0.04017276126468776,5
Q701511,0.03778854240474015,4
Q17518492,0.0830323984426121,9
Q4523816,0.026295148764557158,0
Q102256164,0.07140714514172612,9
Q2597267,0.04959018183729668,8
Q1697458,0.04331322185230208,6
Q2329147,0.045808201172459755,7
Q2718102,0.08322833849512579,9
Q1462617,0.040319473839548446,5
Q1587049,0.04254789939472495,6
Q1986291,0.05848635613373728,9
Q2653166,0.05357582040593003,8
Q44587091,0.036577777943605345,3
Q28493479,0.0800046025631057,9
Q25340668,0.03678102688558699,3
Q59528118,0.04819403758088042,8
Q1788750,0.08794480643371391,9
Q3158359,0.047468871293939736,7
Q1699979,0.04856458708783504,8
Q1745843,0.029871450403301622,1
Q6075544,0.07952613030656822,9
Q63967798,0.05274817955369003,8
Q23062575,0.038792200175709356,4
Q10857622,0.09966673158831714,9
Q1539179,0.03490838777601264,3
Q14002462,0.03794423441151059,4
Q1612857,0.02938319567393876,1
Q23887806,0.014686262429231906,0
Q16299983,0.01705610080502814,0
Q3524971,0.07726665343603589,9
Q57573358,0.03643603316255398,3
Q2553432,0.04749897277099268,7
Q2546275,0.03411089777381722,2
Q19271586,0.042288403499353644,6
Q106890098,0.03943472809285134,5
Q4151365,0.041136923042981215,5
Q1463261,0.026919095311812788,0
Q2638899,0.03543333846345213,3
Q915234,0.04474824878594264,7
Q1578448,0.044684941280885425,7
Q2039942,0.04918693409130028,8
Q26201840,0.031135932964147458,1
Q30031036,0.03588275674410541,3
Q13428979,0.040303463760212994,5
Q2198034,0.03496862465772005,3
Q27898343,0.03750631222748198,4
Q1685725,0.04950806176299991,8
Q1513733,0.03436543049130162,2
Q1598786,0.040475152572804124,5
Q1406820,0.04843302583980679,8
Q110180475,0.04069429197062891,5
Q12743074,0.03565452679445172,3
Q1896633,0.06421469008700469,9
Q15446184,0.045449087905177654,7
Q19277403,0.050114371296447836,8
Q98104430,0.0348009138662144,3
Q6549703,0.03780238943735568,4
Q40835168,0.031894834774185324,1
Q101236188,0.03994104952967438,5
Q15507825,0.03432059176214109,2
Q19287297,0.02321023354142693,0
Q113811488,0.039230752463897726,5
Q215525,0.03483543316440992,3
Q23956971,0.04494227344139348,7
Q1114061,0.038743401796950704,4
Q1928771,0.05392972775918505,8
Q98769069,0.050316535729732055,8
Q3308189,0.038140411534192,4
Q5497282,0.03589057784857071,3
Q29981094,0.04056131176483679,5
Q1338166,0.05101016858196747,8
Q1058985,0.0925121855252082,9
Q19958962,0.06082061904878778,9
Q5276303,0.028726914045250497,0
Q1405637,0.044757930565492945,7
Q454899,0.02462664158721898,0
Q95167203,0.03737146502307912,4
Q15456147,0.0391825959349928,5
Q13460573,0.03345749992010577,2
Q17353024,0.03974850220938086,5
Q23061462,0.04322024854423731,6
Q41796219,0.06524119675616348,9
Q4096092,0.03858781515422808,4
Q9254753,0.04135235919510787,6
Q21033002,0.03434191730809441,2
Q19960123,0.05056590455296777,8
Q41142793,0.027886083515056028,0
Q18718940,0.04020642153365241,5
Q9267500,0.0526139585597737,8
Q55672926,0.10105829763245323,9
Q1338518,0.07299763804093821,9
Q2039447,0.04221539652954243,6
Q59525094,0.03592059861514872,3
Q56780713,0.032022536857072306,1
Q11780040,0.04572248366665672,7
Q1602215,0.04834358070955321,8
Q22692414,0.03970856869503505,5
Q28017797,0.041393852403103844,6
Q10857451,0.027467002052369356,0
Q110342116,0.03946750742584565,5
Q19832250,0.05740235519670787,9
Q97011137,0.06310337757834568,9
Q12044896,0.03462000595811399,2
Q112487786,0.03492922642941312,3
Q13856482,0.055820028842045115,9
Q1579059,0.06807770458546741,9
Q241545,0.03035331742634399,1
Q37719780,0.05506645784271008,9
Q55559966,0.04487531531608908,7
Q90346169,0.043698965470887,6
Q23748024,0.04040421251955085,5
Q1098776,0.06344287859790396,9
Q22089436,0.027996857861838156,0
Q17326729,0.040585560053781805,5
Q63003056,0.03144324805284032,1
Q17138792,0.045151913437158166,7
Q88597327,0.023250309342880113,0
Q2078031,0.039312312918142175,5
Q119703657,0.03011755249896496,1
Q20979976,0.032847248517314596,2
Q112254789,0.062367406054766025,9
Q99721,0.02899656742974387,0
Q103164068,0.03494184101534499,3
Q2427883,0.06270053379597723,9
Q12025352,0.0371382262468914,4
Q107156,0.05597690796865984,9
Q810057,0.050186741788442985,8
Q43199589,0.036738452393884916,3
Q3108022,0.03781953094905037,4
Q16298703,0.02661543285578304,0
Q27267308,0.025849436126337784,0
Q11714551,0.04371868006396695,6
Q104665645,0.021736167824692943,0
Q23888800,0.029112531375824157,1
Q61827235,0.06345612645230804,9
Q22693445,0.04320559287046215,6
Q1288946,0.055387687452091196,9
Q115007447,0.03650214000288513,3
Q16538389,0.03847661439264001,4
Q63003562,0.07090268747148049,9
Q19285363,0.08979546012340378,9
Q15627046,0.034666230477391556,2
Q18544184,0.05542728696333919,9
Q116600,0.03766278881259969,4
Q1605958,0.05036372057556677,8
Q1673494,0.030979805205933367,1
Q1730154,0.03357739078773151,2
Q17579884,0.03501264055596819,3
Q27749781,0.029429985669204003,1
Q48860885,0.03586832394666739,3
Q998502,0.03839108834430787,4
Q2284948,0.04794457925045104,8
Q5731267,0.03972344815031643,5
Q40974982,0.027141263340862035,0
Q1263492,0.04143141186445592,6
Q1222096,0.03930562813482587,5
Q21033912,0.04580582766479639,7
Q109616488,0.03365057827073111,2
Q19513606,0.044363118794651546,7
Q1712936,0.03583544103196775,3
Q1604139,0.034663481170397324,2
Q2075282,0.06030183570227143,9
Q1577782,0.053972695639042056,8
Q13341449,0.06782038376906999,9
Q55413922,0.0933320555466248,9
Q97063814,0.039180323953234696,5
Q15431492,0.029115732029482283,1
Q19818800,0.05338674569516854,8
Q12299714,0.02723980245238146,0
Q28869266,0.03830575969998878,4
Q110932,0.06886810631488179,9
Q2073872,0.06540564323070337,9
Q12025389,0.08614501685764164,9
Q22004140,0.05030849067543108,8
Q95104264,0.036828463260293806,3
Q21832531,0.0243947178378754,0
Q29908298,0.02776954291565443,0
Q15854508,0.032355032752053425,1
Q107365275,0.038390481786186675,4
Q36977698,0.05236223312328213,8
Q12055943,0.03882712040236159,4
Q245334,0.04518720240220653,7
Q6949680,0.05293807905286618,8
Q18402317,0.04372220469471367,6
Q17429814,0.06042705979587599,9
Q7176124,0.04362620184423232,6
Q107429934,0.03804311787781974,4
Q66819551,0.03956837843555882,5
Q2041179,0.05412457986524573,8
Q1818785,0.060544988228009126,9
Q57469533,0.026701528935367154,0
Q2669113,0.04477158282184163,7
Q9288152,0.040460192522964476,5
Q15781997,0.037605320024878416,4
Q67202366,0.051551085294148424,8
Q106839277,0.02751989949327763,0
Q1789363,0.026137744420686657,0
Q889933,0.05666593681575518,9
Q24428513,0.029435154816966753,1
Q112502502,0.04135105619734944,5
Q29862592,0.02756681539691112,0
Q2527417,0.034649771306924336,2
Q65945408,0.03791393390308441,4
Q11817868,0.03057420549540149,1
Q11767564,0.05121132669058766,8
Q23063368,0.036905475954982433,3
Q1697223,0.03959165633841469,5
Q25273277,0.05749711574557277,9
Q101242607,0.061901899447892775,9
Q11686807,0.04669846558376405,7
Q63003169,0.03417897188071097,2
Q17389416,0.03999172832309602,5
Q1279187,0.04131485717788343,5
Q11778814,0.04562201378401288,7
Q26257550,0.03207026113019778,1
Q23020608,0.0316129709014402,1
Q15456351,0.04288104584584877,6
Q1703528,0.036280885316100395,3
Q1894937,0.053008568013007136,8
Q97834,0.03893679768264982,4
Q7358221,0.04432529002525025,7
Q31053890,0.036143529165775554,3
Q11738025,0.031102553721248125,1
Q95221279,0.04983751231202611,8
Q71674799,0.05279449646656735,8
Q62075493,0.039642412228174086,5
Q63004334,0.04534054948432919,7
Q63003144,0.03893169879568754,4
Q106421323,0.030397665345975662,1
Q112544397,0.03790496318984834,4
Q42911370,0.04936583189254942,8
Q1608179,0.04166325599956565,6
Q4977715,0.04621638446478967,7
Q1355233,0.0477968368282659,8
Q23978068,0.0285278993611974,0
Q18624287,0.040032743147888614,5
Q21551697,0.05059299154709469,8
Q792235,0.04420125242972947,7
Q28868889,0.04722550601405273,7
Q11817575,0.03514688510208917,3
Q131179917,0.0317795114670342,1
Q124823569,0.043874664728456005,6
Q37627577,0.032266291883942484,1
Q19691428,0.029143995749708045,1
Q22669773,0.04171962082305788,6
Q26208901,0.031192594094975785,1
Q2959286,0.048932094072221766,8
Q2538631,0.03372314486968655,2
Q24202925,0.03613676121823021,3
Q1598494,0.03746250529458419,4
Q129345,0.04196481873150864,6
Q15290678,0.03070539906090788,1
Q63003417,0.0342046125240943,2
Q47091394,0.03517799751494167,3
Q30122287,0.05029321381397836,8
Q67198282,0.027355352665583654,0
Q21033322,0.05126900016781444,8
Q2517502,0.03678966272630295,3
Q105747224,0.040769334039362365,5
Q53001818,0.05742647670584455,9
Q90181,0.025526050402861128,0
Q18008957,0.04190601120718465,6
Q61693769,0.024033950653479113,0
Q22693740,0.05573765768178601,9
Q23072001,0.039925360838189546,5
Q60818564,0.03672787804126913,3
Q63003756,0.04736000419206169,7
Q87783859,0.05155194399455559,8
Q15724764,0.03872743227422125,4
Q55687582,0.035668804349125505,3
Q22681977,0.05236657716934311,8
Q567267,0.04934249339124215,8
Q16610263,0.03319208594996218,2
Q1288463,0.044033081781558146,6
Q18191225,0.031567436264745403,1
Q72049176,0.05333954871378471,8
Q24054338,0.03130551799446795,1
Q21032179,0.027711080585475976,0
Q15549877,0.04777032017026781,8
Q33103693,0.04169896264367843,6
Q1279154,0.041902285825887224,6
Q1626428,0.03687363595716443,3
Q95099364,0.03259404367662273,2
Q1284967,0.043496804901454765,6
Q1879046,0.030873274896898846,1
Q47489591,0.028685381790747148,0
Q28198633,0.03340138161503314,2
Q25374252,0.04486838468474269,7
Q1629228,0.036053966807281554,3
Q132171102,0.11155686072604999,9
Q26876960,0.04304295693383343,6
Q67197854,0.04099985360979488,5
Q40430342,0.04506278548612961,7
Q28464731,0.03547051374980483,3
Q45367526,0.0510976448110842,8
Q63003965,0.07211223640214494,9
Q15435414,0.03383560025746738,2
Q35603120,0.03752980873795283,4
Q30819303,0.029537593185913466,1
Q18221373,0.07175038514235557,9
Q63003102,0.037745902463470274,4
Q42786408,0.028512950528505783,0
Q16054562,0.039406302881155535,5
Q73515577,0.04288005597889337,6
Q65588735,0.04872719512824802,8
Q1351961,0.032392881793781234,2
Q113750631,0.03794847892300945,4
Q2123379,0.03929953291906061,5
Q15437969,0.030301173030061086,1
Q90645,0.045094637904199375,7
Q18811904,0.05288242527234308,8
Q4072922,0.042223742351011666,6
Q89285865,0.03904633481216787,5
Q426825,0.08647541582038697,9
Q27159524,0.054275591650808634,8
Q21033649,0.03607093941345016,3
Q119134935,0.07482593479162261,9
Q86336600,0.03192797957905897,1
Q12778659,0.03261011190873948,2
Q1608415,0.05640514192093244,9
Q78868467,0.029940300415783428,1
Q2091200,0.04339568890458369,6
Q28941884,0.05498964401181964,9
Q31000572,0.04883875121250827,8
Q7902311,0.034948916045860215,3
Q49863158,0.030036099345068026,1
Q19963814,0.034998479292100836,3
Q75940181,0.04410911683215803,7
Q95365310,0.06991091260280732,9
Q68294513,0.048416564427164986,8
Q25928132,0.033560475469264314,2
Q1733215,0.0352515280220876,3
Q2163066,0.045709281314706945,7
Q24276523,0.024471705928804283,0
Q24258107,0.04553788073163946,7
Q23994727,0.03360693964115096,2
Q2547294,0.03364387770688091,2
Q20675773,0.025049901246422188,0
Q1579649,0.04110438065324264,5
Q15845781,0.027199092426658376,0
Q2177764,0.028536749890135275,0
Q27230539,0.04156881741277716,6
Q19793337,0.035385586118763954,3
Q28004349,0.04894244909197397,8
Q15447384,0.04786797895672608,8
Q1442448,0.05124701400792895,8
Q31207487,0.036973989319948955,4
Q41744577,0.05140352045559473,8
Q2547327,0.03926756989861047,5
Q32999386,0.04913472036756739,8
Q95395272,0.05033284354839932,8
Q16168343,0.059322088385394094,9
Q29872801,0.06398534350057641,9
Q816705,0.053572469956120236,8
Q63003881,0.05871876411748941,9
Q1690970,0.03338719991347976,2
Q15358844,0.03958162203881994,5
Q59530642,0.03225946800314649,1
Q109139488,0.046968403086233915,7
Q5984188,0.0328129670727639,2
Q63004074,0.054385938488018155,8
Q19960221,0.04043133798694966,5
Q63003132,0.0267882921320418,0
Q57421950,0.03254828659405192,2
Q24197441,0.07809727151312482,9
Q1259090,0.033874818922656647,2
Q107208299,0.04642007294726761,7
Q21669517,0.01950676329146594,0
Q15453522,0.035309083334111376,3
Q63004138,0.040146058208248306,5
Q21684410,0.04256964738194863,6
Q94984944,0.11611173073787748,9
Q106983091,0.045215465882428224,7
Q11978004,0.029818799325845077,1
Q9376723,0.03943605227852689,5
Q107163765,0.03772108045682787,4
Q1264376,0.06817511381788209,9
Q27604764,0.038737310124451425,4
Q1905319,0.04044950506154095,5
Q2687110,0.07823222586501194,9
Q95389972,0.04307314930659482,6
Q28049539,0.03693476658792645,4
Q28665399,0.0555499235499922,9
Q107005667,0.040301296010073595,5
Q65124767,0.07431930959417318,9
Q15089507,0.04491474894425981,7
Q1269856,0.03726378348625341,4
Q1100002,0.031028601898953807,1
Q1442030,0.03235595965110762,1
Q1894652,0.048559715220189655,8
Q95155464,0.03579282874298309,3
Q28851352,0.03991322583058849,5
Q1379039,0.029696234619828333,1
Q67198194,0.03452996208174992,2
Q95175309,0.036350621170609304,3
Q1735968,0.047165490619627576,7
Q42320970,0.0344385113815246,2
Q55713635,0.03770176728986692,4
Q1493066,0.05222117998557739,8
Q39487349,0.04446645291312785,7
Q95139881,0.0397462172311325,5
Q2545866,0.05372871482481439,8
Q111334507,0.037524946464902086,4
Q12023239,0.03679225533960158,3
Q27960339,0.06370701626111439,9
Q20190416,0.09020197842592882,9
Q27229699,0.05393751810550438,8
Q23059973,0.04210685311218242,6
Q2284900,0.039103157152547516,5
Q2140197,0.04247664949154004,6
Q2163473,0.030547423335272172,1
Q1016434,0.03404490952424088,2
Q21499711,0.043490682539715685,6
Q631132,0.031379708631236944,1
Q15435172,0.03006321801245498,1
Q29000592,0.0320342232301849,1
Q29550390,0.0381969548464019,4
Q42530734,0.02842255954927,0
Q102243644,0.049544282413888835,8
Q17107293,0.033899736889458174,2
Q1745614,0.03251684518163239,2
Q1603196,0.044392522491841745,7
Q12271452,0.03611605183671046,3
Q2474850,0.03292970206753599,2
Q697709,0.035241829699239925,3
Q21033708,0.03208872883650702,1
Q15480129,0.034695055472937775,2
Q1896822,0.04465947117557542,7
Q30066805,0.03619631006259134,3
Q865239,0.030288131482497198,1
Q1608751,0.04293725865274261,6
Q55227806,0.03622945346952835,3
Q18398033,0.027208317330656814,0
Q94991485,0.047024583622855005,7
Q1224240,0.0359588208493515,3
Q1690515,0.041176197611683646,5
Q2163562,0.043321358675013695,6
Q1927815,0.04550491401877504,7
Q27646922,0.046493141814774756,7
Q65727452,0.042317861892853255,6
Q58863322,0.039848932062096644,5
Q24033845,0.04040929130502737,5
Q95399044,0.03581661356731042,3
Q24711551,0.03996821623294658,5
Q29011369,0.04555846325747204,7
Q36832470,0.025178096146652926,0
Q65589214,0.03619765858491867,3
Q2302708,0.040993234287637355,5
Q12174174,0.030605669506058752,1
Q18222214,0.04432916558619823,7
Q61448623,0.044344812420862675,7
Q15707842,0.03244620078214262,2
Q30243693,0.0376016845365563,4
Q95332547,0.037636818021809466,4
Q116947598,0.050941946003128215,8
Q108663843,0.03327316967560372,2
Q21552506,0.04779475415402278,8
Q1746553,0.040276594721580794,5
Q113808608,0.038673968251628575,4
Q1258137,0.03862196381928437,4
Q46918669,0.032933800606761786,2
Q57457867,0.06178910339517497,9
Q22691294,0.035351117411757955,3
Q1581735,0.04339182250586299,6
Q18352928,0.038288478858931045,4
Q55692398,0.04675926763148055,7
Q1746216,0.040124943494655896,5
Q1145553,0.03536617222109363,3
Q23958111,0.049788470746151336,8
Q124650865,0.02900597106252164,0
Q23061033,0.03850770701726196,4
Q24052414,0.03261624765017305,2
Q21281333,0.04850451898498565,8
Q18626851,0.03408558014966623,2
Q102171061,0.05914156880608742,9
Q65850149,0.03255492408248355,2
Q33638255,0.049604630854964506,8
Q4240544,0.03901802744799,4
Q1679129,0.06055752040584196,9
Q1279434,0.044061151535320545,6
Q55323823,0.04265740812326482,6
Q106911,0.07293169706742102,9
Q29583178,0.037947673184358974,4
Q18222113,0.03046400881008405,1
Q21552119,0.03542805002316141,3
Q72060299,0.029807632090847136,1
Q11697418,0.03984974916718918,5
Q1236010,0.04708358296862928,7
Q1927510,0.03865424110198169,4
Q1680555,0.05096901874264979,8
Q1457124,0.03141691787036241,1
Q2687095,0.030058730840142316,1
Q27912165,0.05103177372681177,8
Q64429531,0.05457114791365591,8
Q514576,0.032582189059724875,2
Q7491306,0.0344215005774966,2
Q27064385,0.043943802106324654,6
Q1350836,0.0330734914472222,2
Q125699792,0.024654537251950416,0
Q24451597,0.04594807494065105,7
Q39590812,0.039418293027162286,5
Q1393502,0.04627514940450279,7
Q18628920,0.039206076517375746,5
Q108817009,0.025114302242437644,0
Q30880263,0.016506263154518745,0
Q125760095,0.036694651175139106,3
Q95224028,0.08766941927652581,9
Q89903667,0.03927696352255852,5
Q124000687,0.04344902118253541,6
Q15439774,0.046187306638498224,7
Q46321131,0.036581134151373054,3
Q24705426,0.030280377846313978,1
Q32979659,0.03142343201396806,1
Q28704751,0.04817848957361743,8
Q67197818,0.0521012444326943,8
Q11719342,0.040302864939997685,5
Q15822865,0.04409085224609226,7
Q124169453,0.042199802064781564,6
Q19819032,0.04412971789178938,7
Q95179498,0.04270329911816234,6
Q65945410,0.05833510472289584,9
Q1603901,0.046169246185144015,7
Q1600092,0.03234713597009985,1
Q87806822,0.04005464654357493,5
Q20068339,0.03826071123556204,4
Q95135013,0.04196266242039946,6
Q102229256,0.030263368456239028,1
Q28702038,0.027993997208341045,0
Q2650337,0.043347315276214764,6
Q95440600,0.03407778416430702,2
Q113660513,0.04481313257169529,7
Q123628163,0.03421336295570817,2
Q32979112,0.050249641969478794,8
Q102124350,0.02981736227078991,1
Q1403780,0.035383603034194334,3
Q133878001,0.050414815339851975,8
Q15549980,0.03941814150151218,5
Q112122224,0.03445222156690761,2
Q16735582,0.03870433596706963,4
Q1516545,0.032531065031917536,2
Q95083219,0.04706234549163655,7
Q1447456,0.032372573944137915,1
Q1461178,0.04351403491533205,6
Q95155326,0.0437373887015596,6
Q2591580,0.035869876499187665,3
Q1515698,0.050214878025791825,8
Q62476549,0.04460628510313854,7
Q42198942,0.03290849084175141,2
Q28766978,0.04056769921470212,5
Q102344418,0.05019693477264703,8
Q102356205,0.034491904529711556,2
Q63003627,0.057208065853738437,9
Q20967933,0.027331377325022492,0
Q12670136,0.027607403823807122,0
Q18413071,0.045284955822852885,7
Q63003653,0.033733816952529055,2
Q126026761,0.04027842737837246,5
Q30853977,0.03579901848093453,3
Q2153256,0.030459700553523927,1
Q1745196,0.04120047751210571,5
Q95147462,0.04273377616255463,6
Q95115184,0.0640268008350401,9
Q19793360,0.08283710468070185,9
Q23888036,0.036207065321007426,3
Q102408067,0.03728129082877401,4
Q124637186,0.04958629187740774,8
Q16301170,0.02616852495718979,0
Q109645162,0.04234896510762996,6
Q21839538,0.044840297881326825,7
Q95485945,0.03310020620583748,2
Q110136549,0.02692461200563591,0
Q2645267,0.04550478264996287,7
Q17402334,0.05297850871562618,8
Q55575697,0.05118147535406485,8
Q68596187,0.041506534948115424,6
Q106983612,0.035822369582202265,3
Q22675319,0.031764814061832625,1
Q83808731,0.024979629399503066,0
Q2113367,0.04882357719652813,8
Q113807905,0.04725504914707909,7
Q21552325,0.036505768163932674,3
Q67198009,0.044534117737261826,7
Q63004078,0.039724656242554654,5
Q26227222,0.026733389038226033,0
Q113812353,0.018225329958385047,0
Q63004376,0.0420106644323789,6
Q100158621,0.04069301634597344,5
Q120578454,0.032971027461140986,2
Q20733690,0.030233163675073945,1
Q23936671,0.01355174650969689,0
Q1223772,0.03830511154504617,4
Q1273104,0.04102640099789985,5
Q122573753,0.044537550420170664,7
Q34810433,0.08558500449418027,9
Q22669676,0.03458534319950208,2
Q126326947,0.0372709907573529,4
Q95098779,0.07278044412441834,9
Q15814407,0.03669092020084987,3
Q28702746,0.0477733377594165,8
Q95490231,0.04621903436194218,7
Q95147601,0.07999924900903731,9
Q95166722,0.03862977006059881,4
Q65770767,0.0815579677350015,9
Q57315994,0.025466982927326343,0
Q62022761,0.036898183298728474,3
Q73506340,0.09505187054631256,9
Q95374663,0.03535693172103616,3
Q60156524,0.04539301643642909,7
Q95221059,0.04873591196472749,8
Q102190993,0.041248486192343205,5
Q95154399,0.04647736173909756,7
Q64078166,0.06232279126516038,9
Q95221291,0.03955734734217913,5
Q22133131,0.03856667365577147,4
Q135098919,0.030492099295702,1
Q1543636,0.03389792687749728,2
Q95483455,0.03284061993904282,2
Q95440618,0.039768109943134226,5
Q130552593,0.023554135801861074,0
Q18645566,0.04893923820252913,8
Q63862919,0.036179298853095884,3
Q95174465,0.048752904278826795,8
Q496416,0.035564913355197576,3
Q93031046,0.04074432140018452,5
Q95094925,0.05542788125249993,9
Q63004356,0.06764754476519395,9
Q67198382,0.03348649449239124,2
Q67198095,0.054777022008915786,8
Q19965714,0.03784989466816774,4
Q71164754,0.05515255013278289,9
Q12501014,0.057766461181234914,9
Q65849906,0.0664467313278689,9
Q109714144,0.034454598414251116,2
Q102941917,0.043545984924568834,6
Q134696992,0.1084477899360113,9
Q138205241,0.02998073233322558,1
Q23671752,0.02417894227204928,0
Q1171153,0.03402637088167874,2
Q112342956,0.05134288231122902,8
Q113821749,0.04513946884033183,7
Q95464709,0.07509358509850383,9
Q1875054,0.07406707667410889,9
Q28856365,0.0778091150340975,9
Q18529418,0.04899816330120214,8
Q18413072,0.04584762596697503,7
Q95375359,0.04229434722669026,6
Q59651886,0.032645617501519335,2
Q95078118,0.04967790658903949,8
Q113809224,0.041542047587370574,6
Q16471484,0.031883537732627816,1
Q33133782,0.032277530279493295,1
Q40331612,0.040857776839817,5
Q18275154,0.03787513952770154,4
Q95447333,0.04112379107979367,5
Q119505169,0.05406577705917527,8
Q106984536,0.03071065481188966,1
Q102201167,0.04784578281866875,8
Q112326717,0.030348335171794052,1
Q95373602,0.03308682913327867,2
Q106983580,0.04351287020978568,6
Q68595915,0.054531091615105096,8
Q126369150,0.042935724263211864,6
Q63004308,0.047117283899652224,7
Q1512261,0.03455230055191698,2
Q16890312,0.03072558324193767,1
Q1794274,0.04600132930592871,7
Q95391454,0.03583103390509751,3
Q65588736,0.0361636885066011,3
Q112395729,0.043589654596495865,6
Q110641595,0.04449851322918972,7
Q38792375,0.04937640618111758,8
Q15448878,0.04775483205758097,8
Q113770381,0.02890277690756321,0
Q137270503,0.053155250589156273,8
Q17305201,0.04260802142099663,6
Q76741476,0.03233944543573574,1
Q95152711,0.04144273543085845,6
Q39744347,0.03914072591489614,5
Q26459799,0.036204235432663254,3
Q20006996,0.05967625897989535,9
Q4330843,0.03484597347180538,3
Q113377029,0.04408815563228848,6
Q105674842,0.0567664121103197,9
Q62672286,0.050267348051472406,8
Q120096538,0.027335296011229675,0
Q113977000,0.029594249276376616,1
Q123684704,0.019535266022842883,0
Q20006986,0.0304226636514258,1
Q95178762,0.04347733522424669,6
Q48182811,0.03403701093250294,2
Q20430665,0.03465125038866856,2
Q123684566,0.03339153484745162,2
Q123703343,0.04515246268535251,7
Q63003433,0.030390724873837843,1
Q95172906,0.03785137877287406,4
Q24025674,0.054969751425689516,9
Q126073915,0.05612599796646547,9
Q130710784,0.04458291695250646,7
Q107172842,0.03490654920002165,3
Q106984531,0.03938538456776441,5
Q123460392,0.0371565769832491,4
Q201248,0.03094173124817452,1
Q102130875,0.029086135244235516,0
Q92577736,0.028891198793301442,0
Q111820892,0.04975835124815269,8
Q123682707,0.041512923421588035,6
Q123707183,0.044978741483890736,7
Q133852189,0.044946013519151944,7
Q110726444,0.04139547804844086,6
Q123702535,0.03642786226063353,3
Q126250706,0.04412994619851189,7
Q106328238,0.026097090822771868,0
Q124293099,0.06310238789214426,9
Q123685639,0.033641617205955765,2
Q15437237,0.04085675530016544,5
Q123684637,0.03734185766630069,4
Q67599242,0.03653603145916953,3
Q28580868,0.040799642034335414,5
Q20798511,0.03428283196740821,2
Q126372665,0.0365193895770692,3
Q123682752,0.03839219322726589,4
Q30972882,0.03637946090232644,3
Q16168138,0.03428836393025864,2
Q68595922,0.04663804798070639,7
Q67198431,0.03928587590985814,5
Q95156086,0.049180878440906496,8
Q47091310,0.044866622377399,7
Q123763861,0.058785652578277246,9
Q68595896,0.029115207592116988,1
Q111383319,0.035112904585032564,3
Q76741412,0.03122804654315023,1
Q123681681,0.040227949223713144,5
Q117834456,0.10112404272430929,9
Q2172982,0.0239093535020064,0
Q123763694,0.041634799489320674,6
Q123686752,0.033915282028911885,2
Q21547612,0.04254763089246695,6
Q113769019,0.03790133045508574,4
Q95156929,0.050131493703759335,8
Q123682413,0.0313907693618854,1
Q33321348,0.03921588317623756,5
Q67198020,0.03515101517156936,3
Q61874095,0.03759555771281506,4
Q67198408,0.043294254933513035,6
Q104641189,0.03710029518996458,4
Q137459342,0.026327989377158075,0
Q126934642,0.03224179543782901,1
Q67198346,0.03731920122386407,4
Q67197902,0.049612652080519265,8
Q95485053,0.04726162971113012,7
Q65945421,0.06478620186922382,9
Q110538877,0.04732250951807366,7
Q107174594,0.03672046710591812,3
Q67198400,0.02805222312146514,0
Q19630665,0.048614790230536435,8
Q125747175,0.027159241426808867,0
Q10303866,0.03943264376589015,5
Q40539807,0.04556685793534594,7
Q15987404,0.03291585838187211,2
Q108914836,0.03242028184684033,2
Q70214812,0.0565134421084027,9
Q115979727,0.038818036086333954,4
Q58470184,0.04078059024617814,5
Q77660487,0.05200502092683831,8
Q115257166,0.040191699717647786,5
Q67197790,0.04038388147962247,5
Q74621924,0.03901108618078164,4
Q67198074,0.04092436165596281,5
Q68596057,0.0424003021040842,6
Q17446807,0.03241602957736731,2
Q61874209,0.03698390714062886,4
Q105828251,0.051853543425442336,8
Q74621969,0.04388576597437651,6
Q95374768,0.038104749905557275,4
Q61135734,0.038036841008609934,4
Q74621947,0.03821519533443399,4
Q130536409,0.037865075575229425,4
Q124785888,0.04880241239862745,8
Q26699795,0.024941442881660673,0
Q135265961,0.05202327062260049,8
Q125580568,0.02543061955125643,0
Q23060645,0.0410822273095555,5
Q95446538,0.03095548000210816,1
Q869303,0.0643312734227404,9
Q95241566,0.09239759348278687,9
Q135265992,0.07233164482785659,9
Q61878845,0.039602340637317636,5
Q61878098,0.06287535497324986,9
Q61878228,0.04251043778536774,6
Q61880852,0.05809995454482561,9
Q64846950,0.032413152496243665,2
Q135266051,0.03121543809840221,1
Q61880301,0.0658159060029137,9
Q109760017,0.035669270984144734,3
Q64833360,0.04215336613102541,6
Q109757604,0.06404410670381704,9
Q109758618,0.030641235705260936,1
Q64852126,0.05426126308142038,8
Q64846331,0.0270756432989822,0
Q4481470,0.04610985198735044,7
Q64862035,0.03729265974880933,4
Q109776898,0.04964206504819312,8
Q64848096,0.038529269444254624,4
Q64832180,0.025350163095105016,0
Q124858290,0.03537302447150131,3
Q63170789,0.04505466533696057,7
Q64848746,0.0539193411328515,8
Q64848612,0.04112435582304884,5
Q64832413,0.02048504131023638,0
Q64848728,0.04315128126940456,6
Q64862496,0.03756667236500884,4
Q64832855,0.03823082480098131,4
Q64849448,0.03333580567106206,2
Q64846973,0.033752004255842495,2
Q64850589,0.026040641267509518,0
Q64832090,0.029349958586743104,1
Q20481112,0.035341925692684996,3
Q115102730,0.031130959900685984,1
Q132013639,0.030931167400915983,1
Q120636048,0.0283755640543288,0
Q1914526,0.032159465880774334,1
Q133523649,0.03681491546012961,3
Q43374600,0.039458891891341094,5
Q119398344,0.033633882303320206,2
Q119436566,0.025892475651029354,0
Q119438751,0.02953510061787144,1
Q1805962,0.05109642017496654,8
Q1284031,0.09694394394029528,9
Q130312850,0.05511915844402059,9
Q56248606,0.050249783755347055,8
Q16979840,0.06351302244384782,9
Q129652344,0.03370203500002089,2
Q129943748,0.06853341097799304,9
Q88082960,0.03953769119281734,5
Q2368430,0.03746321395074249,4
Q105822003,0.049084771584767165,8
Q2160930,0.04281211413846132,6
Q138110961,0.034852759937803186,3
Q125419507,0.0680914574058226,9
Q137791499,0.039371874061586834,5
Q1675775,0.025581398195105194,0
Q113807939,0.031814759500843726,1
Q134690419,0.025200387208627294,0
Q65945392,0.03914106665884967,5
Q21516819,0.09076355996984616,9
Q111831114,0.03976938448486939,5
Q137568514,0.037270883055152054,4
Q125419466,0.031819286135393164,1
Q97581966,0.04123471913004915,5
Q7412588,0.047201291429869084,7
Q69520380,0.04770255573532512,7
Q65924871,0.09460490056612951,9
Q137179598,0.0395213740519046,5
Q124097609,0.06230739543727408,9
Q20798882,0.027381499268012414,0
Q124460433,0.03349014228947443,2
Q65924869,0.025514300022655277,0
Q67198333,0.02716972696193142,0
Q1673427,0.04058469875589916,5
Q73882446,0.032729189363525306,2
Q131453585,0.03808921290673831,4
Q5850623,0.03128536004102751,1
Q87115687,0.03293268970541975,2
Q88012747,0.0830212734473126,9
Q116168126,0.041435325322495796,6
Q29169583,0.04235299053633767,6
Q16726249,0.03141776866073721,1
Q164721,0.042653588230633976,6
Q139121,0.02984938846562153,1
Q237527,0.028160914100051043,0
Q323805,0.03943595839692626,5
Q708963,0.04372610888583887,6
Q880598,0.043102990694481626,6
Q2096837,0.041391016607348834,6
Q432689,0.024304823093404072,0
Q745896,0.03533086044834946,3
Q446735,0.04167431757221574,6
Q28450408,0.03579780684863302,3
Q1348831,0.025090316548265917,0
Q2159355,0.03740545291455643,4
Q749926,0.024415297671126976,0
Q75024155,0.028518921256043283,0
Q5040382,0.026479867869063856,0
Q26706877,0.07372937353417235,9
Q16054135,0.10250669382001708,9
Q270758,0.03643518407463133,3
Q4143469,0.07258090938834251,9
Q49913714,0.04144959556854207,6
Q862184,0.03943951541760352,5
Q7685533,0.03830207117747748,4
Q36995,0.06671303476266979,9
Q19673275,0.035142070130396386,3
Q16730334,0.037856017168441614,4
Q4096130,0.04388823455299843,6
Q91799827,0.11223344010528119,9
Q6256552,0.025368125493916194,0
Q16146616,0.04732975803250903,7
Q437058,0.04628958735995064,7
Q2909895,0.03794835508592387,4
Q1322146,0.04815654790998083,8
Q3025551,0.06711784574997173,9
Q321108,0.04387625089414578,6
Q538716,0.04490141084520852,7
Q3505379,0.05218811730582207,8
Q366317,0.026690822690748166,0
Q1712499,0.039747764767480404,5
Q3560818,0.024713515905772636,0
Q1350441,0.03805347722532064,4
Q12713042,0.03971911337992933,5
Q320836,0.06122333550345858,9
Q5394549,0.04095424306521179,5
Q1443927,0.039604092411525724,5
Q12403901,0.045085892401358935,7
Q19825977,0.09056133097676126,9
Q1028601,0.032048968521830645,1
Q859157,0.047958361044746295,8
Q30961010,0.04207449420470316,6
Q16209581,0.0564218277281009,9
Q744337,0.0347928364411578,2
Q64736693,0.04147502402390059,6
Q61086276,0.04502500168378627,7
Q2370185,0.03247490369412329,2
Q11321442,0.03126894558637586,1
Q470071,0.0382158745934958,4
Q1586916,0.036531264634943966,3
Q569122,0.06787437168549333,9
Q851613,0.03393919338282289,2
Q122932399,0.05286355152385607,8
Q28172175,0.08206953348098911,9
Q324353,0.025296346518254242,0
Q2883872,0.0509599443575094,8
Q2588411,0.04573906813672344,7
Q4960830,0.029162986310129854,1
Q5750041,0.09931434516941873,9
Q2164562,0.036543204751948326,3
Q1086308,0.03952752282521264,5
Q3156824,0.03308945284104257,2
Q1420844,0.04666739635632147,7
Q369138,0.034080377446761935,2
Q3498633,0.040472661636189206,5
Q10306650,0.03908833412260035,5
Q163947,0.039977696949991155,5
Q11728503,0.04332027286452558,6
Q7181651,0.06976768158399739,9
Q17277777,0.03470463522851922,2
Q292521,0.03229029750216389,1
Q1724810,0.0363521138461183,3
Q1343480,0.03772033273900798,4
Q2616903,0.05328261564402695,8
Q433247,0.028759533377447327,0
Q345938,0.037499961663179746,4
Q361522,0.03293304580331172,2
Q50288390,0.042930293248763234,6
Q1044657,0.046762595995561144,7
Q713854,0.03790197901286582,4
Q545452,0.028134011353478962,0
Q952496,0.030374257845818473,1
Q2569126,0.036780254773667885,3
Q2129435,0.043842956097647545,6
Q5055674,0.05210622296168202,8
Q418969,0.04351291255028102,6
Q965203,0.03794792495954112,4
Q6149089,0.03763796521974481,4
Q1700675,0.038907636742208124,4
Q139405,0.03359111344565802,2
Q2916325,0.04835428273273435,8
Q2591117,0.04088331899905463,5
Q10338458,0.04292421872128326,6
Q112670819,0.04268715855652236,6
Q351187,0.03132783198307991,1
Q5086374,0.03463335518019452,2
Q2148636,0.04607482694376752,7
Q1239100,0.03411361536740582,2
Q95179590,0.03294099081959281,2
Q2330044,0.045376537373442986,7
Q110146689,0.0575662336758837,9
Q16221910,0.04546390912095551,7
Q1159014,0.047948724323076425,8
Q953797,0.03268283445335221,2
Q892310,0.0406928353931711,5
Q1878944,0.01833345734480865,0
Q12281964,0.03536554009219593,3
Q716747,0.031780531303886306,1
Q2881210,0.03663838000708779,3
Q112075333,0.027413058510615727,0
Q4318519,0.03217827285508983,1
Q1628336,0.03616102718372946,3
Q7614765,0.049777246269199056,8
Q5490070,0.03722754529313525,4
Q18676845,0.03926080898780446,5
Q1811738,0.03284786515164934,2
Q1218922,0.03499044209847671,3
Q1165477,0.03291434283958933,2
Q107015064,0.042614670426436636,6
Q1173303,0.0482675160277443,8
Q1913413,0.0322038909682803,1
Q15106383,0.03442857693779512,2
Q2253911,0.03030073279394908,1
Q1237910,0.03030846364815142,1
Q58007846,0.03524859451017514,3
Q6264970,0.03765326566536344,4
Q29001021,0.032683689975773034,2
Q68457577,0.03352809840837248,2
Q7045324,0.04386124647754213,6
Q3170751,0.04523076183539417,7
Q6846320,0.035705711198406154,3
Q1900112,0.037768430765699544,4
Q508574,0.04273672274564196,6
Q1370605,0.03932524488249298,5
Q1302580,0.043080941145991605,6
Q4430642,0.03578412914196445,3
Q3940076,0.035679788438621934,3
Q3292973,0.0411027866341042,5
Q824893,0.0333804896843683,2
Q1252483,0.02339794878058137,0
Q2734789,0.04083705221801167,5
Q4126782,0.036767546188206955,3
Q91529037,0.03660504927750873,3
Q2638075,0.04676814250657869,7
Q17639550,0.04151370981607174,6
Q1189006,0.02672162254072885,0
Q1683929,0.045927849462588204,7
Q1910033,0.02933683282596655,1
Q1278973,0.043284970070609975,6
Q2346976,0.03985156474759812,5
Q7138333,0.028927094147801948,0
Q1251884,0.05296052256806057,8
Q1691456,0.047586694942951216,7
Q917597,0.031218231823080932,1
Q227401,0.03384851305284123,2
Q95089319,0.037086336804636605,4
Q112298,0.04457737765369378,7
Q3369710,0.03626977913294903,3
Q2024275,0.040384109351574736,5
Q111884,0.04635715888644578,7
Q1448175,0.044671565850992204,7
Q2080409,0.030633682100633594,1
Q1568087,0.04052553515110439,5
Q26721618,0.02972394994039161,1
Q6662444,0.030403663687863076,1
Q705775,0.03543982356436469,3
Q1931063,0.03721923167156723,4
Q3710588,0.04249812319080098,6
Q1290678,0.04556686943717457,7
Q6109392,0.06663714283454038,9
Q328133,0.047251385940836534,7
Q6965623,0.06777271800027035,9
Q59572100,0.03388617583661471,2
Q3808428,0.027128303018179933,0
Q7099432,0.036157679079153876,3
Q6504711,0.051580225658350534,8
Q3020667,0.03723053148761079,4
Q2337060,0.03720721719914074,4
Q98841035,0.044209976699314375,7
Q5120494,0.048683271207944856,8
Q2551069,0.030802646481605366,1
Q115203447,0.0339818798924359,2
Q3992519,0.03737188078015246,4
Q1353161,0.030330951597455823,1
Q1516454,0.03740490922466842,4
Q1899207,0.0376968733334487,4
Q3229572,0.05180244755831522,8
Q6263963,0.04080888189137119,5
Q16586606,0.036947344340503015,4
Q9175411,0.03640774406668082,3
Q1908432,0.031683007370753594,1
Q1494485,0.040246247657911356,5
Q3301766,0.030603285094057624,1
Q1465293,0.03311765585477954,2
Q12731430,0.025977522736775616,0
Q6173393,0.03697105715994819,4
Q24191524,0.03201548112008544,1
Q15454340,0.03973241688389635,5
Q104178,0.04194921854287931,6
Q7260446,0.030983431062089777,1
Q3288022,0.055566104047983594,9
Q11765627,0.0326334791284843,2
Q4803167,0.04270034212961774,6
Q1293640,0.04579495027653127,7
Q1679276,0.04280204660558854,6
Q15452293,0.02672579023070037,0
Q2650588,0.022138084931355495,0
Q5415068,0.04325903933744461,6
Q3362922,0.03601990658866696,3
Q99731000,0.02005536276094361,0
Q467544,0.03975786538116828,5
Q28095232,0.029447335559366492,1
Q912060,0.03269701744417076,2
Q18626490,0.043337437545708554,6
Q95903691,0.040971374848292184,5
Q9281924,0.02971415580455562,1
Q6791382,0.031117529951908883,1
Q10299921,0.0333087259862262,2
Q95751894,0.03703791322974247,4
Q1504170,0.04102360679115509,5
Q1173233,0.03497394743584578,3
Q1146361,0.04444477723955186,7
Q2103958,0.04140162775531311,6
Q130549469,0.033413492452599614,2
Q1457003,0.052086058609634854,8
Q20715940,0.03070340258262125,1
Q4864075,0.029901748554148684,1
Q1626029,0.03497572847402632,3
Q2475221,0.03331199043164698,2
Q2593258,0.0391769154472257,5
Q1727429,0.0419745741420896,6
Q1338469,0.042211271319510156,6
Q2129385,0.056230568063487016,9
Q1282697,0.03705677059988142,4
Q9202110,0.05366525872765081,8
Q28006961,0.0438791103606127,6
Q4112429,0.043665872494968824,6
Q18221642,0.06585594694112283,9
Q16749705,0.030215198892112813,1
Q4704823,0.05435670912337734,8
Q5961481,0.07103851230002935,9
Q51528512,0.07410701089927331,9
Q26703693,0.04677464188878152,7
Q5091573,0.044724711921258625,7
Q227382,0.03770820294070163,4
Q45411508,0.039618819842655494,5
Q53671985,0.04016072324953259,5
Q13138306,0.024315910222434702,0
Q1224067,0.043666628850318495,6
Q9390111,0.03898204017901778,4
Q101518,0.044665310707147035,7
Q15458285,0.04781713369663361,8
Q7328382,0.04100600767253633,5
Q54656966,0.042630533940567886,6
Q48963865,0.036876796537940015,3
Q1413592,0.04476257545806037,7
Q9334780,0.04021029531952003,5
Q3498981,0.03638267252974311,3
Q30906428,0.031909255619976526,1
Q17490043,0.0381623646607127,4
Q56876899,0.03833647486454339,4
Q95180171,0.03746866595120677,4
Q862626,0.04118463050417407,5
Q5947104,0.033516516586473734,2
Q60218213,0.04700502660911175,7
Q1349396,0.05058943020055379,8
Q1894126,0.047101972750041604,7
Q5214500,0.04277410480816403,6
Q124765732,0.052145280996209784,8
Q6844563,0.033314959523926053,2
Q11817853,0.0441626358707828,7
Q880824,0.03266269766437455,2
Q1543195,0.03440859458174017,2
Q17322562,0.03778741667557489,4
Q3456184,0.04070392519920823,5
Q12361796,0.036667591422335166,3
Q1665613,0.03964241257545132,5
Q3045270,0.033022198317427504,2
Q94936837,0.04586714868913654,7
Q6168034,0.035473155698148746,3
Q5301090,0.057202957773534034,9
Q6701206,0.05319261722014299,8
Q95372258,0.02528905285647326,0
Q106109480,0.03673741260530551,3
Q7172951,0.028003914037032618,0
Q5710072,0.03608763748776531,3
Q11715394,0.025307430690549103,0
Q20827573,0.0862594711306847,9
Q4913317,0.0643568793185772,9
Q1769920,0.05603014645092443,9
Q1394105,0.07742962741558596,9
Q7331319,0.05517212209230487,9
Q105394851,0.04432975765103474,7
Q12180467,0.043014560828376895,6
Q12498766,0.035170169480358004,3
Q10817178,0.037800809694038866,4
Q4195610,0.037778973437790374,4
Q9696756,0.02446099311993894,0
Q12771193,0.027169414915967957,0
Q4977609,0.02701415504949982,0
Q23901386,0.07486694560626421,9
Q6814179,0.04282127921336078,6
Q16937919,0.054168169504455195,8
Q7367070,0.04660958991798509,7
Q15435634,0.04419884682835725,7
Q5173224,0.07519165455262268,9
Q56283074,0.0342001744515027,2
Q1689127,0.030750427391804655,1
Q42210984,0.037753913306705,4
Q5725811,0.030770228874429314,1
Q6528901,0.050269784369269675,8
Q5615326,0.04674435088296614,7
Q1442958,0.04766598236080258,7
Q95316065,0.037596197485146594,4
Q987934,0.03496810165383043,3
Q5546857,0.043216562133004004,6
Q1570175,0.0466702970611969,7
Q7493815,0.049161337948717306,8
Q15795832,0.04370941702047863,6
Q1992437,0.03710436509814778,4
Q1294144,0.03905691912697795,5
Q2863215,0.03354395437626376,2
Q107412468,0.03490848560915022,3
Q99676152,0.036852890743934025,3
Q107488783,0.043135646873534925,6
Q1708500,0.028638063813256242,0
Q1744788,0.046027081999634636,7
Q6213488,0.04225909854634553,6
Q4989450,0.043686416829744806,6
Q3026607,0.05102205455451301,8
Q17238903,0.054614687181529835,8
Q2029715,0.06658475552980446,9
Q1671161,0.07167700938419452,9
Q16593515,0.043242474453969906,6
Q3195223,0.06034849741216473,9
Q9359463,0.038142467759648295,4
Q22279447,0.041016562315749315,5
Q962563,0.04335715564053615,6
Q1246032,0.03473736728633626,2
Q1557658,0.04760808225366626,7
Q2843201,0.0360862415321674,3
Q5561929,0.0414056471646138,6
Q81805754,0.04590610085753214,7
Q103936082,0.025864709050495052,0
Q4353664,0.06282594950809478,9
Q1311313,0.04003582228823649,5
Q1689114,0.02304994221855891,0
Q3101043,0.030438687616558283,1
Q3007764,0.026659690689963576,0
Q5229647,0.047085886100115576,7
Q1720652,0.05111982981052053,8
Q28003544,0.03296649363768232,2
Q3310822,0.019568798626948276,0
Q3339851,0.04104479805230741,5
Q2217573,0.03240910856477597,2
Q4704782,0.04005480534033505,5
Q70757506,0.0433737097540324,6
Q4890004,0.04762049890944754,7
Q1512146,0.03565024974390394,3
Q9353079,0.03295221764193979,2
Q55517570,0.038656526374004366,4
Q338312,0.04377573735115744,6
Q16887987,0.027378681212768822,0
Q128073528,0.04651106517568802,7
Q1248384,0.035455815424981656,3
Q832645,0.040373353938405694,5
Q1820493,0.055579145277738475,9
Q3084801,0.04201382869827122,6
Q3219543,0.03863739330092641,4
Q126925112,0.03916727089432283,5
Q12737331,0.042016529833621634,6
Q10304916,0.03209010448400362,1
Q66497772,0.03816911986331725,4
Q18044186,0.03505863775087388,3
Q10842108,0.030495915428099554,1
Q104888662,0.047388985952653874,7
Q6301568,0.030811438582604392,1
Q1673090,0.04113432548316602,5
Q4368140,0.033789592194387104,2
Q10320872,0.03992555929927001,5
Q2919243,0.03368470812174325,2
Q4908638,0.03699682013773685,4
Q1626593,0.03773086210671738,4
Q1603514,0.038201198410807734,4
Q11779379,0.02744835150661444,0
Q4353697,0.03283896889174967,2
Q106485318,0.03999990884308053,5
Q133855122,0.03628466290712618,3
Q33818012,0.043641680680792425,6
Q11720589,0.03471612549731459,2
Q6788664,0.04258216952426948,6
Q47481637,0.03724588754437548,4
Q7814795,0.03873333395240165,4
Q1376462,0.0569553018024577,9
Q3480660,0.04140746821710764,6
Q6481352,0.036113172792015966,3
Q7692969,0.030922704821329187,1
Q1685632,0.03337241510012408,2
Q15452895,0.04523792944889988,7
Q1307035,0.04529723387734225,7
Q24046022,0.021638006708388984,0
Q862981,0.046471284346982944,7
Q111788629,0.033697516251109366,2
Q19959003,0.04026338778280997,5
Q2025713,0.05593927110754518,9
Q28924023,0.030805961688424283,1
Q98828252,0.02748338237176055,0
Q1662197,0.04210235159182916,6
Q11818334,0.0377245056109553,4
Q4978374,0.040222800510014096,5
Q1689351,0.04919748729727994,8
Q85982619,0.03074803425723037,1
Q2569802,0.040464186484679185,5
Q98874,0.030484146430416765,1
Q15446041,0.04358163952775074,6
Q95181201,0.033565610972214846,2
Q10323727,0.04083008531032697,5
Q28073425,0.06899566126352888,9
Q10382474,0.03646682857855354,3
Q10263597,0.03736282251347091,4
Q15447219,0.052120132920071394,8
Q9145720,0.07104736522290157,9
Q64595200,0.030049301725219704,1
Q98594637,0.04528823380229091,7
Q9201417,0.031056075770916472,1
Q17364502,0.041714630492103784,6
Q10268994,0.032774623985050655,2
Q1463149,0.02939018955911487,1
Q10320692,0.04712165766781422,7
Q1516971,0.04936620807816093,8
Q19825987,0.049156858569268914,8
Q1948522,0.03595792050808599,3
Q10395454,0.04181088591181026,6
Q10321333,0.036126176220569656,3
Q9359173,0.036824998855681856,3
Q9145204,0.042181392195404496,6
Q1184759,0.049829807641471845,8
Q16187025,0.030737785739006783,1
Q1672009,0.04752260022064228,7
Q19277423,0.04219304262143759,6
Q95379150,0.042044063562842814,6
Q112386793,0.04248098608421824,6
Q12729020,0.02498978610032093,0
Q30972483,0.03660546664705716,3
Q40687615,0.04033190858723327,5
Q5662481,0.03577086961739908,3
Q11854600,0.03253284092717468,2
Q6776540,0.03689621569699069,3
Q19896126,0.044061293776943906,6
Q2073289,0.026621361246935742,0
Q5162590,0.04444529677379242,7
Q2502421,0.03930430029623506,5
Q688200,0.03943021063532492,5
Q132155864,0.03739247878462478,4
Q844982,0.04026720779814978,5
Q62566695,0.036846396851152804,3
Q91098106,0.042342162324101575,6
Q110740984,0.03050898819785846,1
Q13131078,0.0272709285556933,0
Q2642399,0.04685391908764504,7
Q15223034,0.04478177698825396,7
Q58915981,0.04222982073673338,6
Q105972059,0.03285448848649208,2
Q16089613,0.03147817277789485,1
Q15849704,0.040371848744368076,5
Q1106384,0.03193700062545214,1
Q124362999,0.034663088859693984,2
Q608667,0.030072686191257587,1
Q55466357,0.028989884106412067,0
Q66364036,0.04330127464108855,6
Q23001011,0.034517638502732935,2
Q5213778,0.07950815694331895,9
Q4495279,0.03415916414989234,2
Q99703430,0.0511073434175149,8
Q9340086,0.05669258707714479,9
Q16185306,0.07479344246803495,9
Q1689426,0.053702491668589196,8
Q102423422,0.06210462947341913,9
Q10293195,0.07742228511393415,9
Q1359179,0.036139478971223625,3
Q32908833,0.046877380066980806,7
Q16523236,0.030716617290116096,1
Q11749146,0.03319531959318922,2
Q95394540,0.03952595808988952,5
Q10393240,0.03863224387191923,4
Q758096,0.04078344185551025,5
Q110914583,0.037670019081519825,4
Q1768557,0.03416683721527817,2
Q1794850,0.03752928956583386,4
Q15646870,0.04663644696031589,7
Q55677325,0.07890645128301045,9
Q723770,0.03984195580516894,5
Q1282460,0.03847406686109771,4
Q11979057,0.04165673286297681,6
Q16429743,0.035267054873119395,3
Q100591978,0.03283061981324109,2
Q25478814,0.06149139499815841,9
Q7171860,0.03920660761322714,5
Q107617526,0.04199436507372871,6
Q2077503,0.06201047739240076,9
Q7324607,0.040335809842163416,5
Q11998241,0.03943337087224427,5
Q1704973,0.038800500840340486,4
Q17379332,0.03600195847510953,3
Q18244910,0.03900217265892598,4
Q18026694,0.030262987833209423,1
Q10271832,0.0424367326026836,6
Q2429090,0.038645841525094565,4
Q16614021,0.02582573653527777,0
Q109982579,0.05960403257149866,9
Q2075586,0.03239976756491077,2
Q55676862,0.05981370416840621,9
Q89738358,0.03645755670796479,3
Q8199342,0.05564511798848074,9
Q5496893,0.034919774494998654,3
Q94936359,0.05159838701590322,8
Q47507216,0.038128269098542396,4
Q3845878,0.04307939310914818,6
Q11778965,0.04202223689437455,6
Q19826000,0.04093727852792701,5
Q1570115,0.031763296485552435,1
Q22035580,0.026476439678650085,0
Q7154128,0.036628174274522494,3
Q6660711,0.03840921891925979,4
Q4125509,0.03303105384023388,2
Q10311971,0.044724974280229104,7
Q19880120,0.032357330501569644,1
Q1706747,0.05067872879605713,8
Q824128,0.05285124928557446,8
Q16337901,0.04136136174927145,6
Q125097308,0.037548535398733984,4
Q25486647,0.04080448063108637,5
Q11781835,0.038397204858293704,4
Q1396124,0.03560228880340783,3
Q19673419,0.025456661642716236,0
Q55392696,0.045020651153249436,7
Q105274819,0.0435293247582543,6
Q6213431,0.02937002543060567,1
Q11778768,0.0339457990369991,2
Q106622009,0.06698979544012364,9
Q6289083,0.02658514243911838,0
Q19868397,0.03027764860630743,1
Q64812215,0.033006152463444065,2
Q16216072,0.05427703960304826,8
Q102225710,0.04062490744100773,5
Q4109579,0.04355339480736762,6
Q1110854,0.04636573007519981,7
Q9612059,0.04474552376628949,7
Q19826070,0.031216728073953415,1
Q1744822,0.032232873047063446,1
Q106629197,0.045518357607962266,7
Q109877565,0.04704900554743446,7
Q15725687,0.03428390611247575,2
Q1597292,0.04203432732996819,6
Q6969841,0.03759723440846088,4
Q95107629,0.041781603294379334,6
Q3340496,0.09346493556732036,9
Q3714583,0.03482093462493264,3
Q6164068,0.029514023482337885,1
Q95096786,0.04745480356390253,7
Q11701243,0.03557487983976093,3
Q97704852,0.028802524259822125,0
Q99677078,0.0380064755499989,4
Q1153306,0.04562382814685388,7
Q13627041,0.028333268742986594,0
Q10773765,0.0344206897196613,2
Q20067861,0.04573961330733285,7
Q108572794,0.057772279567651026,9
Q4149513,0.03126790481588465,1
Q11768205,0.043819366227088305,6
Q30605850,0.048866506705959045,8
Q116371449,0.033085693484489705,2
Q9359676,0.03246730887604302,2
Q1931356,0.04104106928488429,5
Q124488559,0.02828902252643987,0
Q95342505,0.02937134864227138,1
Q1505166,0.030086172738504658,1
Q106775993,0.04834073497731631,8
Q4963816,0.03727003802481896,4
Q9202078,0.03327016088527887,2
Q95162885,0.04599979162901328,7
Q109076392,0.03802435798357864,4
Q5525458,0.03233325747697662,1
Q3853025,0.038109513580024075,4
Q2834292,0.0322042744919284,1
Q14914838,0.036651795416384164,3
Q15810148,0.04655726759249332,7
Q5145071,0.03500648094344624,3
Q13546776,0.05097503291532511,8
Q11749716,0.026227991032029167,0
Q16165111,0.03979140152305044,5
Q19721973,0.04659776423354638,7
Q130355365,0.035291183753543495,3
Q6551716,0.031227296418428162,1
Q12740394,0.030966286280750793,1
Q12172617,0.028234797526041872,0
Q2624778,0.053259601071781605,8
Q16117345,0.027033670835965123,0
Q19825997,0.03005277772848861,1
Q116115598,0.030849394771797278,1
Q15439566,0.03411457419718154,2
Q281159,0.038125436220295315,4
Q130788860,0.036519142950464066,3
Q117212966,0.03641658053808266,3
Q7383099,0.0312541239500707,1
Q21288191,0.027556376186678878,0
Q1103408,0.0607252176162533,9
Q1699550,0.055509174657690764,9
Q65161975,0.05407890674589067,8
Q131445716,0.04309836396842571,6
Q28672687,0.031232222004253036,1
Q16561494,0.06729518829956531,9
Q61085759,0.044927556207642765,7
Q105940703,0.02179343200259972,0
Q10359365,0.028815016272358215,0
Q4460775,0.06326393813301127,9
Q1603157,0.03671430002197977,3
Q1353071,0.04000824785451004,5
Q108815105,0.045955947949897276,7
Q105692462,0.0372515130405276,4
Q9324765,0.04723777346609171,7
Q95468737,0.035123116768507816,3
Q18245911,0.03132828586086002,1
Q1773386,0.053786592292602256,8
Q54577193,0.0374872146905417,4
Q124837533,0.033006683888290894,2
Q108892817,0.04251508202362836,6
Q12078754,0.05737956673955045,9
Q11767851,0.08613489118967654,9
Q45207154,0.053820984925216434,8
Q16494369,0.049726158060935485,8
Q19826020,0.08758275135907806,9
Q111280513,0.04118377241606562,5
Q5046906,0.04809641498572589,8
Q4071425,0.07341160342682604,9
Q20069118,0.05108957933649802,8
Q95179265,0.039974158292673936,5
Q120635856,0.07115668428609002,9
Q12117621,0.03853366679815574,4
Q115910217,0.03177447653089148,1
Q90881804,0.04355819198515154,6
Q6199313,0.0307135923195585,1
Q1508316,0.03153379464265394,1
Q41155854,0.029795907296327768,1
Q11833585,0.03183335861577491,1
Q4457570,0.03126359577281839,1
Q111741417,0.022674093140935256,0
Q81172539,0.05641857717297523,9
Q1878193,0.06696010592427752,9
Q23720083,0.04392403608872774,6
Q4321344,0.022452879897941848,0
Q3173062,0.055402368908037986,9
Q109885078,0.0389804789515399,4
Q65200723,0.03867805256286826,4
Q5490956,0.0455708416149489,7
Q123357924,0.031018435234338393,1
Q91033103,0.0450602381187997,7
Q5772050,0.04746126230766972,7
Q21964321,0.030023854095273275,1
Q4254513,0.04073862903689151,5
Q12136711,0.03467385372427297,2
Q12280665,0.020285131804872816,0
Q16533467,0.040719049637269404,5
Q669182,0.05068603039072045,8
Q816508,0.024531576585952418,0
Q16939945,0.030020767177161057,1
Q23988347,0.056980811166659984,9
Q111987122,0.030005500638871575,1
Q95247057,0.036144959212172846,3
Q6267330,0.04794918634274623,8
Q116943548,0.034196457858509006,2
Q6847464,0.040984632643587426,5
Q16192926,0.05265425862536199,8
Q1490412,0.042563379476555904,6
Q95401556,0.03802611892706666,4
Q107583837,0.04577151067715031,7
Q10708050,0.044049373219200536,6
Q6032912,0.03144078633042935,1
Q29452206,0.059087239933298445,9
Q7171838,0.05720805722999139,9
Q30961128,0.037320771048150306,4
Q4073514,0.03324542002260191,2
Q20656202,0.05207879791521257,8
Q61122005,0.045259940433507756,7
Q2861168,0.04327685384441135,6
Q45207131,0.032505774434603577,2
Q15825312,0.035313770750345995,3
Q95152992,0.032583318671372936,2
Q4423337,0.04422036478110944,7
Q25446628,0.03306178537607945,2
Q4161397,0.032460175978671,2
Q1631841,0.03490120384009957,3
Q20685275,0.03591741128200042,3
Q20048508,0.03957660004650064,5
Q106259460,0.03409195081504358,2
Q6076125,0.041371576734709745,6
Q115079084,0.03603354986130412,3
Q10293147,0.03806480658220596,4
Q29016928,0.05378300435628267,8
Q11767629,0.04178518791986127,6
Q8965052,0.028138632749682566,0
Q95182351,0.032603423943311075,2
Q95399105,0.03269251343483543,2
Q55860700,0.02990106945533494,1
Q16165706,0.038572829440588964,4
Q83226274,0.035330570876270506,3
Q56361618,0.032593677725630904,2
Q30920457,0.038081541612115896,4
Q66380863,0.04371533840690796,6
Q22135882,0.03769850538646454,4
Q10274051,0.044560528279316086,7
Q109339504,0.052300360708630235,8
Q134355545,0.040529877857553805,5
Q7512130,0.03034189051999981,1
Q131623879,0.03596599320843681,3
Q95157383,0.03020144749170154,1
Q1397742,0.03494741922775428,3
Q106869169,0.06134502938962055,9
Q47506850,0.035637326405536705,3
Q110701005,0.04519681753990097,7
Q65029128,0.03291014603644941,2
Q20048346,0.03962910357905362,5
Q7251977,0.03223977163870773,1
Q87722537,0.02914440942781181,1
Q111311334,0.03862192346278709,4
Q4925972,0.03948244117648633,5
Q43566,0.04331830588385985,6
Q16298737,0.04657294146207715,7
Q10953437,0.027017022413200423,0
Q11770135,0.04493474994072982,7
Q112123678,0.04970511492693779,8
Q301912,0.027443085776578606,0
Q4233599,0.03621030139753872,3
Q96761208,0.03803416545416407,4
Q44155843,0.029674698413364592,1
Q3051041,0.03538873791981165,3
Q129167400,0.024307195234521337,0
Q12166544,0.026575439644021908,0
Q26831383,0.033160407875219976,2
Q95348088,0.04036363143613528,5
Q3481072,0.04296254923820466,6
Q99527370,0.039041501504924504,5
Q16940352,0.045491095090596755,7
Q117837352,0.04589395255981702,7
Q9376706,0.0327457663764678,2
Q56314956,0.03568031462771597,3
Q135156403,0.03892859309683862,4
Q18708007,0.03459467469857714,2
Q42389983,0.048484439850615624,8
Q95401312,0.05166009943893414,8
Q15156823,0.041562802404572344,6
Q136418466,0.06042368819999922,9
Q111023544,0.029822597551500338,1
Q113631026,0.03799383553204513,4
Q25482016,0.049655798590048504,8
Q9717542,0.0372436671586693,4
Q23891978,0.027769556028591987,0
Q24936868,0.03300667739757592,2
Q4347221,0.046536215912681485,7
Q3466056,0.049238654483311356,8
Q104440752,0.043132727283865246,6
Q17490035,0.03706060637921039,4
Q101130402,0.035296682186457116,3
Q4212815,0.05136264387060265,8
Q16940953,0.04454832807581905,7
Q30710837,0.05668611216048052,9
Q20983938,0.04566370137115014,7
Q11770900,0.024415923906836893,0
Q64689312,0.025091709368329704,0
Q95144543,0.02513365388042374,0
Q7807713,0.029209403373336003,1
Q50706256,0.043396546880466826,6
Q20047956,0.05063108837163149,8
Q56107256,0.03223770322704833,1
Q131763997,0.04214277268332779,6
Q17490077,0.03666278980781902,3
Q95449735,0.04847021518991019,8
Q16336906,0.050141924472829426,8
Q51629550,0.022276310376431224,0
Q11686102,0.045656371744686224,7
Q93781006,0.044947386309041604,7
Q70625130,0.0375449851918607,4
Q21288153,0.044914738592319675,7
Q60829223,0.03710803351978081,4
Q12277867,0.033774048958884105,2
Q114078604,0.02990728886991147,1
Q55680351,0.04351102985377541,6
Q110963092,0.029247415609237257,1
Q95241304,0.03384796448007181,2
Q24936841,0.03868360706881364,4
Q6828556,0.028465458529763975,0
Q17102329,0.03382232487301446,2
Q12173805,0.03815816270787675,4
Q24576765,0.029302949497745152,1
Q28671790,0.05176602520631605,8
Q12293283,0.03944792961719468,5
Q48852039,0.04816989479681563,8
Q108611170,0.038907475300541616,4
Q9324851,0.046517963275652184,7
Q7824286,0.04840936391888652,8
Q105024196,0.036540160525953616,3
Q16519823,0.0313142400466404,1
Q12482554,0.02814052116403831,0
Q107094668,0.03116292872639761,1
Q94896159,0.05577988889799452,9
Q1766105,0.032800268108698946,2
Q18708011,0.03949940401778815,5
Q54590221,0.03818058804637077,4
Q4072821,0.037390209477622005,4
Q3246783,0.03343312199092269,2
Q136680220,0.02914916065599603,1
Q10371461,0.0499487968226289,8
Q15834091,0.03154319835550946,1
Q10279124,0.04559151208272179,7
Q6174871,0.04625915264813851,7
Q95470468,0.038317031822918596,4
Q84133205,0.039090503241368764,5
Q21621153,0.03807803930963521,4
Q18707889,0.05438715761337908,8
Q107359318,0.07888215437120145,9
Q21092655,0.03426128851671892,2
Q7114484,0.02995586462569416,1
Q101921597,0.043856562356726136,6
Q20630556,0.05104467851266515,8
Q16218552,0.046353779945475446,7
Q19826059,0.03850129560993376,4
Q95450970,0.032250355863361814,1
Q12496238,0.08715445931406413,9
Q56248200,0.03760156417520579,4
Q6389400,0.0376073672933165,4
Q105993819,0.050448408074534275,8
Q109339145,0.0771186066783903,9
Q6129434,0.033630760086173314,2
Q95392863,0.060582686030319355,9
Q18707896,0.040335260238463386,5
Q97212337,0.053699272351592525,8
Q134285712,0.042135680103243464,6
Q862399,0.04537377212669976,7
Q110737864,0.04223855785939364,6
Q16709913,0.02304222429300733,0
Q95224507,0.035841775433951825,3
Q95467025,0.03651762655805644,3
Q9282150,0.01795056230031348,0
Q18481947,0.04091918368638786,5
Q93014696,0.05187522887926445,8
Q20048249,0.03775915608565767,4
Q95155819,0.03882619430221923,4
Q95486501,0.04071457860325178,5
Q10329954,0.030938220948588675,1
Q119133036,0.05376133316183681,8
Q128600125,0.025000003502845234,0
Q61768756,0.03799251485988127,4
Q123668830,0.04245637936770094,6
Q19826075,0.0369465558419097,4
Q12763450,0.05871300199865918,9
Q63365837,0.03748620474061206,4
Q26921032,0.03861431804897919,4
Q16337018,0.038380539317757416,4
Q108559736,0.04036157317142402,5
Q54882952,0.03642473062192883,3
Q20048022,0.05897506882007167,9
Q99689716,0.04157011764960525,6
Q6748112,0.029583588172651804,1
Q95231917,0.03506209184009777,3
Q20068077,0.032500319384704025,2
Q16170044,0.03459964812458486,2
Q23060426,0.052199165513147586,8
Q95376458,0.03278316964284047,2
Q25487604,0.03162624757527298,1
Q95468230,0.031488668975986296,1
Q18708042,0.03255162757436129,2
Q85993902,0.03927614707767484,5
Q95377668,0.0419286278483283,6
Q16337061,0.03992049964460806,5
Q109784883,0.03499357537902253,3
Q109983085,0.03870444472762239,4
Q114440088,0.03843909850884471,4
Q109776301,0.042137629276589345,6
Q109792439,0.05443197667329851,8
Q13034261,0.04156756125804165,6
Q17632477,0.03340477354202002,2
Q5904539,0.03723222726497305,4
Q109794300,0.03552017052481093,3
Q116651126,0.04166809319611866,6
Q16336897,0.03413919195065756,2
Q30934474,0.04403440721577595,6
Q18015633,0.03446762322244733,2
Q10832808,0.03795141027352506,4
Q16635524,0.04128338963012007,5
Q4294088,0.02902854740661639,0
Q21074780,0.03528566745614729,3
Q95087029,0.04182453777316907,6
Q12481426,0.045514507567122726,7
Q109757599,0.040597814137602585,5
Q25484043,0.05635023281187977,9
Q64851137,0.028842599814308877,0
Q95172949,0.03739955054500253,4
Q109983424,0.06332502988139517,9
Q109787439,0.03998427735653414,5
Q109787539,0.033228766085828365,2
Q65224167,0.032475724265437,2
Q95220429,0.03846477416881941,4
Q55107880,0.058859451399193595,9
Q71334338,0.048483881730918395,8
Q53493407,0.03995803455356241,5
Q12145244,0.056342668409928964,9
Q5995959,0.0592071529584048,9
Q19826043,0.038545340071882615,4
Q125884196,0.05106202757214595,8
Q2436171,0.07855436287381487,9
Q109834432,0.03581432681342141,3
Q13034347,0.04127498730180016,5
Q123998151,0.04399853760115004,6
Q25435209,0.03171421474136545,1
Q12288237,0.04417268665553908,7
Q113509442,0.03881270058941787,4
Q18249647,0.037942283493368624,4
Q131362622,0.041737450005632726,6
Q124812780,0.032154711292942666,1
Q120268930,0.06649127065008184,9
Q117216992,0.04764158818642186,7
Q102105535,0.030161689682931817,1
Q85511499,0.04975191443224615,8
Q55616292,0.0362624911109295,3
Q45107925,0.04502548850498233,7
Q4154084,0.039931233725771884,5
Q31195571,0.03630618925986562,3
Q25614692,0.06207933725059595,9
Q20611160,0.05656764400857216,9
Q136952032,0.07048088003579162,9
Q136951196,0.026284191636189353,0
Q131362557,0.04147423754881709,6
Q13035395,0.0396324353863723,5
Q135657455,0.04723233038033379,7
Q19918200,0.03769258406079694,4
Q13065219,0.0500675056815036,8
Q136950969,0.033461952278477834,2
Q136951385,0.032679364476616485,2
Q109173670,0.041805771321650094,6
Q136954178,0.06019819824389877,9
Q136379733,0.053615907623770366,8
Q126330635,0.039307733514286305,5
Q110493795,0.03618026229627932,3
Q10805457,0.04133511825638932,5
Q113290519,0.033853700952707635,2
Q10825370,0.057160822387958374,9
Q20611333,0.058917590604503266,9
Q20795370,0.04720222144215864,7
Q19702257,0.03222056605204738,1
Q16584327,0.029969233907495132,1
Q47537714,0.04218723916648017,6
Q10835027,0.051528342498369635,8
Q2832882,0.03893940988417219,4
Q94526544,0.07391005738467257,9
Q3378014,0.043705187167993036,6
Q131362422,0.038845651295275445,4
Q12485044,0.032590708659906986,2
Q127671596,0.054978865836141526,9
Q63348473,0.04948418135315651,8
Q111511595,0.038805945236698704,4
Q113196586,0.03204721474471383,1
Q60578150,0.05540415238870315,9
Q13035104,0.039167601337053645,5
Q130530235,0.0361983323051099,3
Q102867892,0.06631689360414265,9
Q13036200,0.03195341395225192,1
Q61081805,0.0723408532869515,9
Q136509342,0.03345618511883661,2
Q115850639,0.031204377176714447,1
Q61653325,0.037943781275140094,4
Q28355341,0.027409888077126875,0
Q3318412,0.04288575963219428,6
Q133885671,0.04566777031396703,7
Q10840276,0.08749650689675326,9
Q126165407,0.04623444660642829,7
Q4401890,0.03376632539219017,2
Q22917036,0.08423993610358135,9
Q7809324,0.03359567409345131,2
Q8962270,0.021942192117108406,0
Q107522183,0.04656581999995435,7
Q56043463,0.046093106255976124,7
Q55825823,0.01992171047392383,0
Q107211023,0.03408221507151507,2
Q116939847,0.03757084953072213,4
Q16299404,0.03178751682955494,1
Q18688038,0.03202433547480593,1
Q15983696,0.04728260316692392,7
Q13036036,0.04735163768502921,7
Q112093339,0.04922099151429548,8
Q13023383,0.0632360200858718,9
Q129534568,0.08113319591658338,9
Q124249547,0.07204888000957228,9
Q115819893,0.06246361782400091,9
Q25524178,0.04099794283767471,5
Q98150486,0.04380492793293866,6
Q22132947,0.048787396216677874,8
Q5121907,0.09748182807018965,9
Q109942042,0.05064341052851446,8
Q131674734,0.04704146051956325,7
Q131341118,0.04358610687629574,6
Q118719877,0.03273593885666819,2
Q254947,0.022639535583889918,0
Q432473,0.020801316087884218,0
Q154519,0.02768739701220664,0
Q1770624,0.026087790886222154,0
Q115206,0.03654183806978367,3
Q231536,0.020875556137173734,0
Q159166,0.028638535995996056,0
Q466705,0.04591702928558998,7
Q3459336,0.03575979629723203,3
Q231749,0.036882800533807714,3
Q21286612,0.05529039872102358,9
Q229397,0.029538889516649274,1
Q284047,0.04077904317589092,5
Q290438,0.033034654579421015,2
Q29554348,0.038262799054828434,4
Q24368,0.03563381277429114,3
Q152461,0.03348453804860304,2
Q460513,0.037405079982926505,4
Q22673974,0.028463493428290337,0
Q3574603,0.02643727533169248,0
Q2935061,0.0400129869616581,5
Q21005632,0.03502076171564938,3
Q446195,0.025119934189191895,0
Q1397437,0.03038907083744899,1
Q230821,0.041194587979030944,5
Q30931682,0.0477412655510483,7
Q110897541,0.041762731099252486,6
Q242883,0.025184858488244685,0
Q443063,0.02734228349968713,0
Q1060011,0.03527942075674548,3
Q15079800,0.022446239216481593,0
Q269137,0.028997959826286272,0
Q17410449,0.07608658022821778,9
Q19566049,0.052983746245307474,8
Q61888708,0.06061608554491116,9
Q563326,0.04484118392248832,7
Q64960,0.029345781637373867,1
Q4699195,0.030113696001677976,1
Q153431,0.03252738651037366,2
Q979262,0.03047044225804096,1
Q83827832,0.030963038068046286,1
Q446817,0.04491675984681443,7
Q237928,0.04647355608802998,7
Q85697,0.040703464769988325,5
Q235158,0.041943145701727795,6
Q3289196,0.04923490776235041,8
Q42211304,0.053764997114886096,8
Q5257792,0.026735415597477837,0
Q16663519,0.03170070698755002,1
Q127180,0.03726406112699735,4
Q2288972,0.05409290618043902,8
Q5026365,0.033955410399558565,2
Q6161799,0.021674588795124974,0
Q19791141,0.03544898297417899,3
Q3543017,0.03970263332891026,5
Q71402,0.03889251850619258,4
Q29835,0.031239009075937733,1
Q28919207,0.029645612612470985,1
Q5915635,0.0721540841434412,9
Q104530416,0.031187332036786312,1
Q18205822,0.027626056353680383,0
Q3808176,0.0415871665618348,6
Q5211998,0.045869438281261395,7
Q3847007,0.03461107082296928,2
Q3160413,0.03880348314895211,4
Q98152396,0.03946711873085934,5
Q600368,0.04153067124377197,6
Q451090,0.03802213275440787,4
Q8951675,0.03475265323545175,2
Q2981186,0.028136235698128485,0
Q435055,0.04443345422640918,7
Q44155688,0.028702180943737884,0
Q7129247,0.0246619849722984,0
Q58838587,0.04679108908230677,7
Q629328,0.035064039216934864,3
Q15733377,0.038374039377774255,4
Q601072,0.03490635530025021,3
Q273760,0.0318209320864773,1
Q4183875,0.031633046021032875,1
Q137342,0.022496948530301392,0
Q55216941,0.0400746927671289,5
Q448552,0.032148856445488004,1
Q601805,0.0464985506627418,7
Q3610446,0.07646251631313361,9
Q131665,0.05413365609320285,8
Q456169,0.03994764426970039,5
Q1884047,0.02839733081169396,0
Q1871331,0.0409982816964354,5
Q20988924,0.049077780380935555,8
Q3388381,0.02695294928807366,0
Q3735131,0.025382563869614547,0
Q131228171,0.04788931810560492,8
Q57269307,0.046908557195587855,7
Q5926544,0.036948303809661236,4
Q7507837,0.04425801774016971,7
Q15222799,0.03338669575583059,2
Q5039591,0.03312289854896676,2
Q2346200,0.020080012528141605,0
Q4419866,0.034425615058284474,2
Q2412812,0.03593093039845247,3
Q13423321,0.04405048478446677,6
Q59209884,0.022023735540503086,0
Q32352804,0.03615085009170835,3
Q2842007,0.03895562518171524,4
Q153040,0.042159651643994246,6
Q8925853,0.03791429444144442,4
Q16185782,0.027802116488351618,0
Q4738771,0.032631362078836317,2
Q85340,0.0355718596026877,3
Q6370055,0.0399207955499014,5
Q235986,0.03367462163243367,2
Q65034890,0.03804429027928901,4
Q12033547,0.03694235201165143,4
Q115731747,0.03615308534721845,3
Q107366114,0.0448404741644804,7
Q242592,0.023301366264039815,0
Q5648816,0.03522306435158942,3
Q23007922,0.036930059406964914,4
Q3725416,0.0360042668892551,3
Q5371730,0.037372628020768246,4
Q5548313,0.0344508486286416,2
Q63152756,0.056982903268884465,9
Q5375430,0.03923813802427876,5
Q600852,0.047534083237237304,7
Q1574155,0.03668537032403675,3
Q2410843,0.07360573068496316,9
Q110095852,0.036914058920014405,3
Q11769142,0.04282529688462965,6
Q7279480,0.04618255657830656,7
Q2547782,0.04057663625100229,5
Q61600769,0.03939184976314846,5
Q5186397,0.034224821904545774,2
Q579183,0.03119989097389432,1
Q459923,0.03561813582616509,3
Q2876219,0.04138649359512616,6
Q87746008,0.036727961472610614,3
Q112246603,0.04769361254490553,7
Q110021,0.040566340562426126,5
Q26871089,0.04258251071003268,6
Q11690758,0.037655792680314625,4
Q3337907,0.03963503633919658,5
Q112213837,0.034337361839130665,2
Q1997600,0.026369997216577554,0
Q3815344,0.0366764323487941,3
Q21198517,0.05182652021701757,8
Q16336914,0.04297410205805293,6
Q56015542,0.03305056045145702,2
Q2944319,0.04446868388519092,7
Q41249446,0.05340550052710651,8
Q20676629,0.028833040044492574,0
Q16182523,0.05644616486637451,9
Q2656682,0.033820302611094644,2
Q2565614,0.04056230424064665,5
Q2390373,0.03110743341701304,1
Q55172628,0.040205840179136934,5
Q388340,0.030129752165395332,1
Q734601,0.03683679411980112,3
Q18613330,0.030261788171702653,1
Q6150590,0.03145137843005919,1
Q20638091,0.04529468164251193,7
Q122877279,0.03566834317912343,3
Q2235451,0.02949325951699878,1
Q10305244,0.03388384762958631,2
Q116301415,0.033192063354209426,2
Q18202546,0.04301675681586275,6
Q30334976,0.027201576921576757,0
Q130014114,0.024859887353313542,0
Q17501739,0.04046385805229089,5
Q3615375,0.030238375226677213,1
Q1320417,0.03781028210665818,4
Q1159234,0.04057986822327385,5
Q4922451,0.041706801514967286,6
Q172690,0.041494272803914066,6
Q5936652,0.03843106017947605,4
Q18516417,0.027354541460635824,0
Q5971585,0.04486997579397764,7
Q3609894,0.02880444889382437,0
Q263826,0.04396756588771411,6
Q14931764,0.04426386814624334,7
Q543638,0.04141547035280198,6
Q6026916,0.03390510705574253,2
Q28167038,0.056045884829038224,9
Q127428109,0.026780855571075412,0
Q1938140,0.040593276293043025,5
Q18223999,0.03585220193779544,3
Q2216272,0.039649285198526237,5
Q2991123,0.0360024673117157,3
Q75333151,0.06204784386015636,9
Q34662332,0.024972802857481373,0
Q1135477,0.0253505218853316,0
Q2845133,0.02550346569356747,0
Q96855,0.030961568261227534,1
Q3881617,0.03245241162611158,2
Q5044567,0.041616880820348985,6
Q5927864,0.029819994388442364,1
Q3723137,0.04520553751789258,7
Q106709909,0.08400270082660959,9
Q91512524,0.03445562015152368,2
Q96741538,0.03264699991297796,2
Q3667463,0.03693987197778948,4
Q7369055,0.03365000260987824,2
Q451852,0.028844165235108108,0
Q24004775,0.03475607483735805,2
Q30231556,0.028967010066413057,0
Q47485784,0.0453790511738224,7
Q7154656,0.03029460892376783,1
Q116196,0.03625649801471472,3
Q2707885,0.03863460827839876,4
Q125823293,0.05104038252488375,8
Q111599825,0.035721827302973776,3
Q1261298,0.03012179411164279,1
Q447126,0.034070188671745376,2
Q2746115,0.05420448265889373,8
Q16738430,0.03375807009690115,2
Q28807571,0.03578410025454733,3
Q111985806,0.04392589400218697,6
Q5398997,0.03217927114067418,1
Q1320275,0.058014750823979506,9
Q16738433,0.0343345826389119,2
Q47069925,0.03469436056062087,2
Q14949578,0.0288585368969591,0
Q7681197,0.04621622150295224,7
Q11308865,0.05340126244888182,8
Q3731637,0.03969658950964795,5
Q4888198,0.03705215171820411,4
Q422581,0.04999817797858382,8
Q3695621,0.030075747644466577,1
Q6187243,0.0522089404224314,8
Q50418657,0.030371036705295815,1
Q842173,0.03634223880309754,3
Q106696192,0.03838084195113898,4
Q16213093,0.05050923278249959,8
Q24450492,0.04481513088062774,7
Q4739585,0.05420857799237666,8
Q14169699,0.04189386216146773,6
Q116175998,0.042988563643292725,6
Q22752920,0.03033559156905457,1
Q16165581,0.030299873512835133,1
Q1320293,0.03384771180284339,2
Q1627337,0.03806709704242025,4
Q3607163,0.032355366521952665,1
Q95560296,0.03990130830517452,5
Q3721502,0.05129586817749119,8
Q452968,0.05786159664549124,9
Q7148166,0.04884675008632999,8
Q7356082,0.032771925851559275,2
Q6812911,0.06962613689509684,9
Q111596687,0.04292953885584269,6
Q6748298,0.03584690467843639,3
Q61099633,0.03773070325828204,4
Q62065126,0.04885073177894229,8
Q115012,0.033380011647574495,2
Q137997080,0.034802052764716505,3
Q16735442,0.04254651362920557,6
Q15690129,0.032496176824187706,2
Q60832573,0.035562106196177244,3
Q6781966,0.04536340046200335,7
Q5363212,0.030529015295306317,1
Q12018963,0.02838909985808193,0
Q3813957,0.04003004767567329,5
Q13022868,0.038443213410924965,4
Q104525175,0.041026833941091516,5
Q111272416,0.037166330331756765,4
Q104531269,0.04760611621642864,7
Q6733983,0.028560464474608,0
Q3559626,0.03588945858271318,3
Q6809033,0.035386519938361824,3
Q104525271,0.027232100624206168,0
Q16734387,0.05205671604687913,8
Q5271379,0.02678984484640637,0
Q2696784,0.03023298434346739,1
Q5407907,0.016106783238741925,0
Q1445616,0.05161717579639289,8
Q22687826,0.03304104452974643,2
Q902331,0.04888154495342413,8
Q19745543,0.04585901747126076,7
Q3195444,0.0602210315396257,9
Q15123123,0.042580713974419274,6
Q4009782,0.03828303512419788,4
Q6660403,0.04071334341145525,5
Q6206148,0.03630461900911776,3
Q789566,0.031781151829230476,1
Q21154407,0.046465434744542775,7
Q29884612,0.03725428926171976,4
Q79267134,0.03367513933048962,2
Q25345997,0.03310541790752385,2
Q62017605,0.024975974694330213,0
Q12034159,0.03725449747808729,4
Q4392756,0.04073944136490716,5
Q9332712,0.04994525482753232,8
Q6321141,0.03838244358303109,4
Q135909101,0.04275662340861499,6
Q29789505,0.034393419307206546,2
Q4106170,0.045300295804555295,7
Q124791488,0.0346545236858429,2
Q94989802,0.03313521495477844,2
Q24006318,0.0357534768810786,3
Q2846509,0.03137055302585557,1
Q5111002,0.05169329677763789,8
Q15214868,0.03412590608396142,2
Q16200514,0.039515729017078095,5
Q110193058,0.042835500749498635,6
Q2056984,0.035933806468301285,3
Q16581581,0.02869513868348507,0
Q110560253,0.032723996339041043,2
Q25462133,0.028809202859692986,0
Q1871489,0.03714455160096811,4
Q74436958,0.03180458645376973,1
Q3241407,0.034853270026534794,3
Q20574092,0.050693810131438255,8
Q5785515,0.042701686023520515,6
Q4676480,0.03795289603092454,4
Q6207163,0.036422983333012623,3
Q732109,0.04531888359725738,7
Q6378553,0.026340035039542655,0
Q4746083,0.04943462904501705,8
Q12752646,0.029824183462246842,1
Q3978221,0.035008306035327036,3
Q3932583,0.037459281360038406,4
Q19571619,0.04122252635909619,5
Q126433631,0.033428410362238044,2
Q91515898,0.03493495007097107,3
Q8204247,0.03376053853082515,2
Q5623422,0.03354903745481212,2
Q1085088,0.03570010400490597,3
Q104531722,0.028165788350511433,0
Q54861134,0.05572983280350329,9
Q15436816,0.042144407973428805,6
Q4411627,0.050808872721005004,8
Q11458293,0.03580534569601052,3
Q4160423,0.03877834968903398,4
Q104524017,0.03613453179587757,3
Q21197935,0.03928837842375971,5
Q6410167,0.04639015401861704,7
Q2535161,0.03736435787078365,4
Q7336585,0.032814773990605645,2
Q2233475,0.044827960452193776,7
Q6142025,0.04058413958648035,5
Q99519786,0.053266570916588846,8
Q29349532,0.06511346080541561,9
Q104525201,0.04175754613831671,6
Q109826988,0.06299030362016679,9
Q49090949,0.04043771377184731,5
Q85913338,0.03868198979841279,4
Q8506589,0.028277469843132483,0
Q76909970,0.03630362401832267,3
Q254939,0.032441507973663714,2
Q3660615,0.02806900190479007,0
Q5648850,0.038830979038480554,4
Q19630433,0.036616500568753256,3
Q61440298,0.03120399037172113,1
Q5362975,0.04060841891038215,5
Q3706349,0.058957157554360554,9
Q15685231,0.06383456292477686,9
Q115687297,0.030239710102779337,1
Q12972328,0.03302087389374946,2
Q104531284,0.032526517735284685,2
Q6557855,0.029545343988006015,1
Q15290780,0.0484897526258754,8
Q2324979,0.03175656132761934,1
Q20025931,0.027261697867138283,0
Q44414404,0.034589860739088034,2
Q520453,0.03681972392509165,3
Q87276493,0.02712846937576173,0
Q5549747,0.033874489184612847,2
Q16215065,0.0385334232639336,4
Q22921223,0.034447002923475585,2
Q2412701,0.03368726824210978,2
Q104518864,0.04366498087357469,6
Q6205359,0.04059586994346762,5
Q15141565,0.043393738321174144,6
Q166169,0.04855859362678475,8
Q104830164,0.038869552628203526,4
Q2272759,0.0378875997968994,4
Q5248273,0.04715908442659972,7
Q104521837,0.04194957142083904,6
Q63120950,0.04356523106387393,6
Q167062,0.04052176859889134,5
Q5515939,0.04915585729678662,8
Q61119029,0.0429127664614724,6
Q20991120,0.04855031545668921,8
Q7145666,0.04018661479677734,5
Q21663352,0.04390135287469217,6
Q5387813,0.03411422965326085,2
Q6437136,0.052769210717335646,8
Q116447775,0.04962445629235586,8
Q29019845,0.03933125119976793,5
Q131751538,0.03860892309821935,4
Q122878715,0.06197171461250039,9
Q17995736,0.041228947494673616,5
Q97405820,0.05113651132252991,8
Q7288569,0.03970683837161017,5
Q26722366,0.036748748078706414,3
Q122842271,0.04450058753991811,7
Q4168451,0.03505205173390019,3
Q104522191,0.0309861009261579,1
Q22888908,0.035071969702287216,3
Q2863156,0.044787749734123715,7
Q682919,0.03199501742304586,1
Q3816743,0.04385503110940616,6
Q109580238,0.0459206394619409,7
Q63237571,0.040581679709100135,5
Q3835662,0.0437612716438474,6
Q2625570,0.048412479576119896,8
Q122897436,0.0369817465230367,4
Q6696982,0.05010630594647504,8
Q89899,0.036138953090510614,3
Q4898396,0.03669691545517893,3
Q7145910,0.040403791542601014,5
Q14912668,0.04407565715168716,6
Q6437680,0.03715527171978271,4
Q108047022,0.048644309689669867,8
Q20973718,0.022349290030896085,0
Q21075642,0.03542974660063831,3
Q37935318,0.03895325153095963,4
Q89020,0.060306843258576555,9
Q8002784,0.04162612740927917,6
Q1775857,0.030213635861572285,1
Q2213382,0.028596285021108885,0
Q129566105,0.04793584405457327,8
Q5248039,0.03683886992421958,3
Q4971592,0.04409282900011912,7
Q13461825,0.05225082677479251,8
Q107641651,0.03126475364781903,1
Q18207504,0.0362694858585834,3
Q104530396,0.03323772113631139,2
Q61099056,0.05569212594368109,9
Q104523440,0.1126133712189341,9
Q4661535,0.03834428030471511,4
Q104527951,0.0346006900305738,2
Q116723,0.028092763156571127,0
Q7492542,0.031145080478128508,1
Q6375895,0.031025768936780933,1
Q4749286,0.04173062165039513,6
Q27210416,0.04587933745246805,7
Q104527750,0.04125696330556771,5
Q6398320,0.054709006989285276,8
Q3981497,0.03291345029204656,2
Q2057006,0.04130539046579852,5
Q4960758,0.043124625167406894,6
Q16620233,0.09171932784071259,9
Q20968365,0.0374125943755392,4
Q18636447,0.03873395106399635,4
Q116236428,0.03688197158481872,3
Q10303856,0.0413102247416494,5
Q6132549,0.03808345726631296,4
Q3973147,0.04220328015094737,6
Q3723442,0.02721462760555922,0
Q6756373,0.08982263094517469,9
Q40757296,0.03917949199062884,5
Q62273559,0.052568126375143104,8
Q65059880,0.055711109591243965,9
Q967127,0.138544422597096,9
Q24251043,0.04235282931076135,6
Q104523965,0.08074454823320165,9
Q110521306,0.0347859631252687,2
Q55080910,0.03038101167375166,1
Q109436194,0.02892156759993249,0
Q433126,0.04084144088690513,5
Q40322723,0.055182131479147856,9
Q7070333,0.03747724537360299,4
Q16236028,0.029217005739778812,1
Q104525351,0.04224468310497903,6
Q11737411,0.03601322454554641,3
Q104531739,0.015053340719832543,0
Q24269259,0.062245600731926407,9
Q6372430,0.030572698900009066,1
Q603700,0.04352042355309101,6
Q5271482,0.05270124467439479,8
Q5547335,0.039265136567206864,5
Q47090654,0.04722432370775979,7
Q129521144,0.029498963732343772,1
Q5248219,0.03493536759420183,3
Q111575435,0.03284399186923674,2
Q107247113,0.05120656070063753,8
Q120893720,0.038320769970529835,4
Q15690325,0.05438146367565687,8
Q568057,0.058005558627779036,9
Q28755521,0.04312437481036805,6
Q13561664,0.03743091149125003,4
Q2709668,0.03857094598118603,4
Q3941410,0.025993133392758275,0
Q18643008,0.035962052599987866,3
Q2001602,0.03704862315738765,4
Q110813591,0.0429104681779049,6
Q104522535,0.028173350112271806,0
Q16975552,0.04426724200744713,7
Q6820335,0.0400248654528707,5
Q16163697,0.042145014136615463,6
Q18636410,0.05651250302463167,9
Q2695376,0.0311440518798666,1
Q3402724,0.03988833184259213,5
Q24955392,0.05064574756526297,8
Q4732779,0.02854406885715588,0
Q5141128,0.02882547290323586,0
Q56393605,0.03864900878693375,4
Q6762056,0.04640020922936788,7
Q3701993,0.04219071076996837,6
Q16231634,0.044360072296803235,7
Q104522371,0.03584900932159346,3
Q104523790,0.03760969845325074,4
Q67182039,0.041543286617003725,6
Q60309829,0.03653999849773455,3
Q2763087,0.03890857325335872,4
Q135107236,0.03359416177541296,2
Q61958,0.03476720307616406,2
Q16221921,0.03269088732942926,2
Q4967473,0.038580480708325066,4
Q46999810,0.03179064896389229,1
Q2671129,0.040546589509315466,5
Q47489828,0.024768533842091527,0
Q26131621,0.03720371905078772,4
Q126778230,0.025493581582255655,0
Q10266043,0.036878603535948656,3
Q11879910,0.0340181136947064,2
Q104531631,0.034798232400386986,3
Q31926358,0.042677266839615695,6
Q17322666,0.040032673225786644,5
Q30117154,0.03419260527977429,2
Q23908620,0.028584671491493147,0
Q15710784,0.04689105574196196,7
Q127305489,0.07360949102866131,9
Q57150244,0.04276727939744128,6
Q29835624,0.04006931718522616,5
Q2048362,0.04755405136597685,7
Q136027497,0.034860457068584406,3
Q88100594,0.044375803074063684,7
Q5290053,0.02933506092626432,1
Q56810689,0.0393297562053887,5
Q5243034,0.022501395237498605,0
Q43900798,0.03656364297645343,3
Q18637683,0.04468773906062617,7
Q1036356,0.061439484609796154,9
Q12382728,0.06167712893100099,9
Q25467724,0.11586682151480727,9
Q3764277,0.05185956003087977,8
Q6761597,0.047913963430249534,8
Q117756812,0.03591616204388381,3
Q123580618,0.038546473088810616,4
Q104522462,0.033221816349490056,2
Q3852239,0.03872519503909825,4
Q5074558,0.051982402296645906,8
Q129024407,0.03629027233682612,3
Q6178219,0.057657525044087186,9
Q131677706,0.03859991416015535,4
Q5186116,0.03565940701558434,3
Q17580360,0.03098881885335924,1
Q120963090,0.04422287726609758,7
Q48009,0.042056072869113725,6
Q4236414,0.04732187006249479,7
Q3796410,0.02675711652986802,0
Q131108699,0.04649025516697213,7
Q5039706,0.038824786273092375,4
Q90416236,0.03685979789519382,3
Q107762,0.02871989069579827,0
Q2125238,0.0506516116637808,8
Q28942314,0.02885725464726481,0
Q71682,0.0335285602699511,2
Q1508413,0.032411668941030265,2
Q16223610,0.038546159707540585,4
Q6706874,0.054371283946330035,8
Q1329827,0.04314563041993781,6
Q1996704,0.039759103444303154,5
Q30820163,0.03920819734104962,5
Q6437837,0.0421290983026659,6
Q3756244,0.04333731528845262,6
Q5891815,0.039686492380761655,5
Q7931382,0.03961628207414993,5
Q16663081,0.0383585745601423,4
Q6199185,0.03285900698188363,2
Q17198329,0.0363247282976134,3
Q132999386,0.03266095602367583,2
Q18211719,0.03631110369632434,3
Q4355739,0.0311641682252267,1
Q22910768,0.03020233389189627,1
Q104439008,0.03372784668584648,2
Q3663250,0.0351218712845777,3
Q2640381,0.06530720003264072,9
Q3491056,0.044721333944202836,7
Q3177686,0.02261687411661726,0
Q104521893,0.038361966688743865,4
Q2840673,0.05065041346005902,8
Q107279880,0.04404414897046689,6
Q1938165,0.03345618186746106,2
Q12796422,0.04208509439209211,6
Q5448489,0.07449175709588603,9
Q104531662,0.03801408855839388,4
Q56036928,0.0524357053211944,8
Q104531555,0.04900030504703389,8
Q10306996,0.040974574342987076,5
Q56760751,0.03217988474214242,1
Q9697678,0.037707755384097076,4
Q18330857,0.0364413381944622,3
Q3609702,0.05218456752458679,8
Q2658278,0.03822233898979014,4
Q104521640,0.039529444309389136,5
Q4726263,0.03451105006349124,2
Q21934493,0.031676023098217,1
Q126000768,0.04129741425139718,5
Q1681672,0.039042200785727406,5
Q108892145,0.04493535577676037,7
Q138263,0.033467539039519545,2
Q12049214,0.039771523800220185,5
Q135067573,0.04739033507553887,7
Q4696916,0.04262319955300032,6
Q12038575,0.04027683174631214,5
Q19871971,0.038668048627619835,4
Q13561658,0.028544163548611983,0
Q4491724,0.026636248451438266,0
Q3341451,0.0379574560122121,4
Q18534279,0.0385035620883086,4
Q16149553,0.03524090161392621,3
Q3651410,0.03397511738519204,2
Q3877703,0.032683871529300544,2
Q125856885,0.0512737336926251,8
Q124609107,0.03378129332741668,2
Q18046420,0.03435943365247435,2
Q66360836,0.04906623759174689,8
Q3026146,0.04579636692534078,7
Q56073402,0.038168992724512574,4
Q104531244,0.03866895136426109,4
Q3850624,0.03999602236724586,5
Q19665680,0.029254242611730936,1
Q23836547,0.0329176914071938,2
Q4887253,0.038908280376879795,4
Q62593144,0.024233981807985513,0
Q50379567,0.03288762659494801,2
Q1130277,0.02847628289263465,0
Q29644068,0.020345576849164035,0
Q28945704,0.0409452554889988,5
Q10294438,0.04726941678402901,7
Q7186444,0.041479295451242224,6
Q21102958,0.048038154908312015,8
Q117816586,0.036153271865706396,3
Q6485417,0.0346945798606449,2
Q4763219,0.030084471580923207,1
Q3704387,0.03818057857127108,4
Q4257523,0.045157363486692796,7
Q3605608,0.03755723073265702,4
Q10906101,0.04153042268206586,6
Q6178221,0.05358836985201859,8
Q3372062,0.049632080396436816,8
Q1935027,0.03835751181166548,4
Q39060977,0.03512761888569804,3
Q4773139,0.04212802777076295,6
Q2835716,0.03446081046600502,2
Q2905926,0.045264875574338705,7
Q27865627,0.03367926769816138,2
Q117383133,0.03826829542153097,4
Q5515948,0.02259438517320598,0
Q19560743,0.03189512227033526,1
Q6405332,0.05045368436703756,8
Q12762281,0.031227598096546228,1
Q27671320,0.04247112441058817,6
Q2641623,0.044939461367991214,7
Q1475360,0.03843989587013199,4
Q3973160,0.044698227200197053,7
Q101220338,0.043267519230081125,6
Q12326349,0.04196800072251144,6
Q52928155,0.03122626372557627,1
Q64010026,0.04027562683414452,5
Q66750375,0.0369057291142001,3
Q136503606,0.04618851970582475,7
Q3458653,0.031793099598904924,1
Q7313620,0.031057833120509432,1
Q35659350,0.02878671403876221,0
Q4805465,0.030285256223662634,1
Q104525303,0.04239357921008305,6
Q4772234,0.03494608684470474,3
Q14955028,0.048495204100914506,8
Q104523600,0.02278129307356613,0
Q16063353,0.037498680234213884,4
Q3336445,0.03341616457935949,2
Q669951,0.040120669077748944,5
Q2673333,0.05062080846170267,8
Q107114077,0.04172664001621757,6
Q98280511,0.03608622598380522,3
Q10389085,0.025603327909265526,0
Q12288262,0.03920664305398351,5
Q18637588,0.04270376273016004,6
Q61099618,0.054403771309392494,8
Q16148921,0.0502188302136439,8
Q5361628,0.07144778596358063,9
Q12759626,0.029638460040315968,1
Q6121822,0.05304424792858023,8
Q6177509,0.03839688988414358,4
Q23905388,0.030504211652886314,1
Q28973855,0.049787860890553697,8
Q124634550,0.03899671618044703,4
Q16336468,0.04134236240945288,5
Q97860444,0.06875299950160325,9
Q4007704,0.03431266099455104,2
Q10330630,0.037816958022138136,4
Q463535,0.029705587542799724,1
Q2420343,0.04717523976582214,7
Q104531637,0.02668268080237388,0
Q97458986,0.045842061597353774,7
Q1469179,0.035060262613577586,3
Q5108601,0.041704176171189974,6
Q6033254,0.05201603880177155,8
Q126038097,0.02868567061852441,0
Q104522390,0.04714679065750884,7
Q3630948,0.03237892633843365,2
Q7922444,0.03326176628698739,2
Q16231279,0.030276613921711805,1
Q16223631,0.040418966894877846,5
Q59618569,0.043733707260330094,6
Q21448075,0.048533056760501986,8
Q11771612,0.03375044555456013,2
Q16300856,0.034320232786797945,2
Q55380534,0.049325241207639585,8
Q12299534,0.03732069942931873,4
Q21070422,0.031929640241374374,1
Q9334609,0.040308775759720576,5
Q17364128,0.024805552196679806,0
Q1315844,0.05827667605972766,9
Q2621006,0.04499485864738922,7
Q126087935,0.04431355817439181,7
Q110235911,0.04293962121968529,6
Q22003189,0.032179050639944404,1
Q13019392,0.0376217134733711,4
Q3833412,0.052863335759795765,8
Q3849294,0.03312984084321646,2
Q12471730,0.02606931802303231,0
Q4969611,0.02852369896297572,0
Q122853728,0.03669599426309807,3
Q113767,0.03549970584569989,3
Q47492927,0.04675309290346094,7
Q6179208,0.0375689392270935,4
Q52818214,0.07667696014448262,9
Q5129228,0.03190226453768805,1
Q7532422,0.046930100627106126,7
Q104531765,0.07684788572881954,9
Q43767281,0.03492857689834968,3
Q123907425,0.03760980239877155,4
Q2059421,0.07169867472028196,9
Q12065215,0.02857146456334015,0
Q67439890,0.030409873800370378,1
Q51816075,0.03945332168782679,5
Q134451475,0.03322438755587963,2
Q4893875,0.04510542336535754,7
Q12471418,0.03321180489493852,2
Q12735874,0.034467631278089,2
Q5954863,0.03327053109994568,2
Q3978381,0.03829764657425749,4
Q86080744,0.029483573246903524,1
Q3850183,0.045051867597709974,7
Q50291468,0.10963543318092525,9
Q18637225,0.04550083231518765,7
Q22133066,0.040976793650503156,5
Q11688758,0.037292631596071865,4
Q15118190,0.0336055396358161,2
Q2392771,0.0464366415236188,7
Q16558899,0.04996683397047786,8
Q104531842,0.030019357559391214,1
Q15975285,0.03635730268319056,3
Q5958525,0.030815846395106566,1
Q29651239,0.05720666546109276,9
Q2164910,0.041071536230037425,5
Q6374076,0.07759578687574421,9
Q6386506,0.03590147447195471,3
Q67174647,0.028599764897534217,0
Q6500328,0.03640487038787892,3
Q122031,0.043243758569577094,6
Q4355149,0.05793936309983629,9
Q3832613,0.03837820868227746,4
Q3876419,0.03126399147816761,1
Q7088902,0.04665768542371949,7
Q304340,0.034058389672834546,2
Q31755222,0.03425917540260013,2
Q55231396,0.038058647606712355,4
Q1798160,0.022774373281195106,0
Q98165672,0.03755656637560068,4
Q3856415,0.03133995938348032,1
Q10855712,0.046234303791985815,7
Q6050040,0.04022034533488837,5
Q18419244,0.03669372156732487,3
Q22007366,0.032773185892382886,2
Q648029,0.03844647513461454,4
Q7652538,0.05625191342316936,9
Q60048616,0.0439514883353111,6
Q1122347,0.03699018565845121,4
Q26837694,0.05355502820979396,8
Q17305625,0.03924519773576712,5
Q7553752,0.03527213162845121,3
Q12116072,0.029597258218332555,1
Q29531292,0.04267677316912558,6
Q903186,0.03086901834863973,1
Q5353881,0.037061143310866886,4
Q137157790,0.03200732525881851,1
Q26709137,0.029209331311655873,1
Q7421638,0.04606570097527888,7
Q5801553,0.03200467245346604,1
Q5219232,0.04524053674332576,7
Q64009672,0.042611857695735264,6
Q65013189,0.032870970556224885,2
Q16236945,0.030662522225873456,1
Q24942555,0.03048608973005994,1
Q11879848,0.03966191506320314,5
Q128904181,0.0357992771882521,3
Q104346712,0.04190998107426287,6
Q121589667,0.04119994460673297,5
Q7928402,0.03135448655381029,1
Q19666838,0.06158678643619358,9
Q57313869,0.0399549091015668,5
Q11299614,0.030809425113829614,1
Q25464832,0.05755150430863588,9
Q13434469,0.04059119204711367,5
Q4767317,0.03731465748113605,4
Q441418,0.027773264864362036,0
Q131738115,0.03801848401780774,4
Q7801191,0.03796145934080964,4
Q4891791,0.041056677429364155,5
Q6371007,0.047704892900190615,7
Q568958,0.0451995026447178,7
Q64748139,0.05135952238001235,8
Q7688101,0.03933977500203037,5
Q12017993,0.035877406866366555,3
Q110050524,0.02406428933640709,0
Q5533063,0.02615303269424243,0
Q15215796,0.03299843159743836,2
Q5607453,0.02655802137192935,0
Q113638756,0.04956595753255777,8
Q3998704,0.040034899340415306,5
Q16593477,0.05891576907677753,9
Q21067299,0.05060667323968999,8
Q10379311,0.03526202524336881,3
Q98598259,0.02666696095984193,0
Q84560710,0.03510329682417767,3
Q85865766,0.05017351131745056,8
Q521039,0.039332657097028746,5
Q21099159,0.03670659008683471,3
Q122315092,0.04734553149186759,7
Q21874584,0.04213544043335289,6
Q2392661,0.030505889319564748,1
Q3218746,0.049983514404979966,8
Q3946675,0.03574350063936502,3
Q116662270,0.03237082053115177,1
Q71730498,0.03641449149012586,3
Q3811116,0.027742444930347488,0
Q16213246,0.03362871074663132,2
Q136379662,0.03562509316782384,3
Q6900058,0.04454797814020238,7
Q124646003,0.043306844027068116,6
Q15044094,0.03925921789699745,5
Q8054446,0.024780420427325006,0
Q49251927,0.04046538570820971,5
Q6192956,0.04415977746796918,7
Q6037377,0.03784743085129308,4
Q1352779,0.04297016439299747,6
Q18637555,0.03573605078928189,3
Q17107127,0.03383120554239316,2
Q6385955,0.03551404218995407,3
Q55106151,0.028042183721445582,0
Q8069672,0.0518111289926197,8
Q16154519,0.0334425762589306,2
Q107866151,0.03291841457396743,2
Q24572601,0.044388844705350136,7
Q56390601,0.03855300770661618,4
Q124060599,0.019170105303587984,0
Q2734404,0.041262691650447665,5
Q3229469,0.027057983656485058,0
Q112023354,0.04198084315703964,6
Q17403214,0.03885039976489006,4
Q25468747,0.03691857542500502,4
Q3666241,0.04791949723320306,8
Q47251066,0.048143047250032725,8
Q16513117,0.0717449430863389,9
Q3306244,0.026272351534734582,0
Q12034161,0.06651296929271212,9
Q12018996,0.04044605373823234,5
Q11961106,0.04645593291411046,7
Q26236873,0.056315217345151054,9
Q5997444,0.034544570209582064,2
Q113144894,0.032741626279127106,2
Q21621501,0.03525833392716854,3
Q18153709,0.04132646395557898,5
Q18484787,0.05840296198234509,9
Q1229642,0.03442569322797936,2
Q46532701,0.086036868345515,9
Q126889869,0.04077543719719402,5
Q107170795,0.03432895141402857,2
Q106641331,0.044094752414307915,7
Q115898109,0.030375188471399344,1
Q117774,0.02909204228914175,0
Q10359286,0.03710987617826324,4
Q60999906,0.028924972230754034,0
Q9077361,0.05032237939647138,8
Q23887859,0.04473311562332493,7
Q110781553,0.03950585835986413,5
Q5418297,0.03756065811083148,4
Q49248264,0.0757554799884233,9
Q5794002,0.029285601401492542,1
Q111577878,0.03819707074737923,4
Q136031827,0.0439708258910527,6
Q3611816,0.0388071167507634,4
Q56412850,0.03938269115227491,5
Q24006331,0.028902099951567544,0
Q27901807,0.03998381639363318,5
Q25484647,0.06459548405233322,9
Q5984816,0.04022823764090151,5
Q5874412,0.06550479924271267,9
Q136497492,0.04242272326344214,6
Q7937813,0.03654625550581829,3
Q28039889,0.03417909130495977,2
Q123034160,0.03569585027887471,3
Q5109047,0.03839695797970474,4
Q129194761,0.04556760282823123,7
Q95224430,0.020632884507580516,0
Q16154043,0.027666609164732757,0
Q65170283,0.03924340825219318,5
Q120549510,0.029830008357614655,1
Q22277743,0.03506334674307507,3
Q6172655,0.049887746470950754,8
Q130383360,0.030331966353889496,1
Q7801810,0.04346972611190713,6
Q26262062,0.04506683174332485,7
Q6968822,0.03762778904678551,4
Q12032927,0.04381197550652482,6
Q62886345,0.034594585512862853,2
Q3676114,0.03731136463597516,4
Q120228302,0.03226706936873876,1
Q136668873,0.040023768316562056,5
Q118215616,0.03651978674024701,3
Q108523870,0.03133028469101114,1
Q17386032,0.03310163165159839,2
Q136323295,0.035688225766334354,3
Q34584918,0.03672472521051953,3
Q124332114,0.04289988158006027,6
Q104596550,0.03023595975464565,1
Q84082164,0.03296130481279653,2
Q6166827,0.036166558916216444,3
Q11774073,0.036801077403522175,3
Q49056103,0.04147595497103458,6
Q136832069,0.0566351489410014,9
Q108177810,0.04500334930325429,7
Q3959256,0.04051567575695974,5
Q130544759,0.035376699965900114,3
Q17998507,0.02729759594436169,0
Q11722430,0.032143677017376714,1
Q16164776,0.035709216723494835,3
Q138381985,0.03207402422775889,1
Q63352665,0.0467484219718424,7
Q64756727,0.027332369599930382,0
Q71948060,0.03494777478252514,3
Q115478779,0.04789014120316825,8
Q16161615,0.057650209840383146,9
Q18202802,0.0469609015842798,7
Q59655822,0.056093873795522775,9
Q11728885,0.03870249107362268,4
Q64781479,0.03500473094729715,3
Q27536220,0.035824248114583804,3
Q27861767,0.0785181328218266,9
Q64009495,0.055860309043072424,9
Q11052277,0.04316245336160817,6
Q61876174,0.03545948898771485,3
Q104668143,0.039766262736318,5
Q126370092,0.026497673692481287,0
Q115051888,0.05825639165335872,9
Q66490661,0.04324204579456713,6
Q8506034,0.02996998067185731,1
Q66360818,0.037586791700968264,4
Q135030063,0.028932291580010115,0
Q62310426,0.03944459016691274,5
Q135951052,0.030415236414120084,1
Q10823065,0.05891866253800296,9
Q30090205,0.04110476047339965,5
Q56222461,0.04535831939665699,7
Q108324988,0.0382087716474752,4
Q20500864,0.03463939796846084,2
Q135975341,0.039861953127657855,5
Q76910604,0.039257655682427194,5
Q20499028,0.02885735061401684,0
Q130470105,0.0358160374747888,3
Q51120443,0.058694002335346794,9
Q64692943,0.03425352234791784,2
Q20026284,0.04061123663391974,5
Q29453213,0.033243184435825066,2
Q61099644,0.03516273565226162,3
Q11310347,0.041767351711377944,6
Q113828883,0.04212579782844457,6
Q12770234,0.04797197628774077,8
Q103627259,0.0253118384335347,0
Q18921057,0.04373622249892107,6
Q114290347,0.0367860577621481,3
Q55433836,0.04396932041846765,6
Q56855411,0.03910656623040857,5
Q56631083,0.1005579253483057,9
Q136091374,0.0474481478457163,7
Q76179,0.030930414759588964,1
Q2572143,0.0857886775838799,9
Q402977,0.0360667961425286,3
Q522308,0.060205604897756886,9
Q553882,0.03840202526045147,4
Q71775,0.041520156029160336,6
Q2669755,0.03718516504195217,4
Q554679,0.04633095560045459,7
Q1387214,0.033346787508398486,2
Q5786333,0.039056515816921114,5
Q215576,0.044571384292641375,7
Q15973310,0.029827271778553908,1
Q78110,0.04447366501858973,7
Q96951,0.040106102974649734,5
Q8561648,0.06033374734935767,9
Q3188520,0.040028353750231845,5
Q72667,0.03858598945128093,4
Q707581,0.04566415805003926,7
Q51256569,0.03698537449717481,4
Q2960618,0.04388415326040506,6
Q3162739,0.03594202405185604,3
Q5723703,0.0339969652065764,2
Q1725615,0.03138351734726966,1
Q84658,0.03103379728559691,1
Q77973,0.03375422576287128,2
Q215094,0.04757052288077717,7
Q1663225,0.04281442798937726,6
Q4985101,0.04389864658490631,6
Q437635,0.05259636138541036,8
Q1446799,0.02596667584622652,0
Q1309509,0.03508178822309205,3
Q20857381,0.038377469351196083,4
Q3736379,0.03636533624111487,3
Q8320752,0.02812063928205139,0
Q952391,0.031821613141221866,1
Q3645759,0.046289800112087914,7
Q1412785,0.03523407757831943,3
Q3014792,0.040354513421089096,5
Q3086097,0.04274288536753947,6
Q116107,0.038337044041230124,4
Q2958246,0.048703769817597956,8
Q2847653,0.060009704964622546,9
Q26203856,0.046704184693649536,7
Q1501277,0.03708354548140108,4
Q878572,0.044241548653367005,7
Q3311154,0.038770095587184875,4
Q73421,0.058648705119250986,9
Q2960546,0.04380563667140379,6
Q4204163,0.035314647609439254,3
Q737860,0.027332473128763333,0
Q16058481,0.039076831988371426,5
Q13529950,0.06194726833646893,9
Q2173848,0.07757538476391844,9
Q800007,0.03381607369069383,2
Q16162333,0.038669392186134494,4
Q447055,0.04110001329305987,5
Q1284218,0.04503767957104968,7
Q4286504,0.03896052452580002,4
Q18421253,0.034042891313756686,2
Q2033645,0.046863264069614836,7
Q15990,0.05735422371293869,9
Q118218,0.04583092129786969,7
Q3384546,0.0644702053475399,9
Q1730043,0.04583887003315385,7
Q11727795,0.03122922473062837,1
Q3992747,0.03977261427178671,5
Q22069385,0.042494905183979685,6
Q17410667,0.04346015016943216,6
Q2831194,0.03666193425051332,3
Q90832,0.035356565519313946,3
Q13085293,0.03568159404603101,3
Q61445991,0.04184368200161788,6
Q12017648,0.04751720555769183,7
Q7184053,0.06459355432092469,9
Q1098255,0.04114586590152498,5
Q124066,0.05630438969873162,9
Q1627558,0.06932045763824911,9
Q2159300,0.03152650990423878,1
Q6220752,0.04528186719479521,7
Q3270809,0.05913995195741861,9
Q1605837,0.056124111619255915,9
Q1310924,0.07201730604579501,9
Q1528688,0.042838380157506205,6
Q766851,0.03533279219995687,3
Q21162731,0.03374526967111666,2
Q7486865,0.07102083871019169,9
Q107459,0.032961135147959224,2
Q3166541,0.04674688519500507,7
Q1712485,0.029370205172207117,1
Q5956063,0.04110942733566587,5
Q1432067,0.041380427386296575,6
Q7132925,0.06958563574346488,9
Q6043923,0.02899106919732529,0
Q1512231,0.03282766177471689,2
Q1732423,0.05438008101025738,8
Q3426020,0.025274601280990634,0
Q5591343,0.034802514518555976,3
Q3141944,0.04451827080089835,7
Q1665855,0.04041989276364237,5
Q13219697,0.04359618131965376,6
Q12320734,0.04773491105932534,7
Q3761979,0.03636306963879028,3
Q1581454,0.04699831035356769,7
Q16092026,0.03983936738303027,5
Q3579794,0.028860777950925027,0
Q20734915,0.04069125698332096,5
Q17411603,0.03678027266757549,3
Q43425522,0.027008241075022286,0
Q123219186,0.033866269115115644,2
Q18421389,0.04032069258259367,5
Q1560536,0.0399566464270508,5
Q1704826,0.043250132388774544,6
Q3081281,0.059618543918943015,9
Q1254219,0.03287955194160596,2
Q3622922,0.05051208957811905,8
Q4832158,0.025051782604200382,0
Q12487882,0.0467604975733124,7
Q65211779,0.030407366796658356,1
Q11984989,0.03248603039923951,2
Q1505387,0.03019959532893559,1
Q24579314,0.03934190702756825,5
Q3634346,0.019611583683553594,0
Q16176426,0.038587743235936216,4
Q1251141,0.06121782454172123,9
Q4895636,0.03383341066524304,2
Q7693889,0.03649965342384659,3
Q3317903,0.032774488398203884,2
Q1065283,0.04643518065691678,7
Q17411349,0.03828334782271858,4
Q96989513,0.032846053370170054,2
Q3383819,0.04224798483691778,6
Q129995724,0.03053792330608048,1
Q1696258,0.03244225943377904,2
Q15072931,0.04194916744156113,6
Q97590724,0.0527168152129102,8
Q1874979,0.051419167679755295,8
Q1471081,0.05454663267380666,8
Q7375677,0.03521112900329411,3
Q2847599,0.049234799815812136,8
Q17411193,0.08856069155904676,9
Q17410883,0.047781899669168175,8
Q2423563,0.03304971384927047,2
Q16011375,0.04970482683510106,8
Q123308125,0.035567248481225645,3
Q1895833,0.03634897649003366,3
Q879213,0.04728000305824076,7
Q100975,0.03192804128201192,1
Q22276949,0.03626976097009509,3
Q1793914,0.0425960565032939,6
Q677684,0.045377316304260874,7
Q1677049,0.03355329099921042,2
Q2364407,0.028168529621578998,0
Q928640,0.045072256296029435,7
Q1363593,0.06176437628803925,9
Q974096,0.05149742659888149,8
Q1291073,0.025137166879947593,0
Q6832407,0.05192151129771202,8
Q122899,0.0518295462095964,8
Q21651798,0.05613315771069887,9
Q1580702,0.03144899173020851,1
Q1556597,0.04235214278052729,6
Q1232751,0.04379386180309728,6
Q11763626,0.04161941070131165,6
Q21587810,0.04309572247730274,6
Q16267013,0.03797503765573131,4
Q25469775,0.040354601644225406,5
Q3421178,0.05157012309995498,8
Q115358814,0.048619641869204366,8
Q3639344,0.04195635889599372,6
Q96987564,0.06583518038285027,9
Q97592875,0.03190660660170884,1
Q7521450,0.03220785445396982,1
Q2280983,0.05470250250079659,8
Q1456545,0.0426410819856029,6
Q63438670,0.03915779961010025,5
Q1448515,0.04376825494096261,6
Q3098959,0.05875029618472,9
Q585719,0.046792080822208475,7
Q15432395,0.04735487464834252,7
Q9031301,0.03585987588301749,3
Q3170818,0.0855207406247078,9
Q124482,0.0367633437753845,3
Q63685136,0.03711072866802446,4
Q7823476,0.057867672426778774,9
Q1561093,0.040873248739391035,5
Q4858827,0.03655292343034361,3
Q2062322,0.056813069216487884,9
Q63726955,0.035096543761906865,3
Q108740856,0.03391100134117739,2
Q3183968,0.05211592540858578,8
Q5998873,0.04418150368563749,7
Q5591604,0.04308453694080267,6
Q5649009,0.04001142359786568,5
Q2977289,0.02888083342671311,0
Q7799889,0.0528054622949593,8
Q1503927,0.02439422443767538,0
Q16590256,0.06583682523306351,9
Q16301718,0.04318643304581017,6
Q269540,0.04337711328017646,6
Q5321659,0.03936642680234906,5
Q6193539,0.02288317583301227,0
Q1569201,0.048953532990926245,8
Q58343812,0.03179689171006286,1
Q8015747,0.08657181530871635,9
Q6771738,0.037538795111046054,4
Q2041009,0.04600176528003659,7
Q12068272,0.034488161783953225,2
Q12512517,0.027616410021413275,0
Q1825641,0.04624288919708346,7
Q18384943,0.04219204013047333,6
Q18574901,0.041984601778779586,6
Q16198933,0.044056627873253935,6
Q25589463,0.03605219243753768,3
Q13639184,0.034241479194922896,2
Q64373844,0.04917699037739144,8
Q1603334,0.04277445133329427,6
Q112228632,0.03753968955978202,4
Q1599691,0.04068553740925223,5
Q1476236,0.035605641856452264,3
Q111841090,0.048170630189086246,8
Q1557782,0.031125074832733506,1
Q7117548,0.040940857093301086,5
Q1709209,0.03522433840795912,3
Q941189,0.043247885098046536,6
Q3130566,0.029889275704234764,1
Q248802,0.029541845921224982,1
Q12511505,0.038874147046934315,4
Q16104398,0.0426038638215511,6
Q48437655,0.04750064026831601,7
Q24555656,0.030539238910986585,1
Q20963718,0.04001568520127812,5
Q6323772,0.02498361212580006,0
Q3570803,0.03959992063140012,5
Q16116349,0.02818611597972486,0
Q22277026,0.030886608543561542,1
Q18808295,0.045652347271417815,7
Q7372234,0.05889618124778522,9
Q21936564,0.037926268000405376,4
Q16560881,0.036334841489545286,3
Q1400465,0.05087721066110491,8
Q1582090,0.0419547609907139,6
Q1685106,0.031879343962761146,1
Q15870672,0.037279885575233894,4
Q19668624,0.04048094006120519,5
Q66777051,0.031048261191435444,1
Q1681943,0.027088822411075745,0
Q5263380,0.02997934504081068,1
Q1103863,0.030014256942186218,1
Q1360104,0.02935812398344151,1
Q1876613,0.049733251929183424,8
Q63804348,0.03933996501847284,5
Q2077027,0.0377906666271027,4
Q3372027,0.038306688901754225,4
Q3132919,0.03815130324361742,4
Q107168,0.03611288923562968,3
Q1663533,0.033359426977240515,2
Q1598190,0.027557402166240717,0
Q2847213,0.04773393672611628,7
Q47493011,0.06969371534276818,9
Q1619465,0.0373513933929701,4
Q21632182,0.04723699504586625,7
Q1462339,0.030093192473404876,1
Q7877243,0.039704816727450944,5
Q19299287,0.048359719591806336,8
Q16214165,0.03455425937966949,2
Q1708053,0.03028698935717476,1
Q1875361,0.037556441935184516,4
Q595418,0.02400179361987984,0
Q63928504,0.05419832273471547,8
Q13817198,0.07496188138339382,9
Q2393588,0.08511475412593984,9
Q106622882,0.034165484581972,2
Q7682062,0.027800554354671075,0
Q2871082,0.041723674982834816,6
Q1579554,0.03096161627541675,1
Q109838198,0.03726614423466873,4
Q6469372,0.021717825894565848,0
Q10380409,0.040679110100704866,5
Q305476,0.046789113439291534,7
Q114399751,0.04728539319958242,7
Q29553234,0.0928271411331673,9
Q16222661,0.05570232035988482,9
Q3762209,0.064400499923034,9
Q1360039,0.04543004623318709,7
Q16025756,0.04633987954099646,7
Q4951008,0.04454519500706213,7
Q42905877,0.03833747249903289,4
Q1731199,0.0518587126459685,8
Q15810593,0.034608172058453825,2
Q1481936,0.10345870378557079,9
Q5227686,0.04152369338208007,6
Q31174043,0.036417462530139624,3
Q1597144,0.03585850686178102,3
Q12485617,0.042724738599276786,6
Q97360272,0.04249518369498927,6
Q20562895,0.03824822775063612,4
Q1565915,0.03716457358968387,4
Q21651806,0.06032372455795673,9
Q1582401,0.039047867255726246,5
Q5863024,0.036658516531526714,3
Q19666647,0.02450448652153243,0
Q8013615,0.0237450336638417,0
Q7363723,0.04864210861009857,8
Q5276384,0.06900683215802922,9
Q6962566,0.03603163216555843,3
Q25460903,0.029233885174360052,1
Q15972141,0.04073093077576336,5
Q3300593,0.04833457606154551,8
Q18412052,0.03902627756232622,5
Q6969096,0.05033433381177739,8
Q16146313,0.040714948227203694,5
Q20113647,0.03573754872315049,3
Q18758603,0.04647944661291789,7
Q16337464,0.03364191191932891,2
Q3611124,0.03667985514415162,3
Q4648386,0.04370709970444266,6
Q3502150,0.040349145172564285,5
Q59011103,0.044536582639514405,7
Q3946162,0.05288306728400552,8
Q16026321,0.0909992036711047,9
Q21176195,0.03788901325798803,4
Q49254437,0.039573632940356686,5
Q19747967,0.034234598331872666,2
Q2941962,0.05236238927274235,8
Q6651404,0.05268850555388916,8
Q15439273,0.033812463088825025,2
Q2959687,0.038111773338064855,4
Q1358692,0.05580785371443539,9
Q3075962,0.04155011076540182,6
Q5083202,0.034584011182963864,2
Q21856159,0.04202816220861115,6
Q7553490,0.04385329255229659,6
Q1226233,0.04082914033636162,5
Q12447376,0.031788275187984126,1
Q108894304,0.0321849483458879,1
Q6450604,0.03819793219503788,4
Q17350481,0.05300346044749962,8
Q1827073,0.034433422832358784,2
Q96988293,0.10250197637663186,9
Q16175079,0.0428581805623305,6
Q59247788,0.05299762248107414,8
Q21012200,0.05978973036927023,9
Q59284371,0.04756678291348404,7
Q25467279,0.043172634269560806,6
Q55096154,0.03455819601024702,2
Q16208832,0.04234323967915788,6
Q6553706,0.04570695087080534,7
Q77247669,0.035506541426578664,3
Q101089316,0.032338212322193555,1
Q3953747,0.03714582648997426,4
Q2884488,0.04301751272755899,6
Q111020366,0.05210095566246501,8
Q3022917,0.04545780331876274,7
Q19957806,0.034586235171332455,2
Q17350159,0.046436427960661296,7
Q3386569,0.04041884289891125,5
Q1309693,0.029196250688647778,1
Q24090338,0.03952789001685318,5
Q19281826,0.028239140482460418,0
Q19964362,0.04055387743961088,5
Q96301097,0.04075169783429579,5
Q1524662,0.072491046283503,9
Q38000343,0.05333891861030688,8
Q63762024,0.057490769436517916,9
Q82601599,0.0375994135414686,4
Q1577774,0.036000417108947504,3
Q1732023,0.057458447443597606,9
Q99192954,0.036753201660872106,3
Q764877,0.03358785726647972,2
Q55892616,0.025803356609203913,0
Q20204204,0.043494543951983794,6
Q106453636,0.04926134310078194,8
Q3157763,0.030548575726321574,1
Q3574136,0.031089759024865205,1
Q7711496,0.02787789596913662,0
Q16026102,0.038092070001435725,4
Q7408232,0.04099711663203858,5
Q63952839,0.052952712960736774,8
Q1036542,0.026467675613762433,0
Q16106912,0.03481400429996058,3
Q28096717,0.045720730145623216,7
Q5169662,0.027011212098921256,0
Q16175168,0.032793252278261985,2
Q28723789,0.0330145796505034,2
Q16025927,0.041028721953259364,5
Q6072017,0.04140376526819289,6
Q1600931,0.03759119490327367,4
Q24788944,0.01180476536990185,0
Q108901512,0.03928421682276721,5
Q111156925,0.05205764278712313,8
Q1730012,0.045714603478797675,7
Q3659908,0.03707659459399153,4
Q1405287,0.05922306797735347,9
Q6225870,0.03402510575480236,2
Q7289386,0.03930052575031876,5
Q63184748,0.046602869702581366,7
Q3184792,0.03572389612002433,3
Q108890466,0.08004369114512301,9
Q6124428,0.04674043710655687,7
Q28057561,0.028773870590294903,0
Q63622404,0.032247270937209534,1
Q66776986,0.045203620622123186,7
Q1357315,0.02942349831158154,1
Q5243141,0.04679962923050813,7
Q2172778,0.04041577700433419,5
Q21176501,0.02551770962900292,0
Q16438878,0.030602625298332416,1
Q43947243,0.07223341072272738,9
Q63768437,0.03805509287959637,4
Q1411952,0.028932775436620595,0
Q66142323,0.03663472556402469,3
Q130474359,0.04785124474425732,8
Q7286475,0.04157923500678247,6
Q115341897,0.044297299699478876,7
Q15435198,0.031596846667981585,1
Q63928361,0.030218614000279313,1
Q11933675,0.03528358011784608,3
Q108670762,0.0339292870431907,2
Q15432907,0.042838541521203886,6
Q18529624,0.02268387673944724,0
Q21992934,0.04768884068551896,7
Q108896028,0.02991665458030425,1
Q3592244,0.067520607169945,9
Q2174015,0.04700607691816749,7
Q105359317,0.04753901046539306,7
Q24264944,0.04276699596013206,6
Q12759897,0.03558126932991816,3
Q2821511,0.03334755171115938,2
Q4757008,0.04832109432668218,8
Q7117154,0.036921614430311805,4
Q1582471,0.035802305292136204,3
Q17629842,0.03672759012559189,3
Q21587782,0.04056042213834389,5
Q2504257,0.05092913461241808,8
Q3098908,0.03837285726782657,4
Q4687691,0.06089771898528522,9
Q111478740,0.01565155920169041,0
Q108893243,0.05537594304681619,9
Q3387179,0.022041510296302684,0
Q29666594,0.07364322683909055,9
Q709731,0.042545212246666436,6
Q20535421,0.03513505880208746,3
Q122979614,0.02612861932660951,0
Q22004331,0.03355716248461299,2
Q126116,0.04233633078373606,6
Q2174397,0.05108401101767053,8
Q65601143,0.05523347241388685,9
Q131323820,0.03460623025444167,2
Q1402482,0.03414840072631343,2
Q12810019,0.028854844904272696,0
Q2063231,0.03544958901761827,3
Q3168371,0.033072230030904266,2
Q1712689,0.03969745177895514,5
Q6919176,0.04485468142426376,7
Q28086195,0.03575082651477295,3
Q16298511,0.0330119583198109,2
Q28965711,0.03252365318189942,2
Q115926022,0.04629580404682861,7
Q55759115,0.03866573251826431,4
Q11050320,0.04131650418533048,5
Q43851899,0.041226995344090876,5
Q8020387,0.039340207565601096,5
Q6132654,0.035946865860942645,3
Q695033,0.03735105130369539,4
Q108901443,0.03568361909612484,3
Q17045990,0.04399699852111959,6
Q7929148,0.026878539289535548,0
Q16683795,0.05940669073378376,9
Q16026305,0.04920888141290005,8
Q63957658,0.04503226027686758,7
Q1770410,0.043475837096884414,6
Q16864287,0.03934635892048918,5
Q111288742,0.037005879083172856,4
Q18578294,0.03842788802345727,4
Q5782532,0.051305141206147216,8
Q20016263,0.033627161982422195,2
Q1405309,0.03823282970883925,4
Q28150976,0.043352932525369134,6
Q12481143,0.027133159058400698,0
Q3877149,0.06972410534565945,9
Q6166157,0.03396460136652881,2
Q17060336,0.04662934532674698,7
Q16734395,0.04865417855654524,8
Q13101999,0.12830102590935644,9
Q64740143,0.038592995775693376,4
Q3361809,0.035379269198887835,3
Q16910135,0.02152497186443396,0
Q16329169,0.04092353530090242,5
Q108893645,0.038723893557434205,4
Q11041451,0.03212209012287018,1
Q55847671,0.053862498506731915,8
Q59221887,0.032388257003870644,2
Q4726596,0.031851835620401045,1
Q63386933,0.03447544860873538,2
Q4665549,0.028393915852059734,0
Q51120372,0.03798420983779547,4
Q16151649,0.03867222877842703,4
Q24957446,0.03268826957006386,2
Q5481052,0.028836893210829516,0
Q22096363,0.03461277540299378,2
Q106044474,0.032187703912947424,1
Q5278070,0.03556249001256286,3
Q47539981,0.04627653411797529,7
Q19666846,0.039282283481203766,5
Q23415472,0.04686960437988762,7
Q7418512,0.030733152665125177,1
Q11290672,0.03943204921889322,5
Q99305289,0.04572637897150112,7
Q16105808,0.04510026647046085,7
Q61998261,0.03664940675302808,3
Q19300405,0.04694072545539629,7
Q63954633,0.036330105581904346,3
Q94841880,0.03382761701220151,2
Q4758103,0.0681456751558262,9
Q13562475,0.0653472478900808,9
Q1147710,0.05084905591581537,8
Q2637619,0.05445162110653965,8
Q16663051,0.054921673598609805,8
Q27063394,0.03828369494010754,4
Q3387076,0.08556234888918963,9
Q21068880,0.04589397085621471,7
Q15875208,0.039732411611506376,5
Q17102333,0.05063847940730553,8
Q63762940,0.035561346122316546,3
Q19605100,0.0472334578985921,7
Q2679026,0.04246212285230431,6
Q63974605,0.042439709286597745,6
Q3059970,0.03288304636767462,2
Q16592910,0.04050180275004883,5
Q94777568,0.0435825029886821,6
Q4695326,0.03785021980651501,4
Q29467315,0.05279509114693765,8
Q4769705,0.042842995637483415,6
Q10768939,0.06734119258313165,9
Q27909498,0.05015270320642351,8
Q20278417,0.05039165294805188,8
Q7915071,0.03469219717729018,2
Q17429156,0.03989123887633866,5
Q11300492,0.04598290268926729,7
Q1556676,0.03679651322007937,3
Q134053438,0.04207668090928275,6
Q17411432,0.03994067997305106,5
Q17181022,0.03967700593050743,5
Q6712969,0.0411478005381304,5
Q15834519,0.040434164996490156,5
Q7290626,0.047186740079759454,7
Q16025420,0.06416451162055188,9
Q5296319,0.07442433101829894,9
Q42595128,0.04869988148035055,8
Q1929045,0.038307973180537365,4
Q1582430,0.05049118511219948,8
Q70352096,0.03842990170177164,4
Q104889299,0.03321417165199704,2
Q20017716,0.06465002643744694,9
Q88125067,0.038666579498384146,4
Q52556658,0.045097015834353944,7
Q56195632,0.046346703343416264,7
Q3095117,0.03738856281421741,4
Q28268113,0.027293908875379976,0
Q1399082,0.029766416207728026,1
Q16463175,0.033184875694336285,2
Q108890526,0.04457925830917769,7
Q44159934,0.03208092914185968,1
Q11318131,0.032931171962814566,2
Q2074181,0.03391130163047263,2
Q16902095,0.02569549146789601,0
Q3171820,0.05029695287675396,8
Q7490201,0.03364553548678349,2
Q16439331,0.09608599843031365,9
Q57137686,0.04857155892905434,8
Q18763826,0.031393465170977616,1
Q108895453,0.0821349340344818,9
Q2409643,0.06719743523004604,9
Q27063407,0.03503357112064428,3
Q18225854,0.05265845588034561,8
Q108889740,0.027732631449608684,0
Q2524414,0.039905417172646014,5
Q108891535,0.039766767265578616,5
Q16026032,0.052163399530494516,8
Q17430522,0.05300399165999272,8
Q24845696,0.03191190877147778,1
Q61996582,0.04193095053057638,6
Q25323635,0.04553852636847721,7
Q7914885,0.04496058682471261,7
Q27106613,0.03177343552727464,1
Q26700714,0.04402071380191199,6
Q132159216,0.03962079968433723,5
Q59783502,0.04081322563213083,5
Q4859004,0.03497774987445263,3
Q59221334,0.04751331878775431,7
Q47009681,0.03224350032746473,1
Q18378659,0.037077228600137006,4
Q57306130,0.03697068654942517,4
Q109449432,0.04466845218138959,7
Q85875070,0.040581511873272504,5
Q5402546,0.03253344757418409,2
Q1609907,0.10385892267457489,9
Q5070330,0.07545278932971558,9
Q2903285,0.0717273427802927,9
Q6446741,0.05397149870231784,8
Q108891897,0.03231135492612558,1
Q106248273,0.034609742107455294,2
Q20707175,0.023660539688495127,0
Q16727949,0.027069500723885226,0
Q2650311,0.04168374376249932,6
Q108889983,0.03283731863570666,2
Q2792998,0.06789305206338109,9
Q109451163,0.03413549491229131,2
Q4910747,0.03794088895655901,4
Q3765163,0.03322211300380715,2
Q5512286,0.03181540383367784,1
Q63681457,0.0600961741148346,9
Q1509968,0.0299240524465382,1
Q18221912,0.028200682101463738,0
Q108891479,0.04767876242852405,7
Q28858734,0.03382873907074574,2
Q17037909,0.043689253813542786,6
Q14917762,0.0346303120213712,2
Q21004788,0.046970179604794396,7
Q18719472,0.040404573037455406,5
Q23060297,0.048008614793403015,8
Q83282948,0.03833643498029377,4
Q22248436,0.03028274272350371,1
Q23905326,0.034937498306640426,3
Q115519969,0.0323011230278001,1
Q10311994,0.030789646003806924,1
Q59653270,0.03458505519702818,2
Q41221726,0.0319943349459674,1
Q12696486,0.03699438619374145,4
Q108901686,0.03174814061214059,1
Q108901703,0.035628162531936076,3
Q2501732,0.03791091894715141,4
Q6165492,0.041292126683844944,5
Q30230739,0.04461818360624998,7
Q47008318,0.03243619172757836,2
Q125321253,0.0430242268755193,6
Q61879477,0.034929302834084,3
Q108895767,0.04404118868571071,6
Q79424888,0.04305902025997969,6
Q6890907,0.04823875352434666,8
Q109701875,0.03493530101954465,3
Q109425919,0.03123440467031713,1
Q1040683,0.02906435524196019,0
Q17523926,0.04183219217558927,6
Q21229212,0.03922162266543837,5
Q5948332,0.041565484400703394,6
Q12794781,0.03144741183968766,1
Q1598857,0.03772920215962792,4
Q17350965,0.02617938039053463,0
Q109495611,0.04857953511119589,8
Q19661574,0.06796199864716843,9
Q21173883,0.02939163168323909,1
Q59221469,0.05183019256296168,8
Q20022461,0.04928535331900344,8
Q56678154,0.03657826307871685,3
Q55694407,0.03897056879374482,4
Q28111186,0.0489814347281106,8
Q123885761,0.04273392583032023,6
Q66901909,0.03486342362124539,3
Q7288486,0.0554363577661227,9
Q108886932,0.0281406289101781,0
Q19689143,0.03577586077466772,3
Q108895577,0.048816242893925374,8
Q111227940,0.05013308164481857,8
Q16142833,0.04128249013413606,5
Q109426456,0.03165466082509033,1
Q71384255,0.04153234242358417,6
Q16215206,0.04417588264564015,7
Q63762207,0.08789870739332113,9
Q110812478,0.06128059788858401,9
Q10829504,0.03870254555067825,4
Q18687998,0.02456235569529811,0
Q14856187,0.037071685284083264,4
Q15906995,0.03353963951563007,2
Q62108268,0.03555083989120242,3
Q22006437,0.044826139660641,7
Q5387028,0.04199208569151532,6
Q85875920,0.04027921860336944,5
Q19299975,0.04683676846330196,7
Q16979896,0.029013035801067573,0
Q18921425,0.029381506440554536,1
Q108894415,0.04880317243990142,8
Q109429220,0.03515799454893858,3
Q64410452,0.03484576658715105,3
Q109694216,0.03140188521415722,1
Q6121936,0.032149676020553374,1
Q28031816,0.0360756408865913,3
Q6950411,0.04353144233560702,6
Q61892182,0.05518960308748099,9
Q6758340,0.04732442413848835,7
Q109541522,0.06295487663271501,9
Q108895736,0.03422585872179493,2
Q61879424,0.04634747385064702,7
Q9142714,0.06118645147221117,9
Q43192872,0.04106020209793885,5
Q29536168,0.048873785726734786,8
Q61892911,0.04114299974041929,5
Q20028053,0.0446396051626154,7
Q64016289,0.045015919173858616,7
Q119856877,0.02874404979780488,0
Q16897866,0.030555940304601886,1
Q108894691,0.041437489066549094,6
Q128839451,0.037040735838988,4
Q99753679,0.09297635551877095,9
Q2163476,0.04382264528090424,6
Q19740396,0.041280150354858915,5
Q24565913,0.029817878413769577,1
Q63955139,0.03424129383564517,2
Q4834248,0.03487593383407699,3
Q93126333,0.036259552110406205,3
Q28967760,0.02976230838940195,1
Q61877881,0.04103881328767537,5
Q4831780,0.0475948575079753,7
Q108896913,0.04529301614813908,7
Q108305598,0.03628416022092686,3
Q64005634,0.07195018579396026,9
Q25469377,0.035645069083804104,3
Q61892830,0.05237138361589015,8
Q26132854,0.05090745141926945,8
Q17371023,0.06413070074987287,9
Q61881414,0.042103203055779984,6
Q29563776,0.049295640536892116,8
Q104368499,0.029105107811932707,1
Q25982967,0.038901479774133545,4
Q109541231,0.04056680454206663,5
Q76624660,0.03229339131992867,1
Q61879595,0.03920825072380467,5
Q115110302,0.03728049385476153,4
Q64849731,0.03996174387575004,5
Q64846575,0.03092558766733684,1
Q16195259,0.05628769729654177,9
Q64847534,0.027697790251829,0
Q107476175,0.04743236522827047,7
Q16148795,0.030628546241117854,1
Q109690287,0.029223156291467746,1
Q62108285,0.044954636784639616,7
Q61877674,0.046600919378127,7
Q5683219,0.042339119820954625,6
Q64833428,0.048472467467250265,8
Q6965839,0.037298442516232544,4
Q7285994,0.04182376659399979,6
Q30921649,0.037634022910480555,4
Q58755386,0.030511109897534305,1
Q61892856,0.04235195310592182,6
Q17411563,0.04690273382631856,7
Q47394556,0.046111017050135074,7
Q61892982,0.04271433221424934,6
Q123243975,0.03502085739528604,3
Q124463689,0.03829869067013593,4
Q3339364,0.031298016643668956,1
Q61877820,0.043258855990473716,6
Q120203111,0.04783330740540376,8
Q96580433,0.042061917961911006,6
Q43193623,0.043466488306265746,6
Q80045893,0.02481170509251396,0
Q24845974,0.03582049606056202,3
Q101520751,0.04805944418799505,8
Q61892812,0.033519479185578904,2
Q56604046,0.03480763283112458,3
Q17418378,0.02483973667367598,0
Q61892268,0.04188246048918979,6
Q3027598,0.04575690188380657,7
Q25469479,0.03587443468894345,3
Q987672,0.036929408454379774,4
Q64011187,0.04307633313281692,6
Q64833107,0.02173473394064839,0
Q25468230,0.030073550256035884,1
Q55846956,0.028301201935695457,0
Q25538832,0.03249267747562504,2
Q97307278,0.03636226314122414,3
Q123711751,0.02704947367422007,0
Q117007119,0.04519084349506734,7
Q28407980,0.039479387599728126,5
Q56065579,0.03881782754314805,4
Q20046062,0.021938721190571168,0
Q64623627,0.04646177543098148,7
Q138569026,0.02623349267392634,0
Q6817909,0.05783709791137825,9
Q49251389,0.04112904464285716,5
Q16194473,0.035757992450575274,3
Q60735535,0.03325980138831137,2
Q110103072,0.03062388799585454,1
Q136463526,0.03889981936471684,4
Q16193603,0.027750812806714962,0
Q26828215,0.05200655305736384,8
Q23304581,0.02444967215028556,0
Q114397582,0.04385951160394405,6
Q50377606,0.03245936128574446,2
Q123876890,0.07285051312883109,9
Q123866724,0.058175927096288715,9
Q123869314,0.041970111872665916,6
Q123710165,0.03638286789418943,3
Q123888437,0.06204472598081423,9
Q123867264,0.05034701222738432,8
Q123890199,0.07205015858028063,9
Q123883080,0.03655267993811165,3
Q123887825,0.03679626638033602,3
Q93123329,0.04497258535939657,7
Q123877467,0.05802987028976875,9
Q123714681,0.05659625090920686,9
Q123711580,0.04931676993092455,8
Q123710512,0.0330123140961539,2
Q123876655,0.028349072781975095,0
Q123711288,0.040232534403599716,5
Q123591593,0.03128863865066904,1
Q123883178,0.040253300381007516,5
Q123874185,0.02835967673032338,0
Q123874492,0.03752707413840181,4
Q123868050,0.08032944648314858,9
Q110167298,0.04334224583566636,6
Q123877762,0.030879649673406367,1
Q123876873,0.04009886487837548,5
Q123876329,0.04108704352404566,5
Q123869953,0.06392129983340804,9
Q98382224,0.03891246332346305,4
Q123873416,0.07343132592292215,9
Q123870481,0.029634024225264767,1
Q123874272,0.03272819159815123,2
Q123872660,0.049397584635814014,8
Q123873976,0.03731343174028493,4
Q123869357,0.041115139641935736,5
Q123710012,0.04574819072067659,7
Q123867876,0.08621990400066118,9
Q112897557,0.054699520266221574,8
Q123710717,0.04354040180149498,6
Q123886730,0.04758398814162651,7
Q123875177,0.06791222540527646,9
Q123890032,0.03195430629060605,1
Q123873097,0.04136908196010514,6
Q123877570,0.02737397431548331,0
Q123888922,0.03907487352638399,5
Q123713887,0.09408759059393683,9
Q123877188,0.036691808703529276,3
Q123714670,0.051205361579295144,8
Q123870545,0.04576101679780131,7
Q123877124,0.042734928802282614,6
Q123873134,0.030796357645227666,1
Q123875992,0.026341313662071205,0
Q123883931,0.0391188043592662,5
Q109925531,0.056480912440295045,9
Q103850520,0.08261688212142551,9
Q123713280,0.042084449166773175,6
Q123711337,0.04060943369769967,5
Q123869899,0.04213738044608162,6
Q123715128,0.027365001257813312,0
Q46697648,0.031498250675772735,1
Q123868080,0.03305726324202298,2
Q123883638,0.06572904239808197,9
Q123873253,0.03513224791247463,3
Q123882439,0.030619339897355664,1
Q123716642,0.03771377175444646,4
Q123711257,0.04005383660192114,5
Q123877346,0.04131012242601739,5
Q123710187,0.04415392317128719,7
Q123876537,0.04314387655184105,6
Q123888561,0.04441206924709242,7
Q123714116,0.03668521234499099,3
Q123870289,0.04061622948033361,5
Q123713763,0.041328359431872796,5
Q123884228,0.03248748825339505,2
Q123884452,0.042304280591152904,6
Q123875131,0.041384864573627465,6
Q123879230,0.027056182872482386,0
Q123869032,0.06027953791497521,9
Q112035064,0.02566195094772197,0
Q123880021,0.04433979059360248,7
Q123883932,0.04404398291205053,6
Q123711420,0.03213253491768499,1
Q44158742,0.03971962665285625,5
Q123714464,0.07114758049543204,9
Q123711444,0.05281265781957683,8
Q123869673,0.06281673849153499,9
Q123877352,0.050629950549006146,8
Q123713579,0.03247904387323175,2
Q123866221,0.07414780528284023,9
Q123711597,0.028757525243266156,0
Q123873239,0.04046376071664784,5
Q123711100,0.037868681765903064,4
Q47400521,0.03108262555083841,1
Q123897155,0.045169625311021575,7
Q123877697,0.04261630769081005,6
Q123869264,0.06460241768094399,9
Q123879503,0.045209427053685955,7
Q123898168,0.053882757582593116,8
Q123710242,0.04108357913480343,5
Q123894096,0.04611967535223012,7
Q123710239,0.054807127895439595,8
Q123892815,0.08955735506275654,9
Q123898658,0.04884280519047142,8
Q123712755,0.05262968233058858,8
Q123867470,0.026711829478214065,0
Q123899316,0.05520500572940045,9
Q123888321,0.06887194650413894,9
Q123710122,0.06298860150734722,9
Q123868800,0.051412085542204194,8
Q123711621,0.07422248005111151,9
Q123709642,0.03082848328285465,1
Q123874087,0.032330322728548806,1
Q123876484,0.035230204018384406,3
Q123877624,0.032765472382164006,2
Q123873429,0.03625515615939511,3
Q123714278,0.043040387161694046,6
Q123711247,0.035549954505556806,3
Q123869986,0.04421074978282148,7
Q123874247,0.03292480950722092,2
Q123877256,0.05688192680509166,9
Q123710853,0.04322713329373275,6
Q123866652,0.04219564938722295,6
Q123709921,0.03927809695453347,5
Q123874180,0.04667328534660148,7
Q123710467,0.047831575529632485,8
Q123710748,0.045872565101459026,7
Q123888322,0.03705742057775165,4
Q123883568,0.028569542484179773,0
Q123867410,0.03507318296825829,3
Q123876520,0.03622351380379494,3
Q123888019,0.09804858985913306,9
Q123877062,0.028817238238899923,0
Q123876340,0.03536844370856679,3
Q123699482,0.04317410669980907,6
Q123865781,0.07942877727566179,9
Q123877500,0.031811308127135264,1
Q123713661,0.05173718369587801,8
Q123889104,0.04840669141076166,8
Q127269028,0.02806052984087917,0
Q123876929,0.04744465045102326,7
Q123888538,0.060261956206070715,9
Q123716336,0.041440479488015665,6
Q123899139,0.03682567749916389,3
Q123710208,0.040789883660249444,5
Q123878825,0.02946451472720749,1
Q123867391,0.046699838864441304,7
Q123868076,0.03195583026545472,1
Q123888288,0.046819220938719604,7
Q123877534,0.05487257877713534,8
Q123883471,0.03810713975887585,4
Q123875136,0.044176416341877835,7
Q123878981,0.03022392468680598,1
Q123869614,0.04479085252033679,7
Q123888359,0.04296657745212658,6
Q123867933,0.04359676755797781,6
Q28839705,0.039064708504506766,5
Q123869399,0.03665535068560905,3
Q123878824,0.033311921721728706,2
Q123883042,0.03443610243966733,2
Q123710167,0.030858922774098928,1
Q123870055,0.039078683077901286,5
Q123711086,0.042195872901979646,6
Q123887699,0.027023118506058968,0
Q123870351,0.029432392633014583,1
Q97308072,0.04303521543714217,6
Q123873385,0.031072369066375893,1
Q112897085,0.04254761828285897,6
Q123870312,0.029553229655931237,1
Q123710716,0.038197305802223275,4
Q123715666,0.04349779713158172,6
Q123883438,0.06553273937626494,9
Q123869634,0.04194832280968294,6
Q123711902,0.05169009819217662,8
Q123869315,0.03610360680411559,3
Q123878612,0.045621590275980256,7
Q123716176,0.04046041241575118,5
Q123874029,0.04271903958176046,6
Q123888664,0.03237502961974621,1
Q123873768,0.029364916887978546,1
Q123891962,0.04398751930204789,6
Q123869446,0.03593201559579957,3
Q123867586,0.042444885475918376,6
Q123713606,0.03491967008029247,3
Q123716162,0.054744896596421164,8
Q123873169,0.05103650119177651,8
Q107333508,0.037876980876416326,4
Q74581669,0.04330800457681177,6
Q107178110,0.036757295529726064,3
Q47387627,0.03147551522340577,1
Q47393513,0.029086269745482476,0
Q47400200,0.030053897453929224,1
Q111580122,0.036544405318596866,3
Q79052386,0.030227336454065615,1
Q112896805,0.034749807704738116,2
Q105536160,0.037225246821557194,4
Q47409526,0.04029047084609643,5
Q47407664,0.045315928213459936,7
Q115690042,0.03242160510300593,2
Q98836156,0.023404622909028047,0
Q112896665,0.03949375269171462,5
Q135418789,0.04504294435311601,7
Q134932536,0.03673794714767866,3
Q79897955,0.04100820137531325,5
Q112896190,0.03786049781892457,4
Q135183288,0.03743218620007067,4
Q112897173,0.04308532437614946,6
Q106899005,0.047129543424150905,7
Q67089157,0.04136269465202796,6
Q110804918,0.03912805201778939,5
Q108584550,0.03190445875653038,1
Q138497265,0.036437614640548746,3
Q137940321,0.03453258987775363,2
Q135618637,0.044686405769153614,7
Q133892840,0.032890460001176965,2
Q136841459,0.05695024019610948,9
Q104868288,0.03682713271572249,3
Q122745934,0.0371553717730738,4
Q99213896,0.045316763357266025,7
Q125274819,0.037397149653264544,4
Q117741666,0.042075024531409315,6
Q135441949,0.029705770132772643,1
Q108116281,0.03322848895090757,2
Q126213022,0.04997090498786128,8
Q16433639,0.04743330111948972,7
Q111210736,0.026783404912591884,0
Q28715856,0.03250905645843911,2
Q109804250,0.0416221552732137,6
Q42331497,0.04773476572685763,7
Q122806476,0.03300299718181074,2
Q107439924,0.05479876491704846,8
Q124369020,0.043111868748764465,6
Q107305210,0.052752453345299384,8
Q99372830,0.02716953132879614,0
Q106004674,0.04242347685198401,6
Q74039351,0.03179773200271009,1
Q85873045,0.023010410409584438,0
Q88820040,0.03348069905548752,2
Q137456032,0.04105764414061045,5
Q137397653,0.06366844583175023,9
Q136841287,0.06661851292326498,9
Q136825781,0.056687613005186384,9
Q135390380,0.03379801086239282,2
Q133539971,0.05746893485191337,9
Q132147029,0.08016032347225738,9
Q127281296,0.03756365686495356,4
Q126911411,0.02945378190173616,1
Q117349378,0.07065576902813725,9
Q126369415,0.05577872839567641,9
Q126011007,0.0341547497694179,2
Q125850867,0.03413389623258656,2
Q125850820,0.03338738033609924,2
Q97698942,0.026727450750271275,0
Q102231649,0.030428282230814434,1
Q12532743,0.07620019268208528,9
Q138081499,0.041729448485553065,6
Q75863391,0.037149562990196186,4
Q137299894,0.03924972160182876,5
Q1866107,0.03715890930430909,4
Q107551090,0.04290105981128733,6
Q108117246,0.042090135556157406,6
Q107600011,0.03463054908432179,2
Q109024273,0.03428876729729919,2
Q42331494,0.07070500954855644,9
Q28441337,0.035375823140558434,3
Q61612335,0.031234200464233867,1
Q30903434,0.04696709159034823,7
Q67173855,0.06878126642858867,9
Q109973827,0.047400259595253035,7
Q19283755,0.049470058577164265,8
Q47217479,0.036034898215055754,3
Q97129114,0.05097411220617591,8
Q67088913,0.04660304282696373,7
Q50825807,0.0966255476210553,9
Q12578122,0.03105305145241727,1
Q12560552,0.055808906306184486,9
Q64399288,0.026069537664530403,0
Q64399338,0.062234254608248975,9
Q125270244,0.03666194691713329,3
Q97293074,0.032160081610162934,1
Q126692644,0.04309672246812631,6
Q13034911,0.057461731069141056,9
Q127691909,0.057192192816146466,9
Q131738009,0.08691663014859953,9
Q70251512,0.0874844038649932,9
Q88386566,0.025542587409890044,0
Q136094046,0.04240438263055308,6
Q136797709,0.055626986825171025,9
Q28869052,0.032321624986622596,1
Q124632998,0.03534444285153909,3
Q6704963,0.03476506975159326,2
Q22679292,0.04927653304043576,8
Q75687522,0.04060301941563204,5
Q85546902,0.034532160242122065,2
Q22045808,0.05409833635812965,8
Q8289145,0.06609226000986607,9
Q67089109,0.03481976070425135,3
Q136841366,0.048973986733528804,8
Q99828349,0.045916794213126645,7
Q111341098,0.07823661408149235,9
Q110779900,0.048610136852364066,8
Q107926692,0.03560870229345188,3
Q114436612,0.05173797914818044,8
Q116688411,0.03955419333076903,5
Q113661310,0.04583837683950175,7
Q110557338,0.03702346926466553,4
Q119747353,0.045630078305078876,7
Q113051225,0.04084519971076905,5
Q109484686,0.06411930222309374,9
Q112993938,0.04321799181837604,6
Q111416810,0.02641659468083387,0
Q110121197,0.034227704280224626,2
Q107337069,0.04425592371399025,7
Q123978805,0.03982887535193203,5
Q111692949,0.04390881994976939,6
Q137004138,0.04267030394765033,6
Q25367678,0.048504316181408685,8
Q133881503,0.03470944691123187,2
Q65060968,0.04631714705728191,7
Q133896970,0.02325847752032731,0
Q134236180,0.04166235710555881,6
Q134308022,0.043442805155362085,6
Q64399298,0.030789124682914577,1
Q106149291,0.0328589563332805,2
Q111180419,0.03608863966579616,3
Q15437898,0.04620589010009968,7
Q136533876,0.0532793119030317,8
Q136659288,0.029380377746483947,1
Q136779888,0.03849084905949821,4
Q138332377,0.05411345989259191,8
Q112581016,0.03329260914611929,2
Q50825684,0.05090047069750549,8
Q15877078,0.04348306950543683,6
Q16003020,0.03110166803233271,1
Q16302139,0.039169898346403026,5
Q49691191,0.03527520085319835,3
Q86212210,0.041093393381268016,5
Q87722481,0.04952050328246978,8
Q101584394,0.034707983455729625,2
Q108085266,0.035750861418610544,3
Q46483972,0.037106298243885956,4
Q98804330,0.04590089387237904,7
Q4418196,0.032009999008966596,1
Q105415375,0.04352616660009291,6
Q108897120,0.05214100286732424,8
Q125419351,0.05194597756714374,8
Q12245839,0.033323421166114774,2
Q119849528,0.03158716166690825,1
Q3473591,0.037807133157583626,4
Q118194656,0.05142951450835429,8
Q34471047,0.04834847305954718,8
Q90959059,0.04248729418136489,6
Q64399318,0.04656346777217043,7
Q127002390,0.043864119320004516,6
Q129730519,0.034077614315880765,2
Q587688,0.03550784072200991,3
Q31965265,0.026274985022191166,0
Q60172009,0.04135600696932652,6
Q30547714,0.03505911337863595,3
Q107570857,0.05433168571715828,8
Q43252897,0.05765151867509137,9
Q44006427,0.06638167477500011,9
Q56651579,0.03711335492752304,4
Q15837933,0.0353028971797171,3
Q1569681,0.050218999976445904,8
Q51120764,0.03438138041414444,2
Q25492423,0.048988027769451374,8
Q60830643,0.04641773935051575,7
Q29580420,0.038741285882329876,4
Q60790910,0.055182996380830636,9
Q16654075,0.044579559956705365,7
Q4421953,0.051411013213637384,8
Q16856668,0.04482484959197039,7
Q1712374,0.022130358308520674,0
Q111341048,0.06007948635609912,9
Q61878356,0.050627647544873575,8
Q23061842,0.04882077195218129,8
Q20655558,0.022883044550387324,0
Q20388910,0.042468632299331364,6
Q20172402,0.040158350731007195,5
Q1685304,0.034623264819301475,2
Q31213353,0.02638034787059707,0
Q28803395,0.031543676188127666,1
Q390561,0.03963641984449644,5
Q56738077,0.02386242452991517,0
Q61892739,0.0251890017173016,0
Q1824988,0.039969036414133775,5
Q5741231,0.04332842340621361,6
Q6149988,0.04052944013018404,5
Q124098027,0.037434654815194944,4
Q100429767,0.03263388659972484,2
Q138718479,0.04339305110038614,6
Q106013067,0.027214057333903016,0
Q135258814,0.03455889704631356,2
Q107486055,0.025330702696965492,0
Q115133335,0.03655143379896212,3
Q133259651,0.03808783203069724,4
Q132861682,0.04749162367392536,7
Q115367910,0.033846387840398465,2
Q131914597,0.03987615993892916,5
Q863088,0.035648273022845,3
Q131546793,0.023482070537226046,0
Q130479537,0.03735373374097609,4
Q135901403,0.02998080307128943,1
Q88094463,0.050445721817991916,8
Q115402068,0.03819216710718422,4
Q13034432,0.038124025856872294,4
Q115452904,0.04779580424661752,8
Q89229510,0.08068634746670679,9
Q117467151,0.033297431599306544,2
Q94285488,0.04051140433741798,5
Q121790292,0.042241382884741996,6
Q123219994,0.03243594352707711,2
Q104190341,0.027014982715729045,0
Q125238247,0.039786363017086004,5
Q123518749,0.03640190859206999,3
Q13035630,0.0887076550117677,9
Q808837,0.035791527627732085,3
Q133808756,0.04374557714169856,6
Q138029311,0.02858598460294119,0
Q137855929,0.05893878884412877,9
Q137909355,0.032215171377656865,1
Q106684866,0.058501971970799996,9
Q112675097,0.03645494380304946,3
Q112802035,0.03328144347007746,2
Q106875738,0.02867284773058016,0
Q113003298,0.027761607785887665,0
Q138303372,0.06607108236708127,9
Q137901663,0.04680734031091416,7
Q7492942,0.031561922672679286,1
Q113130510,0.03828329177587725,4
Q138460892,0.034953119655904995,3
Q136342033,0.0421922636367712,6
Q136276564,0.027166746525873444,0
Q5639881,0.04310397986819242,6
Q104839902,0.036464598873775914,3
Q95451495,0.034662928108034494,2
Q106774575,0.052290505640234755,8
Q54263170,0.021010346059054594,0
Q101857636,0.04075927069158764,5
Q94851018,0.03117167245404874,1
Q107184228,0.028691620719147493,0
Q97738027,0.05332445443534345,8
Q53351567,0.038420670169313546,4
Q106182361,0.03860635390329427,4
Q105963103,0.04163305272149313,6
Q61878367,0.025573115673142972,0
Q57828964,0.047169079017854644,7
Q106645209,0.03431872728490366,2
Q61892862,0.02841189330936561,0
Q60194720,0.04126890466570014,5
Q7332894,0.0456556069079152,7
Q61892764,0.036801188700769316,3
Q106519616,0.036272414642662086,3
Q61892639,0.06968223947198005,9
Q61892381,0.032818112211147374,2
Q105966258,0.03633510247056572,3
Q61892165,0.04632697473266903,7
Q106441313,0.019404335776939532,0
Q105692468,0.03705587322799122,4
Q61893232,0.04925220498001573,8
Q124227772,0.03420194902929685,2
Q4849406,0.04104176351112243,5
Q112581719,0.037426525161575686,4
Q137910189,0.038108003033495014,4
Q112993771,0.040312656110548344,5
Q137127602,0.02944324369984163,1
Q995531,0.0410964883580894,5
Q136821429,0.04173799984008485,6
Q136353425,0.03357401480480346,2
Q136085557,0.028575237165852738,0
Q135937258,0.0494777351916839,8
Q113881197,0.032910869602806876,2
Q114428364,0.023851604618356267,0
Q135098929,0.029334126615003033,1
Q114773173,0.050563236650493025,8
Q115374856,0.0444464201493482,7
Q138081511,0.039058544718300434,5
Q131307783,0.046055275462430136,7
Q129068236,0.03685963614922556,3
Q115670380,0.03643178752814468,3
Q116457940,0.03919465598616968,5
Q126453229,0.01470921735519487,0
Q119096358,0.03688928995684455,3
Q125994928,0.030156097315967766,1
Q12540701,0.0420006120846317,6
Q125360896,0.049861998605447495,8
Q122960999,0.044948702236962054,7
Q12527408,0.03302031173293039,2
Q123415384,0.03069382759232106,1
Q125180758,0.0415780779797747,6
Q124710081,0.05425921443625165,8
Q124337141,0.025888119350837617,0
Q130373558,0.04569054109388609,7
Q48773854,0.041509487567148784,6
Q138658484,0.039716450974828836,5
Q138715230,0.02770818741528883,0
Q47493018,0.06116380847130487,9
Q108229470,0.04391689707830484,6
Q4470750,0.04233676133722319,6
Q43425211,0.07433265428077286,9
Q4054645,0.09467272199971458,9
Q3273656,0.028483578219805527,0
Q3271772,0.06341059696599721,9
Q31153326,0.048948623012243196,8
Q10965591,0.044399915053380444,7
Q30728850,0.03520766940605881,3
Q30250949,0.04756823863116323,7
Q30110261,0.0409533394115515,5
Q29358882,0.0686569118639972,9
Q28595342,0.028843550944181975,0
Q138665586,0.03970206121065272,5
Q2628918,0.03397897812772697,2
Q24175624,0.02733697229577393,0
Q20747013,0.04038344147480411,5
Q20738426,0.0331319028345328,2
Q20109642,0.03214164424316064,1
Q1903092,0.0441613430601786,7
Q18764019,0.047413856609867126,7
Q111341352,0.03369260185142619,2
Q1778358,0.0217733155187065,0
Q16931950,0.0379066240620688,4
Q16645093,0.03130973105671173,1
Q16018176,0.05349648711386125,8
Q15210963,0.050710343068144585,8
Q1475486,0.043815282320227064,6
Q139280,0.03230147465276016,1
Q25303370,0.040424109664469667,5
Q20040827,0.0385555548256198,4
