entity,P106
Q42,Q214917
Q42,Q28389
Q42,Q6625963
Q42,Q4853732
Q42,Q18844224
Q42,Q245068
Q42,Q36180
Q42,Q639669
Q272,Q193391
Q272,Q36180
Q272,Q49757
Q272,Q6625963
Q410,Q2998308
Q410,Q752129
Q410,Q6625963
Q410,Q16742203
Q410,Q15143181
Q410,Q15143191
Q410,Q18844224
Q410,Q3745071
Q410,Q11063
Q410,Q1622272
Q410,Q36180
Q410,Q15980158
Q410,Q169470
Q410,Q28389
Q410,Q18805
Q410,Q947873
Q448,Q4964182
Q448,Q6625963
Q448,Q11774202
Q448,Q744738
Q448,Q4164507
Q448,Q214917
Q448,Q4263842
Q448,Q3589290
Q448,Q333634
Q448,Q201788
Q448,Q1238570
Q448,Q14972848
Q448,Q36180
Q448,Q17391638
Q448,Q15962340
Q502,Q36180
Q502,Q18814623
Q502,Q18939491
Q502,Q864380
Q502,Q6625963
Q502,Q193391
Q502,Q1792450
Q504,Q15973695
Q504,Q4164507
Q504,Q6625963
Q504,Q11774202
Q504,Q214917
Q504,Q15949613
Q504,Q4263842
Q504,Q17337766
Q504,Q1930187
Q504,Q36180
Q504,Q49757
Q504,Q33231
Q504,Q8178443
Q535,Q82955
Q535,Q214917
Q535,Q6625963
Q535,Q15296811
Q535,Q8178443
Q535,Q11774202
Q535,Q11774156
Q535,Q36180
Q535,Q644687
Q535,Q3579035
Q535,Q49757
Q535,Q1792450
Q535,Q6051619
Q535,Q1925963
Q535,Q482980
Q563,Q33999
Q563,Q49757
Q563,Q488205
Q563,Q214917
Q563,Q6625963
Q563,Q822146
Q563,Q15949613
Q563,Q177220
Q563,Q36180
Q563,Q10800557
Q563,Q2259451
Q563,Q55960555
Q563,Q2526255
Q651,Q82955
Q651,Q4964182
Q651,Q15962340
Q651,Q6625963
Q651,Q49757
Q651,Q214917
Q651,Q4164507
Q651,Q1622272
Q651,Q36180
Q651,Q1792450
Q835,Q6625963
Q835,Q214917
Q835,Q39631
Q835,Q9334029
Q835,Q15949613
Q835,Q8178443
Q835,Q28389
Q835,Q18844224
Q835,Q1930187
Q835,Q3387717
Q835,Q864380
Q835,Q36180
Q835,Q12144794
Q892,Q14467526
Q892,Q49757
Q892,Q1622272
Q892,Q4853732
Q892,Q333634
Q892,Q4263842
Q892,Q11774202
Q892,Q189290
Q892,Q482980
Q892,Q36180
Q892,Q201788
Q892,Q644687
Q892,Q37226
Q892,Q12144794
Q892,Q13418253
Q892,Q6625963
Q892,Q8178443
Q892,Q13570226
Q905,Q6625963
Q905,Q3064032
Q905,Q15949613
Q905,Q3606216
Q905,Q18939491
Q905,Q333634
Q905,Q40348
Q905,Q1209498
Q905,Q691167
Q905,Q12144794
Q905,Q36180
Q905,Q185351
Q905,Q8178443
Q905,Q49757
Q920,Q49757
Q920,Q6625963
Q920,Q822146
Q920,Q333634
Q920,Q36180
Q927,Q6625963
Q927,Q49757
Q927,Q214917
Q927,Q11774202
Q927,Q36180
Q927,Q28389
Q984,Q15980158
Q984,Q6625963
Q984,Q28692502
Q991,Q333634
Q991,Q49757
Q991,Q6625963
Q991,Q11774202
Q991,Q15949613
Q991,Q1930187
Q991,Q4964182
Q991,Q864380
Q991,Q36180
Q991,Q6051619
Q991,Q12144794
Q1064,Q36180
Q1064,Q49757
Q1064,Q82955
Q1064,Q6625963
Q1064,Q214917
Q1276,Q488205
Q1276,Q49757
Q1276,Q2914170
Q1276,Q6625963
Q1276,Q36180
Q1276,Q639669
Q1276,Q486748
Q1276,Q28389
Q1276,Q10800557
Q1276,Q183945
Q1276,Q177220
Q1276,Q822146
Q1276,Q482980
Q1276,Q15296811
Q1316,Q47064
Q1316,Q36180
Q1316,Q6625963
Q1316,Q125804073
Q1316,Q82955
Q1379,Q36180
Q1379,Q6625963
Q1379,Q2516866
Q1379,Q3630699
Q1379,Q43845
Q1379,Q54845077
Q1403,Q214917
Q1403,Q36180
Q1403,Q49757
Q1403,Q6625963
Q1403,Q28389
Q1403,Q3455803
Q1512,Q49757
Q1512,Q11774202
Q1512,Q6625963
Q1512,Q15949613
Q1512,Q4853732
Q1512,Q36180
Q1512,Q753110
Q1646,Q214917
Q1646,Q6625963
Q1646,Q28389
Q1646,Q864380
Q1646,Q2526255
Q1646,Q49757
Q2754,Q482980
Q2754,Q9334029
Q2754,Q6625963
Q2754,Q1930187
Q2754,Q36180
Q2754,Q6051619
Q2754,Q12406482
Q2908,Q2095549
Q2908,Q6625963
Q2908,Q4853732
Q2908,Q36180
Q2908,Q1930187
Q2908,Q644687
Q2908,Q4964182
Q2908,Q49757
Q2908,Q205375
Q3102,Q36180
Q3102,Q6625963
Q3816,Q36180
Q3816,Q1930187
Q3816,Q3068305
Q3816,Q214917
Q3816,Q6625963
Q3816,Q18939491
Q3816,Q28692502
Q3816,Q8178443
Q3816,Q36834
Q3816,Q482980
Q4025,Q1028181
Q4025,Q6625963
Q4025,Q2405480
Q4025,Q715301
Q4128,Q551835
Q4128,Q1930187
Q4128,Q82955
Q4128,Q49757
Q4128,Q6625963
Q4128,Q4164507
Q4128,Q23833535
Q4128,Q201788
Q4128,Q36180
Q4128,Q11774202
Q4137,Q36180
Q4137,Q6625963
Q4137,Q49757
Q4137,Q28389
Q4137,Q23833535
Q4247,Q36180
Q4247,Q1028181
Q4247,Q715301
Q4247,Q82955
Q4247,Q37226
Q4247,Q644687
Q4247,Q1622272
Q4247,Q3658608
Q4247,Q15296811
Q4247,Q6625963
Q4302,Q36180
Q4302,Q49757
Q4302,Q6625963
Q4487,Q36180
Q4487,Q214917
Q4487,Q6625963
Q4487,Q82955
Q4487,Q1930187
Q4487,Q193391
Q4731,Q36180
Q4731,Q6625963
Q4731,Q1209498
Q4731,Q40348
Q4985,Q37226
Q4985,Q45199
Q4985,Q1569495
Q4985,Q49757
Q4985,Q36180
Q4985,Q6625963
Q4985,Q11774202
Q4985,Q4263842
Q4985,Q10732476
Q5673,Q36180
Q5673,Q49757
Q5673,Q6625963
Q5673,Q4853732
Q5673,Q18814623
Q5673,Q214917
Q5673,Q1930187
Q5673,Q12356615
Q5673,Q55400155
Q5673,Q482980
Q5673,Q3455803
Q5673,Q117442841
Q5673,Q8178443
Q5673,Q15949613
Q5682,Q6625963
Q5682,Q214917
Q5682,Q49757
Q5682,Q822146
Q5682,Q4991371
Q5682,Q36180
Q5682,Q326653
Q5682,Q1139055
Q5686,Q36180
Q5686,Q6625963
Q5686,Q1930187
Q5686,Q15978337
Q5686,Q214917
Q5686,Q482980
Q5686,Q4853732
Q5686,Q1607826
Q5686,Q12144794
Q5686,Q2374149
Q5686,Q15949613
Q5686,Q135268101
Q5686,Q5178440
Q5878,Q6625963
Q5878,Q15949613
Q5878,Q1930187
Q5878,Q214917
Q5878,Q36180
Q5878,Q2516866
Q5878,Q1209498
Q5878,Q18814623
Q5878,Q28389
Q5878,Q12144794
Q5878,Q6051619
Q5878,Q73306227
Q5878,Q69423232
Q5878,Q2526255
Q5878,Q10798782
Q5879,Q1776724
Q5879,Q2374149
Q5879,Q82955
Q5879,Q1028181
Q5879,Q4964182
Q5879,Q1234713
Q5879,Q185351
Q5879,Q4164507
Q5879,Q1350157
Q5879,Q182436
Q5879,Q49757
Q5879,Q3579035
Q5879,Q169470
Q5879,Q6673651
Q5879,Q6625963
Q5879,Q214917
Q5879,Q18814623
Q5879,Q193391
Q5879,Q372436
Q5879,Q270141
Q5879,Q3606216
Q5879,Q18939491
Q5879,Q13416354
Q5879,Q350979
Q5879,Q17391638
Q5879,Q40348
Q5879,Q36834
Q5879,Q8178443
Q5879,Q36180
Q5879,Q3391743
Q5879,Q1792450
Q5879,Q107212688
Q5879,Q15296811
Q5879,Q17505902
Q5879,Q58481158
Q5879,Q10732476
Q5879,Q11569986
Q6050,Q36180
Q6050,Q3068305
Q6050,Q49757
Q6050,Q4610556
Q6050,Q6625963
Q6050,Q2478141
Q6050,Q116
Q6512,Q4964182
Q6512,Q1234713
Q6512,Q49757
Q6512,Q36180
Q6512,Q6625963
Q6512,Q4263842
Q6515,Q36180
Q6515,Q49757
Q6515,Q6625963
Q6515,Q644687
Q6515,Q1028181
Q6519,Q6625963
Q6519,Q28389
Q6519,Q36180
Q6519,Q4853732
Q6527,Q4964182
Q6527,Q21680663
Q6527,Q14915627
Q6527,Q6625963
Q6527,Q18814623
Q6527,Q1231865
Q6527,Q18805
Q6527,Q214917
Q6527,Q744738
Q6527,Q3589290
Q6527,Q1238570
Q6527,Q11774202
Q6527,Q1350157
Q6527,Q2374149
Q6538,Q822146
Q6538,Q28389
Q6538,Q49757
Q6538,Q1281618
Q6538,Q6625963
Q6538,Q214917
Q6538,Q11774202
Q6538,Q18814623
Q6538,Q1028181
Q6538,Q1925963
Q6538,Q139627
Q6538,Q644687
Q6538,Q11569986
Q6538,Q33231
Q6538,Q8178443
Q6882,Q49757
Q6882,Q6625963
Q6882,Q37226
Q6882,Q482980
Q6882,Q36180
Q6882,Q1930187
Q6882,Q4263842
Q6882,Q12144794
Q6882,Q8178443
Q6950,Q36180
Q6950,Q6625963
Q6950,Q39631
Q6950,Q73306227
Q6950,Q11774202
Q7176,Q6625963
Q7176,Q28389
Q7176,Q333634
Q7176,Q214917
Q7176,Q36180
Q7176,Q58968
Q7176,Q1930187
Q7176,Q15949613
Q7176,Q18814623
Q7176,Q482980
Q7197,Q18930007
Q7197,Q1930187
Q7197,Q6625963
Q7197,Q18814623
Q7197,Q11774202
Q7197,Q11499147
Q7197,Q18939491
Q7197,Q3589292
Q7197,Q4964182
Q7197,Q4263842
Q7197,Q36180
Q7197,Q482980
Q7197,Q34074720
Q7197,Q48930480
Q7199,Q6625963
Q7199,Q11774202
Q7199,Q36180
Q7199,Q4263842
Q7199,Q49757
Q7199,Q12144794
Q7200,Q49757
Q7200,Q12144794
Q7200,Q214917
Q7200,Q4263842
Q7200,Q333634
Q7200,Q201788
Q7200,Q6625963
Q7200,Q8178443
Q7200,Q28776412
Q7200,Q6051619
Q7200,Q36180
Q7200,Q4853732
Q7200,Q487596
Q7200,Q11774202
Q7200,Q27044075
Q7200,Q136842174
Q7200,Q138411995
Q7241,Q1028181
Q7241,Q49757
Q7241,Q36834
Q7241,Q214917
Q7241,Q11774202
Q7241,Q4964182
Q7241,Q483501
Q7241,Q36180
Q7241,Q822146
Q7241,Q753110
Q7241,Q177220
Q7241,Q2526255
Q7241,Q30242234
Q7241,Q115784320
Q7241,Q8178443
Q7241,Q33999
Q7241,Q15949613
Q7241,Q6625963
Q7241,Q16611574
Q7241,Q3579035
Q7243,Q36180
Q7243,Q214917
Q7243,Q4964182
Q7243,Q6625963
Q7243,Q1231865
Q7243,Q11774202
Q7243,Q4853732
Q7243,Q18939491
Q7243,Q12144794
Q7243,Q6051619
Q7243,Q860918
Q7243,Q16003550
Q7243,Q49757
Q7243,Q15949613
Q7245,Q1930187
Q7245,Q6625963
Q7245,Q18814623
Q7245,Q37226
Q7245,Q12406482
Q7245,Q4853732
Q7245,Q3579035
Q7245,Q3606216
Q7245,Q18844224
Q7245,Q36180
Q7245,Q12144794
Q7245,Q6051619
Q7345,Q36180
Q7345,Q6625963
Q7345,Q37226
Q7345,Q1930187
Q7345,Q639669
Q7345,Q12144794
Q7345,Q1650915
Q7724,Q214917
Q7724,Q49757
Q7724,Q33231
Q7724,Q1028181
Q7724,Q6625963
Q7724,Q18814623
Q7724,Q28389
Q7724,Q36180
Q7724,Q11774202
Q7724,Q12144794
Q7728,Q36180
Q7728,Q49757
Q7728,Q6625963
Q7728,Q214917
Q7728,Q12144794
Q7728,Q15949613
Q7841,Q214917
Q7841,Q49757
Q7841,Q6625963
Q7841,Q36180
Q7841,Q11569986
Q7841,Q6430706
Q7841,Q3391743
Q7934,Q36180
Q7934,Q6625963
Q7934,Q33231
Q7934,Q1930187
Q7934,Q18844224
Q7934,Q12144794
Q8312,Q2526255
Q8312,Q28389
Q8312,Q3282637
Q8312,Q36180
Q8312,Q6625963
Q8312,Q3455803
Q8312,Q33999
Q8998,Q36180
Q8998,Q6625963
Q8998,Q37226
Q8998,Q28389
Q9327,Q15949613
Q9327,Q214917
Q9327,Q1930187
Q9327,Q6625963
Q9327,Q36180
Q9327,Q49757
Q9364,Q214917
Q9364,Q15632482
Q9364,Q6625963
Q9364,Q28389
Q9364,Q864380
Q9364,Q4263842
Q9364,Q11774202
Q9364,Q1397808
Q9364,Q15958642
Q9364,Q36180
Q9364,Q4964182
Q9364,Q16323111
Q9364,Q6051619
Q9364,Q58968
Q9364,Q822146
Q9711,Q6625963
Q9711,Q4263842
Q9711,Q36180
Q9711,Q12144794
Q9711,Q1930187
Q9711,Q4164507
Q9711,Q11774202
Q9711,Q487596
Q9711,Q2516866
Q10731,Q36180
Q10731,Q6625963
Q10731,Q33999
Q10731,Q13474373
Q10731,Q4853732
Q10731,Q10800557
Q12706,Q36180
Q12706,Q214917
Q12706,Q6625963
Q12706,Q49757
Q12706,Q6051619
Q12706,Q487596
Q12706,Q18814623
Q12706,Q1930187
Q12706,Q18939491
Q12706,Q82955
Q12706,Q2516866
Q12773,Q33999
Q12773,Q6625963
Q12773,Q49757
Q12773,Q2516866
Q12773,Q860918
Q12773,Q36180
Q12807,Q4964182
Q12807,Q6625963
Q12807,Q11774202
Q12807,Q1231865
Q12807,Q28389
Q12807,Q333634
Q12807,Q1622272
Q12807,Q16402907
Q12807,Q36180
Q12807,Q4263842
Q12807,Q3332711
Q12807,Q17167049
Q12807,Q201788
Q12881,Q36180
Q12881,Q6625963
Q12881,Q8246794
Q12881,Q33999
Q12881,Q36834
Q12881,Q1209498
Q12881,Q18844224
Q12881,Q822146
Q12881,Q753110
Q12881,Q1650915
Q12903,Q6625963
Q12903,Q36180
Q12903,Q28389
Q12903,Q214917
Q12903,Q18844224
Q12903,Q860918
Q12903,Q11499012
Q13012,Q551835
Q13012,Q193391
Q13012,Q860918
Q13012,Q6625963
Q13012,Q36180
Q13012,Q49757
Q13012,Q12144794
Q13012,Q39631
Q13914,Q36180
Q13914,Q6625963
Q13914,Q28389
Q13914,Q12144794
Q13914,Q15949613
Q14063,Q214917
Q14063,Q49757
Q14063,Q36180
Q14063,Q1086863
Q14063,Q937857
Q14063,Q6625963
Q14105,Q14467526
Q14105,Q2904006
Q14105,Q82594
Q14105,Q81096
Q14105,Q18844224
Q14105,Q6625963
Q14105,Q36180
Q15809,Q49757
Q15809,Q36180
Q15809,Q6625963
Q15809,Q82955
Q15809,Q11774202
Q15809,Q214917
Q15809,Q12144794
Q15975,Q4964182
Q15975,Q36180
Q15975,Q6625963
Q15975,Q2306091
Q15975,Q40348
Q15975,Q16533
Q15975,Q744738
Q15975,Q201788
Q15975,Q82955
Q15975,Q185351
Q15975,Q482980
Q16285,Q36180
Q16285,Q1930187
Q16285,Q49757
Q16285,Q214917
Q16285,Q82955
Q16285,Q6625963
Q16285,Q15949613
Q16297,Q10798782
Q16297,Q10800557
Q16297,Q177220
Q16297,Q2526255
Q16297,Q33999
Q16297,Q36180
Q16297,Q6625963
Q16297,Q860918
Q16297,Q2405480
Q16297,Q8246794
Q16297,Q948329
Q16297,Q18844224
Q16297,Q9017214
Q16297,Q2259451
Q16297,Q947873
Q16297,Q28389
Q16297,Q3282637
Q16297,Q12144794
Q16297,Q11631
Q16400,Q185196
Q16400,Q36180
Q16400,Q15980158
Q16400,Q6625963
Q16400,Q18814623
Q16400,Q39631
Q16400,Q482980
Q16400,Q15255771
Q16867,Q49757
Q16867,Q36180
Q16867,Q11774202
Q16867,Q4263842
Q16867,Q214917
Q16867,Q1930187
Q16867,Q18844224
Q16867,Q10297252
Q16867,Q6625963
Q16867,Q482980
Q16867,Q822146
Q16867,Q15962340
Q16867,Q876864
Q16867,Q15949613
Q16873,Q36180
Q16873,Q1930187
Q16873,Q182436
Q16873,Q6625963
Q16873,Q15949613
Q18143,Q36180
Q18143,Q1028181
Q18143,Q333634
Q18143,Q6625963
Q18143,Q214917
Q18143,Q4263842
Q18143,Q2526255
Q18143,Q28389
Q18227,Q36180
Q18227,Q33999
Q18227,Q1930187
Q18227,Q860918
Q18227,Q2516866
Q18227,Q3243461
Q18227,Q18844224
Q18227,Q278919
Q18227,Q6625963
Q18227,Q10732476
Q18227,Q109530978
Q18227,Q127695489
Q18227,Q1607826
Q18227,Q201788
Q18349,Q49757
Q18349,Q36180
Q18349,Q860918
Q18349,Q214917
Q18349,Q6625963
Q18391,Q36180
Q18391,Q11499147
Q18391,Q5121550
Q18391,Q6625963
Q18391,Q18814623
Q18391,Q1622272
Q18391,Q333634
Q18391,Q1930187
Q18391,Q10527030
Q18391,Q4964182
Q18391,Q214917
Q18391,Q937857
Q18391,Q42973
Q18404,Q36180
Q18404,Q1930187
Q18404,Q28389
Q18404,Q864380
Q18404,Q6625963
Q18404,Q82955
Q18404,Q1028181
Q18404,Q49757
Q18404,Q201788
Q18445,Q36180
Q18445,Q6625963
Q18445,Q2306091
Q18445,Q3630699
Q18445,Q18844224
Q18456,Q36180
Q18456,Q6625963
Q18456,Q333634
Q18456,Q1930187
Q18456,Q16003550
Q18456,Q18844224
Q18456,Q1607826
Q18914,Q49757
Q18914,Q36180
Q18914,Q10800557
Q18914,Q6625963
Q19330,Q121594
Q19330,Q36180
Q19330,Q6625963
Q19526,Q82955
Q19526,Q245068
Q19526,Q5716684
Q19526,Q3282637
Q19526,Q578109
Q19526,Q214917
Q19526,Q2526255
Q19526,Q121594
Q19526,Q28389
Q19526,Q36180
Q19526,Q11774202
Q19526,Q753110
Q19526,Q18814623
Q19526,Q177220
Q19526,Q10798782
Q19526,Q2259451
Q19526,Q1930187
Q19526,Q6625963
Q19526,Q1476215
Q20733,Q36180
Q20733,Q49757
Q20733,Q6625963
Q20733,Q39631
Q20733,Q15949613
Q20733,Q214917
Q22665,Q36180
Q22665,Q333634
Q22665,Q860918
Q22665,Q6625963
Q22665,Q1930187
Q22670,Q49757
Q22670,Q4964182
Q22670,Q201788
Q22670,Q182436
Q22670,Q551835
Q22670,Q214917
Q22670,Q6625963
Q22670,Q1622272
Q22670,Q333634
Q22670,Q1930187
Q22670,Q36180
Q22670,Q39631
Q22670,Q4002666
Q22670,Q21550346
Q22670,Q755070
Q22670,Q8178443
Q22714,Q6625963
Q22714,Q4853732
Q22714,Q28389
Q22714,Q36834
Q22714,Q36180
Q23114,Q11774202
Q23114,Q49757
Q23114,Q4263842
Q23114,Q860918
Q23114,Q333634
Q23114,Q6625963
Q23114,Q6430706
Q23114,Q36180
Q23114,Q15949613
Q23434,Q164236
Q23434,Q28389
Q23434,Q6625963
Q23434,Q1930187
Q23434,Q214917
Q23434,Q49757
Q23434,Q36180
Q23434,Q15949613
Q23434,Q12144794
Q23434,Q42909
Q23441,Q214917
Q23441,Q1930187
Q23441,Q487596
Q23441,Q6625963
Q23441,Q11774202
Q23441,Q4164507
Q23441,Q4263842
Q23441,Q12359071
Q23441,Q36180
Q23441,Q12144794
Q23441,Q17337766
Q23685,Q10669499
Q23685,Q193391
Q23685,Q6625963
Q23685,Q82955
Q23685,Q131512
Q23685,Q18814623
Q23685,Q3492027
Q23685,Q372436
Q23685,Q3578589
Q23685,Q43845
Q23685,Q81096
Q23685,Q16323111
Q23685,Q1476215
Q23685,Q36180
Q23685,Q22336956
Q23685,Q115784320
Q24261,Q36180
Q24261,Q12144794
Q24261,Q6625963
Q24632,Q177220
Q24632,Q36180
Q24632,Q6625963
Q24632,Q2259451
Q24632,Q10798782
Q24632,Q4853732
Q24632,Q10800557
Q24632,Q33999
Q24632,Q5716684
Q24632,Q947873
Q24632,Q578109
Q25120,Q2526255
Q25120,Q333634
Q25120,Q33999
Q25120,Q49757
Q25120,Q28389
Q25120,Q1930187
Q25120,Q6625963
Q25120,Q214917
Q25120,Q10800557
Q25120,Q4220892
Q25120,Q36180
Q25120,Q3455803
Q25120,Q12144794
Q25120,Q15253558
Q25161,Q28389
Q25161,Q6625963
Q25161,Q18814623
Q25161,Q49757
Q25161,Q15949613
Q25161,Q4853732
Q25161,Q36180
Q25161,Q618694
Q25885,Q6625963
Q25885,Q36180
Q25973,Q6625963
Q25973,Q49757
Q25973,Q6673651
Q25973,Q1028181
Q25973,Q4964182
Q25973,Q1397808
Q25973,Q644687
Q25973,Q36180
Q25973,Q115784320
Q25973,Q998550
Q25973,Q16003550
Q25973,Q8178443
Q26116,Q6625963
Q26116,Q18844224
Q26116,Q4853732
Q26116,Q5434338
Q26116,Q3578589
Q26116,Q36180
Q26412,Q49757
Q26412,Q36180
Q26412,Q6625963
Q26412,Q214917
Q26412,Q12144794
Q26993,Q49757
Q26993,Q6625963
Q26993,Q40348
Q26993,Q36180
Q28480,Q14467526
Q28480,Q36834
Q28480,Q486748
Q28480,Q6625963
Q28480,Q333634
Q28480,Q1930187
Q28480,Q822146
Q28480,Q1209498
Q28480,Q864380
Q28480,Q6051619
Q28480,Q214917
Q28480,Q49757
Q28480,Q17337766
Q28480,Q599151
Q28480,Q36180
Q28480,Q185351
Q28494,Q214917
Q28494,Q49757
Q28494,Q15949613
Q28494,Q6625963
Q28494,Q36180
Q28494,Q1209498
Q28494,Q6051619
Q29344,Q6625963
Q29344,Q11774202
Q29344,Q164236
Q29344,Q15949613
Q29344,Q36180
Q29344,Q1930187
Q29621,Q1930187
Q29621,Q15949613
Q29621,Q28389
Q29621,Q6625963
Q29621,Q18844224
Q29621,Q2526255
Q30875,Q49757
Q30875,Q214917
Q30875,Q15949613
Q30875,Q4853732
Q30875,Q6625963
Q30875,Q36180
Q30875,Q482980
Q30875,Q12144794
Q30875,Q6051619
Q30875,Q11774202
Q30875,Q3064032
Q30875,Q8178443
Q30875,Q28389
Q31215,Q49757
Q31215,Q193391
Q31215,Q1930187
Q31215,Q4164507
Q31215,Q36180
Q31215,Q214917
Q31215,Q11774202
Q31215,Q4263842
Q31215,Q6625963
Q31220,Q36180
Q31220,Q6625963
Q31220,Q49757
Q31231,Q36180
Q31231,Q6625963
Q31231,Q1930187
Q31231,Q18844224
Q31984,Q1930187
Q31984,Q36180
Q31984,Q6625963
Q31984,Q28389
Q31984,Q1622272
Q31984,Q214917
Q31984,Q4853732
Q32529,Q33999
Q32529,Q177220
Q32529,Q10800557
Q32529,Q6625963
Q32529,Q36180
Q32661,Q28389
Q32661,Q36180
Q32661,Q3282637
Q32661,Q4610556
Q32661,Q947873
Q32661,Q1930187
Q32661,Q6625963
Q32661,Q578109
Q32661,Q3455803
Q32661,Q33999
Q33055,Q36180
Q33055,Q1930187
Q33055,Q6625963
Q33055,Q4853732
Q33476,Q49757
Q33476,Q36180
Q33476,Q6625963
Q33977,Q6625963
Q33977,Q214917
Q33977,Q49757
Q33977,Q4853732
Q33977,Q36180
Q33977,Q18844224
Q33977,Q860918
Q33977,Q846430
Q34190,Q36180
Q34190,Q1930187
Q34190,Q185351
Q34190,Q16533
Q34190,Q6625963
Q34190,Q214917
Q34190,Q1209498
Q34190,Q6731168
Q34190,Q329455
Q34190,Q49084
Q34190,Q15949613
Q34474,Q36180
Q34474,Q201788
Q34474,Q6625963
Q34474,Q28389
Q34474,Q214917
Q34474,Q49757
Q34474,Q662729
Q34474,Q12144794
Q34474,Q6051619
Q34474,Q2251335
Q34474,Q47064
Q34474,Q17010072
Q34474,Q36180
Q34474,Q37226
Q34474,Q15949613
Q34660,Q3282637
Q34660,Q36180
Q34660,Q6625963
Q34660,Q4853732
Q34660,Q28389
Q34660,Q482980
Q34660,Q111597957
Q34670,Q36180
Q34670,Q4964182
Q34670,Q6625963
Q34670,Q1930187
Q34670,Q11774202
Q34670,Q214917
Q34670,Q23833535
Q34670,Q49757
Q34670,Q937857
Q34670,Q6051619
Q34743,Q36180
Q34743,Q49757
Q34743,Q6625963
Q34743,Q164236
Q34743,Q4853732
Q34743,Q18814623
Q34743,Q28389
Q34743,Q1930187
Q34743,Q18844224
Q34782,Q214917
Q34782,Q49757
Q34782,Q36180
Q34782,Q3068305
Q34782,Q6625963
Q34970,Q214917
Q34970,Q333634
Q34970,Q36180
Q34970,Q49757
Q34970,Q6625963
Q34970,Q1028181
Q34970,Q28389
Q34970,Q4263842
Q34981,Q2919046
Q34981,Q6625963
Q34981,Q12144794
Q34981,Q18814623
Q34981,Q18844224
Q34981,Q3745071
Q34981,Q15980158
Q34981,Q1622272
Q34981,Q1930187
Q34981,Q28389
Q34981,Q36180
Q34981,Q10297252
Q35064,Q36180
Q35064,Q6625963
Q35064,Q28389
Q35064,Q487596
Q35064,Q12144794
Q35064,Q18814623
Q35064,Q49757
Q35064,Q214917
Q35064,Q10297252
Q35155,Q36180
Q35155,Q6625963
Q35155,Q11774202
Q35155,Q18844224
Q35610,Q39631
Q35610,Q551835
Q35610,Q6625963
Q35610,Q11774202
Q35610,Q214917
Q35610,Q28389
Q35610,Q18844224
Q35610,Q4853732
Q35610,Q10297252
Q35610,Q15949613
Q35610,Q201788
Q35610,Q36180
Q36184,Q36180
Q36184,Q1930187
Q36184,Q6625963
Q36184,Q17337766
Q36184,Q28389
Q36184,Q738142
Q36184,Q1776724
Q36322,Q36180
Q36322,Q15949613
Q36322,Q6625963
Q36591,Q6625963
Q36591,Q49757
Q36591,Q36180
Q36591,Q350979
Q36591,Q333634
Q36591,Q214917
Q36591,Q18814623
Q36591,Q28389
Q36591,Q497294
Q36591,Q1622272
Q36591,Q4263842
Q36591,Q1930187
Q36591,Q18844224
Q36591,Q2627699
Q36591,Q10873124
Q36591,Q17167049
Q36591,Q3055126
Q36591,Q11499929
Q36951,Q1930187
Q36951,Q49757
Q36951,Q333634
Q36951,Q6625963
Q36951,Q28389
Q36951,Q6051619
Q36951,Q36180
Q37030,Q6625963
Q37030,Q11774202
Q37030,Q18814623
Q37030,Q15949613
Q37030,Q15978337
Q37030,Q18939491
Q37030,Q28389
Q37030,Q1622272
Q37030,Q36180
Q37060,Q1930187
Q37060,Q214917
Q37060,Q333634
Q37060,Q6625963
Q37060,Q49757
Q37060,Q3330547
Q37060,Q11774202
Q37060,Q18939491
Q37060,Q4263842
Q37060,Q36180
Q37060,Q28389
Q37060,Q487596
Q37060,Q3242115
Q37327,Q36180
Q37327,Q14467526
Q37327,Q2526255
Q37327,Q28389
Q37327,Q12299841
Q37327,Q49757
Q37327,Q6625963
Q37327,Q214917
Q37327,Q333634
Q37327,Q37226
Q37327,Q58968
Q37327,Q23833535
Q37327,Q18216771
Q37327,Q222344
Q37327,Q15296811
Q37327,Q1414443
Q38049,Q36180
Q38049,Q14467526
Q38049,Q49757
Q38049,Q333634
Q38049,Q6625963
Q38049,Q11774202
Q38082,Q170790
Q38082,Q14565331
Q38082,Q33231
Q38082,Q49757
Q38082,Q161944
Q38082,Q4853732
Q38082,Q18939491
Q38082,Q6625963
Q38082,Q36180
Q38082,Q18814623
Q38082,Q4964182
Q38337,Q6625963
Q38337,Q214917
Q38337,Q36180
Q38392,Q28389
Q38392,Q49757
Q38392,Q6625963
Q38392,Q15949613
Q38392,Q214917
Q38392,Q4853732
Q38392,Q36180
Q38849,Q82955
Q38849,Q11900058
Q38849,Q36180
Q38849,Q33999
Q38849,Q6625963
Q38849,Q1930187
Q38849,Q28389
Q38849,Q214917
Q38849,Q2526255
Q38849,Q822146
Q38849,Q6430706
Q38849,Q10800557
Q39212,Q36180
Q39212,Q28389
Q39212,Q164236
Q39212,Q6625963
Q39212,Q98544732
Q39803,Q6625963
Q39803,Q487596
Q39803,Q82955
Q39803,Q1930187
Q39803,Q11774202
Q39803,Q4263842
Q39803,Q28389
Q39803,Q1622272
Q39803,Q12144794
Q39803,Q214917
Q39803,Q4964182
Q39803,Q6051619
Q39803,Q36180
Q39803,Q2526255
Q39803,Q135301631
Q39829,Q578109
Q39829,Q18844224
Q39829,Q33999
Q39829,Q1086863
Q39829,Q28389
Q39829,Q1930187
Q39829,Q3455803
Q39829,Q37226
Q39829,Q6625963
Q39829,Q36180
Q39829,Q2526255
Q39987,Q36180
Q39987,Q6625963
Q39987,Q4853732
Q40479,Q36180
Q40479,Q14467526
Q40479,Q6625963
Q40479,Q18844224
Q40479,Q333634
Q40479,Q64167352
Q40479,Q33999
Q40479,Q36834
Q40479,Q28389
Q40479,Q37226
Q40479,Q69423232
Q40826,Q36180
Q40826,Q49757
Q40826,Q6625963
Q40826,Q214917
Q40826,Q6430706
Q40826,Q36180
Q40874,Q36180
Q40874,Q49757
Q40874,Q6625963
Q40874,Q214917
Q40874,Q18814623
Q40874,Q28389
Q40874,Q11774202
Q40874,Q18844224
Q40874,Q12144794
Q40909,Q6625963
Q40909,Q11774202
Q40909,Q18814623
Q40909,Q15949613
Q40909,Q18939491
Q40909,Q4263842
Q40909,Q2516866
Q40909,Q36180
Q40909,Q28692502
Q40909,Q482980
Q40946,Q1930187
Q40946,Q6625963
Q40946,Q12144794
Q40946,Q4853732
Q40946,Q4178004
Q40946,Q36180
Q40946,Q43845
Q40946,Q6051619
Q40946,Q49757
Q40946,Q2516866
Q41042,Q214917
Q41042,Q33999
Q41042,Q2526255
Q41042,Q28389
Q41042,Q36180
Q41042,Q3387717
Q41042,Q49757
Q41042,Q6625963
Q41042,Q3455803
Q41130,Q36180
Q41130,Q214917
Q41130,Q6625963
Q41166,Q49757
Q41166,Q6625963
Q41166,Q9334029
Q41166,Q4964182
Q41166,Q1476215
Q41166,Q16254673
Q41166,Q3409375
Q41166,Q36180
Q41166,Q18844224
Q41166,Q11774202
Q41166,Q6051619
Q41166,Q4853732
Q41166,Q12144794
Q41166,Q662729
Q41166,Q42603
Q41223,Q36180
Q41223,Q49757
Q41223,Q333634
Q41223,Q6625963
Q41223,Q214917
Q41223,Q486748
Q41223,Q12144794
Q41223,Q135216826
Q41223,Q28389
Q41488,Q214917
Q41488,Q49757
Q41488,Q333634
Q41488,Q6625963
Q41488,Q4964182
Q41488,Q11774202
Q41488,Q121594
Q41488,Q36180
Q41502,Q6625963
Q41502,Q28389
Q41502,Q1930187
Q41502,Q36180
Q41502,Q15949613
Q41590,Q4773904
Q41590,Q193391
Q41590,Q17488357
Q41590,Q201788
Q41590,Q1930187
Q41590,Q6625963
Q41590,Q4964182
Q41590,Q11774202
Q41590,Q214917
Q41590,Q1231865
Q41590,Q1622272
Q41590,Q4263842
Q41590,Q864380
Q41590,Q24387326
Q41590,Q18939491
Q41590,Q36180
Q41590,Q19829980
Q41590,Q12347522
Q42037,Q36180
Q42037,Q333634
Q42037,Q6625963
Q42037,Q11774202
Q42037,Q4853732
Q42037,Q1930187
Q42037,Q1622272
Q42398,Q36180
Q42398,Q6625963
Q42398,Q28389
Q42398,Q49757
Q42398,Q12144794
Q42398,Q1930187
Q42398,Q82955
Q42398,Q15949613
Q42443,Q36180
Q42443,Q49757
Q42443,Q6625963
Q42443,Q182436
Q42443,Q4263842
Q42443,Q18844224
Q42443,Q12144794
Q42443,Q864380
Q42443,Q6430706
Q42443,Q1930187
Q42511,Q36180
Q42511,Q201788
Q42511,Q1930187
Q42511,Q27496075
Q42511,Q18844224
Q42511,Q6625963
Q42511,Q2306091
Q42511,Q28389
Q42544,Q4964182
Q42544,Q201788
Q42544,Q1234713
Q42544,Q82955
Q42544,Q49757
Q42544,Q372436
Q42544,Q6625963
Q42544,Q1209498
Q42544,Q16533
Q42544,Q193391
Q42544,Q36180
Q42747,Q822146
Q42747,Q28389
Q42747,Q333634
Q42747,Q49757
Q42747,Q6625963
Q42747,Q36180
Q42747,Q115784320
Q42747,Q662729
Q42831,Q36180
Q42831,Q49757
Q42831,Q214917
Q42831,Q6625963
Q42831,Q333634
Q42831,Q12144794
Q42831,Q487596
Q42831,Q6051619
Q42831,Q15949613
Q43227,Q28389
Q43227,Q6625963
Q43227,Q18844224
Q43227,Q36180
Q43293,Q14467526
Q43293,Q333634
Q43293,Q6625963
Q43293,Q11774202
Q43293,Q8178443
Q43293,Q28389
Q43293,Q1622272
Q43293,Q49757
Q43293,Q36180
Q43293,Q12144794
Q43293,Q6430706
Q43444,Q6625963
Q43444,Q36180
Q43444,Q487596
Q43523,Q214917
Q43523,Q49757
Q43523,Q822146
Q43523,Q6625963
Q43523,Q18814623
Q43523,Q28389
Q43523,Q36180
Q43730,Q2516866
Q43730,Q36180
Q43730,Q28389
Q43730,Q333634
Q43730,Q6625963
Q43736,Q36180
Q43736,Q6625963
Q43736,Q28389
Q43736,Q49757
Q44183,Q36180
Q44183,Q49757
Q44183,Q6625963
Q44183,Q28389
Q44183,Q18844224
Q44219,Q49757
Q44219,Q6625963
Q44219,Q1622272
Q44219,Q11774202
Q44219,Q36180
Q44306,Q36180
Q44306,Q6625963
Q44306,Q11774202
Q44306,Q28389
Q44306,Q4853732
Q44306,Q33999
Q44306,Q482980
Q44331,Q36180
Q44331,Q214917
Q44331,Q551835
Q44331,Q28389
Q44331,Q211346
Q44331,Q6625963
Q44331,Q73306227
Q44331,Q69423232
Q44331,Q12144794
Q44331,Q39631
Q44336,Q36180
Q44336,Q6625963
Q44336,Q214917
Q44336,Q28389
Q44336,Q49757
Q44336,Q14467526
Q44490,Q1234713
Q44490,Q49757
Q44490,Q3409375
Q44490,Q250867
Q44490,Q6625963
Q44490,Q1622272
Q44490,Q13424456
Q44490,Q4964182
Q44490,Q36180
Q44519,Q6625963
Q44519,Q4853732
Q44519,Q864380
Q44519,Q37226
Q44519,Q49757
Q44519,Q36180
Q44519,Q12144794
Q44519,Q333634
Q44519,Q18814623
Q44520,Q49757
Q44520,Q6625963
Q44520,Q1540278
Q44520,Q36180
Q44540,Q49757
Q44540,Q36180
Q44540,Q1930187
Q44540,Q6625963
Q44540,Q2516866
Q44593,Q36180
Q44593,Q6625963
Q44593,Q1930187
Q44593,Q11774202
Q44593,Q15949613
Q45124,Q36180
Q45124,Q49757
Q45124,Q82955
Q45124,Q36834
Q45124,Q6625963
Q45124,Q28389
Q45124,Q214917
Q45124,Q11499147
Q45124,Q901
Q45221,Q36180
Q45221,Q2526255
Q45221,Q1028181
Q45221,Q49757
Q45221,Q28389
Q45221,Q214917
Q45221,Q33999
Q45221,Q10800557
Q45221,Q3282637
Q45221,Q222344
Q45221,Q482980
Q45221,Q3391743
Q45221,Q69423232
Q45221,Q6625963
Q45765,Q36180
Q45765,Q1930187
Q45765,Q6625963
Q45765,Q164236
Q45765,Q11774202
Q45765,Q18814623
Q45765,Q28389
Q45765,Q18844224
Q45765,Q4853732
Q45765,Q3579035
Q45765,Q12144794
Q45765,Q49757
Q45765,Q18939491
Q45765,Q707995
Q45765,Q12356615
Q46248,Q36180
Q46248,Q6625963
Q46248,Q1930187
Q46248,Q28389
Q46248,Q18844224
Q46248,Q4853732
Q46248,Q482980
Q46599,Q49757
Q46599,Q333634
Q46599,Q1028181
Q46599,Q6625963
Q46599,Q214917
Q46599,Q189290
Q46599,Q36180
Q46599,Q12144794
Q46599,Q27044075
Q47087,Q205375
Q47087,Q28389
Q47087,Q6625963
Q47087,Q18844224
Q47087,Q11900058
Q47087,Q36180
Q47087,Q169470
Q47087,Q15980158
Q47087,Q846430
Q47152,Q3579035
Q47152,Q6625963
Q47152,Q11774202
Q47152,Q214917
Q47152,Q864380
Q47152,Q36180
Q47152,Q18844224
Q47152,Q49757
Q47152,Q15949613
Q47152,Q333634
Q47152,Q135215714
Q47162,Q36180
Q47162,Q214917
Q47162,Q11774202
Q47162,Q201788
Q47162,Q6625963
Q47162,Q14915627
Q47162,Q12144794
Q47162,Q864380
Q47162,Q639669
Q47162,Q37226
Q47243,Q36180
Q47243,Q214917
Q47243,Q28389
Q47243,Q49757
Q47243,Q333634
Q47243,Q6625963
Q47243,Q8178443
Q47243,Q4263842
Q47293,Q36180
Q47293,Q6625963
Q47293,Q214917
Q47293,Q28389
Q47484,Q1930187
Q47484,Q3282637
Q47484,Q11774202
Q47484,Q214917
Q47484,Q6625963
Q47484,Q18939491
Q47484,Q3579035
Q47484,Q333634
Q47484,Q18814623
Q47484,Q36180
Q47484,Q12144794
Q47484,Q28389
Q47561,Q36180
Q47561,Q6625963
Q47561,Q193391
Q47561,Q49757
Q47561,Q11774202
Q47561,Q15949613
Q47619,Q49757
Q47619,Q36180
Q47619,Q6625963
Q47619,Q214917
Q47619,Q15949613
Q47619,Q3579163
Q47619,Q12144794
Q47755,Q36180
Q47755,Q333634
Q47755,Q6625963
Q47755,Q1930187
Q47755,Q28389
Q47755,Q214917
Q48559,Q36180
Q48559,Q18814623
Q48559,Q201788
Q48559,Q6625963
Q76003,Q1930187
Q76003,Q36180
Q76003,Q4853732
Q76003,Q6625963
Q76189,Q36180
Q76189,Q6625963
Q76258,Q36180
Q76258,Q39631
Q76258,Q201788
Q76258,Q6625963
Q76258,Q49757
Q76370,Q36180
Q76370,Q333634
Q76370,Q6625963
Q76370,Q49757
Q76409,Q33999
Q76409,Q36180
Q76409,Q28389
Q76409,Q49757
Q76409,Q6625963
Q76409,Q1930187
Q76409,Q482980
Q76409,Q1086863
Q76409,Q18814623
Q76409,Q18939491
Q76480,Q36180
Q76480,Q49757
Q76480,Q6625963
Q76480,Q11774202
Q76480,Q28389
Q76480,Q864380
Q76480,Q18814623
Q76480,Q12144794
Q76480,Q214917
Q76480,Q333634
Q76480,Q644687
Q76480,Q1930187
Q76480,Q15296811
Q76483,Q36180
Q76483,Q49757
Q76483,Q214917
Q76483,Q333634
Q76483,Q6625963
Q76487,Q49757
Q76487,Q214917
Q76487,Q333634
Q76487,Q6625963
Q76487,Q36180
Q76487,Q15296811
Q76492,Q36180
Q76492,Q1209498
Q76492,Q1028181
Q76492,Q15296811
Q76492,Q6625963
Q76492,Q49757
Q76534,Q36180
Q76534,Q82955
Q76534,Q6625963
Q76534,Q1930187
Q76534,Q49757
Q76539,Q36180
Q76539,Q6625963
Q76539,Q4853732
Q76539,Q1930187
Q76539,Q18814623
Q76546,Q36180
Q76546,Q49757
Q76546,Q6625963
Q76546,Q4853732
Q76546,Q28389
Q76546,Q1930187
Q76546,Q214917
Q76546,Q15214752
Q76546,Q6051619
Q76546,Q639669
Q76632,Q105186
Q76632,Q36180
Q76632,Q49757
Q76632,Q201788
Q76632,Q333634
Q76632,Q6625963
Q76632,Q1930187
Q76632,Q6430706
Q76632,Q17337766
Q76632,Q164236
Q76632,Q8178443
Q76699,Q185351
Q76699,Q16533
Q76699,Q6625963
Q76699,Q28389
Q76699,Q1622272
Q76699,Q1209498
Q76755,Q1930187
Q76755,Q36180
Q76755,Q6625963
Q76755,Q214917
Q76755,Q4263842
Q76949,Q36180
Q76949,Q6625963
Q76949,Q4853732
Q76949,Q593644
Q77037,Q6625963
Q77037,Q49757
Q77037,Q12869138
Q77037,Q36180
Q77079,Q36180
Q77079,Q6625963
Q77079,Q49757
Q77079,Q8178443
Q77087,Q36180
Q77087,Q333634
Q77087,Q28389
Q77087,Q4263842
Q77087,Q1930187
Q77087,Q6625963
Q77087,Q49757
Q77087,Q18814623
Q77087,Q15949613
Q77204,Q36180
Q77204,Q1209498
Q77204,Q333634
Q77204,Q214917
Q77204,Q18939491
Q77204,Q6625963
Q77206,Q644687
Q77206,Q4853732
Q77206,Q214917
Q77206,Q33231
Q77206,Q18611810
Q77206,Q36180
Q77206,Q8178443
Q77206,Q6625963
Q77208,Q6625963
Q77208,Q49757
Q77208,Q214917
Q77208,Q2526255
Q77208,Q28389
Q77208,Q876864
Q77208,Q3455803
Q77208,Q8178443
Q77208,Q2516852
Q77208,Q36180
Q77226,Q49757
Q77226,Q82955
Q77226,Q36180
Q77226,Q6625963
Q77226,Q1930187
Q77226,Q11774202
Q77226,Q18844224
Q77319,Q36180
Q77319,Q6625963
Q77319,Q28389
Q77319,Q4853732
Q77489,Q28389
Q77489,Q2526255
Q77489,Q6625963
Q77489,Q36180
Q77489,Q18844224
Q77497,Q333634
Q77497,Q214917
Q77497,Q36180
Q77497,Q11774202
Q77497,Q12144794
Q77497,Q6625963
Q77497,Q755070
Q77497,Q8178443
Q77549,Q49757
Q77549,Q333634
Q77549,Q36180
Q77549,Q6625963
Q77728,Q36180
Q77728,Q49757
Q77728,Q6625963
Q77733,Q6625963
Q77733,Q36180
Q77751,Q36180
Q77751,Q214917
Q77751,Q15949613
Q77751,Q6625963
Q77753,Q36180
Q77753,Q49757
Q77753,Q333634
Q77753,Q6625963
Q78003,Q36180
Q78003,Q28389
Q78003,Q214917
Q78003,Q11774202
Q78003,Q6625963
Q78003,Q1209498
Q78003,Q69423232
Q78003,Q8178443
Q78386,Q8178443
Q78386,Q1622272
Q78386,Q49757
Q78386,Q6625963
Q78386,Q36180
Q78487,Q36180
Q78487,Q182436
Q78487,Q6625963
Q78487,Q214917
Q78487,Q28389
Q78487,Q11774202
Q78487,Q81096
Q78487,Q12144794
Q78491,Q36180
Q78491,Q333634
Q78491,Q1930187
Q78491,Q214917
Q78491,Q49757
Q78491,Q4263842
Q78491,Q201788
Q78491,Q864380
Q78491,Q6625963
Q78491,Q12144794
Q78491,Q11774202
Q78494,Q36180
Q78494,Q4964182
Q78494,Q6625963
Q78494,Q1930187
Q78494,Q28389
Q78494,Q18814623
Q78494,Q1238570
Q78511,Q36180
Q78511,Q333634
Q78511,Q6625963
Q78511,Q18844224
Q78511,Q214917
Q78644,Q4610556
Q78644,Q6625963
Q78644,Q36180
Q78644,Q18814623
Q78644,Q28692502
Q78644,Q10800557
Q78644,Q5583669
Q78644,Q33999
Q78644,Q22336956
Q79025,Q49757
Q79025,Q214917
Q79025,Q14467526
Q79025,Q333634
Q79025,Q6625963
Q79025,Q14915627
Q79025,Q864380
Q79025,Q36180
Q79025,Q16533
Q79025,Q1209498
Q79025,Q40348
Q79025,Q201788
Q79025,Q4263842
Q79025,Q15949613
Q79089,Q36180
Q79089,Q15949613
Q79089,Q6625963
Q79153,Q1930187
Q79153,Q36180
Q79153,Q40348
Q79153,Q6625963
Q79153,Q1937330
Q79153,Q6051619
Q79153,Q1234713
Q79153,Q12144794
Q79904,Q36180
Q79904,Q6625963
Q80064,Q36180
Q80064,Q3606216
Q80064,Q214917
Q80064,Q593644
Q80064,Q11774202
Q80064,Q6625963
Q80095,Q6625963
Q80095,Q11774202
Q80095,Q28389
Q80095,Q1622272
Q80095,Q18844224
Q80095,Q36180
Q80137,Q49757
Q80137,Q6625963
Q80137,Q36180
Q80137,Q37226
Q80137,Q1540278
Q80321,Q14467526
Q80321,Q6625963
Q80321,Q333634
Q80321,Q214917
Q80321,Q49757
Q80321,Q4964182
Q80321,Q36180
Q80596,Q214917
Q80596,Q11774202
Q80596,Q28389
Q80596,Q1930187
Q80596,Q6625963
Q80596,Q36180
Q80596,Q12144794
Q80889,Q6625963
Q80889,Q333634
Q80889,Q36180
Q80889,Q28389
Q80889,Q12144794
Q80889,Q49757
Q80900,Q333634
Q80900,Q6625963
Q80900,Q18814623
Q80900,Q1476215
Q80900,Q28389
Q80900,Q1930187
Q80900,Q4853732
Q80900,Q36180
Q80900,Q219477
Q80900,Q12144794
Q81071,Q28389
Q81071,Q6625963
Q81071,Q1930187
Q81071,Q42909
Q81071,Q36180
Q81071,Q69423232
Q81438,Q36180
Q81438,Q2516866
Q81438,Q11774202
Q81438,Q1229025
Q81438,Q37226
Q81438,Q1930187
Q81438,Q49757
Q81438,Q6625963
Q81447,Q49757
Q81447,Q6625963
Q81447,Q4964182
Q81447,Q28389
Q81447,Q18844224
Q81447,Q12144794
Q81447,Q482980
Q81447,Q1622272
Q81685,Q36180
Q81685,Q1930187
Q81685,Q49757
Q81685,Q6625963
Q81685,Q214917
Q81685,Q28389
Q81685,Q4263842
Q81685,Q864380
Q81731,Q715222
Q81731,Q6625963
Q81731,Q49757
Q81731,Q36180
Q81731,Q18939491
Q81731,Q4964182
Q81731,Q69423232
Q81796,Q36180
Q81796,Q6625963
Q81796,Q214917
Q81796,Q1930187
Q81796,Q4853732
Q81796,Q8178443
Q81796,Q28389
Q81796,Q73306227
Q81796,Q69423232
Q82006,Q82955
Q82006,Q6625963
Q82006,Q36180
Q82006,Q864380
Q82006,Q7614320
Q82032,Q36180
Q82032,Q1607826
Q82032,Q1622272
Q82032,Q6625963
Q82075,Q36180
Q82075,Q808967
Q82075,Q6625963
Q82075,Q40348
Q82075,Q185351
Q82104,Q1930187
Q82104,Q36180
Q82104,Q6625963
Q82104,Q28389
Q82104,Q12144794
Q82104,Q45199
Q82217,Q36180
Q82217,Q6625963
Q82248,Q214917
Q82248,Q36180
Q82248,Q6625963
Q82248,Q28389
Q82248,Q12144794
Q82349,Q36180
Q82349,Q6625963
Q82349,Q18844224
Q82349,Q4853732
Q82925,Q36180
Q82925,Q6625963
Q82925,Q11774202
Q82925,Q28389
Q82925,Q18844224
Q82925,Q18814623
Q82925,Q133777278
Q83059,Q36180
Q83059,Q6625963
Q83059,Q1622272
Q83059,Q11774202
Q83059,Q482980
Q83158,Q1028181
Q83158,Q214917
Q83158,Q2526255
Q83158,Q49757
Q83158,Q33999
Q83158,Q644687
Q83158,Q6625963
Q83158,Q28389
Q83158,Q8178443
Q83158,Q2405480
Q83158,Q2000124
Q83158,Q36180
Q83158,Q5322166
Q83158,Q33231
Q83158,Q36834
Q83158,Q12144794
Q83158,Q2519376
Q83158,Q7541856
Q83158,Q482980
Q83158,Q3455803
Q83158,Q107212688
Q83158,Q222344
Q83158,Q20857490
Q83158,Q16947657
Q83158,Q15296811
Q83158,Q1414443
Q83158,Q3374326
Q83321,Q333634
Q83321,Q49757
Q83321,Q182436
Q83321,Q806798
Q83321,Q6625963
Q83321,Q193391
Q83321,Q36180
Q83321,Q2873500
Q83321,Q18814623
Q83566,Q2405480
Q83566,Q28389
Q83566,Q4853732
Q83566,Q6625963
Q83566,Q36180
Q84011,Q2526255
Q84011,Q6625963
Q84011,Q36180
Q84011,Q28389
Q85361,Q3387717
Q85361,Q36180
Q85361,Q3455803
Q85361,Q6625963
Q85463,Q36180
Q85463,Q28389
Q85463,Q6625963
Q85463,Q49757
Q85590,Q49757
Q85590,Q214917
Q85590,Q6625963
Q85590,Q599151
Q85756,Q16533
Q85756,Q1209498
Q85756,Q6625963
Q86232,Q333634
Q86232,Q36180
Q86232,Q6625963
Q86407,Q49757
Q86407,Q15949613
Q86407,Q6625963
Q86407,Q18939491
Q86407,Q36180
Q86407,Q4853732
Q86407,Q33231
Q86487,Q36180
Q86487,Q1930187
Q86487,Q6625963
Q86983,Q37226
Q86983,Q36180
Q86983,Q82955
Q86983,Q185351
Q86983,Q372436
Q86983,Q15980158
Q86983,Q6625963
Q86983,Q40348
Q86983,Q12144794
Q86983,Q49757
Q86994,Q36180
Q86994,Q28389
Q86994,Q6625963
Q87120,Q2526255
Q87120,Q14467526
Q87120,Q28389
Q87120,Q333634
Q87120,Q6625963
Q87120,Q36180
Q87120,Q214917
Q87487,Q177220
Q87487,Q6625963
Q87487,Q36180
Q87487,Q49757
Q87487,Q36834
Q87487,Q61996872
Q88252,Q36180
Q88252,Q333634
Q88252,Q6625963
Q88984,Q33999
Q88984,Q3387717
Q88984,Q36180
Q88984,Q18844224
Q88984,Q6625963
Q89261,Q28389
Q89261,Q6625963
Q89261,Q214917
Q89261,Q36180
Q89265,Q28389
Q89265,Q36180
Q89265,Q6625963
Q89560,Q36180
Q89560,Q49757
Q89560,Q36834
Q89560,Q6625963
Q89891,Q36180
Q89891,Q6625963
Q89891,Q970153
Q89891,Q10800557
Q89891,Q15319501
Q89891,Q1238570
Q89891,Q108915619
Q89891,Q107983063
Q89992,Q214917
Q89992,Q6625963
Q89992,Q36180
Q90009,Q13570226
Q90009,Q1622272
Q90009,Q36180
Q90009,Q4263842
Q90009,Q1930187
Q90009,Q6625963
Q90217,Q36180
Q90217,Q2526255
Q90217,Q28389
Q90217,Q49757
Q90217,Q6625963
Q90238,Q36180
Q90238,Q49757
Q90238,Q6625963
Q90238,Q12144794
Q90459,Q36180
Q90459,Q6625963
Q90459,Q28389
Q90459,Q1930187
Q90929,Q2526255
Q90929,Q28389
Q90929,Q3391743
Q90929,Q1607826
Q90929,Q6625963
Q91059,Q36180
Q91059,Q201788
Q91059,Q2306091
Q91059,Q1622272
Q91059,Q1930187
Q91059,Q4853732
Q91059,Q6625963
Q91288,Q6625963
Q91288,Q4964182
Q91288,Q36180
Q91288,Q18844224
Q91288,Q876864
Q91589,Q2259451
Q91589,Q36180
Q91589,Q33999
Q91589,Q6625963
Q91589,Q487596
Q92129,Q1930187
Q92129,Q36180
Q92129,Q6625963
Q92162,Q333634
Q92162,Q36180
Q92162,Q6051619
Q92162,Q6625963
Q92562,Q36180
Q92562,Q1930187
Q92562,Q82955
Q92562,Q6625963
Q92562,Q864380
Q92562,Q11774156
Q92562,Q4263842
Q92775,Q6430706
Q92775,Q15981151
Q92775,Q6625963
Q92775,Q2722764
Q92775,Q864380
Q92775,Q4853732
Q92775,Q201788
Q92775,Q1930187
Q92849,Q170790
Q92849,Q6625963
Q92849,Q36180
Q92849,Q1622272
Q92849,Q82594
Q92849,Q18844224
Q93166,Q36180
Q93166,Q28389
Q93166,Q333634
Q93166,Q6625963
Q93166,Q1622272
Q93166,Q49757
Q93166,Q487596
Q93166,Q11774202
Q93166,Q12144794
Q93166,Q15949613
Q49001,Q10798782
Q49001,Q10800557
Q49001,Q2722764
Q49001,Q488205
Q49001,Q177220
Q49001,Q36180
Q49001,Q6625963
Q49001,Q2405480
Q49001,Q18668527
Q49001,Q948329
Q49001,Q2259451
Q49001,Q4853732
Q49001,Q245068
Q49001,Q3282637
Q49001,Q947873
Q49001,Q28389
Q49001,Q1759246
Q49001,Q13235160
Q49001,Q578109
Q49001,Q36834
Q49001,Q33999
Q49001,Q2526255
Q49017,Q10798782
Q49017,Q10800557
Q49017,Q33999
Q49017,Q245068
Q49017,Q486748
Q49017,Q2405480
Q49017,Q36180
Q49017,Q639669
Q49017,Q2526255
Q49017,Q6625963
Q49017,Q28389
Q49017,Q488205
Q49017,Q177220
Q49017,Q2059704
Q49017,Q13382576
Q49017,Q3282637
Q49017,Q3455803
Q49061,Q49757
Q49061,Q974144
Q49061,Q6625963
Q49061,Q36180
Q49061,Q37226
Q49065,Q36180
Q49065,Q6625963
Q49065,Q1622272
Q49072,Q28389
Q49072,Q36180
Q49072,Q6625963
Q49072,Q18939491
Q49072,Q18844224
Q49478,Q214917
Q49478,Q36180
Q49478,Q6625963
Q49478,Q482980
Q49478,Q1930187
Q49478,Q49757
Q49637,Q36180
Q49637,Q1930187
Q49637,Q28389
Q49637,Q6625963
Q49767,Q333634
Q49767,Q82955
Q49767,Q193391
Q49767,Q201788
Q49767,Q49757
Q49767,Q6625963
Q49767,Q1930187
Q49767,Q11774202
Q49767,Q47064
Q49767,Q864380
Q49767,Q36180
Q50038,Q6625963
Q50038,Q28389
Q50038,Q36180
Q50713,Q2526255
Q50713,Q33999
Q50713,Q28389
Q50713,Q3282637
Q50713,Q7042855
Q50713,Q482980
Q50713,Q6625963
Q50713,Q47541952
Q50713,Q3455803
Q50713,Q69423232
Q50713,Q36180
Q50764,Q2526255
Q50764,Q1930187
Q50764,Q36180
Q50764,Q28389
Q50764,Q4220892
Q50764,Q7042855
Q50764,Q37226
Q50764,Q33999
Q50764,Q6625963
Q50764,Q3387717
Q51107,Q36180
Q51107,Q214917
Q51107,Q1930187
Q51107,Q6625963
Q51107,Q49757
Q51513,Q6625963
Q51513,Q8178443
Q51513,Q49757
Q51513,Q214917
Q51513,Q36180
Q51513,Q28389
Q51513,Q36834
Q51513,Q11774202
Q52045,Q6625963
Q52045,Q49757
Q52255,Q13570226
Q52255,Q6625963
Q52255,Q214917
Q52255,Q28389
Q52255,Q36180
Q52255,Q69423232
Q53672,Q36180
Q53672,Q6625963
Q53672,Q28389
Q54543,Q10833314
Q54543,Q36180
Q54543,Q18814623
Q54543,Q49757
Q54543,Q6625963
Q54545,Q10833314
Q54545,Q18814623
Q54545,Q6625963
Q54545,Q36180
Q55211,Q36180
Q55211,Q2526255
Q55211,Q3282637
Q55211,Q7042855
Q55211,Q6625963
Q55211,Q28389
Q55211,Q11774202
Q55211,Q33999
Q55211,Q222344
Q55211,Q3455803
Q55428,Q2526255
Q55428,Q36180
Q55428,Q28389
Q55428,Q3282637
Q55428,Q6625963
Q55428,Q1440873
Q55428,Q578109
Q55428,Q3455803
Q55767,Q28389
Q55767,Q4853732
Q55767,Q6625963
Q55767,Q36180
Q55773,Q36180
Q55773,Q1930187
Q55773,Q6625963
Q55773,Q28389
Q55993,Q49757
Q55993,Q6625963
Q55993,Q36180
Q55993,Q37226
Q55993,Q860918
Q55993,Q1781198
Q55993,Q4853732
Q55993,Q12144794
Q55993,Q1231865
Q55993,Q15949613
Q57236,Q36180
Q57236,Q3068305
Q57236,Q36834
Q57236,Q6625963
Q57236,Q644687
Q57236,Q177220
Q57239,Q49757
Q57239,Q36180
Q57239,Q333634
Q57239,Q214917
Q57239,Q4263842
Q57239,Q6625963
Q57239,Q20551564
Q57239,Q2516866
Q57239,Q135214963
Q57239,Q135216826
Q57239,Q4421425
Q57277,Q49757
Q57277,Q551835
Q57277,Q11774202
Q57277,Q6625963
Q57277,Q39631
Q57277,Q482980
Q57307,Q36180
Q57307,Q49757
Q57307,Q36834
Q57307,Q6625963
Q57307,Q214917
Q57382,Q36180
Q57382,Q28389
Q57382,Q82955
Q57382,Q6625963
Q57382,Q11774202
Q57382,Q1930187
Q57382,Q4263842
Q57382,Q18844224
Q57382,Q6430706
Q57382,Q482980
Q57387,Q36180
Q57387,Q6625963
Q57387,Q214917
Q57387,Q28389
Q57387,Q1930187
Q57389,Q36180
Q57389,Q214917
Q57389,Q6625963
Q57389,Q11774202
Q57389,Q551835
Q57389,Q1930187
Q57389,Q783906
Q57389,Q18844224
Q57389,Q49757
Q57389,Q39631
Q57389,Q10855616
Q57389,Q28389
Q57389,Q17337766
Q57393,Q6625963
Q57393,Q1397808
Q57393,Q36180
Q57477,Q333634
Q57477,Q6625963
Q57477,Q36180
Q57629,Q49757
Q57629,Q36180
Q57629,Q333634
Q57629,Q6625963
Q57629,Q214917
Q58057,Q49757
Q58057,Q82955
Q58057,Q6625963
Q58057,Q36180
Q58057,Q1397808
Q58057,Q753110
Q58057,Q487596
Q58612,Q49757
Q58612,Q36180
Q58612,Q6625963
Q58612,Q974144
Q58612,Q214917
Q58612,Q333634
Q58811,Q36180
Q58811,Q214917
Q58811,Q82955
Q58811,Q6625963
Q58811,Q1930187
Q58836,Q1930187
Q58836,Q864380
Q58836,Q6051619
Q58836,Q36180
Q58836,Q214917
Q58836,Q6625963
Q59076,Q36180
Q59076,Q11774202
Q59076,Q6625963
Q59076,Q1930187
Q59076,Q4263842
Q59076,Q28389
Q59152,Q36180
Q59152,Q18844224
Q59152,Q4853732
Q59152,Q6625963
Q59441,Q36180
Q59441,Q6625963
Q59441,Q8246794
Q59441,Q14467526
Q59896,Q36180
Q59896,Q6625963
Q60369,Q36180
Q60369,Q6625963
Q60369,Q28389
Q60369,Q6430706
Q60369,Q15949613
Q60369,Q12144794
Q60647,Q36180
Q60647,Q6625963
Q60647,Q1028181
Q60753,Q1930187
Q60753,Q36180
Q60753,Q6625963
Q60753,Q28389
Q60753,Q2523292
Q60753,Q487596
Q60753,Q123285360
Q60785,Q36180
Q60785,Q49757
Q60785,Q182436
Q60785,Q201788
Q60785,Q6625963
Q60785,Q214917
Q60785,Q4964182
Q60785,Q639669
Q60785,Q8178443
Q60851,Q12144794
Q60851,Q15949613
Q60851,Q1607826
Q60851,Q1930187
Q60851,Q6625963
Q60851,Q28389
Q60851,Q6051619
Q60851,Q49757
Q60851,Q10270331
Q60851,Q333634
Q60851,Q8178443
Q60953,Q33999
Q60953,Q10800557
Q60953,Q2259451
Q60953,Q10798782
Q60953,Q2405480
Q60953,Q6625963
Q60953,Q18814623
Q60955,Q214917
Q60955,Q6625963
Q60955,Q11774202
Q61198,Q36180
Q61198,Q6625963
Q61198,Q28389
Q61198,Q201788
Q61220,Q36180
Q61220,Q4178004
Q61220,Q3922505
Q61220,Q1371925
Q61220,Q6625963
Q61220,Q15949613
Q61522,Q36180
Q61522,Q6625963
Q61522,Q4853732
Q61601,Q49757
Q61601,Q36180
Q61601,Q6625963
Q61601,Q214917
Q61601,Q1209498
Q61627,Q333634
Q61627,Q36180
Q61627,Q6625963
Q61629,Q36180
Q61629,Q28389
Q61629,Q6625963
Q61629,Q18814623
Q61629,Q49757
Q61629,Q4853732
Q62365,Q36180
Q62365,Q49757
Q62365,Q6625963
Q62365,Q15949613
Q62559,Q36180
Q62559,Q6625963
Q62559,Q49757
Q62559,Q11774202
Q62559,Q12144794
Q62559,Q2599593
Q62559,Q16308156
Q62559,Q15949613
Q62559,Q6051619
Q62559,Q37226
Q62753,Q36180
Q62753,Q182436
Q62753,Q6625963
Q62892,Q39631
Q62892,Q551835
Q62892,Q6625963
Q62892,Q28389
Q62950,Q36180
Q62950,Q4853732
Q62950,Q6625963
Q63011,Q36180
Q63011,Q6625963
Q63837,Q36180
Q63837,Q1930187
Q63837,Q6625963
Q64069,Q36180
Q64069,Q6625963
Q64069,Q28389
Q64248,Q36180
Q64248,Q6625963
Q64397,Q6625963
Q64397,Q2920595
Q64397,Q28692502
Q64397,Q201788
Q64397,Q11774202
Q64577,Q33999
Q64577,Q3282637
Q64577,Q36180
Q64577,Q6625963
Q64577,Q28389
Q64577,Q864380
Q64577,Q10800557
Q65504,Q36180
Q65504,Q14467526
Q65504,Q333634
Q65504,Q864380
Q65504,Q11774202
Q65504,Q214917
Q65504,Q49757
Q65504,Q876864
Q65504,Q6051619
Q65504,Q6625963
Q66207,Q36180
Q66207,Q82955
Q66207,Q6625963
Q66207,Q201788
Q66207,Q214917
Q66207,Q482980
Q66213,Q36180
Q66213,Q1930187
Q66213,Q6625963
Q66213,Q214917
Q66213,Q487596
Q66248,Q36180
Q66248,Q214917
Q66248,Q11774202
Q66248,Q1930187
Q66248,Q6625963
Q66426,Q36180
Q66426,Q49757
Q66426,Q6625963
Q66950,Q49757
Q66950,Q333634
Q66950,Q15949613
Q66950,Q11774202
Q66950,Q6625963
Q66950,Q18939491
Q66950,Q36180
Q67423,Q36180
Q67423,Q6625963
Q67504,Q36180
Q67504,Q6625963
Q67504,Q876864
Q67504,Q998550
Q68036,Q36180
Q68036,Q49757
Q68036,Q18814623
Q68036,Q214917
Q68036,Q6625963
Q69139,Q36180
Q69139,Q4853732
Q69139,Q6625963
Q69339,Q6625963
Q69339,Q36180
Q69339,Q193391
Q69339,Q4853732
Q69339,Q18844224
Q69339,Q15949613
Q69973,Q40348
Q69973,Q36180
Q69973,Q15949613
Q69973,Q6625963
Q70988,Q36180
Q70988,Q49757
Q70988,Q6625963
Q70988,Q214917
Q70988,Q1209498
Q70988,Q1930187
Q71309,Q6625963
Q71309,Q333634
Q71309,Q36180
Q71309,Q18844224
Q71378,Q36180
Q71378,Q1930187
Q71378,Q6625963
Q71618,Q36180
Q71618,Q214917
Q71618,Q1622272
Q71618,Q1086863
Q71618,Q82955
Q71618,Q6625963
Q71624,Q36180
Q71624,Q6625963
Q71624,Q1622272
Q71624,Q4853732
Q71624,Q462390
Q71640,Q36180
Q71640,Q327029
Q71640,Q81096
Q71640,Q6625963
Q71714,Q36180
Q71714,Q6625963
Q71714,Q4853732
Q72334,Q36180
Q72334,Q6625963
Q72334,Q8178443
Q72334,Q1622272
Q72334,Q49757
Q72334,Q4853732
Q72334,Q20856740
Q72334,Q876864
Q72334,Q62083492
Q72541,Q14467526
Q72541,Q28389
Q72541,Q6625963
Q72541,Q333634
Q72541,Q36180
Q72541,Q214917
Q72541,Q40348
Q72541,Q11085831
Q72653,Q6625963
Q72653,Q4853732
Q72653,Q36180
Q72705,Q36180
Q72705,Q6625963
Q72705,Q864380
Q72705,Q1930187
Q72833,Q36180
Q72833,Q49757
Q72833,Q2516852
Q72833,Q6625963
Q72867,Q10798782
Q72867,Q10800557
Q72867,Q2526255
Q72867,Q947873
Q72867,Q6625963
Q72867,Q28389
Q72867,Q36180
Q72867,Q18545066
Q72867,Q2405480
Q72867,Q2095549
Q72867,Q386854
Q73176,Q36180
Q73176,Q6625963
Q73176,Q11774202
Q73176,Q4263842
Q73176,Q2059704
Q73176,Q578109
Q73176,Q2526255
Q73418,Q36180
Q73418,Q49757
Q73418,Q6625963
Q73506,Q28389
Q73506,Q36180
Q73506,Q6625963
Q73506,Q214917
Q73506,Q1569495
Q73506,Q4853732
Q73506,Q37226
Q74465,Q36180
Q74465,Q1930187
Q74465,Q164236
Q74465,Q214917
Q74465,Q6625963
Q75059,Q49757
Q75059,Q36180
Q75059,Q13570226
Q75059,Q6625963
Q75059,Q2504617
Q75059,Q4263842
Q75612,Q333634
Q75612,Q6625963
Q75612,Q860918
Q75612,Q18814623
Q75612,Q1930187
Q75612,Q4853732
Q75612,Q28389
Q75612,Q12144794
Q75612,Q115784320
Q75649,Q36180
Q75649,Q28389
Q75649,Q6625963
Q75733,Q36180
Q75733,Q333634
Q75733,Q18844224
Q75733,Q6625963
Q75868,Q82955
Q75868,Q36180
Q75868,Q6625963
Q75868,Q214917
Q75868,Q16323111
Q75889,Q49757
Q75889,Q182436
Q75889,Q36180
Q75889,Q333634
Q75889,Q6625963
Q75889,Q4964182
Q75889,Q8178443
Q75889,Q609016
Q93343,Q14467526
Q93343,Q49757
Q93343,Q333634
Q93343,Q214917
Q93343,Q6625963
Q93343,Q36180
Q93343,Q8178443
Q93354,Q36180
Q93354,Q6625963
Q93354,Q15949613
Q93354,Q28389
Q93354,Q214917
Q93450,Q170790
Q93450,Q6625963
Q93450,Q36180
Q93450,Q214917
Q93450,Q6430706
Q93450,Q333634
Q93514,Q36180
Q93514,Q83634378
Q93514,Q49757
Q93514,Q6625963
Q93525,Q36180
Q93525,Q214917
Q93525,Q12144794
Q93525,Q6625963
Q93525,Q15949613
Q93620,Q36180
Q93620,Q6625963
Q93620,Q18844224
Q93620,Q4853732
Q93718,Q49757
Q93718,Q6625963
Q93718,Q214917
Q93718,Q36180
Q93797,Q36180
Q93797,Q6625963
Q93797,Q28389
Q93797,Q49757
Q93797,Q6430706
Q93797,Q6051619
Q93959,Q333634
Q93959,Q36180
Q93959,Q487596
Q93959,Q6625963
Q93959,Q49757
Q94186,Q36180
Q94186,Q214917
Q94186,Q28389
Q94186,Q49757
Q94186,Q6625963
Q94273,Q36180
Q94273,Q28389
Q94273,Q11774202
Q94273,Q33231
Q94273,Q15949613
Q94273,Q6625963
Q94273,Q214917
Q94280,Q28389
Q94280,Q6625963
Q94280,Q36180
Q94280,Q18844224
Q94480,Q36180
Q94480,Q185351
Q94480,Q1209498
Q94480,Q40348
Q94480,Q12144794
Q94480,Q214917
Q94480,Q6625963
Q95207,Q36180
Q95207,Q2961580
Q95207,Q18844224
Q95207,Q356139
Q95207,Q6625963
Q95231,Q36180
Q95231,Q18939491
Q95231,Q6625963
Q95443,Q36180
Q95443,Q6625963
Q96087,Q2599593
Q96087,Q6625963
Q96087,Q49757
Q96087,Q1607826
Q96087,Q333634
Q96087,Q36180
Q96087,Q37226
Q96087,Q6051619
Q96426,Q18844224
Q96426,Q876864
Q96426,Q1930187
Q96426,Q356139
Q96426,Q6625963
Q96426,Q15949613
Q96426,Q36180
Q96453,Q1930187
Q96453,Q36180
Q96453,Q6625963
Q96688,Q49757
Q96688,Q1930187
Q96688,Q36180
Q96688,Q6625963
Q96817,Q6625963
Q96817,Q36180
Q96912,Q36180
Q96912,Q333634
Q96912,Q6625963
Q96912,Q49757
Q97142,Q333634
Q97142,Q36180
Q97142,Q2599593
Q97142,Q17167049
Q97142,Q11499929
Q97142,Q6625963
Q97477,Q36180
Q97477,Q49757
Q97477,Q4964182
Q97477,Q6625963
Q98444,Q6625963
Q98444,Q36180
Q98444,Q185351
Q98929,Q28389
Q98929,Q1930187
Q98929,Q36180
Q98929,Q6625963
Q98929,Q214917
Q98929,Q49757
Q100035,Q49757
Q100035,Q333634
Q100035,Q6625963
Q100035,Q36180
Q101529,Q7019111
Q101529,Q6625963
Q101529,Q551835
Q101529,Q27532437
Q101529,Q36180
Q101529,Q12718299
Q101529,Q285759
Q101529,Q56224063
Q101638,Q333634
Q101638,Q4964182
Q101638,Q201788
Q101638,Q6625963
Q101638,Q11774202
Q101638,Q1540278
Q101638,Q11293375
Q101638,Q3579035
Q101638,Q4853732
Q101638,Q36180
Q101871,Q36180
Q101871,Q6625963
Q101871,Q214917
Q101871,Q864380
Q101878,Q6625963
Q101878,Q36180
Q101878,Q214917
Q102034,Q39631
Q102034,Q170790
Q102034,Q12765408
Q102034,Q49757
Q102034,Q6625963
Q102034,Q17156912
Q102034,Q3779582
Q102034,Q350979
Q102034,Q3368718
Q102034,Q2374149
Q102513,Q6625963
Q102513,Q49757
Q102513,Q4853732
Q102513,Q15949613
Q102513,Q36180
Q102513,Q18510179
Q102513,Q11774202
Q102669,Q40348
Q102669,Q36180
Q102669,Q1209498
Q102669,Q3391743
Q102669,Q6625963
Q102852,Q333634
Q102852,Q201788
Q102852,Q36180
Q102852,Q28389
Q102852,Q1930187
Q102852,Q11774202
Q102852,Q6625963
Q103035,Q36180
Q103035,Q6625963
Q103035,Q3068305
Q103114,Q49757
Q103114,Q2526255
Q103114,Q753110
Q103114,Q11774202
Q103114,Q6625963
Q103114,Q33999
Q103114,Q33231
Q103114,Q69423232
Q103114,Q36180
Q103114,Q28389
Q103797,Q36180
Q103797,Q1930187
Q103797,Q4178004
Q103797,Q6625963
Q104081,Q33999
Q104081,Q3282637
Q104081,Q177220
Q104081,Q245068
Q104081,Q47064
Q104081,Q2526255
Q104081,Q2722764
Q104081,Q578109
Q104081,Q10800557
Q104081,Q10798782
Q104081,Q2259451
Q104081,Q11481802
Q104081,Q2405480
Q104081,Q28389
Q104081,Q3455803
Q104081,Q6625963
Q104081,Q67200257
Q105118,Q36180
Q105118,Q28389
Q105118,Q6625963
Q105118,Q214917
Q105118,Q2526255
Q105118,Q33999
Q105118,Q578109
Q105118,Q12144794
Q105118,Q1650915
Q105163,Q1792450
Q105163,Q201788
Q105163,Q36180
Q105163,Q6625963
Q105163,Q11774202
Q105163,Q108741972
Q105167,Q36180
Q105167,Q6625963
Q105167,Q15980158
Q105167,Q12144794
Q105167,Q28389
Q105756,Q49757
Q105756,Q36180
Q105756,Q6625963
Q105756,Q11774202
Q105756,Q214917
Q105756,Q4164507
Q105756,Q482980
Q105756,Q4263842
Q105756,Q18844224
Q105756,Q4853732
Q105756,Q1930187
Q105994,Q36180
Q105994,Q28389
Q105994,Q214917
Q105994,Q333634
Q105994,Q6625963
Q106018,Q36180
Q106018,Q6625963
Q106073,Q6625963
Q106073,Q15949613
Q106073,Q28389
Q106073,Q2526255
Q106073,Q36180
Q106083,Q36180
Q106083,Q214917
Q106083,Q15962340
Q106083,Q6625963
Q106285,Q6625963
Q106285,Q214917
Q106285,Q3387717
Q106366,Q36180
Q106366,Q1930187
Q106366,Q6625963
Q106465,Q36180
Q106465,Q40348
Q106465,Q6625963
Q106465,Q82955
Q106465,Q28389
Q106465,Q3282637
Q106465,Q33999
Q106465,Q578109
Q106465,Q4853732
Q106465,Q219477
Q106465,Q185351
Q106606,Q36180
Q106606,Q6625963
Q106740,Q36180
Q106740,Q333634
Q106740,Q6625963
Q106740,Q214917
Q106740,Q11774202
Q106740,Q49757
Q106740,Q14466416
Q106740,Q1607826
Q106740,Q15949613
Q106740,Q13418253
Q106795,Q333634
Q106795,Q214917
Q106795,Q36180
Q106795,Q49757
Q106795,Q6625963
Q107002,Q164236
Q107002,Q6625963
Q107002,Q36180
Q107002,Q18814623
Q107002,Q28389
Q107002,Q18844224
Q107002,Q18939491
Q107002,Q12144794
Q107002,Q15949613
Q107002,Q1930187
Q108206,Q1234713
Q108206,Q36180
Q108206,Q432386
Q108206,Q6625963
Q108206,Q338221
Q108611,Q33999
Q108611,Q6625963
Q108611,Q2259451
Q108611,Q10800557
Q108941,Q10800557
Q108941,Q6625963
Q108941,Q214917
Q108941,Q2405480
Q108941,Q28389
Q108941,Q36180
Q108941,Q10798782
Q108941,Q2259451
Q108941,Q177220
Q108941,Q17221
Q108941,Q839935
Q108941,Q3282637
Q108941,Q33999
Q110197,Q36180
Q110197,Q6625963
Q110506,Q36180
Q110506,Q6625963
Q111619,Q36180
Q111619,Q6625963
Q111673,Q49757
Q111673,Q201788
Q111673,Q6625963
Q111673,Q36180
Q112169,Q36180
Q112169,Q333634
Q112169,Q12144794
Q112169,Q49757
Q112169,Q6625963
Q112391,Q551835
Q112391,Q211346
Q112391,Q28136886
Q112391,Q4853732
Q112391,Q6625963
Q113233,Q49757
Q113233,Q6625963
Q113233,Q36180
Q113233,Q1622272
Q113233,Q483501
Q113233,Q3391743
Q113233,Q18844224
Q113265,Q10297252
Q113265,Q28389
Q113265,Q1930187
Q113265,Q18844224
Q113265,Q6625963
Q113433,Q49757
Q113433,Q36180
Q113433,Q3391743
Q113433,Q6625963
Q113554,Q36180
Q113554,Q1607826
Q113554,Q6625963
Q113554,Q28389
Q113554,Q18844224
Q113681,Q36180
Q113681,Q214917
Q113681,Q245068
Q113681,Q6625963
Q113681,Q1930187
Q113681,Q15253558
Q113964,Q36180
Q113964,Q6625963
Q113974,Q28389
Q113974,Q2722764
Q113974,Q6625963
Q113974,Q36180
Q114509,Q36180
Q114509,Q6625963
Q114509,Q4853732
Q115243,Q1930187
Q115243,Q36180
Q115243,Q8178443
Q115243,Q18844224
Q115243,Q6625963
Q115483,Q36180
Q115483,Q42973
Q115483,Q214917
Q115483,Q6625963
Q115483,Q18939491
Q115483,Q28389
Q115483,Q4964182
Q115483,Q1930187
Q115483,Q864380
Q115483,Q49757
Q115674,Q6625963
Q115674,Q36180
Q115674,Q28389
Q115674,Q18844224
Q115683,Q11774202
Q115683,Q36180
Q115683,Q214917
Q115683,Q6625963
Q115754,Q2526255
Q115754,Q28389
Q115754,Q6625963
Q115754,Q36180
Q115754,Q10800557
Q116055,Q36180
Q116055,Q4263842
Q116055,Q1622272
Q116055,Q11774202
Q116055,Q2505739
Q116055,Q6625963
Q116133,Q6625963
Q116133,Q36180
Q116133,Q182436
Q116258,Q36180
Q116258,Q1930187
Q116258,Q6625963
Q116258,Q214917
Q116288,Q36180
Q116288,Q6625963
Q116692,Q36180
Q116692,Q6625963
Q116692,Q4853732
Q117425,Q36180
Q117425,Q6625963
Q117425,Q28389
Q117425,Q4853732
Q117425,Q18814623
Q117425,Q10800557
Q117455,Q28389
Q117455,Q1930187
Q117455,Q36180
Q117455,Q1086863
Q117455,Q6625963
Q117664,Q49757
Q117664,Q6625963
Q117664,Q214917
Q117664,Q36180
Q117664,Q876864
Q117913,Q36180
Q117913,Q214917
Q117913,Q1114448
Q117913,Q11900058
Q117913,Q6625963
Q117913,Q11774156
Q117913,Q1028181
Q117913,Q49757
Q118057,Q1234713
Q118057,Q6625963
Q118057,Q49757
Q118057,Q36180
Q118057,Q6673651
Q118969,Q188094
Q118969,Q6625963
Q118969,Q82955
Q118969,Q36180
Q118969,Q3578589
Q118969,Q15839134
Q118973,Q6625963
Q118973,Q214917
Q119101,Q49757
Q119101,Q6625963
Q119101,Q36180
Q119142,Q49757
Q119142,Q36180
Q119142,Q333634
Q119142,Q6625963
Q119358,Q36180
Q119358,Q6625963
Q119563,Q36180
Q119563,Q47064
Q119563,Q15949613
Q119563,Q6625963
Q120085,Q1930187
Q120085,Q6625963
Q120085,Q36180
Q120085,Q164236
Q120432,Q6625963
Q120432,Q36180
Q120432,Q214917
Q120578,Q6625963
Q120578,Q36180
Q120578,Q28389
Q120578,Q214917
Q120946,Q33999
Q120946,Q36180
Q120946,Q214917
Q120946,Q2259451
Q120946,Q15949613
Q120946,Q6625963
Q121060,Q6625963
Q121060,Q214917
Q121060,Q82955
Q121060,Q36180
Q121060,Q49757
Q121060,Q333634
Q121180,Q36180
Q121180,Q6625963
Q121180,Q28389
Q121180,Q12144794
Q121778,Q49757
Q121778,Q15949613
Q121778,Q6625963
Q121778,Q1622272
Q121778,Q36180
Q121899,Q6625963
Q121899,Q36180
Q121899,Q18844224
Q122020,Q33999
Q122020,Q10798782
Q122020,Q10800557
Q122020,Q488205
Q122020,Q3282637
Q122020,Q6625963
Q122020,Q2405480
Q122020,Q131524
Q122020,Q183945
Q122020,Q3501317
Q122358,Q36180
Q122358,Q6625963
Q122358,Q955464
Q122358,Q1234713
Q122370,Q36180
Q122370,Q49757
Q122370,Q1028181
Q122370,Q6625963
Q122370,Q2325255
Q122591,Q1930187
Q122591,Q6625963
Q122591,Q4853732
Q122591,Q28389
Q122644,Q644687
Q122644,Q6625963
Q122644,Q1028181
Q122644,Q715301
Q122644,Q47005195
Q122644,Q482980
Q122644,Q1925963
Q122644,Q36180
Q122743,Q1930187
Q122743,Q6625963
Q122743,Q36180
Q122939,Q36180
Q122939,Q49757
Q122939,Q6625963
Q122939,Q1930187
Q122939,Q214917
Q122939,Q11774202
Q123053,Q36180
Q123053,Q6625963
Q123053,Q4853732
Q123080,Q164236
Q123080,Q1930187
Q123080,Q49757
Q123080,Q36180
Q123080,Q6625963
Q123080,Q3579035
Q123080,Q8178443
Q123080,Q5322166
Q123080,Q93469866
Q123117,Q36180
Q123117,Q6625963
Q123269,Q1930187
Q123269,Q36180
Q123269,Q6625963
Q123283,Q82955
Q123283,Q36180
Q123283,Q551835
Q123283,Q6625963
Q123283,Q211346
Q123283,Q18533509
Q123283,Q39631
Q123332,Q36180
Q123332,Q6625963
Q123386,Q333634
Q123386,Q36834
Q123386,Q6625963
Q123386,Q36180
Q123386,Q214917
Q123386,Q49757
Q123386,Q11774202
Q123386,Q4964182
Q123389,Q6625963
Q123389,Q214917
Q123389,Q1209498
Q123389,Q40348
Q123392,Q36180
Q123392,Q6625963
Q123392,Q18844224
Q123392,Q28389
Q123402,Q36180
Q123402,Q6625963
Q123421,Q1930187
Q123421,Q36180
Q123421,Q6625963
Q123421,Q1234713
Q123469,Q6625963
Q123469,Q214917
Q123469,Q1930187
Q123469,Q36180
Q123491,Q36180
Q123491,Q49757
Q123491,Q28389
Q123491,Q6625963
Q123740,Q1028181
Q123740,Q1281618
Q123740,Q4164507
Q123740,Q1437754
Q123740,Q644687
Q123740,Q6625963
Q123740,Q11569986
Q123740,Q36180
Q123740,Q1925963
Q123740,Q3391743
Q123740,Q17351648
Q123740,Q107212688
Q123740,Q15296811
Q123740,Q10862983
Q123740,Q47005195
Q123867,Q6625963
Q123867,Q4964182
Q123867,Q214917
Q123867,Q36180
Q123867,Q12144794
Q124262,Q1900167
Q124262,Q36180
Q124262,Q212980
Q124262,Q6625963
Q124372,Q36180
Q124372,Q49757
Q124372,Q6625963
Q124372,Q482980
Q124372,Q17167049
Q124372,Q2599593
Q124372,Q4178004
Q124372,Q1402736
Q124372,Q876864
Q124527,Q1930187
Q124527,Q36180
Q124527,Q6625963
Q124527,Q214917
Q124527,Q4853732
Q124527,Q18814623
Q124527,Q15296811
Q124527,Q12406482
Q124527,Q15949613
Q124527,Q11774202
Q124527,Q1114448
Q124633,Q36180
Q124633,Q6625963
Q124735,Q36180
Q124735,Q49757
Q124735,Q6625963
Q124735,Q28389
Q124735,Q4263842
Q124735,Q1234713
Q124847,Q15980158
Q124847,Q333634
Q124847,Q6625963
Q125175,Q36180
Q125175,Q6625963
Q125175,Q11774202
Q125364,Q36180
Q125364,Q6625963
Q125484,Q214917
Q125484,Q36180
Q125484,Q6625963
Q125598,Q36180
Q125598,Q1930187
Q125598,Q214917
Q125598,Q326653
Q125598,Q6625963
Q125780,Q36180
Q125780,Q6625963
Q125780,Q1476215
Q125970,Q6625963
Q125970,Q36180
Q125970,Q28389
Q125970,Q81096
Q126029,Q36180
Q126029,Q6625963
Q126377,Q36180
Q126377,Q15949613
Q126377,Q6625963
Q126687,Q36180
Q126687,Q6625963
Q126941,Q28389
Q126941,Q3282637
Q126941,Q6625963
Q126941,Q1930187
Q126941,Q36180
Q126941,Q214917
Q126941,Q18844224
Q126941,Q33999
Q126941,Q578109
Q126941,Q2526255
Q127079,Q36180
Q127079,Q6625963
Q127332,Q49757
Q127332,Q6625963
Q127332,Q36180
Q127332,Q1540278
Q127332,Q37226
Q127539,Q36180
Q127539,Q1622272
Q127539,Q1209498
Q127539,Q1930187
Q127539,Q6625963
Q128560,Q36180
Q128560,Q6625963
Q128560,Q214917
Q128560,Q1930187
Q128560,Q28389
Q128560,Q18814623
Q128560,Q4853732
Q128560,Q9352089
Q128653,Q6625963
Q128653,Q822146
Q128653,Q28389
Q128714,Q1930187
Q128714,Q36180
Q128714,Q18844224
Q128714,Q6625963
Q128714,Q214917
Q128790,Q36180
Q128790,Q6625963
Q128790,Q1930187
Q128790,Q33231
Q128790,Q482980
Q128790,Q21694268
Q128837,Q6625963
Q129187,Q36180
Q129187,Q6625963
Q129187,Q214917
Q129187,Q49757
Q129187,Q28389
Q129187,Q18814623
Q129371,Q28389
Q129371,Q6625963
Q129371,Q715301
Q129478,Q1930187
Q129478,Q6625963
Q129851,Q2526255
Q129851,Q28389
Q129851,Q36180
Q129851,Q753110
Q129851,Q3455803
Q129851,Q6625963
Q130141,Q36180
Q130141,Q1930187
Q130141,Q15949613
Q130141,Q6625963
Q130385,Q6625963
Q130779,Q6625963
Q130779,Q36180
Q130779,Q18844224
Q130780,Q169470
Q130780,Q752129
Q130780,Q11063
Q130780,Q36180
Q130780,Q1930187
Q130780,Q18844224
Q130780,Q6625963
Q130786,Q201788
Q130786,Q6625963
Q130786,Q36180
Q130786,Q2314719
Q130786,Q1493121
Q131018,Q36180
Q131018,Q551835
Q131018,Q6625963
Q131018,Q12406482
Q131326,Q333634
Q131326,Q6625963
Q131326,Q1930187
Q131326,Q36180
Q131326,Q49757
Q131326,Q2526255
Q131326,Q69423232
Q131333,Q6625963
Q131333,Q333634
Q131333,Q4964182
Q131333,Q36180
Q131333,Q49757
Q131333,Q1930187
Q131333,Q11774202
Q131333,Q1607826
Q131487,Q49757
Q131487,Q36180
Q131487,Q6625963
Q131487,Q214917
Q131549,Q36180
Q131549,Q6625963
Q132111,Q36180
Q132111,Q6625963
Q132111,Q28389
Q132111,Q6430706
Q132138,Q49757
Q132138,Q6625963
Q132138,Q36180
Q132162,Q49757
Q132162,Q6625963
Q132162,Q36180
Q132162,Q1028181
Q132162,Q864380
Q132162,Q1234713
Q132524,Q214917
Q132524,Q4964182
Q132524,Q6625963
Q132524,Q28389
Q132524,Q4263842
Q132524,Q11774202
Q132524,Q1930187
Q132524,Q18844224
Q132524,Q36180
Q132589,Q36180
Q132589,Q49757
Q132589,Q6625963
Q132589,Q82955
Q132589,Q1930187
Q132589,Q11774202
Q132589,Q1622272
Q132589,Q10800557
Q132695,Q36180
Q132695,Q49757
Q132695,Q6625963
Q132695,Q18844224
Q132723,Q36180
Q132723,Q6625963
Q132723,Q49757
Q132805,Q36180
Q132805,Q6625963
Q132805,Q28389
Q132805,Q49757
Q133042,Q36180
Q133042,Q6625963
Q133042,Q49757
Q133042,Q15949613
Q133054,Q49757
Q133054,Q36180
Q133054,Q6625963
Q133054,Q11774202
Q133054,Q18814623
Q133054,Q18939491
Q133054,Q4853732
Q133562,Q36180
Q133562,Q6625963
Q133562,Q28389
Q133869,Q36180
Q133869,Q1930187
Q133869,Q4853732
Q133869,Q2526255
Q133869,Q28389
Q133869,Q6625963
Q133869,Q37226
Q134180,Q28389
Q134180,Q6625963
Q134180,Q36180
Q134180,Q214917
Q134180,Q18814623
Q134180,Q33999
Q134180,Q1930187
Q134262,Q214917
Q134262,Q6625963
Q134262,Q28389
Q134262,Q49757
Q134262,Q36180
Q134456,Q36180
Q134456,Q12144794
Q134456,Q6625963
Q134456,Q214917
Q134456,Q28389
Q134456,Q49757
Q134456,Q11774202
Q134456,Q333634
Q134456,Q6430706
Q134456,Q2259451
Q134456,Q10800557
Q134456,Q2526255
Q134456,Q3387717
Q134456,Q4610556
Q134456,Q11499147
Q134456,Q212238
Q134456,Q15949613
Q134477,Q333634
Q134477,Q6625963
Q134477,Q4853732
Q134477,Q36180
Q134798,Q14467526
Q134798,Q6625963
Q134798,Q36180
Q134798,Q333634
Q134798,Q11774202
Q134798,Q11513337
Q134798,Q1622272
Q134798,Q18844224
Q134798,Q12144794
Q134798,Q15949613
Q134898,Q1930187
Q134898,Q6625963
Q134898,Q11774202
Q134898,Q36180
Q134942,Q214917
Q134942,Q6625963
Q134942,Q551835
Q134942,Q28389
Q134942,Q12144794
Q134942,Q4263842
Q134942,Q2314719
Q134942,Q36180
Q134942,Q39631
Q137679,Q6625963
Q137679,Q36180
Q137679,Q15980158
Q137679,Q28389
Q137819,Q36180
Q137819,Q214917
Q137819,Q8178443
Q137819,Q6625963
Q137819,Q36834
Q138882,Q36180
Q138882,Q6625963
Q138882,Q4853732
Q138882,Q15949613
Q139348,Q6625963
Q139348,Q18844224
Q139506,Q36180
Q139506,Q6625963
Q139739,Q6625963
Q140052,Q36180
Q140052,Q6625963
Q140052,Q11774202
Q140052,Q3400985
Q140193,Q6625963
Q140193,Q36180
Q140201,Q6625963
Q140201,Q36180
Q140201,Q18844224
Q141649,Q36180
Q141649,Q6625963
Q141649,Q4853732
Q142106,Q6625963
Q142106,Q36180
Q142383,Q6625963
Q142383,Q36180
Q142444,Q6625963
Q142444,Q36180
Q142444,Q333634
Q142590,Q36180
Q142590,Q6625963
Q144090,Q6625963
Q144090,Q36180
Q144090,Q18844224
Q144391,Q1476215
Q144391,Q36180
Q144391,Q49757
Q144391,Q6625963
Q144391,Q974144
Q144391,Q15949613
Q144439,Q1930187
Q144439,Q4964182
Q144439,Q36180
Q144439,Q4263842
Q144439,Q12144794
Q144439,Q15949613
Q144439,Q6625963
Q146763,Q10871364
Q146763,Q3282637
Q146763,Q6625963
Q146763,Q27349
Q146763,Q36180
Q146763,Q28389
Q146763,Q49757
Q146763,Q2526255
Q146763,Q10800557
Q148234,Q6625963
Q148234,Q28389
Q148234,Q18844224
Q148234,Q12144794
Q148234,Q4853732
Q148234,Q36180
Q149489,Q201788
Q149489,Q6625963
Q149489,Q36180
Q149489,Q214917
Q149489,Q18533509
Q149489,Q1476215
Q149489,Q1930187
Q149489,Q49757
Q149489,Q39631
Q149489,Q211346
Q149489,Q185351
Q149489,Q1622272
Q149499,Q36180
Q149499,Q6625963
Q149499,Q1476215
Q149499,Q4853732
Q150471,Q36834
Q150471,Q16533
Q150471,Q3658608
Q150471,Q1028181
Q150471,Q4853732
Q150471,Q36180
Q150471,Q158852
Q150471,Q28389
Q150471,Q18844224
Q150471,Q6625963
Q150471,Q1350157
Q150471,Q15296811
Q150471,Q18939491
Q150471,Q6430706
Q150471,Q3455803
Q150471,Q15949613
Q150471,Q4421425
Q150943,Q10800557
Q150943,Q33999
Q150943,Q6625963
Q150943,Q2405480
Q150943,Q36180
Q150943,Q47064
Q150943,Q2259451
Q150943,Q10349745
Q150943,Q189290
Q151164,Q82955
Q151164,Q2526255
Q151164,Q28389
Q151164,Q7042855
Q151164,Q1792450
Q151164,Q6625963
Q151164,Q36180
Q151164,Q1930187
Q151164,Q4164507
Q151164,Q12144794
Q151164,Q214917
Q151164,Q3621491
Q151164,Q1397808
Q151403,Q14467526
Q151403,Q13570226
Q151403,Q201788
Q151403,Q333634
Q151403,Q170790
Q151403,Q4964182
Q151403,Q11774202
Q151403,Q36180
Q151403,Q4263842
Q151403,Q6625963
Q151403,Q37226
Q151720,Q14467526
Q151720,Q49757
Q151720,Q333634
Q151720,Q36180
Q151720,Q40348
Q151720,Q5482740
Q151720,Q18844224
Q151720,Q6625963
Q151720,Q15978655
Q151720,Q185351
Q151820,Q551835
Q151820,Q6625963
Q151820,Q36180
Q151820,Q47064
Q151872,Q14467526
Q151872,Q1930187
Q151872,Q6625963
Q151872,Q333634
Q151872,Q11774202
Q151872,Q1231865
Q151872,Q1622272
Q151872,Q4853732
Q151872,Q49757
Q151872,Q36180
Q151872,Q15949613
Q152513,Q333634
Q152513,Q49757
Q152513,Q6625963
Q152513,Q121594
Q152513,Q36180
Q152690,Q36180
Q152690,Q6625963
Q152690,Q214917
Q152690,Q2251335
Q152690,Q28389
Q152690,Q1930187
Q152690,Q15949613
Q152824,Q36180
Q152824,Q2526255
Q152824,Q28389
Q152824,Q121594
Q152824,Q11774202
Q152824,Q6625963
Q152824,Q4964182
Q152824,Q4263842
Q152824,Q1930187
Q152824,Q28692502
Q152824,Q4220892
Q152824,Q3387717
Q152824,Q1476215
Q152824,Q201788
Q152824,Q6051619
Q152843,Q10798782
Q152843,Q10800557
Q152843,Q4610556
Q152843,Q214917
Q152843,Q15980158
Q152843,Q6625963
Q152843,Q2259451
Q152843,Q578109
Q152843,Q33999
Q153177,Q33999
Q153177,Q6625963
Q153177,Q28389
Q153177,Q36180
Q153177,Q10800557
Q153248,Q36180
Q153248,Q2526255
Q153248,Q28389
Q153248,Q6625963
Q153248,Q214917
Q153248,Q18814623
Q153248,Q1930187
Q153248,Q28692502
Q153248,Q4964182
Q153248,Q3455803
Q153670,Q593644
Q153670,Q49757
Q153670,Q82955
Q153670,Q36180
Q153670,Q6625963
Q153670,Q18844224
Q153670,Q18814623
Q153670,Q4964182
Q153670,Q333634
Q153670,Q11774202
Q153701,Q36180
Q153701,Q6625963
Q153701,Q1622272
Q153701,Q18844224
Q154691,Q36180
Q154691,Q28389
Q154691,Q193391
Q154691,Q6625963
Q154691,Q40348
Q154691,Q1930187
Q154691,Q1209498
Q154691,Q12144794
Q154691,Q214917
Q154691,Q6051619
Q154691,Q1569495
Q154691,Q6430706
Q154691,Q270141
Q154691,Q49757
Q154756,Q36180
Q154756,Q1930187
Q154756,Q11774202
Q154756,Q6625963
Q154756,Q28389
Q155087,Q214917
Q155087,Q6625963
Q155087,Q28389
Q155087,Q36180
Q155106,Q164236
Q155106,Q36180
Q155106,Q589298
Q155106,Q42909
Q155106,Q947873
Q155106,Q1930187
Q155106,Q6625963
Q155286,Q6625963
Q155286,Q36180
Q155286,Q28389
Q155845,Q6625963
Q155845,Q49757
Q155845,Q4263842
Q155845,Q11774202
Q155845,Q36180
Q155845,Q4964182
Q155845,Q1622272
Q155855,Q333634
Q155855,Q6625963
Q155855,Q3455803
Q155855,Q33231
Q155855,Q214917
Q155855,Q1930187
Q155855,Q18844224
Q155855,Q4853732
Q155855,Q36180
Q155855,Q4964182
Q155855,Q1028181
Q155855,Q4263842
Q155855,Q11774202
Q155855,Q49757
Q155855,Q42298217
Q155855,Q644687
Q155855,Q12356615
Q157004,Q28389
Q157004,Q36180
Q157004,Q82955
Q157004,Q4964182
Q157004,Q6625963
Q157271,Q4964182
Q157271,Q333634
Q157271,Q36180
Q157271,Q6625963
Q157271,Q4263842
Q157271,Q1622272
Q157271,Q49757
Q157271,Q1607826
Q157271,Q201788
Q157271,Q15962340
Q157271,Q17391638
Q157271,Q1792450
Q157303,Q2526255
Q157303,Q49757
Q157303,Q6625963
Q157303,Q11774202
Q157303,Q4263842
Q157303,Q16157743
Q157303,Q1235152
Q157303,Q69423232
Q157303,Q36180
Q157303,Q182436
Q157322,Q2526255
Q157322,Q28389
Q157322,Q193391
Q157322,Q333634
Q157322,Q2095549
Q157322,Q6625963
Q157322,Q36180
Q157322,Q3083223
Q157326,Q36180
Q157326,Q6625963
Q157326,Q1930187
Q157326,Q40348
Q157326,Q49757
Q157970,Q36180
Q157970,Q49757
Q157970,Q4853732
Q157970,Q20551564
Q157970,Q1607826
Q157970,Q2073803
Q157970,Q6051619
Q157970,Q6625963
Q157970,Q3075052
Q158060,Q201788
Q158060,Q6625963
Q158060,Q4964182
Q158060,Q36180
Q158060,Q2306091
Q158060,Q7019111
Q158060,Q1476215
Q158060,Q33231
Q158060,Q49757
Q158060,Q18814623
Q158060,Q6051619
Q158060,Q37226
Q158060,Q1930187
Q158060,Q1792450
Q158060,Q188094
Q158394,Q49757
Q158394,Q36180
Q158394,Q6625963
Q158394,Q4263842
Q158394,Q1930187
Q158394,Q12144794
Q158394,Q333634
Q158394,Q15949613
Q158878,Q4773904
Q158878,Q36180
Q158878,Q6625963
Q158878,Q11774202
Q158878,Q12347522
Q158878,Q49757
Q158997,Q1238570
Q158997,Q4964182
Q158997,Q4263842
Q158997,Q201788
Q158997,Q6625963
Q158997,Q36180
Q158997,Q18844224
Q158997,Q1930187
Q158997,Q16323111
Q159552,Q36180
Q159552,Q49757
Q159552,Q6625963
Q159552,Q11774202
Q159552,Q1790480
Q159552,Q1930187
Q159552,Q1086863
Q159552,Q1155838
Q159552,Q1281618
Q159876,Q3410028
Q159876,Q1622272
Q159876,Q2306091
Q159876,Q4964182
Q159876,Q4263842
Q159876,Q6625963
Q159876,Q14467526
Q160219,Q33999
Q160219,Q28389
Q160219,Q3282637
Q160219,Q36180
Q160219,Q6625963
Q160219,Q18844224
Q160219,Q4853732
Q160219,Q43845
Q160219,Q69423232
Q160219,Q131524
Q160263,Q2722764
Q160263,Q28389
Q160263,Q1930187
Q160263,Q4853732
Q160263,Q6625963
Q160263,Q36180
Q160534,Q36180
Q160534,Q49757
Q160534,Q6625963
Q160534,Q28389
Q160534,Q12144794
Q160783,Q36180
Q160783,Q333634
Q160783,Q6625963
Q160783,Q4853732
Q161819,Q33999
Q161819,Q177220
Q161819,Q36180
Q161819,Q10800557
Q161819,Q2405480
Q161819,Q6625963
Q161819,Q28389
Q161819,Q1198887
Q161819,Q4853732
Q161819,Q2259451
Q161819,Q947873
Q161842,Q36180
Q161842,Q28389
Q161842,Q333634
Q161842,Q1231865
Q161842,Q121594
Q161842,Q1209498
Q161842,Q6625963
Q161842,Q49757
Q161842,Q82955
Q161955,Q49757
Q161955,Q36180
Q161955,Q6625963
Q161955,Q11774202
Q161955,Q15296811
Q161955,Q33231
Q161955,Q17391638
Q162136,Q36180
Q162136,Q1930187
Q162136,Q15949613
Q162136,Q6625963
Q162511,Q214917
Q162511,Q36180
Q162511,Q6625963
Q162511,Q4164507
Q162740,Q36180
Q162740,Q1930187
Q162740,Q82955
Q162740,Q6625963
Q162740,Q1209498
Q162740,Q193391
Q162740,Q40348
Q162778,Q1028181
Q162778,Q49757
Q162778,Q177220
Q162778,Q6625963
Q162778,Q36180
Q162778,Q214917
Q162778,Q82955
Q162778,Q28389
Q162917,Q28389
Q162917,Q2526255
Q162917,Q1930187
Q162917,Q333634
Q162917,Q6625963
Q162917,Q36180
Q163069,Q36180
Q163069,Q6625963
Q163118,Q6625963
Q163118,Q49757
Q163118,Q11774202
Q163118,Q333634
Q163118,Q1622272
Q163118,Q36180
Q163118,Q214917
Q163118,Q4263842
Q163118,Q15949613
Q163118,Q18814623
Q163557,Q36180
Q163557,Q3455803
Q163557,Q214917
Q163557,Q1930187
Q163557,Q49757
Q163557,Q18844224
Q163557,Q333634
Q163557,Q28389
Q163557,Q6625963
Q163747,Q28389
Q163747,Q36180
Q163747,Q1930187
Q163747,Q6625963
Q163747,Q214917
Q163747,Q17337766
Q163747,Q4263842
Q163747,Q4853732
Q163747,Q2526255
Q163747,Q11774202
Q164401,Q11063
Q164401,Q170790
Q164401,Q188094
Q164401,Q6625963
Q164401,Q1622272
Q164401,Q18844224
Q164401,Q36180
Q164967,Q11499147
Q164967,Q49757
Q164967,Q6625963
Q164967,Q10301984
Q165357,Q10800557
Q165357,Q10798782
Q165357,Q6625963
Q165357,Q36180
Q165801,Q36180
Q165801,Q6625963
Q165801,Q482980
Q166351,Q189290
Q166351,Q36180
Q166351,Q6625963
Q166351,Q18844224
Q166590,Q36180
Q166590,Q333634
Q166590,Q6625963
Q167289,Q36180
Q167289,Q6625963
Q167289,Q18844224
Q167768,Q36180
Q167768,Q6625963
Q167768,Q12144794
Q167821,Q214917
Q167821,Q33999
Q167821,Q28389
Q167821,Q6625963
Q167821,Q11774202
Q167821,Q36180
Q167821,Q4263842
Q167821,Q15980158
Q167821,Q18844224
Q167821,Q82955
Q167821,Q1930187
Q167821,Q12144794
Q167821,Q6051619
Q167821,Q482980
Q167856,Q36180
Q167856,Q189290
Q167856,Q6625963
Q167856,Q4853732
Q167856,Q864380
Q168004,Q4964182
Q168004,Q1234713
Q168004,Q6625963
Q168004,Q1622272
Q168004,Q36180
Q168040,Q36180
Q168040,Q28389
Q168040,Q15949613
Q168040,Q6625963
Q168269,Q6625963
Q168269,Q49757
Q168269,Q36180
Q168269,Q11774202
Q168431,Q82955
Q168431,Q1930187
Q168431,Q6625963
Q168431,Q214917
Q168431,Q36180
Q168441,Q36180
Q168441,Q6625963
Q169566,Q6625963
Q169566,Q49757
Q169566,Q1930187
Q169566,Q18844224
Q169566,Q11774202
Q169566,Q36180
Q170509,Q36180
Q170509,Q6625963
Q170509,Q28389
Q170509,Q214917
Q170509,Q1209498
Q170509,Q4263842
Q170509,Q876864
Q170509,Q15949613
Q170512,Q36180
Q170512,Q4964182
Q170512,Q6625963
Q170512,Q49757
Q170512,Q361809
Q170512,Q39631
Q170512,Q12144794
Q170512,Q40348
Q170512,Q12859263
Q171091,Q6625963
Q171091,Q11774202
Q171091,Q18844224
Q171091,Q4964182
Q171091,Q36180
Q171091,Q15949613
Q171202,Q49757
Q171202,Q864380
Q171202,Q36180
Q171202,Q6625963
Q171672,Q1930187
Q171672,Q193391
Q171672,Q4263842
Q171672,Q36180
Q171672,Q15949613
Q171672,Q6625963
Q171672,Q11774202
Q171730,Q82955
Q171730,Q1930187
Q171730,Q39631
Q171730,Q28389
Q171730,Q6625963
Q172140,Q28389
Q172140,Q3282637
Q172140,Q2526255
Q172140,Q6625963
Q172140,Q551835
Q172140,Q18844224
Q172140,Q18533509
Q172140,Q578109
Q172140,Q36180
Q172140,Q3665646
Q172140,Q5482740
Q172140,Q3455803
Q172684,Q214917
Q172684,Q6625963
Q172684,Q12797895
Q172684,Q18814623
Q172684,Q36180
Q172684,Q9149093
Q172684,Q155647
Q172684,Q10873124
Q172684,Q4479442
Q172684,Q2627699
Q172684,Q42857
Q173540,Q36180
Q173540,Q6625963
Q173540,Q28389
Q173540,Q1930187
Q173540,Q12144794
Q174152,Q6625963
Q174152,Q28389
Q174152,Q36180
Q174181,Q6625963
Q174181,Q36180
Q174181,Q214917
Q174204,Q36180
Q174204,Q6625963
Q175204,Q36180
Q175204,Q6625963
Q175205,Q49757
Q175205,Q201788
Q175205,Q6625963
Q175205,Q36180
Q175205,Q47064
Q175392,Q33999
Q175392,Q28389
Q175392,Q36180
Q175392,Q753110
Q175392,Q10800557
Q175392,Q6625963
Q175392,Q2526255
Q176049,Q36180
Q176049,Q1930187
Q176049,Q6625963
Q176246,Q36180
Q176246,Q33999
Q176246,Q3282637
Q176246,Q6625963
Q176246,Q28389
Q176405,Q36180
Q176405,Q18844224
Q176405,Q6625963
Q176405,Q49757
Q176405,Q15949613
Q176558,Q49757
Q176558,Q6625963
Q176558,Q36180
Q176558,Q1622272
Q176558,Q11774202
Q176579,Q49757
Q176579,Q6625963
Q176579,Q36180
Q176579,Q11122954
Q176579,Q4263842
Q176668,Q33999
Q176668,Q2526255
Q176668,Q36180
Q176668,Q3282637
Q176668,Q36834
Q176668,Q6625963
Q176736,Q36180
Q176736,Q6625963
Q176736,Q28389
Q176736,Q49757
Q176736,Q333634
Q176896,Q36180
Q176896,Q49757
Q176896,Q6625963
Q176896,Q11774202
Q176896,Q15949613
Q176896,Q13570226
Q176896,Q1930187
Q176896,Q1622272
Q176909,Q36180
Q176909,Q6625963
Q176909,Q4964182
Q176909,Q39631
Q177300,Q201788
Q177300,Q6625963
Q177300,Q1622272
Q177411,Q36180
Q177411,Q28389
Q177411,Q6625963
Q177411,Q49757
Q177411,Q333634
Q177411,Q2526255
Q177411,Q214917
Q177565,Q36180
Q177565,Q214917
Q177565,Q1028181
Q177565,Q3068305
Q177565,Q6625963
Q177565,Q11774156
Q178100,Q36180
Q178100,Q214917
Q178100,Q6625963
Q178100,Q49757
Q178225,Q49757
Q178225,Q15949613
Q178225,Q864380
Q178225,Q28389
Q178225,Q6625963
Q178225,Q36180
Q178225,Q214917
Q178403,Q36180
Q178403,Q28389
Q178403,Q6625963
Q178403,Q214917
Q178403,Q18844224
Q178403,Q12144794
Q178403,Q10800557
Q178403,Q15949613
Q178403,Q3282637
Q178403,Q2526255
Q178602,Q33999
Q178602,Q6625963
Q178602,Q2259451
Q178602,Q10800557
Q178602,Q10798782
Q178602,Q36180
Q179059,Q39631
Q179059,Q551835
Q179059,Q6625963
Q179059,Q774306
Q179059,Q28389
Q179059,Q11774202
Q179059,Q214917
Q179059,Q18814623
Q179059,Q12144794
Q179059,Q482980
Q179065,Q4263842
Q179065,Q49757
Q179065,Q15949613
Q179065,Q36180
Q179065,Q6625963
Q179463,Q33999
Q179463,Q49757
Q179463,Q6625963
Q179463,Q2526255
Q179463,Q28389
Q179463,Q36834
Q179680,Q36180
Q179680,Q49757
Q179680,Q214917
Q179680,Q6625963
Q179680,Q182436
Q179680,Q2627699
Q179695,Q49757
Q179695,Q6625963
Q179695,Q333634
Q179695,Q36180
Q180038,Q333634
Q180038,Q6625963
Q180038,Q4853732
Q180223,Q36180
Q180223,Q6625963
Q180223,Q1622272
Q180251,Q28389
Q180251,Q6625963
Q180251,Q214917
Q180251,Q36180
Q180251,Q18844224
Q180251,Q33999
Q180251,Q3282637
Q180339,Q11900058
Q180339,Q5697103
Q180339,Q1350189
Q180339,Q3621491
Q180339,Q6625963
Q180339,Q3579035
Q180373,Q6625963
Q180373,Q36180
Q180377,Q28389
Q180377,Q6625963
Q180377,Q36180
Q180377,Q49757
Q180626,Q36180
Q180626,Q28389
Q180626,Q1930187
Q180626,Q6625963
Q180626,Q24266767
Q180626,Q18844224
Q180626,Q2526255
Q180626,Q11499147
Q180680,Q49757
Q180680,Q1930187
Q180680,Q6625963
Q180680,Q36180
Q180680,Q18814623
Q180680,Q12144794
Q180680,Q12356615
Q180903,Q36180
Q180903,Q49757
Q180903,Q6625963
Q180903,Q1622272
Q180962,Q1930187
Q180962,Q33999
Q180962,Q2526255
Q180962,Q28389
Q180962,Q6625963
Q180962,Q11774202
Q180962,Q36180
Q180962,Q214917
Q180962,Q49757
Q180962,Q3282637
Q180962,Q7042855
Q180962,Q201788
Q180962,Q864380
Q180962,Q2259451
Q181034,Q28389
Q181034,Q6625963
Q181034,Q36180
Q181082,Q47064
Q181082,Q28389
Q181082,Q201788
Q181082,Q6625963
Q181082,Q36180
Q181082,Q3282637
Q181573,Q28389
Q181573,Q36180
Q181573,Q1930187
Q181573,Q6625963
Q181573,Q49757
Q181573,Q11774202
Q181659,Q36180
Q181659,Q28389
Q181659,Q333634
Q181659,Q6625963
Q181659,Q49757
Q181659,Q482980
Q181659,Q4263842
Q181659,Q18844224
Q181659,Q28692502
Q181659,Q4853732
Q181659,Q1930187
Q181659,Q12144794
Q181659,Q113469341
Q181667,Q82955
Q181667,Q40348
Q181667,Q193391
Q181667,Q36180
Q181667,Q11774202
Q181667,Q214917
Q181667,Q864380
Q181667,Q6625963
Q181667,Q1930187
Q181667,Q201788
Q181677,Q36180
Q181677,Q6625963
Q181677,Q5434338
Q181677,Q18844224
Q181677,Q28389
Q181677,Q73306227
Q181677,Q578109
Q181677,Q15949613
Q181677,Q8246794
Q181677,Q12144794
Q181677,Q876864
Q181677,Q3282637
Q181716,Q36180
Q181716,Q6625963
Q181716,Q18844224
Q181716,Q4853732
Q181730,Q36180
Q181730,Q6625963
Q181730,Q28389
Q181730,Q4853732
Q181799,Q33999
Q181799,Q10798782
Q181799,Q6625963
Q181799,Q10800557
Q181799,Q2259451
Q181917,Q10800557
Q181917,Q33999
Q181917,Q47064
Q181917,Q2259451
Q181917,Q18814623
Q181917,Q10798782
Q181917,Q482980
Q181917,Q1930187
Q181917,Q6625963
Q181920,Q36180
Q181920,Q6625963
Q181920,Q28389
Q182047,Q6625963
Q182047,Q1930187
Q182047,Q1607826
Q182047,Q970153
Q182047,Q18844224
Q182047,Q10800557
Q182047,Q10798782
Q182047,Q2059704
Q182047,Q33999
Q182047,Q36180
Q182047,Q578109
Q182658,Q36180
Q182658,Q6625963
Q182658,Q639669
Q182658,Q28389
Q182658,Q1209498
Q182658,Q12144794
Q182658,Q33999
Q182788,Q82955
Q182788,Q6625963
Q182788,Q36180
Q182788,Q37226
Q182788,Q201788
Q182870,Q6625963
Q182870,Q28389
Q182870,Q36180
Q182870,Q18844224
Q182870,Q193391
Q182874,Q36180
Q182874,Q49757
Q182874,Q1028181
Q182874,Q6625963
Q182874,Q45353837
Q182874,Q4964182
Q182934,Q6625963
Q182934,Q36180
Q183007,Q36180
Q183007,Q6625963
Q183167,Q1930187
Q183167,Q49757
Q183167,Q6625963
Q183167,Q18814623
Q183167,Q36180
Q183167,Q28389
Q183167,Q4964182
Q183167,Q864380
Q183167,Q644687
Q183167,Q10297252
Q183167,Q13570226
Q183167,Q11774202
Q183167,Q214917
Q183167,Q6051619
Q183167,Q201788
Q183167,Q4263842
Q183167,Q1622272
Q183492,Q36180
Q183492,Q49757
Q183492,Q6625963
Q183492,Q1231865
Q183492,Q4263842
Q183492,Q11774202
Q183492,Q15980158
Q183492,Q18844224
Q183492,Q205375
Q183713,Q36180
Q183713,Q49757
Q183713,Q1930187
Q183713,Q6625963
Q183713,Q214917
Q183713,Q8178443
Q183713,Q4164507
Q183713,Q1028181
Q183713,Q4263842
Q183713,Q33231
Q183713,Q1792450
Q183713,Q644687
Q183713,Q15296811
Q183713,Q20857490
Q184440,Q36180
Q184440,Q1930187
Q184440,Q49757
Q184440,Q6625963
Q184440,Q82955
Q184535,Q170790
Q184535,Q169470
Q184535,Q6625963
Q184535,Q1622272
Q184535,Q36180
Q184622,Q36180
Q184622,Q214917
Q184622,Q49757
Q184622,Q2526255
Q184622,Q28389
Q184622,Q6625963
Q184622,Q7042855
Q184622,Q47064
Q184622,Q11774202
Q184622,Q11499147
Q184622,Q3455803
Q184622,Q662729
Q184785,Q36180
Q184785,Q6625963
Q184785,Q28389
Q185085,Q49757
Q185085,Q4964182
Q185085,Q36180
Q185085,Q11774202
Q185085,Q6625963
Q185085,Q4263842
Q185085,Q1622272
Q185085,Q214917
Q185085,Q82955
Q185333,Q49757
Q185333,Q1930187
Q185333,Q6625963
Q185333,Q36180
Q185333,Q214917
Q185406,Q1930187
Q185406,Q36180
Q185406,Q6625963
Q185406,Q15949613
Q185548,Q37226
Q185548,Q6625963
Q185548,Q4964182
Q185548,Q4853732
Q185548,Q28389
Q185548,Q49757
Q185636,Q36180
Q185636,Q6625963
Q185696,Q36180
Q185696,Q186360
Q185696,Q49757
Q185696,Q6625963
Q185696,Q4853732
Q185696,Q37226
Q185696,Q54128
Q185696,Q27532437
Q185714,Q6625963
Q185714,Q18844224
Q185714,Q28389
Q185714,Q1622272
Q185714,Q15980158
Q185714,Q36180
Q185714,Q1930187
Q185735,Q49757
Q185735,Q36180
Q185735,Q214917
Q185735,Q112730632
Q185735,Q1622272
Q185735,Q6625963
Q185735,Q66288471
Q185735,Q2516866
Q185743,Q333634
Q185743,Q4853732
Q185743,Q36180
Q185743,Q6625963
Q185860,Q6625963
Q185860,Q36180
Q185860,Q4853732
Q185860,Q18844224
Q186221,Q1930187
Q186221,Q36180
Q186221,Q6625963
Q186221,Q876864
Q186221,Q16735601
Q186221,Q4263842
Q186273,Q36180
Q186273,Q6625963
Q186273,Q214917
Q186273,Q33231
Q186273,Q28389
Q186273,Q18844224
Q186273,Q49757
Q186273,Q2526255
Q186273,Q12144794
Q186326,Q36180
Q186326,Q6625963
Q186326,Q28389
Q186326,Q1930187
Q186326,Q4263842
Q186326,Q49757
Q186326,Q15949613
Q186335,Q36180
Q186335,Q6625963
Q186335,Q28389
Q186335,Q1930187
Q186335,Q4263842
Q186335,Q12144794
Q186630,Q169470
Q186630,Q36180
Q186630,Q1028181
Q186630,Q6625963
Q186630,Q11774202
Q186630,Q49757
Q186630,Q37226
Q186779,Q69423232
Q186779,Q2526255
Q186779,Q6625963
Q187019,Q6625963
Q187019,Q28389
Q187019,Q11774202
Q187019,Q18844224
Q187019,Q1622272
Q187019,Q36180
Q187019,Q49757
Q187085,Q36180
Q187085,Q6625963
Q187085,Q18844224
Q187085,Q2374149
Q187324,Q6625963
Q187324,Q49757
Q187324,Q18814623
Q187324,Q36180
Q187324,Q512314
Q187324,Q1930187
Q187324,Q483501
Q187324,Q1028181
Q187324,Q5716684
Q187331,Q6625963
Q187331,Q1930187
Q187331,Q36180
Q187424,Q36180
Q187424,Q18844224
Q187424,Q6625963
Q187765,Q1028181
Q187765,Q6625963
Q187765,Q15949613
Q187765,Q11774202
Q187765,Q3589290
Q187765,Q36180
Q187765,Q17505902
Q188093,Q49757
Q188093,Q6625963
Q188093,Q214917
Q188093,Q11774202
Q188093,Q36180
Q188093,Q1930187
Q188093,Q4853732
Q188093,Q864380
Q188093,Q6051619
Q188117,Q3282637
Q188117,Q6625963
Q188117,Q36180
Q188117,Q28389
Q188117,Q214917
Q188117,Q18844224
Q188117,Q4853732
Q188117,Q33999
Q188176,Q36180
Q188176,Q49757
Q188176,Q6625963
Q188176,Q11774202
Q188176,Q1028181
Q188176,Q28389
Q188176,Q18844224
Q188176,Q12144794
Q188176,Q33231
Q188286,Q36180
Q188286,Q6625963
Q188286,Q1622272
Q188286,Q49757
Q188388,Q36180
Q188388,Q6625963
Q188388,Q28389
Q188440,Q36180
Q188440,Q28389
Q188440,Q6625963
Q188440,Q1930187
Q188440,Q18844224
Q188569,Q36180
Q188569,Q18930007
Q188569,Q6625963
Q188569,Q4964182
Q188569,Q1930187
Q188569,Q18844224
Q188838,Q36180
Q188838,Q214917
Q188838,Q1930187
Q188838,Q15949613
Q188838,Q6625963
Q188838,Q205375
Q188848,Q36180
Q188848,Q28389
Q188848,Q1930187
Q188848,Q177220
Q188848,Q6625963
Q188848,Q36834
Q188848,Q4853732
Q188848,Q1415090
Q188848,Q488205
Q188848,Q49757
Q188987,Q36180
Q188987,Q6625963
Q188987,Q28389
Q188987,Q18844224
Q188987,Q12144794
Q188987,Q1053574
Q188987,Q10798782
Q188987,Q10800557
Q188987,Q69423232
Q189042,Q1930187
Q189042,Q4964182
Q189042,Q1234713
Q189042,Q36180
Q189042,Q1622272
Q189042,Q49757
Q189042,Q6625963
Q189042,Q1231865
Q189042,Q3410028
Q189119,Q36180
Q189119,Q6625963
Q189119,Q28389
Q189119,Q4263842
Q189119,Q864380
Q189119,Q18844224
Q189119,Q8178443
Q189119,Q11774202
Q189642,Q36180
Q189642,Q6625963
Q189642,Q18844224
Q189869,Q36180
Q189869,Q214917
Q189869,Q82955
Q189869,Q6625963
Q189869,Q1930187
Q189869,Q49757
Q190220,Q36180
Q190220,Q6625963
Q190220,Q1622272
Q190220,Q214917
Q190220,Q182436
Q190220,Q4853732
Q190220,Q1053574
Q190220,Q20856740
Q190220,Q28389
Q190379,Q36180
Q190379,Q28389
Q190379,Q6625963
Q190379,Q214917
Q190379,Q3282637
Q190379,Q482980
Q190379,Q69423232
Q191023,Q49757
Q191023,Q36180
Q191023,Q214917
Q191023,Q28389
Q191023,Q6625963
Q191023,Q2526255
Q191023,Q73306227
Q191023,Q69423232
Q191305,Q49757
Q191305,Q214917
Q191305,Q6625963
Q191305,Q15949613
Q191305,Q36180
Q191305,Q333634
Q191305,Q8178443
Q191716,Q28389
Q191716,Q578109
Q191716,Q3282637
Q191716,Q2095549
Q191716,Q18844224
Q191716,Q6625963
Q191716,Q1053574
Q191716,Q73306227
Q191716,Q69423232
Q192069,Q36180
Q192069,Q6625963
Q192069,Q49757
Q192069,Q2251335
Q192069,Q4853732
Q192069,Q28389
Q192069,Q37226
Q192279,Q214917
Q192279,Q36180
Q192279,Q49757
Q192279,Q6625963
Q192279,Q4853732
Q192279,Q28389
Q192279,Q18844224
Q192279,Q82955
Q192331,Q4964182
Q192331,Q1930187
Q192331,Q6625963
Q192331,Q36180
Q192331,Q4263842
Q192331,Q188094
Q192331,Q6051619
Q192668,Q33999
Q192668,Q177220
Q192668,Q36834
Q192668,Q6625963
Q192668,Q36180
Q192668,Q8178443
Q192668,Q28389
Q192668,Q486748
Q192668,Q488205
Q192668,Q753110
Q192668,Q2526255
Q192668,Q639669
Q192912,Q33999
Q192912,Q245068
Q192912,Q947873
Q192912,Q28389
Q192912,Q18814623
Q192912,Q36180
Q192912,Q3455803
Q192912,Q10798782
Q192912,Q6625963
Q192912,Q2259451
Q192912,Q18844224
Q192912,Q10800557
Q192912,Q1930187
Q192912,Q2526255
Q192912,Q3149505
Q192912,Q713200
Q192912,Q755070
Q193111,Q36180
Q193111,Q333634
Q193111,Q1930187
Q193111,Q6625963
Q193111,Q28389
Q193111,Q49757
Q193111,Q214917
Q193116,Q39631
Q193116,Q6625963
Q193116,Q551835
Q193116,Q18533509
Q193116,Q36180
Q193156,Q40348
Q193156,Q201788
Q193156,Q6625963
Q193156,Q82955
Q193156,Q36180
Q193156,Q1622272
Q193156,Q11986654
Q193156,Q3578589
Q193156,Q11499147
Q193156,Q1930187
Q193156,Q1086863
Q193156,Q15958642
Q193156,Q13590141
Q193357,Q6625963
Q193357,Q36180
Q193357,Q28389
Q193357,Q214917
Q193357,Q864380
Q193357,Q18844224
Q193608,Q49757
Q193608,Q14915627
Q193608,Q201788
Q193608,Q6625963
Q193608,Q36180
Q193608,Q28389
Q193608,Q1930187
Q193608,Q864380
Q193608,Q15627169
Q193608,Q4853732
Q193660,Q4964182
Q193660,Q36180
Q193660,Q1234713
Q193660,Q219477
Q193660,Q155647
Q193660,Q49757
Q193660,Q2259532
Q193660,Q6625963
Q196773,Q36180
Q196773,Q28389
Q196773,Q2516852
Q196773,Q4853732
Q196773,Q6625963
Q197155,Q28389
Q197155,Q1930187
Q197155,Q333634
Q197155,Q36180
Q197155,Q6625963
Q198025,Q6625963
Q198025,Q28389
Q198025,Q36180
Q198621,Q1930187
Q198621,Q6625963
Q198621,Q214917
Q198621,Q36180
Q198644,Q214917
Q198644,Q36180
Q198644,Q11774202
Q198644,Q6625963
Q198644,Q4263842
Q198644,Q49757
Q198644,Q1930187
Q199228,Q3068305
Q199228,Q36180
Q199228,Q6625963
Q199228,Q214917
Q199588,Q36180
Q199588,Q6625963
Q199588,Q4853732
Q199588,Q1930187
Q199588,Q333634
Q199644,Q6625963
Q199644,Q15949613
Q199644,Q49757
Q199644,Q36180
Q199644,Q1930187
Q200661,Q36180
Q200661,Q28389
Q200661,Q33231
Q200661,Q6625963
Q200661,Q177220
Q201315,Q36180
Q201315,Q49757
Q201315,Q6625963
Q201433,Q49757
Q201433,Q6625963
Q201433,Q214917
Q201433,Q36180
Q201579,Q6625963
Q201579,Q214917
Q201579,Q36180
Q201579,Q333634
Q201579,Q1930187
Q201579,Q18844224
Q201579,Q487596
Q201579,Q17524364
Q201580,Q36180
Q201580,Q6625963
Q201580,Q15949613
Q201732,Q49757
Q201732,Q6625963
Q201732,Q333634
Q201732,Q214917
Q201732,Q28389
Q201732,Q1622272
Q201732,Q47064
Q201732,Q4263842
Q201732,Q18844224
Q201732,Q24387326
Q201732,Q36180
Q201732,Q17337766
Q201858,Q36180
Q201858,Q6625963
Q201858,Q4853732
Q201858,Q1607826
Q201858,Q1930187
Q201862,Q6625963
Q201862,Q36180
Q202122,Q36180
Q202122,Q6625963
Q202122,Q40348
Q202122,Q18844224
Q202355,Q36180
Q202355,Q6625963
Q202693,Q6625963
Q202693,Q1930187
Q202693,Q4853732
Q202693,Q937857
Q202693,Q177220
Q202693,Q28389
Q202693,Q188094
Q202693,Q12362622
Q202693,Q1053574
Q202693,Q36180
Q203460,Q201788
Q203460,Q36180
Q203460,Q6625963
Q203460,Q3578589
Q203460,Q864380
Q203460,Q18805
Q203533,Q49757
Q203533,Q2526255
Q203533,Q28389
Q203533,Q333634
Q203533,Q6625963
Q203533,Q36180
Q203533,Q18814623
Q203623,Q49757
Q203623,Q1930187
Q203623,Q33231
Q203623,Q14915627
Q203623,Q36180
Q203623,Q6625963
Q203623,Q4164507
Q203623,Q486748
Q204168,Q36180
Q204168,Q6625963
Q204168,Q1622272
Q204426,Q33999
Q204426,Q6625963
Q204426,Q36180
Q204868,Q18844224
Q204868,Q81096
Q204868,Q9334029
Q204868,Q8178443
Q204868,Q28389
Q204868,Q214917
Q204868,Q36180
Q204868,Q4263842
Q204868,Q6625963
Q204868,Q12144794
Q204868,Q6051619
Q205111,Q6625963
Q205111,Q36180
Q205111,Q37226
Q205111,Q137178813
Q205739,Q11892507
Q205739,Q6625963
Q205739,Q18844224
Q205739,Q6051619
Q205739,Q36180
Q205739,Q715301
Q205739,Q17098559
Q205739,Q644687
Q206022,Q36180
Q206022,Q6625963
Q206534,Q36180
Q206534,Q1930187
Q206534,Q49757
Q206534,Q10871364
Q206534,Q6625963
Q206534,Q28389
Q207036,Q36180
Q207036,Q49757
Q207036,Q6625963
Q207036,Q4853732
Q207036,Q28389
Q207036,Q189290
Q207036,Q12144794
Q207036,Q214917
Q207036,Q11774202
Q207036,Q15949613
Q207356,Q36180
Q207356,Q214917
Q207356,Q28389
Q207356,Q6625963
Q207356,Q49757
Q207356,Q753110
Q207515,Q36180
Q207515,Q6625963
Q207515,Q214917
Q207515,Q8178443
Q207515,Q822146
Q207515,Q12406482
Q207515,Q28389
Q207515,Q753110
Q207515,Q15949613
Q207544,Q1930187
Q207544,Q3282637
Q207544,Q36180
Q207544,Q6625963
Q207544,Q33999
Q207544,Q4853732
Q207544,Q28389
Q207544,Q49757
Q207544,Q2259451
Q207544,Q18844224
Q207544,Q1607826
Q207544,Q10800557
Q207544,Q27532437
Q207544,Q12144794
Q207544,Q214917
Q207640,Q36180
Q207640,Q6625963
Q207640,Q28389
Q207640,Q18844224
Q207640,Q49757
Q207640,Q15949613
Q207676,Q2526255
Q207676,Q36180
Q207676,Q28389
Q207676,Q6625963
Q207676,Q33999
Q207676,Q1053574
Q207676,Q10800557
Q207676,Q715301
Q208101,Q36180
Q208101,Q28389
Q208101,Q6625963
Q208101,Q214917
Q208101,Q1930187
Q208101,Q12144794
Q208101,Q18814623
Q208117,Q33999
Q208117,Q4610556
Q208117,Q177220
Q208117,Q2405480
Q208117,Q10798782
Q208117,Q6625963
Q208117,Q10800557
Q208117,Q36180
Q208117,Q5716684
Q208117,Q2526255
Q208117,Q855091
Q208117,Q12360214
Q208117,Q17456089
Q208117,Q132831288
Q208685,Q33999
Q208685,Q10800557
Q208685,Q6625963
Q208685,Q36180
Q208685,Q2259451
Q208685,Q10798782
Q208685,Q2526255
Q208869,Q37226
Q208869,Q36180
Q208869,Q18814623
Q208869,Q28389
Q208869,Q6625963
Q209004,Q36180
Q209004,Q1930187
Q209004,Q6625963
Q209004,Q214917
Q209004,Q12144794
Q209004,Q6051619
Q209004,Q15949613
Q209641,Q6625963
Q209641,Q28389
Q209641,Q3282637
Q209641,Q33999
Q209641,Q9352089
Q209641,Q36180
Q210059,Q852389
Q210059,Q11892507
Q210059,Q6625963
Q210059,Q1930187
Q210059,Q8246794
Q210059,Q28389
Q210059,Q3282637
Q210059,Q33999
Q210059,Q36180
Q210059,Q18844224
Q210059,Q2526255
Q210059,Q49757
Q210059,Q73306227
Q210669,Q36180
Q210669,Q6625963
Q210669,Q12144794
Q210740,Q36180
Q210740,Q1930187
Q210740,Q6625963
Q210740,Q214917
Q210740,Q1209498
Q210740,Q808967
Q210741,Q10800557
Q210741,Q33999
Q210741,Q245068
Q210741,Q28389
Q210741,Q6625963
Q210741,Q488205
Q210741,Q214917
Q210741,Q36180
Q210741,Q855091
Q210741,Q822146
Q210741,Q2526255
Q210741,Q10798782
Q210798,Q36180
Q210798,Q4164507
Q210798,Q6625963
Q210798,Q482980
Q210798,Q4263842
Q211029,Q3055126
Q211029,Q19356916
Q211029,Q6625963
Q211029,Q16831721
Q211029,Q18814623
Q211029,Q18805
Q211029,Q16063497
Q211029,Q3745071
Q211029,Q864503
Q211029,Q1622272
Q211029,Q350979
Q211029,Q15839134
Q211029,Q20650437
Q211029,Q98544732
Q211039,Q1930187
Q211039,Q36180
Q211039,Q49757
Q211039,Q6625963
Q211542,Q36180
Q211542,Q49757
Q211542,Q1930187
Q211542,Q6625963
Q211542,Q28389
Q211566,Q33999
Q211566,Q28389
Q211566,Q3282637
Q211566,Q36180
Q211566,Q6625963
Q211566,Q10798782
Q211566,Q4853732
Q211566,Q10800557
Q211566,Q2259451
Q211566,Q177220
Q211785,Q36180
Q211785,Q1930187
Q211785,Q6625963
Q211785,Q333634
Q211785,Q214917
Q211785,Q12144794
Q211785,Q15949613
Q211893,Q36180
Q211893,Q6625963
Q211893,Q4853732
Q211893,Q18844224
Q212097,Q6625963
Q212097,Q1622272
Q212097,Q36180
Q212476,Q36180
Q212476,Q205375
Q212476,Q6625963
Q212476,Q189290
Q212476,Q12144794
Q212476,Q1930187
Q212476,Q599151
Q212476,Q11545923
Q212575,Q214917
Q212575,Q49757
Q212575,Q36180
Q212575,Q6625963
Q212575,Q333634
Q212632,Q49757
Q212632,Q36180
Q212632,Q18814623
Q212632,Q214917
Q212632,Q4263842
Q212632,Q18844224
Q212632,Q4964182
Q212632,Q6430706
Q212632,Q15401579
Q212632,Q644687
Q212632,Q6625963
Q212727,Q36180
Q212727,Q6625963
Q212727,Q37226
Q212727,Q4853732
Q212801,Q6625963
Q212801,Q36180
Q212801,Q28389
Q212801,Q11774202
Q212801,Q69423232
Q212801,Q73306227
Q212801,Q11499147
Q212801,Q33999
Q212801,Q1930187
Q212801,Q10800557
Q212801,Q15253558
Q213482,Q36180
Q213482,Q6625963
Q213482,Q11774202
Q213549,Q36180
Q213549,Q214917
Q213549,Q49757
Q213549,Q6625963
Q213549,Q47064
Q213614,Q214917
Q213614,Q49757
Q213614,Q36180
Q213614,Q4964182
Q213614,Q18844224
Q213614,Q6625963
Q213806,Q36180
Q213806,Q6625963
Q213806,Q1622272
Q213806,Q49757
Q213997,Q36180
Q213997,Q49757
Q213997,Q6625963
Q213997,Q15949613
Q213997,Q12144794
Q214042,Q6625963
Q214042,Q214917
Q214042,Q1281618
Q214042,Q28389
Q214042,Q36180
Q214042,Q69423232
Q214565,Q36180
Q214565,Q644687
Q214565,Q1028181
Q214565,Q4853732
Q214565,Q2487799
Q214565,Q19507792
Q214565,Q2374149
Q214565,Q6625963
Q214565,Q16060693
Q214565,Q483501
Q214622,Q36180
Q214622,Q49757
Q214622,Q4964182
Q214622,Q6625963
Q214622,Q214917
Q214622,Q3579035
Q214622,Q3589290
Q214622,Q333634
Q214622,Q28389
Q214622,Q1930187
Q214622,Q82955
Q214622,Q12144794
Q214622,Q14972848
Q214622,Q4853732
Q214623,Q6625963
Q214623,Q333634
Q214623,Q36180
Q214623,Q214917
Q214642,Q28389
Q214642,Q2526255
Q214642,Q14467526
Q214642,Q333634
Q214642,Q6625963
Q214642,Q49757
Q214642,Q11774202
Q214642,Q1622272
Q214642,Q18814623
Q214642,Q36180
Q214642,Q214917
Q214642,Q639669
Q214642,Q8178443
Q214642,Q6430706
Q214642,Q1607826
Q214642,Q69423232
Q214660,Q36180
Q214660,Q6625963
Q214660,Q37226
Q214660,Q28389
Q214660,Q11774202
Q214677,Q28389
Q214677,Q3282637
Q214677,Q2526255
Q214677,Q1930187
Q214677,Q6625963
Q214677,Q42909
Q214677,Q11774202
Q214677,Q214917
Q214677,Q36180
Q214677,Q8246794
Q214677,Q15949613
Q214677,Q12406482
Q214677,Q3455803
Q214798,Q36180
Q214798,Q6625963
Q214798,Q11774202
Q214798,Q4853732
Q215436,Q14467526
Q215436,Q36180
Q215436,Q333634
Q215436,Q6625963
Q215436,Q1622272
Q215436,Q4853732
Q215868,Q36180
Q215868,Q49757
Q215868,Q6625963
Q215868,Q11774202
Q215868,Q1622272
Q215868,Q1021386
Q215868,Q974144
Q215868,Q15949613
Q215868,Q4853732
Q215868,Q28389
Q215868,Q33999
Q215868,Q3282637
Q215868,Q61048378
Q216098,Q36180
Q216098,Q6625963
Q216098,Q15978337
Q216127,Q36180
Q216127,Q6625963
Q216127,Q1234713
Q216127,Q723682
Q216134,Q1930187
Q216134,Q6625963
Q216134,Q3282637
Q216134,Q36180
Q216134,Q6051619
Q216134,Q842811
Q216134,Q82955
Q216134,Q49757
Q216134,Q214917
Q216143,Q28389
Q216143,Q6625963
Q216143,Q36180
Q216143,Q49757
Q216195,Q1930187
Q216195,Q6625963
Q216195,Q42909
Q216195,Q11774202
Q216195,Q15980158
Q216195,Q28389
Q216195,Q36180
Q216195,Q12144794
Q216266,Q33999
Q216266,Q2526255
Q216266,Q28389
Q216266,Q36180
Q216266,Q6625963
Q216266,Q20856740
Q216266,Q4263842
Q216266,Q11774202
Q216266,Q10272925
Q216266,Q3455803
Q216398,Q36180
Q216398,Q28389
Q216398,Q49757
Q216398,Q6625963
Q216398,Q4853732
Q216398,Q18814623
Q216466,Q36180
Q216466,Q1930187
Q216466,Q11774202
Q216466,Q14915627
Q216466,Q4263842
Q216466,Q193391
Q216466,Q1622272
Q216466,Q2516866
Q216466,Q3075052
Q216466,Q12347522
Q216466,Q6625963
Q216478,Q36180
Q216478,Q214917
Q216478,Q333634
Q216478,Q43845
Q216478,Q6625963
Q216692,Q36180
Q216692,Q4964182
Q216692,Q214917
Q216692,Q201788
Q216692,Q11774202
Q216692,Q18814623
Q216692,Q6625963
Q216692,Q1622272
Q216692,Q49757
Q216896,Q189290
Q216896,Q6625963
Q216896,Q639669
Q216896,Q36180
Q216896,Q28389
Q216896,Q49757
Q216896,Q18844224
Q216896,Q1028181
Q216896,Q15995642
Q216904,Q36180
Q216904,Q214917
Q216904,Q49757
Q216904,Q6625963
Q217110,Q36180
Q217110,Q6625963
Q217110,Q18844224
Q217110,Q4853732
Q217110,Q28389
Q217388,Q1930187
Q217388,Q333634
Q217388,Q6625963
Q217388,Q28389
Q217388,Q36180
Q217388,Q4853732
Q217470,Q4964182
Q217470,Q36180
Q217470,Q6625963
Q217470,Q49757
Q217470,Q188094
Q217495,Q49757
Q217495,Q4964182
Q217495,Q6625963
Q217495,Q12144794
Q217495,Q864380
Q217495,Q121594
Q217495,Q36180
Q217557,Q214917
Q217557,Q49757
Q217557,Q6625963
Q217557,Q11774202
Q217557,Q18814623
Q217557,Q36180
Q217557,Q28389
Q217557,Q121594
Q217557,Q18939491
Q217619,Q36180
Q217619,Q1930187
Q217619,Q333634
Q217619,Q28389
Q217619,Q49757
Q217619,Q36834
Q217619,Q6625963
Q217619,Q18814623
Q217619,Q4263842
Q217619,Q18844224
Q217619,Q4853732
Q217619,Q17167049
Q217619,Q8178443
Q217619,Q487596
Q217619,Q1231865
Q217619,Q69423232
Q217619,Q37226
Q217619,Q11499929
Q218001,Q36180
Q218001,Q6625963
Q218679,Q6625963
Q218679,Q623386
Q218679,Q1930187
Q218679,Q8178443
Q218679,Q28389
Q218679,Q15949613
Q218679,Q214917
Q218679,Q12144794
Q218679,Q33999
Q218679,Q36180
Q218690,Q49757
Q218690,Q214917
Q218690,Q6625963
Q218690,Q333634
Q218690,Q28389
Q218690,Q170790
Q218690,Q36180
Q218698,Q36180
Q218698,Q1930187
Q218698,Q12406482
Q218698,Q214917
Q218698,Q18814623
Q218698,Q6625963
Q218698,Q12144794
Q218698,Q33999
Q218698,Q11774202
Q218960,Q36180
Q218960,Q6625963
Q218960,Q18814623
Q218960,Q4504549
Q219124,Q2526255
Q219124,Q28389
Q219124,Q6625963
Q219124,Q3282637
Q219124,Q10800557
Q219124,Q10798782
Q219124,Q578109
Q219124,Q21653400
Q219124,Q935666
Q219124,Q3455803
Q219377,Q6625963
Q219377,Q13382533
Q219377,Q36180
Q219377,Q11513337
Q219377,Q28389
Q219377,Q3282637
Q219377,Q69423232
Q219607,Q36180
Q219607,Q49757
Q219607,Q6625963
Q219622,Q14467526
Q219622,Q47064
Q219622,Q36180
Q219622,Q49757
Q219622,Q333634
Q219622,Q744738
Q219622,Q6625963
Q219622,Q169470
Q219646,Q36180
Q219646,Q82955
Q219646,Q1930187
Q219646,Q2526255
Q219646,Q6625963
Q219646,Q28389
Q219646,Q40348
Q219646,Q49757
Q219780,Q1930187
Q219780,Q6625963
Q219780,Q42909
Q219780,Q11774202
Q219780,Q36180
Q219780,Q18814623
Q219780,Q28389
Q219780,Q82955
Q219780,Q33231
Q219784,Q49757
Q219784,Q214917
Q219784,Q18814623
Q219784,Q36180
Q219784,Q28389
Q219784,Q6625963
Q219829,Q6625963
Q219829,Q36180
Q219829,Q214917
Q219829,Q15949613
Q219829,Q27532437
Q219862,Q36180
Q219862,Q49757
Q219862,Q28389
Q219862,Q6625963
Q219862,Q12144794
Q219862,Q37226
Q219862,Q15949613
Q219910,Q36180
Q219910,Q28389
Q219910,Q6625963
Q219910,Q81096
Q219910,Q18844224
Q220018,Q36180
Q220018,Q18814623
Q220018,Q18939491
Q220018,Q28389
Q220018,Q6625963
Q220018,Q5716684
Q220078,Q18844224
Q220078,Q49757
Q220078,Q15949613
Q220078,Q6625963
Q220078,Q4263842
Q220078,Q36180
Q220078,Q1930187
Q220078,Q28389
Q220078,Q18814623
Q220078,Q1622272
Q220480,Q4773904
Q220480,Q201788
Q220480,Q6625963
Q220480,Q36180
Q220480,Q1930187
Q220480,Q3075052
Q220480,Q1021386
Q220480,Q214917
Q220480,Q2526255
Q220512,Q49757
Q220512,Q214917
Q220512,Q4853732
Q220512,Q28389
Q220512,Q6625963
Q220512,Q333634
Q220864,Q28389
Q220864,Q1930187
Q220864,Q487596
Q220864,Q2526255
Q220864,Q13582652
Q220864,Q214917
Q220864,Q36180
Q220864,Q6625963
Q220883,Q36180
Q220883,Q6625963
Q220883,Q482980
Q220883,Q18844224
Q220980,Q36180
Q220980,Q551835
Q220980,Q6625963
Q220980,Q214917
Q220980,Q39631
Q220980,Q49757
Q220980,Q160131
Q221771,Q36180
Q221771,Q49757
Q221771,Q4853732
Q221771,Q28389
Q221771,Q6625963
Q221771,Q15949613
Q221843,Q28389
Q221843,Q3282637
Q221843,Q10800557
Q221843,Q2526255
Q221843,Q7042855
Q221843,Q36180
Q221843,Q2259451
Q221843,Q6625963
Q221843,Q3455803
Q221917,Q3282637
Q221917,Q28389
Q221917,Q6625963
Q221917,Q1930187
Q221917,Q13235160
Q221917,Q47541952
Q221957,Q6625963
Q221957,Q36180
Q221957,Q28389
Q221957,Q1930187
Q221957,Q49757
Q222509,Q6625963
Q222509,Q36180
Q222509,Q18844224
Q222509,Q4853732
Q222708,Q36180
Q222708,Q6625963
Q222744,Q49757
Q222744,Q214917
Q222744,Q333634
Q222744,Q1930187
Q222744,Q11774202
Q222744,Q6625963
Q222744,Q15949613
Q222744,Q36180
Q222791,Q28389
Q222791,Q36180
Q222791,Q1930187
Q222791,Q6673651
Q222791,Q6625963
Q222791,Q214917
Q222791,Q18844224
Q222791,Q487596
Q224029,Q4964182
Q224029,Q11774202
Q224029,Q6625963
Q224029,Q201788
Q224029,Q36180
Q224029,Q28389
Q224029,Q4263842
Q224029,Q864380
Q224029,Q18844224
Q224029,Q4853732
Q224029,Q6430706
Q224029,Q6051619
Q224113,Q36180
Q224113,Q6625963
Q224113,Q28389
Q224113,Q18844224
Q224113,Q1053574
Q225089,Q40348
Q225089,Q36180
Q225089,Q6625963
Q225089,Q512345
Q225089,Q1238570
Q225089,Q185351
Q225554,Q36180
Q225554,Q6625963
Q225554,Q18814623
Q225554,Q49757
Q227099,Q201788
Q227099,Q36180
Q227099,Q6625963
Q227108,Q36180
Q227108,Q49757
Q227108,Q6625963
Q227113,Q1930187
Q227113,Q6625963
Q227113,Q36180
Q227137,Q36180
Q227137,Q4263842
Q227137,Q6625963
Q227137,Q15949613
Q227137,Q16308156
Q227137,Q11774202
Q227137,Q1622272
Q227137,Q3400985
Q227137,Q1231865
Q227395,Q6625963
Q227395,Q9363889
Q227395,Q36180
Q227395,Q333634
Q228546,Q36180
Q228546,Q214917
Q228546,Q49757
Q228546,Q6625963
Q228546,Q18814623
Q228546,Q28389
Q228546,Q12144794
Q228546,Q15949613
Q228589,Q6625963
Q228589,Q36180
Q228624,Q36180
Q228624,Q6625963
Q228624,Q28389
Q228624,Q18844224
Q228624,Q4853732
Q228624,Q1053574
Q228624,Q1930187
Q228624,Q73306227
Q228638,Q33999
Q228638,Q36180
Q228638,Q4610556
Q228638,Q10800557
Q228638,Q6625963
Q228755,Q33999
Q228755,Q3282637
Q228755,Q6625963
Q228755,Q10800557
Q228755,Q10798782
Q228755,Q36180
Q228755,Q2405480
Q228801,Q6625963
Q228801,Q551835
Q228801,Q783906
Q228801,Q864380
Q228801,Q18844224
Q228801,Q28389
Q228901,Q49757
Q228901,Q36180
Q228901,Q6625963
Q228901,Q4853732
Q228901,Q1930187
Q228901,Q33999
Q229002,Q10833314
Q229002,Q2986228
Q229002,Q6625963
Q229226,Q36180
Q229226,Q6625963
Q229226,Q864380
Q229369,Q36180
Q229369,Q6625963
Q229369,Q18844224
Q229403,Q36180
Q229403,Q6625963
Q229403,Q28389
Q229403,Q578109
Q229480,Q36180
Q229480,Q49757
Q229480,Q6625963
Q229480,Q1930187
Q229480,Q11774202
Q229480,Q864380
Q229480,Q123853167
Q229840,Q28389
Q229840,Q6625963
Q229840,Q1930187
Q229840,Q15980158
Q229840,Q8178443
Q229840,Q36180
Q229996,Q36180
Q229996,Q6625963
Q230141,Q156839
Q230141,Q49757
Q230141,Q6625963
Q230141,Q15949613
Q230141,Q15980158
Q230141,Q1930187
Q230299,Q36180
Q230299,Q1930187
Q230299,Q6625963
Q230299,Q205375
Q230299,Q27532437
Q230299,Q131524
Q230299,Q96050759
Q230476,Q36180
Q230476,Q6625963
Q230476,Q333634
Q230586,Q28389
Q230586,Q6625963
Q230586,Q36180
Q230586,Q82955
Q230586,Q974144
Q230591,Q49757
Q230591,Q6625963
Q230591,Q214917
Q230591,Q36180
Q230591,Q28389
Q230591,Q12144794
Q230598,Q36180
Q230598,Q6625963
Q231121,Q1281618
Q231121,Q6625963
Q231121,Q1028181
Q231121,Q36180
Q231121,Q15296811
Q231121,Q33231
Q231121,Q18074503
Q231121,Q21550489
Q231121,Q3501317
Q231121,Q18216771
Q231121,Q10774753
Q231121,Q22343478
Q231121,Q14623005
Q231121,Q3391743
Q231270,Q33999
Q231270,Q6625963
Q231270,Q131524
Q231270,Q512314
Q231270,Q4610556
Q231270,Q2722764
Q231270,Q13235160
Q231270,Q36180
Q231270,Q10798782
Q231270,Q10800557
Q231270,Q3282637
Q231270,Q3501317
Q231270,Q211236
Q231320,Q36180
Q231320,Q6625963
Q231320,Q947873
Q231356,Q6625963
Q231356,Q28389
Q231356,Q18844224
Q231356,Q36180
Q231356,Q43845
Q231356,Q15403960
Q231356,Q12362622
Q231424,Q6625963
Q231424,Q36180
Q231424,Q11774202
Q231460,Q10800557
Q231460,Q177220
Q231460,Q6625963
Q231460,Q36180
Q231460,Q5716684
Q231460,Q333634
Q231467,Q36180
Q231467,Q6625963
Q231467,Q1930187
Q231467,Q10732476
Q231736,Q6625963
Q231736,Q36180
Q231736,Q4853732
Q231841,Q36180
Q231841,Q6625963
Q231841,Q644687
Q231841,Q4853732
Q231841,Q1028181
Q231841,Q28389
Q231886,Q214917
Q231886,Q333634
Q231886,Q49757
Q231886,Q36180
Q231886,Q6625963
Q231886,Q28692502
Q231944,Q6625963
Q231944,Q36180
Q232109,Q6625963
Q232109,Q2259451
Q232109,Q10800557
Q232109,Q10798782
Q232109,Q36180
Q232109,Q33999
Q232113,Q177220
Q232113,Q2526255
Q232113,Q6625963
Q232113,Q28389
Q232113,Q4610556
Q232113,Q2259451
Q232113,Q10800557
Q232113,Q36180
Q232113,Q33999
Q232113,Q3455803
Q232212,Q36180
Q232212,Q6625963
Q232212,Q28389
Q232260,Q82955
Q232260,Q6625963
Q232260,Q28389
Q232260,Q36180
Q232260,Q482980
Q232359,Q36180
Q232359,Q1930187
Q232359,Q6625963
Q232359,Q28389
Q232359,Q6051619
Q232417,Q36180
Q232417,Q6625963
Q232417,Q49757
Q232417,Q4263842
Q232417,Q1622272
Q232417,Q12144794
Q232772,Q6625963
Q232772,Q36180
Q232772,Q18844224
Q232772,Q1607826
Q232772,Q30002353
Q233033,Q36180
Q233033,Q6625963
Q233033,Q18844224
Q233033,Q54845077
Q233046,Q36180
Q233046,Q6625963
Q233046,Q18844224
Q233046,Q4853732
Q233207,Q1028181
Q233207,Q2707485
Q233207,Q6625963
Q233207,Q15296811
Q233207,Q1281618
Q233207,Q483501
Q233424,Q36180
Q233424,Q6625963
Q233424,Q4853732
Q233424,Q28389
Q233424,Q18844224
Q233510,Q937857
Q233510,Q6625963
Q233510,Q36180
Q233510,Q215536
Q233566,Q36180
Q233566,Q6625963
Q233566,Q49757
Q233566,Q10297252
Q233566,Q3282637
Q233566,Q33999
Q233566,Q15949613
Q233566,Q28389
Q233566,Q1208175
Q233566,Q9017214
Q233584,Q36180
Q233584,Q28389
Q233584,Q6625963
Q233584,Q1930187
Q233584,Q482980
Q233584,Q18844224
Q233584,Q15949613
Q233584,Q3282637
Q233584,Q4853732
Q233584,Q12144794
Q233584,Q214917
Q233584,Q73306227
Q233584,Q1622272
Q233891,Q33999
Q233891,Q2259451
Q233891,Q6625963
Q233891,Q10800557
Q233891,Q36180
Q233891,Q10798782
Q233898,Q36180
Q233898,Q49757
Q233898,Q15949613
Q233898,Q6625963
Q233898,Q1930187
Q233911,Q177220
Q233911,Q33999
Q233911,Q4610556
Q233911,Q3501317
Q233911,Q10798782
Q233911,Q2259451
Q233911,Q10800557
Q233911,Q43845
Q233911,Q5716684
Q233911,Q6625963
Q233911,Q8246794
Q233911,Q36180
Q233953,Q6625963
Q233953,Q214917
Q233953,Q2516866
Q233956,Q36180
Q233956,Q49757
Q233956,Q6625963
Q233956,Q214917
Q233956,Q1607826
Q233956,Q28389
Q233956,Q4263842
Q233956,Q864380
Q234030,Q333634
Q234030,Q6625963
Q234030,Q18844224
Q234030,Q36180
Q234255,Q36180
Q234255,Q6625963
Q234255,Q4853732
Q234289,Q82955
Q234289,Q6625963
Q234289,Q36180
Q234289,Q1622272
Q234289,Q47064
Q234289,Q1930187
Q234324,Q1028181
Q234324,Q1281618
Q234324,Q36180
Q234324,Q11569986
Q234324,Q6625963
Q234324,Q49757
Q234324,Q18814623
Q234324,Q16947657
Q234324,Q644687
Q234324,Q15296811
Q234324,Q2707485
Q234324,Q2519376
Q234324,Q13235160
Q234324,Q3501317
Q234324,Q11613590
Q234392,Q36180
Q234392,Q3387717
Q234392,Q6625963
Q234392,Q18814623
Q234392,Q28389
Q234392,Q2259451
Q234392,Q10800557
Q234392,Q214917
Q234403,Q36180
Q234403,Q6625963
Q234403,Q18844224
Q234443,Q6625963
Q234443,Q36180
Q234443,Q10509151
Q234443,Q1607826
Q234443,Q37226
Q234519,Q14467526
Q234519,Q28389
Q234519,Q6625963
Q234519,Q333634
Q234519,Q1930187
Q234519,Q18844224
Q234519,Q4853732
Q234519,Q36180
Q234519,Q214917
Q234519,Q69423232
Q234519,Q49757
Q234530,Q333634
Q234530,Q6625963
Q234530,Q4853732
Q234530,Q36180
Q234530,Q214917
Q234530,Q15949613
Q234530,Q10297252
Q234570,Q14467526
Q234570,Q1930187
Q234570,Q188094
Q234570,Q201788
Q234570,Q333634
Q234570,Q6625963
Q234570,Q2306091
Q234570,Q11774202
Q234570,Q28692502
Q234570,Q4964182
Q234570,Q901402
Q234570,Q36180
Q234570,Q27532437
Q234570,Q18510179
Q234579,Q36180
Q234579,Q6625963
Q234579,Q11774202
Q234621,Q2526255
Q234621,Q28389
Q234621,Q36180
Q234621,Q6625963
Q234663,Q36180
Q234663,Q6625963
Q234663,Q49757
Q234663,Q860918
Q234663,Q15949613
Q234700,Q6625963
Q234700,Q49757
Q234700,Q36180
Q234700,Q18844224
Q234718,Q36180
Q234718,Q6625963
Q234718,Q1622272
Q234721,Q49757
Q234721,Q6625963
Q234721,Q36180
Q234721,Q214917
Q234721,Q1930187
Q234721,Q1028181
Q234819,Q36180
Q234819,Q28389
Q234819,Q6625963
Q234819,Q15949613
Q234819,Q1930187
Q234865,Q36180
Q234865,Q28389
Q234865,Q6625963
Q234865,Q482980
Q234865,Q1930187
Q234928,Q6625963
Q234928,Q36180
Q234928,Q212980
Q234928,Q483501
Q234928,Q18844224
Q234928,Q48772091
Q234928,Q9352089
Q234989,Q36180
Q234989,Q6625963
Q234989,Q11774202
Q234989,Q28389
Q234989,Q4853732
Q234992,Q6625963
Q234992,Q15980158
Q234992,Q82955
Q235014,Q36180
Q235014,Q6625963
Q235014,Q1930187
Q235014,Q639669
Q235014,Q37226
Q235308,Q36180
Q235308,Q6625963
Q235308,Q15949613
Q235354,Q6625963
Q235354,Q864380
Q235354,Q186360
Q235354,Q36180
Q235364,Q36180
Q235364,Q28389
Q235364,Q4853732
Q235364,Q6625963
Q235364,Q1930187
Q235364,Q3282637
Q235403,Q36180
Q235403,Q4853732
Q235403,Q49757
Q235403,Q6625963
Q235515,Q177220
Q235515,Q488205
Q235515,Q36180
Q235515,Q36834
Q235515,Q753110
Q235515,Q18814623
Q235515,Q855091
Q235515,Q49757
Q235515,Q18844224
Q235515,Q1930187
Q235515,Q6625963
Q235515,Q55960555
Q235515,Q123853167
Q235615,Q36180
Q235615,Q6625963
Q235615,Q15949613
Q235615,Q4853732
Q235615,Q182436
Q235615,Q4263842
Q235644,Q3068305
Q235644,Q6625963
Q235644,Q512314
Q235644,Q36180
Q235644,Q15253558
Q235644,Q11499147
Q235644,Q2478141
Q235665,Q49757
Q235665,Q36180
Q235665,Q6625963
Q235731,Q6625963
Q235731,Q36180
Q235731,Q49757
Q235759,Q28389
Q235759,Q6625963
Q235759,Q36180
Q235899,Q36180
Q235899,Q6625963
Q235899,Q18844224
Q235899,Q4853732
Q235955,Q28389
Q235955,Q333634
Q235955,Q1930187
Q235955,Q6625963
Q235955,Q1028181
Q235955,Q36180
Q235965,Q6625963
Q235965,Q2095549
Q235965,Q36180
Q235965,Q82955
Q236236,Q39631
Q236236,Q551835
Q236236,Q49757
Q236236,Q214917
Q236236,Q4263842
Q236236,Q6625963
Q236236,Q36180
Q236236,Q11774202
Q236236,Q2330979
Q236236,Q487596
Q236236,Q1759246
Q236309,Q245068
Q236309,Q6625963
Q236309,Q36180
Q236309,Q2259451
Q236309,Q10800557
Q236309,Q33999
Q236309,Q947873
Q236321,Q36180
Q236321,Q6625963
Q236321,Q4853732
Q236321,Q219477
Q236482,Q1930187
Q236482,Q6625963
Q236482,Q18814623
Q236482,Q14915627
Q236482,Q36180
Q236482,Q82955
Q236482,Q2526255
Q236669,Q1930187
Q236669,Q36180
Q236669,Q4263842
Q236669,Q11774202
Q236669,Q322170
Q236669,Q12144794
Q236669,Q6051619
Q236669,Q6625963
Q236684,Q6625963
Q236684,Q36180
Q236727,Q36180
Q236727,Q6625963
Q236727,Q10297252
Q236829,Q36180
Q236829,Q4853732
Q236829,Q6625963
Q236829,Q18844224
Q236829,Q49757
Q236848,Q36180
Q236848,Q18844224
Q236848,Q4853732
Q236848,Q1930187
Q236848,Q6625963
Q236848,Q639669
Q236848,Q822146
Q236848,Q28389
Q236916,Q36180
Q236916,Q6625963
Q236950,Q36180
Q236950,Q49757
Q236950,Q6625963
Q236950,Q28692502
Q236958,Q1930187
Q236958,Q6625963
Q236958,Q11774202
Q236958,Q36180
Q236958,Q28389
Q236993,Q36180
Q236993,Q28389
Q236993,Q49757
Q236993,Q864380
Q236993,Q6625963
Q237087,Q6625963
Q237087,Q3621491
Q237087,Q201788
Q237087,Q482980
Q237087,Q36180
Q237090,Q36180
Q237090,Q3068305
Q237090,Q6625963
Q237090,Q201788
Q237090,Q3589290
Q237090,Q715222
Q237095,Q36180
Q237095,Q3068305
Q237095,Q6673651
Q237095,Q6625963
Q237095,Q49757
Q237095,Q1297719
Q237095,Q4964182
Q237106,Q214917
Q237106,Q28389
Q237106,Q6625963
Q237106,Q36180
Q237106,Q4853732
Q237196,Q36180
Q237196,Q6625963
Q237196,Q28389
Q237196,Q18844224
Q237196,Q12144794
Q237235,Q14467526
Q237235,Q36180
Q237235,Q333634
Q237235,Q6625963
Q237235,Q71049101
Q237242,Q33999
Q237242,Q28389
Q237242,Q6625963
Q237242,Q36180
Q237242,Q483501
Q237242,Q17337766
Q237413,Q333634
Q237413,Q49757
Q237413,Q6625963
Q237413,Q4263842
Q237413,Q18844224
Q237413,Q36180
Q237413,Q6430706
Q237416,Q333634
Q237416,Q6625963
Q237416,Q4853732
Q237416,Q15980158
Q237416,Q1622272
Q237416,Q36180
Q237416,Q1397808
Q237416,Q28389
Q237416,Q11774202
Q237416,Q3391743
Q237416,Q483501
Q237420,Q36180
Q237420,Q37226
Q237420,Q6625963
Q237420,Q2073907
Q237420,Q14466416
Q237420,Q462390
Q237420,Q3153559
Q237420,Q10297252
Q237420,Q2526255
Q237420,Q3282637
Q237514,Q36180
Q237514,Q6625963
Q237514,Q37226
Q237514,Q42909
Q237514,Q1930187
Q237514,Q4853732
Q237514,Q18814623
Q237555,Q6625963
Q237555,Q36180
Q237560,Q82955
Q237560,Q6625963
Q237560,Q36180
Q237560,Q4182927
Q237560,Q17351648
Q237560,Q5160981
Q237575,Q11774202
Q237575,Q6625963
Q237575,Q4853732
Q237575,Q36180
Q237602,Q33999
Q237602,Q4610556
Q237602,Q177220
Q237602,Q18814623
Q237602,Q6625963
Q237602,Q36180
Q237602,Q43845
Q237602,Q10800557
Q237602,Q947873
Q237639,Q36180
Q237639,Q49757
Q237639,Q6625963
Q237684,Q14467526
Q237684,Q333634
Q237684,Q6625963
Q237684,Q36180
Q237687,Q36180
Q237687,Q1792450
Q237687,Q6625963
Q237687,Q1622272
Q237703,Q36180
Q237703,Q6625963
Q237833,Q4964182
Q237833,Q36180
Q237833,Q49757
Q237833,Q6625963
Q237833,Q11774202
Q237833,Q1622272
Q237948,Q6625963
Q237948,Q36180
Q237948,Q11122954
Q238124,Q1930187
Q238124,Q36180
Q238124,Q6625963
Q238124,Q33231
Q238124,Q4853732
Q238140,Q36180
Q238140,Q6625963
Q238140,Q214917
Q238140,Q28389
Q238140,Q1930187
Q238140,Q4853732
Q238140,Q15949613
Q238140,Q12406482
Q238295,Q1930187
Q238295,Q6625963
Q238295,Q36180
Q238331,Q11774202
Q238331,Q6625963
Q238331,Q36180
Q238438,Q18844224
Q238438,Q6625963
Q238438,Q36180
Q238514,Q211346
Q238514,Q551835
Q238514,Q2640827
Q238514,Q6625963
Q238514,Q82955
Q238514,Q36180
Q238514,Q15253558
Q238702,Q18844224
Q238702,Q6625963
Q238702,Q4263842
Q238702,Q36180
Q238702,Q28389
Q238702,Q483501
Q238702,Q47064
Q238702,Q998550
Q238702,Q589298
Q238702,Q1930187
Q238817,Q193391
Q238817,Q82955
Q238817,Q6625963
Q238817,Q3665646
Q238817,Q864380
Q238823,Q36180
Q238823,Q6625963
Q238823,Q18844224
Q238823,Q4853732
Q238970,Q36180
Q238970,Q15949613
Q238970,Q11774202
Q238970,Q6625963
Q239307,Q6625963
Q239307,Q28389
Q239307,Q4263842
Q239307,Q864380
Q239307,Q36180
Q239307,Q214917
Q239307,Q1607826
Q239307,Q12144794
Q239652,Q28389
Q239652,Q49757
Q239652,Q33999
Q239652,Q177220
Q239652,Q36180
Q239652,Q36834
Q239652,Q6625963
Q239652,Q855091
Q239652,Q753110
Q239652,Q488205
Q239652,Q822146
Q239652,Q13418253
Q239652,Q12144794
Q239652,Q15949613
Q239656,Q2526255
Q239656,Q28389
Q239656,Q36180
Q239656,Q6625963
Q239656,Q82955
Q239739,Q18844224
Q239739,Q6625963
Q239739,Q36180
Q239910,Q1930187
Q239910,Q6625963
Q239910,Q36180
Q239910,Q15980158
Q239910,Q4853732
Q239911,Q36180
Q239911,Q6625963
Q239911,Q1930187
Q239923,Q6625963
Q239923,Q36180
Q239934,Q36180
Q239934,Q6625963
Q239944,Q36180
Q239944,Q6625963
Q239944,Q4853732
Q240212,Q6625963
Q240212,Q36180
Q240253,Q6625963
Q240253,Q6673651
Q240253,Q18814623
Q240253,Q36180
Q240253,Q28389
Q240253,Q4263842
Q240253,Q18844224
Q240253,Q1930187
Q240515,Q36180
Q240515,Q6625963
Q240547,Q6625963
Q240547,Q36180
Q240647,Q36180
Q240647,Q6625963
Q240647,Q4853732
Q240647,Q18814623
Q240647,Q482980
Q240647,Q33999
Q240647,Q214917
Q240647,Q1622272
Q240786,Q18844224
Q240786,Q6625963
Q241098,Q1028181
Q241098,Q11569986
Q241098,Q49757
Q241098,Q6625963
Q241098,Q17505902
Q241098,Q3391743
Q241098,Q483501
Q241098,Q7541856
Q241098,Q644687
Q241098,Q15296811
Q241098,Q1925963
Q241215,Q6625963
Q241215,Q11774202
Q241215,Q49757
Q241215,Q36180
Q241215,Q15949613
Q241248,Q36180
Q241248,Q6625963
Q241248,Q28389
Q241248,Q11774202
Q241248,Q1930187
Q241248,Q3400985
Q241398,Q11774202
Q241398,Q6625963
Q241398,Q4263842
Q241398,Q28692502
Q241398,Q1930187
Q241398,Q36180
Q241470,Q6625963
Q241470,Q11499147
Q241470,Q28692502
Q241470,Q36180
Q241583,Q36180
Q241583,Q28389
Q241583,Q6625963
Q241583,Q15077007
Q241583,Q1930187
Q241583,Q15949613
Q241583,Q1053574
Q241615,Q36180
Q241615,Q6625963
Q241714,Q36180
Q241714,Q6625963
Q241714,Q18844224
Q241714,Q4853732
Q241903,Q33999
Q241903,Q36180
Q241903,Q6625963
Q241903,Q2259451
Q241903,Q10798782
Q241903,Q10800557
Q242095,Q36180
Q242095,Q1930187
Q242095,Q6625963
Q242095,Q1028181
Q242095,Q8178443
Q242095,Q28389
Q242095,Q214917
Q242095,Q49757
Q242095,Q18844224
Q242095,Q4853732
Q242095,Q715301
Q242095,Q6051619
Q242130,Q36180
Q242130,Q6625963
Q242130,Q28389
Q242130,Q1209498
Q242130,Q49757
Q242130,Q12144794
Q242162,Q6625963
Q242162,Q36180
Q242162,Q18844224
Q242166,Q6625963
Q242166,Q1930187
Q242166,Q36180
Q242351,Q4610556
Q242351,Q131524
Q242351,Q4270517
Q242351,Q6625963
Q242351,Q36180
Q242351,Q18814623
Q242351,Q5322166
Q242351,Q4144610
Q242351,Q1631120
Q242423,Q6625963
Q242423,Q18939491
Q242423,Q333634
Q242423,Q1930187
Q242423,Q36180
Q242423,Q487596
Q242526,Q33999
Q242526,Q36180
Q242526,Q6625963
Q242526,Q2526255
Q242526,Q28389
Q242526,Q20856740
Q242526,Q10800557
Q242530,Q36180
Q242530,Q28389
Q242530,Q6625963
Q242530,Q18844224
Q242571,Q36180
Q242571,Q6625963
Q242571,Q4853732
Q242613,Q36180
Q242613,Q6625963
Q242613,Q82594
Q242613,Q18844224
Q242613,Q3630699
Q242613,Q28389
Q242613,Q63538345
Q242643,Q6625963
Q242643,Q18844224
Q242643,Q36180
Q242643,Q5482740
Q242643,Q5434338
Q242796,Q201788
Q242796,Q36180
Q242796,Q6625963
Q242796,Q864380
Q242796,Q2478141
Q242956,Q28389
Q242956,Q49757
Q242956,Q13218361
Q242956,Q6625963
Q242956,Q18814623
Q242956,Q36180
Q242956,Q19509201
Q242956,Q12144794
Q242956,Q214917
Q242956,Q34074720
Q243027,Q189290
Q243027,Q6625963
Q243027,Q36180
Q243027,Q18844224
Q243066,Q36180
Q243066,Q6625963
Q243066,Q11774202
Q243066,Q1930187
Q243066,Q4263842
Q243066,Q864380
Q244390,Q36180
Q244390,Q6625963
Q244390,Q11774202
Q244390,Q4853732
Q244390,Q12369333
Q244997,Q40348
Q244997,Q1930187
Q244997,Q82955
Q244997,Q36180
Q244997,Q49757
Q244997,Q6625963
Q245257,Q36180
Q245257,Q47064
Q245257,Q6625963
Q245787,Q36180
Q245787,Q1930187
Q245787,Q11774202
Q245787,Q1231865
Q245787,Q6625963
Q245787,Q28389
Q245787,Q15949613
Q245787,Q333634
Q246303,Q36180
Q246303,Q6625963
Q246303,Q4263842
Q246303,Q1930187
Q246303,Q18844224
Q246303,Q5434338
Q246303,Q10297252
Q246617,Q1930187
Q246617,Q6625963
Q246722,Q36180
Q246722,Q6625963
Q246722,Q28389
Q246722,Q18844224
Q246953,Q3409375
Q246953,Q250867
Q246953,Q487596
Q246953,Q6625963
Q246953,Q18844224
Q246953,Q4853732
Q246953,Q214917
Q246953,Q36180
Q247473,Q36180
Q247473,Q214917
Q247473,Q6625963
Q247526,Q36180
Q247526,Q18814623
Q247526,Q6625963
Q247526,Q4853732
Q247526,Q33231
Q248244,Q49757
Q248244,Q6625963
Q248244,Q36180
Q248244,Q1622272
Q248867,Q36180
Q248867,Q6625963
Q248867,Q4263842
Q248867,Q18844224
Q249164,Q36180
Q249164,Q3406827
Q249164,Q14467526
Q249164,Q333634
Q249164,Q6625963
Q249164,Q11774202
Q249197,Q6625963
Q249197,Q2095549
Q249197,Q1155838
Q249197,Q9352089
Q249197,Q28389
Q249197,Q1930187
Q249197,Q36180
Q249197,Q18190897
Q249496,Q11900058
Q249496,Q14467526
Q249496,Q333634
Q249496,Q6625963
Q249496,Q36180
Q249544,Q36180
Q249544,Q6625963
Q249544,Q28389
Q249544,Q12144794
Q249686,Q6625963
Q249686,Q36180
Q250539,Q33999
Q250539,Q28389
Q250539,Q6625963
Q250539,Q36180
Q250539,Q10800557
Q250539,Q10384029
Q250637,Q333634
Q250637,Q1622272
Q250637,Q6625963
Q250637,Q36180
Q251038,Q36180
Q251038,Q6625963
Q251038,Q28389
Q251038,Q18844224
Q251123,Q36180
Q251123,Q6625963
Q251123,Q49757
Q251215,Q49757
Q251215,Q36180
Q251215,Q82955
Q251215,Q482980
Q251215,Q6625963
Q252017,Q36180
Q252017,Q6625963
Q252017,Q49757
Q252049,Q36180
Q252049,Q4853732
Q252049,Q6625963
Q252049,Q49757
Q252307,Q18844224
Q252307,Q6625963
Q252776,Q82955
Q252776,Q40348
Q252776,Q6625963
Q252776,Q36180
Q252896,Q6625963
Q252896,Q18844224
Q252896,Q36180
Q253453,Q36180
Q253453,Q3068305
Q253453,Q201788
Q253453,Q18939491
Q253453,Q49757
Q253453,Q11774202
Q253453,Q36834
Q253453,Q6625963
Q253926,Q36180
Q253926,Q6625963
Q253926,Q11774202
Q253926,Q18844224
Q253998,Q49757
Q253998,Q6625963
Q253998,Q333634
Q253998,Q36180
Q254032,Q6625963
Q254032,Q36180
Q254032,Q212980
Q254032,Q49757
Q254032,Q8178443
Q254032,Q2516866
Q254032,Q1968442
Q254032,Q28389
Q254215,Q36180
Q254215,Q6625963
Q254215,Q28389
Q254215,Q4853732
Q254240,Q36180
Q254240,Q6625963
Q254524,Q333634
Q254524,Q201788
Q254524,Q214917
Q254524,Q1930187
Q254524,Q36180
Q254524,Q49757
Q254524,Q1028181
Q254524,Q6625963
Q254524,Q6051619
Q254524,Q15296811
Q254524,Q3243461
Q254524,Q4263842
Q254524,Q2073803
Q254524,Q483501
Q254524,Q14467526
Q254635,Q36180
Q254635,Q28389
Q254635,Q6625963
Q254635,Q18844224
Q254820,Q36180
Q254820,Q11774202
Q254820,Q1930187
Q254820,Q6625963
Q254820,Q1086863
Q255339,Q36180
Q255339,Q6625963
Q255339,Q4263842
Q255339,Q11774202
Q255359,Q36180
Q255359,Q49757
Q255359,Q6625963
Q255862,Q1114448
Q255862,Q6625963
Q255862,Q715301
Q256177,Q6625963
Q256177,Q36180
Q256257,Q36180
Q256257,Q1930187
Q256257,Q6625963
Q256257,Q4263842
Q256257,Q17337766
Q256257,Q9379869
Q256257,Q214917
Q256763,Q10297252
Q256763,Q17048963
Q256763,Q82955
Q256763,Q1930187
Q256763,Q947873
Q256763,Q6625963
Q256789,Q10297252
Q256789,Q49757
Q256789,Q6625963
Q256821,Q627325
Q256821,Q36180
Q256821,Q6625963
Q256821,Q18844224
Q256959,Q36180
Q256959,Q6625963
Q256959,Q639669
Q256959,Q15980158
Q256959,Q18844224
Q256959,Q12144794
Q257121,Q4853732
Q257121,Q6625963
Q257121,Q36180
Q257121,Q37226
Q257261,Q49757
Q257261,Q6625963
Q257261,Q4853732
Q257261,Q36180
Q257261,Q11774202
Q257261,Q18844224
Q257261,Q182436
Q257723,Q36180
Q257723,Q6625963
Q257723,Q28389
Q258001,Q36180
Q258001,Q6625963
Q258096,Q36180
Q258096,Q6625963
Q258431,Q28389
Q258431,Q6625963
Q258431,Q36180
Q258431,Q214917
Q258431,Q73306227
Q258586,Q82955
Q258586,Q186360
Q258586,Q6625963
Q258586,Q8246794
Q258586,Q36180
Q258669,Q49757
Q258669,Q36180
Q258669,Q4853732
Q258669,Q6625963
Q258669,Q864380
Q258669,Q214917
Q258741,Q36180
Q258741,Q6625963
Q258741,Q4853732
Q258753,Q36180
Q258753,Q121594
Q258753,Q6625963
Q258753,Q4263842
Q258753,Q3400985
Q258753,Q662729
Q258753,Q1930187
Q258897,Q1930187
Q258897,Q6625963
Q258897,Q214917
Q258897,Q333634
Q258897,Q36180
Q259096,Q1028181
Q259096,Q6625963
Q259096,Q33231
Q259096,Q36180
Q259096,Q639669
Q259200,Q36180
Q259200,Q1209498
Q259200,Q6625963
Q259217,Q36180
Q259217,Q6625963
Q259364,Q33231
Q259364,Q6625963
Q259364,Q36180
Q259364,Q4263842
Q259364,Q18814623
Q259364,Q483501
Q259364,Q15949613
Q259530,Q36180
Q259530,Q6625963
Q259530,Q18939491
Q259530,Q11774202
Q259530,Q214917
Q259530,Q22073916
Q259543,Q49757
Q259543,Q6625963
Q259543,Q11774202
Q259653,Q36180
Q259653,Q6625963
Q259888,Q6625963
Q259888,Q36180
Q259888,Q18844224
Q259956,Q49757
Q259956,Q6625963
Q259956,Q15949613
Q259956,Q36180
Q259956,Q1622272
Q259956,Q864380
Q259979,Q6625963
Q259979,Q2059704
Q259979,Q28389
Q259979,Q4853732
Q259979,Q10800557
Q259979,Q2526255
Q260006,Q36180
Q260006,Q3068305
Q260006,Q6625963
Q260006,Q20551564
Q260006,Q381353
Q260011,Q36180
Q260011,Q1930187
Q260011,Q6625963
Q260011,Q482980
Q260026,Q36180
Q260026,Q6625963
Q260026,Q28389
Q260026,Q864380
Q260026,Q1930187
Q260054,Q36180
Q260054,Q6625963
Q260054,Q18844224
Q260054,Q169470
Q260054,Q5716684
Q260054,Q805221
Q260262,Q39631
Q260262,Q6625963
Q260262,Q189290
Q260262,Q36180
Q260560,Q36180
Q260560,Q6625963
Q260560,Q4263842
Q260560,Q18844224
Q260560,Q876864
Q260670,Q36180
Q260670,Q12797895
Q260670,Q6625963
Q260670,Q212980
Q260670,Q1900167
Q260670,Q12328016
Q260730,Q36180
Q260730,Q6625963
Q260879,Q1930187
Q260879,Q6625963
Q260879,Q18814623
Q260879,Q36180
Q260879,Q1476215
Q260893,Q36180
Q260893,Q6625963
Q260893,Q1607826
Q260982,Q36180
Q260982,Q6625963
Q261054,Q36180
Q261054,Q1930187
Q261054,Q6625963
Q261054,Q18844224
Q261054,Q11774202
Q261066,Q6625963
Q261397,Q1930187
Q261397,Q36180
Q261397,Q6625963
Q261397,Q49757
Q261397,Q15949613
Q261521,Q36180
Q261521,Q214917
Q261521,Q6625963
Q261521,Q28389
Q261521,Q864380
Q261627,Q214917
Q261627,Q36180
Q261627,Q6625963
Q261627,Q82955
Q261962,Q36180
Q261962,Q6625963
Q261962,Q49757
Q261962,Q18844224
Q261981,Q33999
Q261981,Q245068
Q261981,Q28389
Q261981,Q3282637
Q261981,Q6625963
Q261981,Q36180
Q261981,Q2259451
Q261981,Q10800557
Q261981,Q578109
Q262170,Q245068
Q262170,Q6625963
Q262170,Q2259451
Q262170,Q10798782
Q262170,Q28389
Q262170,Q10800557
Q262170,Q2405480
Q262170,Q36180
Q262170,Q33999
Q262253,Q36180
Q262253,Q4853732
Q262253,Q13582652
Q262253,Q6625963
Q262274,Q36180
Q262274,Q6625963
Q262274,Q2722764
Q262274,Q4853732
Q262479,Q2526255
Q262479,Q33999
Q262479,Q28389
Q262479,Q3282637
Q262479,Q6625963
Q262479,Q4610556
Q262479,Q3455803
Q262561,Q36180
Q262561,Q1930187
Q262561,Q6625963
Q262561,Q12144794
Q262565,Q36180
Q262565,Q333634
Q262565,Q4853732
Q262565,Q6625963
Q262712,Q6625963
Q262712,Q36180
Q262816,Q6625963
Q262816,Q36180
Q262816,Q15949613
Q262850,Q1930187
Q262850,Q214917
Q262850,Q6625963
Q262850,Q28389
Q262850,Q36180
Q262850,Q12144794
Q262962,Q28389
Q262962,Q49757
Q262962,Q36180
Q262962,Q6625963
Q262997,Q28389
Q262997,Q36180
Q262997,Q6625963
Q262997,Q69423232
Q262997,Q73306227
Q263201,Q11774202
Q263201,Q6625963
Q263201,Q4964182
Q263201,Q1622272
Q263201,Q36180
Q263201,Q15253558
Q263213,Q36180
Q263213,Q28389
Q263213,Q1930187
Q263213,Q69423232
Q263213,Q6625963
Q263254,Q36180
Q263254,Q49757
Q263254,Q6625963
Q263552,Q1930187
Q263552,Q20826540
Q263552,Q1028181
Q263552,Q6625963
Q263552,Q4853732
Q263552,Q36180
Q263599,Q36180
Q263599,Q6625963
Q263599,Q4853732
Q263599,Q4220892
Q263613,Q6625963
Q263613,Q36180
Q263613,Q49757
Q263648,Q36180
Q263648,Q6625963
Q263648,Q4853732
Q263648,Q18844224
Q263648,Q1607826
Q263807,Q14467526
Q263807,Q333634
Q263807,Q36180
Q263807,Q6625963
Q263807,Q1622272
Q263807,Q15949613
Q263997,Q6625963
Q264247,Q36180
Q264247,Q6625963
Q264247,Q214917
Q264283,Q36180
Q264283,Q6625963
Q264730,Q33999
Q264730,Q6625963
Q264730,Q36180
Q264730,Q18814623
Q264730,Q1028181
Q264730,Q43845
Q264730,Q512314
Q264730,Q10798782
Q264730,Q3501317
Q264730,Q5322166
Q264730,Q18939491
Q265270,Q36180
Q265270,Q6625963
Q265270,Q1622272
Q265270,Q11774202
Q265270,Q18844224
Q265270,Q28692502
Q265270,Q1930187
Q265270,Q4853732
Q265270,Q113469341
Q265603,Q36180
Q265603,Q6625963
Q265603,Q4853732
Q265756,Q36180
Q265756,Q6625963
Q265756,Q4853732
Q265792,Q6625963
Q265792,Q18844224
Q265796,Q6625963
Q265796,Q4853732
Q265796,Q18814623
Q265796,Q1930187
Q265796,Q36180
Q266073,Q1930187
Q266073,Q36180
Q266073,Q6625963
Q266173,Q36180
Q266173,Q6625963
Q266173,Q4853732
Q266173,Q1930187
Q266187,Q6625963
Q266187,Q36180
Q266205,Q36180
Q266205,Q6625963
Q266205,Q1607826
Q266337,Q49757
Q266337,Q214917
Q266337,Q36180
Q266337,Q6625963
Q266337,Q20723555
Q266337,Q1511216
Q266368,Q33999
Q266368,Q10798782
Q266368,Q10800557
Q266368,Q36180
Q266368,Q6625963
Q266368,Q4853732
Q266368,Q2259451
Q266802,Q36180
Q266802,Q49757
Q266802,Q333634
Q266802,Q6625963
Q266816,Q4773904
Q266816,Q49757
Q266816,Q6625963
Q266816,Q333634
Q266816,Q1371378
Q266816,Q15949613
Q266816,Q10301984
Q266816,Q11774202
Q266816,Q1622272
Q266816,Q1930187
Q266816,Q82955
Q266816,Q2526255
Q266947,Q6625963
Q266947,Q36180
Q266947,Q18844224
Q266959,Q33999
Q266959,Q6625963
Q266959,Q36180
Q266959,Q864380
Q266959,Q177220
Q266984,Q36180
Q266984,Q6625963
Q267186,Q33999
Q267186,Q28389
Q267186,Q1141526
Q267186,Q10798782
Q267186,Q10800557
Q267186,Q2259451
Q267186,Q6625963
Q267242,Q36180
Q267242,Q1930187
Q267242,Q6625963
Q267242,Q49757
Q267242,Q18814623
Q267242,Q15949613
Q267356,Q28389
Q267356,Q6625963
Q267356,Q2259451
Q267356,Q10800557
Q267356,Q2526255
Q267356,Q3282637
Q267356,Q10798782
Q267441,Q28389
Q267441,Q6625963
Q267441,Q214917
Q267441,Q36180
Q267441,Q1930187
Q267441,Q3282637
Q267441,Q2526255
Q267441,Q47541952
Q267542,Q33999
Q267542,Q2526255
Q267542,Q6625963
Q267542,Q28389
Q267691,Q28389
Q267691,Q6625963
Q267691,Q1930187
Q267691,Q36180
Q267691,Q11774202
Q267698,Q36180
Q267698,Q4263842
Q267698,Q1086863
Q267698,Q1076502
Q267698,Q1622061
Q267698,Q6625963
Q267746,Q36180
Q267746,Q49757
Q267746,Q6625963
Q267746,Q333634
Q267746,Q18844224
Q267748,Q49757
Q267748,Q6625963
Q267748,Q36180
Q267748,Q864380
Q267769,Q36180
Q267769,Q1930187
Q267769,Q6625963
Q267769,Q214917
Q267769,Q6051619
Q267769,Q333634
Q267769,Q28389
Q267769,Q2526255
Q267962,Q6625963
Q267962,Q214917
Q267962,Q36180
Q267962,Q40348
Q267962,Q333634
Q267962,Q713200
Q268024,Q947873
Q268024,Q11063
Q268024,Q18814623
Q268024,Q36180
Q268024,Q7042855
Q268024,Q6625963
Q268024,Q18844224
Q268024,Q36834
Q268024,Q2095549
Q268147,Q1930187
Q268147,Q6625963
Q268147,Q36180
Q268147,Q28389
Q268147,Q4263842
Q268147,Q18814623
Q268147,Q6430706
Q268181,Q36180
Q268181,Q6625963
Q268181,Q1930187
Q268181,Q11774202
Q268181,Q28389
Q268181,Q18844224
Q268254,Q6625963
Q268254,Q36180
Q268371,Q49757
Q268371,Q6625963
Q268371,Q36180
Q268371,Q18844224
Q268466,Q36180
Q268466,Q6625963
Q268495,Q36180
Q268495,Q6625963
Q268495,Q1622272
Q268495,Q15949613
Q268582,Q36180
Q268582,Q1930187
Q268582,Q333634
Q268582,Q11774202
Q268582,Q49757
Q268582,Q4853732
Q268582,Q4263842
Q268582,Q73306227
Q268582,Q6625963
Q268582,Q15949613
Q268755,Q36180
Q268755,Q6625963
Q268755,Q18844224
Q268755,Q4853732
Q268829,Q36180
Q268829,Q6625963
Q269123,Q36180
Q269123,Q6625963
Q269129,Q36180
Q269129,Q28389
Q269129,Q6625963
Q269129,Q15949613
Q269927,Q28389
Q269927,Q2526255
Q269927,Q214917
Q269927,Q3282637
Q269927,Q36180
Q269927,Q33999
Q269927,Q6625963
Q269927,Q49757
Q269927,Q3387717
Q269927,Q578109
Q269927,Q3455803
Q269982,Q36180
Q269982,Q6625963
Q269982,Q28389
Q269982,Q2516866
Q269982,Q214917
Q269982,Q482980
Q269982,Q1930187
Q269992,Q36180
Q269992,Q6625963
Q269992,Q4263842
Q270070,Q18844224
Q270070,Q752129
Q270070,Q6625963
Q270199,Q36180
Q270199,Q6625963
Q270199,Q4853732
Q270204,Q36180
Q270204,Q6625963
Q270204,Q18844224
Q270204,Q1607826
Q270487,Q36180
Q270487,Q6625963
Q270487,Q37226
Q270487,Q1622272
Q270601,Q49757
Q270601,Q1930187
Q270601,Q36180
Q270601,Q14467526
Q270601,Q333634
Q270601,Q6625963
Q270601,Q11774202
Q270601,Q4853732
Q270601,Q12144794
Q270617,Q36180
Q270617,Q3068305
Q270617,Q6625963
Q270617,Q11774156
Q270617,Q11774202
Q270617,Q49757
Q270617,Q1607826
Q270635,Q36180
Q270635,Q6625963
Q270635,Q28389
Q270635,Q11892507
Q270641,Q49757
Q270641,Q6625963
Q270641,Q36180
Q270641,Q1622272
Q270641,Q11774202
Q270641,Q11892507
Q270641,Q10774753
Q270641,Q12144794
Q270641,Q214917
Q270643,Q49757
Q270643,Q28389
Q270643,Q6625963
Q270643,Q3501317
Q270643,Q18814623
Q270648,Q36180
Q270648,Q82955
Q270648,Q6625963
Q270648,Q18844224
Q270715,Q49757
Q270715,Q36180
Q270715,Q6625963
Q270715,Q37226
Q270739,Q36180
Q270739,Q6625963
Q270739,Q1930187
Q271111,Q6625963
Q271111,Q36180
Q271111,Q28389
Q271111,Q49757
Q271111,Q10509151
Q271111,Q60583668
Q271423,Q6625963
Q271423,Q36180
Q271423,Q33999
Q271423,Q2259451
Q271448,Q28389
Q271448,Q2259451
Q271448,Q10800557
Q271448,Q1797162
Q271448,Q5716684
Q271448,Q10798782
Q271448,Q21280562
Q271448,Q6625963
Q271448,Q33999
Q271448,Q36180
Q271457,Q36180
Q271457,Q2095549
Q271457,Q6625963
Q271457,Q28389
Q271457,Q49757
Q271457,Q4853732
Q271457,Q12144794
Q271457,Q15949613
Q271494,Q6625963
Q271494,Q4853732
Q271824,Q1930187
Q271824,Q214917
Q271824,Q28389
Q271824,Q49757
Q271824,Q6625963
Q271824,Q36180
Q271824,Q18844224
Q271824,Q2526255
Q271825,Q36180
Q271825,Q28389
Q271825,Q6625963
Q271825,Q49757
Q271825,Q15949613
Q271895,Q177220
Q271895,Q488205
Q271895,Q55960555
Q271895,Q33999
Q271895,Q3501317
Q271895,Q6625963
Q271931,Q6625963
Q271931,Q36180
Q271931,Q28692502
Q271931,Q15978337
Q271931,Q34074720
Q271961,Q36180
Q271961,Q6625963
Q271973,Q6625963
Q271973,Q36180
Q271973,Q18844224
Q272076,Q6625963
Q272076,Q28389
Q272076,Q18844224
Q272076,Q49757
Q272076,Q4853732
Q272076,Q12144794
Q272088,Q36180
Q272088,Q28389
Q272088,Q6625963
Q272088,Q18814623
Q272088,Q10800557
Q272088,Q11774156
Q272088,Q214917
Q272088,Q33999
Q272163,Q36180
Q272163,Q1930187
Q272163,Q49757
Q272163,Q6625963
Q272194,Q49757
Q272194,Q333634
Q272194,Q6625963
Q272194,Q214917
Q272194,Q155647
Q272194,Q18844224
Q272194,Q4853732
Q272194,Q36180
Q272492,Q36180
Q272492,Q6625963
Q272492,Q18844224
Q272492,Q901
Q272492,Q1622272
Q272550,Q33999
Q272550,Q177220
Q272550,Q6625963
Q272550,Q36180
Q272585,Q482980
Q272585,Q6625963
Q272585,Q18814623
Q272610,Q6625963
Q272610,Q214917
Q272610,Q36180
Q272610,Q69423232
Q272622,Q28389
Q272622,Q6625963
Q272622,Q214917
Q272622,Q1930187
Q272622,Q15949613
Q272622,Q36180
Q272622,Q49757
Q272638,Q36180
Q272638,Q6625963
Q272638,Q1622272
Q272638,Q11774202
Q272638,Q28389
Q272706,Q36180
Q272706,Q6625963
Q272706,Q12144794
Q272748,Q6625963
Q272748,Q36180
Q272767,Q36180
Q272767,Q6625963
Q272794,Q36180
Q272794,Q6625963
Q272794,Q18844224
Q272811,Q6625963
Q272811,Q36180
Q272811,Q1622272
Q272811,Q15980158
Q272811,Q10297252
Q272855,Q6625963
Q272855,Q36180
Q272855,Q28389
Q272855,Q482980
Q272855,Q18844224
Q272855,Q822146
Q272855,Q753110
Q272861,Q6625963
Q273001,Q49757
Q273001,Q6625963
Q273001,Q36180
Q273001,Q11774202
Q273007,Q6625963
Q273007,Q6430706
Q273007,Q214917
Q273007,Q36180
Q273034,Q36180
Q273034,Q6625963
Q273034,Q4853732
Q273034,Q49757
Q273034,Q18939491
Q273034,Q864380
Q273034,Q15949613
Q273034,Q1930187
Q273034,Q37226
Q273077,Q28389
Q273077,Q36834
Q273077,Q6625963
Q273077,Q36180
Q273105,Q6625963
Q273105,Q36180
Q273156,Q1145523
Q273156,Q36180
Q273156,Q28389
Q273156,Q6625963
Q273156,Q15949613
Q273156,Q3330547
Q273156,Q1607826
Q273170,Q36180
Q273170,Q6625963
Q273196,Q36180
Q273196,Q6625963
Q273196,Q1622272
Q273196,Q4853732
Q273200,Q3068305
Q273200,Q8178443
Q273200,Q36180
Q273200,Q214917
Q273200,Q6625963
Q273200,Q36834
Q273207,Q36180
Q273207,Q214917
Q273207,Q6625963
Q273207,Q333634
Q273210,Q49757
Q273210,Q6625963
Q273210,Q214917
Q273210,Q1021386
Q273210,Q11774202
Q273210,Q15978337
Q273210,Q28389
Q273210,Q1622272
Q273210,Q15949613
Q273210,Q131322129
Q273210,Q36180
Q273266,Q36180
Q273266,Q6625963
Q273266,Q1930187
Q273266,Q40348
Q273311,Q36180
Q273311,Q6625963
Q273311,Q1930187
Q273311,Q18814623
Q273311,Q4853732
Q273311,Q156839
Q273311,Q974144
Q273311,Q33999
Q273311,Q186360
Q273385,Q36180
Q273385,Q49757
Q273385,Q6625963
Q273385,Q18844224
Q273385,Q28692502
Q273385,Q15253558
Q273385,Q61048378
Q273400,Q36180
Q273400,Q6625963
Q273406,Q49757
Q273406,Q36180
Q273406,Q6625963
Q273448,Q6625963
Q273448,Q36180
Q273453,Q6625963
Q273453,Q36180
Q273677,Q6625963
Q273677,Q36180
Q273712,Q28389
Q273712,Q2526255
Q273712,Q3282637
Q273712,Q6625963
Q273712,Q36180
Q273730,Q36180
Q273730,Q6625963
Q273730,Q214917
Q273730,Q28389
Q273730,Q4853732
Q273799,Q36180
Q273799,Q6625963
Q273843,Q6625963
Q273843,Q36180
Q273843,Q18844224
Q273873,Q36180
Q273873,Q6625963
Q273873,Q4853732
Q273873,Q12144794
Q273911,Q6625963
Q273911,Q36180
Q273938,Q6625963
Q273938,Q36180
Q273938,Q18814623
Q273938,Q18939491
Q273950,Q36180
Q273950,Q6625963
Q274003,Q36180
Q274003,Q6625963
Q274016,Q6625963
Q274016,Q1209498
Q274016,Q36180
Q274090,Q36180
Q274090,Q4263842
Q274090,Q1930187
Q274090,Q6625963
Q274144,Q6625963
Q274144,Q1930187
Q274144,Q1231865
Q274144,Q36180
Q274144,Q28389
Q274144,Q4178004
Q274144,Q1622272
Q274219,Q6625963
Q274219,Q36180
Q274219,Q28389
Q274296,Q6625963
Q274296,Q36180
Q274296,Q18844224
Q274319,Q36180
Q274319,Q49757
Q274319,Q6625963
Q274319,Q1622272
Q274319,Q4263842
Q274324,Q49757
Q274324,Q6625963
Q274324,Q36180
Q274324,Q18844224
Q274348,Q36180
Q274348,Q28389
Q274348,Q1930187
Q274348,Q6625963
Q274348,Q15949613
Q274404,Q1930187
Q274404,Q36180
Q274404,Q333634
Q274404,Q11774202
Q274404,Q82955
Q274404,Q28389
Q274404,Q2599593
Q274404,Q6625963
Q274500,Q36180
Q274500,Q6625963
Q274500,Q1930187
Q274708,Q36180
Q274708,Q6625963
Q274730,Q6625963
Q274730,Q49757
Q274730,Q36180
Q274766,Q1930187
Q274766,Q36180
Q274766,Q28389
Q274766,Q214917
Q274766,Q639669
Q274766,Q6625963
Q274766,Q6051619
Q274933,Q6625963
Q274933,Q1930187
Q274933,Q8178443
Q274933,Q214917
Q274941,Q6625963
Q274941,Q36180
Q274941,Q18844224
Q275012,Q49757
Q275012,Q6625963
Q275012,Q36180
Q275012,Q28692502
Q275012,Q11774202
Q275012,Q4773904
Q275092,Q36180
Q275092,Q6625963
Q275092,Q4853732
Q275146,Q82955
Q275146,Q6625963
Q275146,Q30242234
Q275146,Q49757
Q275146,Q185351
Q275146,Q83307
Q275146,Q36180
Q275172,Q6625963
Q275172,Q36180
Q275172,Q18844224
Q275175,Q36180
Q275175,Q214917
Q275175,Q6625963
Q275175,Q18939491
Q275175,Q1209498
Q275175,Q11774202
Q275175,Q185351
Q275175,Q15949613
Q275328,Q36180
Q275328,Q6625963
Q275328,Q18844224
Q275367,Q49757
Q275367,Q36180
Q275367,Q6625963
Q275392,Q36180
Q275392,Q6625963
Q275392,Q4853732
Q275563,Q6625963
Q275563,Q36180
Q275601,Q36180
Q275601,Q6625963
Q275601,Q214917
Q275601,Q1622272
Q275601,Q11774202
Q275601,Q758780
Q275602,Q6625963
Q275602,Q36180
Q275633,Q36180
Q275633,Q6625963
Q275633,Q182436
Q275633,Q4853732
Q275633,Q28389
Q275648,Q193391
Q275648,Q6625963
Q275648,Q36180
Q275707,Q28389
Q275707,Q6625963
Q275707,Q18844224
Q275707,Q578109
Q275707,Q73306227
Q275707,Q69423232
Q275707,Q3282637
Q275707,Q3455803
Q275719,Q6625963
Q275719,Q36180
Q275908,Q182436
Q275908,Q6625963
Q275908,Q36180
Q275929,Q11774202
Q275929,Q4263842
Q275929,Q6625963
Q275929,Q1930187
Q275929,Q3068305
Q275929,Q36180
Q275929,Q49757
Q275929,Q1607826
Q275929,Q113516626
Q275929,Q15949613
Q275955,Q36180
Q275955,Q6625963
Q275979,Q36180
Q275979,Q49757
Q275979,Q6625963
Q275979,Q333634
Q275979,Q12144794
Q276028,Q487596
Q276028,Q36180
Q276028,Q4853732
Q276028,Q6625963
Q276028,Q15949613
Q276028,Q214917
Q276032,Q36180
Q276032,Q6625963
Q276032,Q49757
Q276032,Q333634
Q276032,Q12144794
Q276032,Q1792450
Q276260,Q6625963
Q276260,Q11774202
Q276260,Q36180
Q276304,Q36180
Q276304,Q6625963
Q276304,Q18844224
Q276304,Q1930187
Q276304,Q1607826
Q276332,Q33999
Q276332,Q6625963
Q276332,Q488205
Q276332,Q3427922
Q276332,Q10800557
Q276332,Q177220
Q276332,Q36180
Q276355,Q36180
Q276355,Q6625963
Q276355,Q4853732
Q276375,Q36180
Q276375,Q4610556
Q276375,Q6625963
Q276421,Q36180
Q276421,Q6625963
Q276421,Q4853732
Q276421,Q49757
Q276472,Q49757
Q276472,Q36180
Q276472,Q8178443
Q276472,Q6625963
Q276472,Q214917
Q276472,Q28389
Q276472,Q4853732
Q276607,Q36180
Q276607,Q18844224
Q276607,Q4853732
Q276607,Q5434338
Q276607,Q6625963
Q276607,Q28389
Q276782,Q6625963
Q276782,Q6430706
Q276782,Q36180
Q276782,Q4263842
Q276817,Q36180
Q276817,Q28389
Q276817,Q6625963
Q277308,Q18844224
Q277308,Q6625963
Q277308,Q36180
Q277308,Q1930187
Q277308,Q4220892
Q277308,Q8246794
Q278510,Q36180
Q278510,Q6625963
Q278510,Q18844224
Q278543,Q201788
Q278543,Q6625963
Q278543,Q1930187
Q278543,Q28389
Q278543,Q36180
Q278543,Q4263842
Q278573,Q36180
Q278573,Q18844224
Q278573,Q6625963
Q278862,Q1930187
Q278862,Q36180
Q278862,Q6625963
Q278872,Q28389
Q278872,Q6625963
Q278872,Q36180
Q278872,Q1622272
Q278917,Q36180
Q278917,Q15949613
Q278917,Q6625963
Q278924,Q6625963
Q278924,Q36180
Q278924,Q18844224
Q278953,Q36180
Q278953,Q6625963
Q278953,Q28389
Q279305,Q28389
Q279305,Q36180
Q279305,Q6625963
Q279305,Q4853732
Q279305,Q1053574
Q279361,Q4853732
Q279361,Q6625963
Q279361,Q36180
Q279550,Q28389
Q279550,Q6625963
Q279550,Q36180
Q279550,Q18844224
Q279973,Q6625963
Q279973,Q36180
Q279973,Q191633
Q279987,Q49757
Q279987,Q6625963
Q279987,Q36180
Q280001,Q18844224
Q280001,Q6625963
Q280001,Q36180
Q280556,Q201788
Q280556,Q3621491
Q280556,Q36180
Q280556,Q6625963
Q280730,Q36180
Q280730,Q6625963
Q281036,Q822146
Q281036,Q1930187
Q281036,Q36180
Q281036,Q6625963
Q281036,Q753110
Q281036,Q49757
Q281501,Q211346
Q281501,Q36180
Q281501,Q6625963
Q282859,Q36180
Q282859,Q6625963
Q282859,Q214917
Q282859,Q1776724
Q283094,Q49757
Q283094,Q6625963
Q283094,Q36180
Q283094,Q1930187
Q283267,Q49757
Q283267,Q1930187
Q283267,Q6625963
Q283267,Q3400985
Q283353,Q49757
Q283353,Q36180
Q283353,Q214917
Q283353,Q6625963
Q283408,Q36180
Q283408,Q1930187
Q283408,Q6625963
Q283408,Q18844224
Q283408,Q28389
Q283408,Q15949613
Q283496,Q214917
Q283496,Q6625963
Q283496,Q36180
Q283496,Q28389
Q283496,Q1930187
Q283496,Q49757
Q283496,Q15949613
Q283531,Q6625963
Q283531,Q36180
Q283659,Q1930187
Q283659,Q36180
Q283659,Q201788
Q283659,Q6625963
Q283659,Q11774202
Q283659,Q16323111
Q283659,Q82955
Q283659,Q12119633
Q283659,Q6051619
Q283659,Q482980
Q283659,Q11499147
Q283659,Q34074720
Q283964,Q1930187
Q283964,Q333634
Q283964,Q214917
Q283964,Q6625963
Q283964,Q36180
Q283964,Q82955
Q284171,Q49757
Q284171,Q6625963
Q284171,Q11774202
Q284171,Q4853732
Q284171,Q36180
Q284171,Q214917
Q284287,Q6625963
Q284287,Q36180
Q284287,Q18844224
Q284560,Q36180
Q284560,Q214917
Q284560,Q28389
Q284560,Q6625963
Q284560,Q15253558
Q284560,Q12144794
Q284560,Q69423232
Q285007,Q36180
Q285007,Q28389
Q285007,Q6625963
Q285084,Q2526255
Q285084,Q28389
Q285084,Q191633
Q285084,Q2059704
Q285084,Q6625963
Q285084,Q36180
Q285084,Q214917
Q285084,Q266569
Q285084,Q3455803
Q285084,Q1622272
Q285876,Q36180
Q285876,Q6625963
Q285876,Q4853732
Q286116,Q6625963
Q286116,Q36180
Q286116,Q1930187
Q286116,Q18844224
Q286116,Q28389
Q286475,Q40348
Q286475,Q1930187
Q286475,Q36180
Q286475,Q214917
Q286475,Q18844224
Q286475,Q6625963
Q286475,Q4853732
Q286475,Q3075052
Q286475,Q37226
Q286701,Q6625963
Q286701,Q36180
Q286701,Q18844224
Q287189,Q1930187
Q287189,Q36180
Q287189,Q6625963
Q287460,Q182436
Q287460,Q1622272
Q287460,Q36180
Q287460,Q6625963
Q287644,Q6625963
Q287644,Q1930187
Q287644,Q860918
Q287644,Q201788
Q287644,Q82955
Q287644,Q333634
Q287679,Q36180
Q287679,Q6625963
Q287679,Q1028181
Q287713,Q2259451
Q287713,Q10800557
Q287713,Q10798782
Q287713,Q6625963
Q287713,Q36180
Q287713,Q2095549
Q287752,Q49757
Q287752,Q6625963
Q287752,Q4964182
Q287752,Q2306091
Q287752,Q36180
Q287752,Q483501
Q287752,Q188094
Q287752,Q28692502
Q287752,Q1607826
Q287752,Q27532437
Q287762,Q49757
Q287762,Q36180
Q287762,Q28692502
Q287762,Q6625963
Q287828,Q214917
Q287828,Q4964182
Q287828,Q333634
Q287828,Q28389
Q287828,Q36180
Q287828,Q2526255
Q287828,Q33999
Q287828,Q15949613
Q287828,Q11892507
Q287828,Q6625963
Q287876,Q715301
Q287876,Q6625963
Q287898,Q6625963
Q288198,Q36180
Q288198,Q28389
Q288198,Q6625963
Q288198,Q18844224
Q288306,Q36180
Q288306,Q6625963
Q288306,Q1028181
Q288306,Q18939491
Q288501,Q14467526
Q288501,Q333634
Q288501,Q36180
Q288501,Q6625963
Q288501,Q1930187
Q288501,Q1622272
Q288627,Q36180
Q288627,Q6625963
Q288627,Q4853732
Q288627,Q69423232
Q288721,Q36180
Q288721,Q6625963
Q288721,Q18844224
Q288721,Q4853732
Q288769,Q36180
Q288769,Q182436
Q288769,Q6625963
Q288916,Q6625963
Q288916,Q278919
Q288916,Q28389
Q288916,Q36180
Q289032,Q2259451
Q289032,Q10800557
Q289032,Q6625963
Q289032,Q36180
Q289032,Q33999
Q289032,Q2526255
Q289054,Q2526255
Q289054,Q33999
Q289054,Q6625963
Q289054,Q28389
Q289054,Q1622272
Q289054,Q3455803
Q289377,Q36180
Q289377,Q6625963
Q289501,Q36180
Q289501,Q1930187
Q289501,Q214917
Q289501,Q6625963
Q289812,Q36180
Q289812,Q6625963
Q289947,Q6625963
Q289947,Q214917
Q289947,Q1209498
Q289947,Q11892507
Q289947,Q36180
Q289947,Q8142883
Q289947,Q1622272
Q289990,Q36180
Q289990,Q6625963
Q289990,Q482980
Q289990,Q644687
Q290021,Q36180
Q290021,Q6625963
Q290021,Q4853732
Q290070,Q36180
Q290070,Q6625963
Q290070,Q18939491
Q290143,Q36180
Q290143,Q1930187
Q290143,Q214917
Q290143,Q15949613
Q290143,Q6625963
Q290220,Q6625963
Q290220,Q36180
Q290261,Q36180
Q290261,Q11774202
Q290261,Q6625963
Q290306,Q333634
Q290306,Q6625963
Q290306,Q36180
Q290306,Q28389
Q290306,Q15949613
Q290502,Q14467526
Q290502,Q49757
Q290502,Q333634
Q290502,Q6625963
Q290502,Q36180
Q290502,Q1930187
Q290502,Q15253558
Q290633,Q36180
Q290633,Q6625963
Q290633,Q15949613
Q290686,Q36180
Q290686,Q6625963
Q291016,Q1930187
Q291016,Q214917
Q291016,Q36180
Q291016,Q6625963
Q291025,Q36180
Q291025,Q6625963
Q291025,Q4853732
Q291285,Q36180
Q291285,Q4853732
Q291285,Q6625963
Q291397,Q36180
Q291397,Q3075052
Q291397,Q6625963
Q291672,Q36180
Q291672,Q6625963
Q291672,Q15949613
Q291672,Q4263842
Q291672,Q12144794
Q291774,Q6625963
Q291774,Q36180
Q291779,Q6625963
Q291779,Q36180
Q291806,Q33999
Q291806,Q36180
Q291806,Q1930187
Q291806,Q4853732
Q291806,Q10800557
Q291806,Q6625963
Q291890,Q36180
Q291890,Q6625963
Q291890,Q4853732
Q291890,Q101539
Q292071,Q36180
Q292071,Q6625963
Q292071,Q4853732
Q292175,Q6625963
Q292175,Q36180
Q292223,Q6625963
Q292223,Q36180
Q292423,Q36180
Q292423,Q6625963
Q292423,Q14915751
Q293028,Q6625963
Q293028,Q201788
Q293028,Q36180
Q293141,Q36180
Q293141,Q6625963
Q293141,Q4853732
Q293141,Q639669
Q293141,Q21178131
Q293141,Q483501
Q293236,Q6625963
Q293236,Q36180
Q293236,Q15949613
Q293259,Q6625963
Q293259,Q49757
Q293259,Q36180
Q293279,Q36180
Q293279,Q6625963
Q294321,Q6625963
Q294321,Q1930187
Q294321,Q36180
Q294321,Q13848274
Q294321,Q82955
Q294321,Q13381428
Q294321,Q13382122
Q294321,Q11513337
Q294321,Q6051619
Q294625,Q36180
Q294625,Q1930187
Q294625,Q6625963
Q294625,Q28389
Q294625,Q18844224
Q294625,Q1607826
Q294625,Q12144794
Q294992,Q6625963
Q294992,Q36180
Q294999,Q36180
Q294999,Q6625963
Q294999,Q37226
Q294999,Q15949613
Q294999,Q1930187
Q295015,Q333634
Q295015,Q2526255
Q295015,Q6625963
Q295015,Q28389
Q295015,Q36180
Q295015,Q3455803
Q295406,Q36180
Q295406,Q6625963
Q295406,Q18844224
Q295406,Q49757
Q295431,Q36180
Q295431,Q333634
Q295431,Q6625963
Q295431,Q11774202
Q295431,Q4263842
Q295431,Q18844224
Q295431,Q1930187
Q295589,Q36180
Q295589,Q1930187
Q295589,Q947873
Q295589,Q214917
Q295589,Q14915627
Q295589,Q6625963
Q295589,Q28389
Q295589,Q4263842
Q295589,Q2722764
Q295589,Q2526255
Q295941,Q36180
Q295941,Q6625963
Q295941,Q12144794
Q296069,Q1930187
Q296069,Q36180
Q296069,Q201788
Q296069,Q6625963
Q296069,Q47064
Q296069,Q28389
Q296256,Q6625963
Q296256,Q18844224
Q296256,Q36180
Q296299,Q36180
Q296299,Q1930187
Q296299,Q6625963
Q296299,Q2526255
Q296609,Q33999
Q296609,Q1086863
Q296609,Q245068
Q296609,Q947873
Q296609,Q3282637
Q296609,Q2722764
Q296609,Q177220
Q296609,Q6625963
Q296609,Q49757
Q296609,Q214917
Q296609,Q8246794
Q296609,Q18814623
Q296609,Q17125263
Q296609,Q1930187
Q296609,Q28389
Q296609,Q18545066
Q296609,Q10800557
Q296609,Q855091
Q296609,Q10798782
Q296609,Q578109
Q296609,Q36180
Q296609,Q11499147
Q296752,Q6625963
Q296752,Q28389
Q296752,Q4178004
Q296752,Q36180
Q296752,Q69423232
Q296752,Q1930187
Q297504,Q36180
Q297504,Q6625963
Q297504,Q37226
Q297504,Q189290
Q297510,Q36180
Q297510,Q6625963
Q297510,Q12144794
Q297538,Q36180
Q297538,Q6625963
Q297538,Q18844224
Q297538,Q108710667
Q297538,Q1231865
Q297542,Q36180
Q297542,Q28389
Q297542,Q6625963
Q297736,Q49757
Q297736,Q6625963
Q297736,Q28389
Q297736,Q3455803
Q297736,Q33999
Q297736,Q37226
Q297736,Q36180
Q297736,Q6051619
Q297736,Q33231
Q297736,Q12144794
Q297752,Q36180
Q297752,Q6625963
Q297752,Q333634
Q297758,Q36180
Q297758,Q6625963
Q297758,Q214917
Q297758,Q1209498
Q297758,Q40348
Q297758,Q4263842
Q297770,Q49757
Q297770,Q11774202
Q297770,Q6625963
Q297770,Q36180
Q297770,Q864380
Q297794,Q33999
Q297794,Q14467526
Q297794,Q333634
Q297794,Q214917
Q297794,Q6625963
Q297794,Q36180
Q297794,Q28389
Q297794,Q2259451
Q297794,Q10800557
Q297794,Q2526255
Q297881,Q28389
Q297881,Q49757
Q297881,Q3068305
Q297881,Q36180
Q297881,Q6625963
Q297881,Q1930187
Q297881,Q2526255
Q298025,Q2526255
Q298025,Q28389
Q298025,Q3282637
Q298025,Q2059704
Q298025,Q36834
Q298025,Q36180
Q298025,Q18844224
Q298025,Q6625963
Q298025,Q3455803
Q298025,Q33999
Q298025,Q1114448
Q298025,Q10798782
Q298025,Q266569
Q298025,Q578109
Q298025,Q47541952
Q298051,Q36180
Q298051,Q214917
Q298051,Q49757
Q298051,Q6625963
Q298152,Q49757
Q298152,Q201788
Q298152,Q36180
Q298152,Q6625963
Q298152,Q333634
Q298152,Q1234713
Q298221,Q46792915
Q298221,Q36180
Q298221,Q1622272
Q298221,Q18844224
Q298221,Q6625963
Q298221,Q578109
Q298221,Q3400985
Q298221,Q1650915
Q298224,Q49757
Q298224,Q6625963
Q298224,Q214917
Q298224,Q82955
Q298224,Q83307
Q298224,Q3400985
Q298224,Q15253558
Q298224,Q36180
Q298229,Q36180
Q298229,Q6625963
Q298234,Q6625963
Q298234,Q15949613
Q298234,Q36180
Q298234,Q18844224
Q298242,Q28389
Q298242,Q6625963
Q298242,Q36180
Q298242,Q18844224
Q298334,Q36180
Q298334,Q214917
Q298334,Q6625963
Q298334,Q33999
Q298334,Q482980
Q298358,Q214917
Q298358,Q6625963
Q298358,Q36180
Q298358,Q49757
Q298358,Q15949613
Q298358,Q28389
Q298394,Q36180
Q298394,Q6625963
Q298417,Q36180
Q298417,Q6625963
Q298417,Q1930187
Q298417,Q18844224
Q298651,Q6625963
Q298651,Q36180
Q298651,Q33999
Q298703,Q49757
Q298703,Q1028181
Q298703,Q214917
Q298703,Q36180
Q298703,Q6625963
Q298761,Q2526255
Q298761,Q6625963
Q298761,Q36180
Q298761,Q28389
Q298761,Q3282637
Q298761,Q33999
Q298761,Q214917
Q298761,Q5322166
Q298761,Q1028181
Q298761,Q644687
Q298761,Q3391743
Q298761,Q18844224
Q298827,Q1930187
Q298827,Q36180
Q298827,Q6625963
Q298827,Q28389
Q298827,Q214917
Q298827,Q40348
Q298938,Q36180
Q298938,Q6625963
Q298938,Q15949613
Q299161,Q36180
Q299161,Q333634
Q299161,Q6625963
Q299161,Q121594
Q299161,Q1930187
Q299161,Q1607826
Q299347,Q36180
Q299347,Q2419397
Q299347,Q6625963
Q299539,Q6625963
Q299539,Q36180
Q299545,Q6625963
Q299545,Q36180
Q299545,Q214917
Q299545,Q2259451
Q299871,Q6625963
Q299871,Q214917
Q299871,Q36180
Q299871,Q1930187
Q299871,Q1607826
Q299933,Q6625963
Q299933,Q36180
Q299933,Q18844224
Q299965,Q36180
Q299965,Q11774202
Q299965,Q6625963
Q299965,Q18814623
Q299965,Q4263842
Q299965,Q1350157
Q299965,Q1930187
Q299965,Q12144794
Q299965,Q6430706
Q299965,Q17167049
Q301106,Q36180
Q301106,Q6625963
Q301106,Q18844224
Q301372,Q36180
Q301372,Q1930187
Q301372,Q6625963
Q301372,Q18844224
Q301632,Q2526255
Q301632,Q6625963
Q301632,Q36180
Q301632,Q18844224
Q301632,Q54845077
Q302296,Q36180
Q302296,Q6625963
Q302296,Q644687
Q302296,Q1930187
Q302296,Q11892507
Q302315,Q36180
Q302315,Q6625963
Q302433,Q1930187
Q302433,Q49757
Q302433,Q6625963
Q302433,Q36180
Q302433,Q214917
Q302433,Q28389
Q302768,Q1930187
Q302768,Q36180
Q302768,Q6625963
Q302910,Q214917
Q302910,Q6625963
Q302910,Q11774202
Q302910,Q1622272
Q302910,Q4964182
Q302910,Q36180
Q304874,Q189290
Q304874,Q6625963
Q304874,Q1930187
Q304874,Q11774202
Q304874,Q36180
Q304874,Q1622272
Q304874,Q4263842
Q304874,Q12144794
Q304874,Q6430706
Q305051,Q33999
Q305051,Q6625963
Q305051,Q10800557
Q305051,Q2259451
Q305051,Q36180
Q305402,Q36180
Q305402,Q28389
Q305402,Q6625963
Q305402,Q6051619
Q305402,Q15949613
Q305523,Q33999
Q305523,Q333634
Q305523,Q6625963
Q305523,Q36180
Q305907,Q36180
Q305907,Q49757
Q305907,Q6625963
Q305907,Q4964182
Q305909,Q1930187
Q305909,Q36180
Q305909,Q37226
Q305909,Q6625963
Q305909,Q214917
Q305909,Q998550
Q305909,Q15949613
Q307988,Q6625963
Q307988,Q1930187
Q307988,Q2526255
Q307988,Q28389
Q307988,Q36180
Q308021,Q14467526
Q308021,Q49757
Q308021,Q333634
Q308021,Q3406651
Q308021,Q2722764
Q308021,Q20020377
Q308021,Q1642960
Q308021,Q6625963
Q308021,Q2516852
Q308021,Q1622272
Q309702,Q36180
Q309702,Q214917
Q309702,Q49757
Q309702,Q6625963
Q309702,Q18939491
Q309702,Q333634
Q309716,Q49757
Q309716,Q36180
Q309716,Q11774202
Q309716,Q6625963
Q309716,Q2516852
Q309716,Q4164507
Q309716,Q333634
Q309716,Q1569495
Q309716,Q15962340
Q309716,Q1622272
Q309759,Q36180
Q309759,Q49757
Q309759,Q644687
Q309759,Q1028181
Q309759,Q6625963
Q309759,Q1225716
Q309759,Q245068
Q309759,Q12406482
Q309759,Q15296811
Q309759,Q17505902
Q309768,Q28389
Q309768,Q2526255
Q309768,Q33999
Q309768,Q214917
Q309768,Q49757
Q309768,Q6625963
Q309768,Q36180
Q309768,Q1028181
Q309786,Q1930187
Q309786,Q28389
Q309786,Q18844224
Q309786,Q4853732
Q309786,Q6625963
Q309786,Q12144794
Q309786,Q36180
Q309850,Q715301
Q309850,Q11892507
Q309850,Q36180
Q309850,Q28389
Q309850,Q6625963
Q309850,Q1028181
Q309850,Q2516866
Q309850,Q15296811
Q309850,Q644687
Q309903,Q36180
Q309903,Q6625963
Q309903,Q18814623
Q309903,Q82955
Q309903,Q10732476
Q309974,Q214917
Q309974,Q28389
Q309974,Q193391
Q309974,Q6625963
Q309974,Q11774202
Q309974,Q36180
Q310048,Q214917
Q310048,Q28389
Q310048,Q6625963
Q310048,Q11774202
Q310048,Q1930187
Q310111,Q36180
Q310111,Q28389
Q310111,Q6625963
Q310111,Q1622272
Q310111,Q18814623
Q310111,Q214917
Q310111,Q131322129
Q310176,Q6625963
Q310176,Q18844224
Q310176,Q15949613
Q310176,Q1622272
Q310176,Q11774156
Q310176,Q36180
Q310176,Q28389
Q310176,Q1930187
Q310176,Q11774202
Q310176,Q4263842
Q310176,Q69423232
Q310257,Q36180
Q310257,Q28389
Q310257,Q6625963
Q310257,Q1622272
Q310257,Q49757
Q310257,Q69423232
Q310379,Q6625963
Q310379,Q28389
Q310379,Q36180
Q310464,Q36180
Q310464,Q1930187
Q310464,Q6625963
Q310464,Q4853732
Q310464,Q12144794
Q310562,Q49757
Q310562,Q6625963
Q310562,Q28389
Q310630,Q49757
Q310630,Q6625963
Q310630,Q36180
Q310630,Q214917
Q310630,Q16533
Q310630,Q333634
Q310630,Q82955
Q310630,Q12144794
Q310630,Q6430706
Q311001,Q49757
Q311001,Q36180
Q311001,Q214917
Q311001,Q6625963
Q311005,Q4964182
Q311005,Q6625963
Q311005,Q214917
Q311005,Q1607826
Q311005,Q1622272
Q311005,Q36180
Q311005,Q170790
Q311005,Q901
Q311145,Q36180
Q311145,Q14467526
Q311145,Q49757
Q311145,Q1930187
Q311145,Q6625963
Q311145,Q333634
Q311145,Q214917
Q311145,Q4263842
Q311145,Q1229025
Q311145,Q18844224
Q311145,Q15980158
Q311167,Q36180
Q311167,Q333634
Q311167,Q6625963
Q311167,Q2306091
Q311167,Q40348
Q311167,Q4263842
Q311167,Q1622272
Q311167,Q185351
Q311253,Q28389
Q311253,Q6625963
Q311253,Q36180
Q311253,Q4263842
Q311253,Q18844224
Q311253,Q1930187
Q311253,Q4220892
Q311253,Q1607826
Q311401,Q36180
Q311401,Q82955
Q311401,Q6625963
Q311401,Q1930187
Q311476,Q28389
Q311476,Q214917
Q311476,Q36180
Q311476,Q6430706
Q311476,Q69423232
Q311476,Q73306227
Q311476,Q4263842
Q311476,Q6625963
Q311480,Q36180
Q311480,Q1930187
Q311480,Q201788
Q311480,Q333634
Q311480,Q6625963
Q311480,Q42603
Q311526,Q36180
Q311526,Q201788
Q311526,Q6625963
Q311526,Q214917
Q311526,Q1930187
Q311591,Q3282637
Q311591,Q6625963
Q311591,Q28389
Q311591,Q1053574
Q311591,Q13235160
Q311591,Q578109
Q311592,Q36180
Q311592,Q49757
Q311592,Q14467526
Q311592,Q333634
Q311592,Q1930187
Q311592,Q6625963
Q311671,Q3282637
Q311671,Q12362622
Q311671,Q28389
Q311671,Q578109
Q311671,Q10355417
Q311671,Q6625963
Q311671,Q33999
Q311671,Q36180
Q311671,Q69423232
Q311684,Q1930187
Q311684,Q201788
Q311684,Q82955
Q311684,Q6625963
Q311684,Q4964182
Q311684,Q36180
Q311684,Q1622272
Q311744,Q36180
Q311744,Q6625963
Q311744,Q28389
Q311755,Q1930187
Q311755,Q18810130
Q311755,Q6625963
Q311755,Q36180
Q311755,Q28389
Q311755,Q4220892
Q311755,Q69423232
Q311854,Q36180
Q311854,Q10669499
Q311854,Q6625963
Q311854,Q11774202
Q311854,Q18939491
Q311854,Q1930187
Q311854,Q3579035
Q311854,Q33231
Q312242,Q205375
Q312242,Q1607826
Q312242,Q36180
Q312242,Q6625963
Q312242,Q18844224
Q312405,Q170790
Q312405,Q82594
Q312405,Q6625963
Q312405,Q36180
Q312405,Q18844224
Q312405,Q1622272
Q312407,Q164236
Q312407,Q28389
Q312407,Q6625963
Q312407,Q1930187
Q312407,Q36180
Q312407,Q1028181
Q312407,Q49757
Q312407,Q333634
Q312407,Q214917
Q312579,Q18844224
Q312579,Q6625963
Q312579,Q36180
Q312579,Q4964182
Q312632,Q36180
Q312632,Q6625963
Q312632,Q18844224
Q312632,Q45199
Q312632,Q165029
Q312637,Q2526255
Q312637,Q28389
Q312637,Q1930187
Q312637,Q193391
Q312637,Q36180
Q312637,Q164236
Q312637,Q6625963
Q312637,Q11774202
Q312637,Q214917
Q312637,Q49757
Q312641,Q1607826
Q312641,Q6625963
Q312641,Q36180
Q312641,Q1930187
Q312641,Q18844224
Q312641,Q278919
Q312720,Q49757
Q312720,Q6625963
Q312720,Q36180
Q312720,Q4263842
Q312720,Q1930187
Q312720,Q4853732
Q312747,Q6625963
Q312747,Q36180
Q312747,Q1622272
Q312747,Q1930187
Q312747,Q4263842
Q312747,Q185351
Q312829,Q36180
Q312829,Q6625963
Q312829,Q1028181
Q312829,Q131512
Q312829,Q18844224
Q312829,Q333634
Q312829,Q33231
Q312851,Q36180
Q312851,Q33231
Q312851,Q28389
Q312851,Q6625963
Q312853,Q6625963
Q312853,Q18844224
Q312853,Q36180
Q312995,Q6625963
Q312995,Q36180
Q312995,Q8246794
Q312995,Q1930187
Q312995,Q846430
Q312995,Q4263842
Q312995,Q18844224
Q312995,Q17167049
Q312995,Q12859263
Q312995,Q5322166
Q313001,Q36180
Q313001,Q28389
Q313001,Q6625963
Q313001,Q214917
Q313001,Q4263842
Q313001,Q15962340
Q313001,Q1622272
Q313007,Q36180
Q313007,Q6625963
Q313007,Q28389
Q313007,Q822146
Q313007,Q3282637
Q313007,Q11774202
Q313007,Q753110
Q313038,Q36180
Q313038,Q6625963
Q313038,Q214917
Q313077,Q28389
Q313077,Q6625963
Q313077,Q36180
Q313077,Q214917
Q313077,Q4263842
Q313077,Q1930187
Q313077,Q482980
Q313185,Q6625963
Q313185,Q1930187
Q313185,Q18844224
Q313185,Q214917
Q313185,Q49757
Q313185,Q2259451
Q313185,Q10800557
Q313185,Q36180
Q313193,Q36180
Q313193,Q1930187
Q313193,Q10297252
Q313193,Q3330547
Q313193,Q28389
Q313193,Q33999
Q313193,Q3282637
Q313193,Q6625963
Q313193,Q578109
Q313246,Q36180
Q313246,Q6625963
Q313246,Q11774202
Q313246,Q1622272
Q313254,Q36180
Q313254,Q6625963
Q313254,Q28389
Q313254,Q1622272
Q313254,Q4853732
Q313289,Q36180
Q313289,Q6625963
Q313289,Q28389
Q313289,Q482980
Q313289,Q18844224
Q313289,Q4853732
Q313289,Q3578589
Q313289,Q49757
Q313377,Q36180
Q313377,Q28389
Q313377,Q6625963
Q313461,Q36180
Q313461,Q6625963
Q313461,Q37226
Q313461,Q49757
Q313461,Q214917
Q313461,Q12144794
Q313461,Q33176607
Q313461,Q12347522
Q313466,Q36180
Q313466,Q11774202
Q313466,Q28389
Q313466,Q6625963
Q313466,Q1086863
Q313466,Q18844224
Q313466,Q4853732
Q313466,Q578109
Q313466,Q131322129
Q313489,Q82955
Q313489,Q6625963
Q313489,Q36180
Q313489,Q214917
Q313489,Q18844224
Q313489,Q4853732
Q313509,Q4964182
Q313509,Q2526255
Q313509,Q28389
Q313509,Q1930187
Q313509,Q6625963
Q313509,Q43845
Q313509,Q33999
Q313509,Q3282637
Q313509,Q2516866
Q313509,Q36180
Q313589,Q82955
Q313589,Q6625963
Q313589,Q1622272
Q313589,Q4964182
Q313589,Q36180
Q313593,Q49757
Q313593,Q6625963
Q313593,Q1231865
Q313593,Q36180
Q313593,Q28389
Q313593,Q1622272
Q313593,Q482980
Q313593,Q2526255
Q313593,Q69423232
Q313593,Q7042855
Q313593,Q2405480
Q313593,Q10800557
Q313673,Q18844224
Q313673,Q6625963
Q313673,Q36180
Q313673,Q28389
Q313673,Q173950
Q313727,Q33999
Q313727,Q36180
Q313727,Q6625963
Q313727,Q214917
Q313727,Q28389
Q313727,Q10800557
Q313739,Q36180
Q313739,Q6625963
Q313739,Q47064
Q313739,Q121594
Q313739,Q28389
Q313739,Q1930187
Q313767,Q164236
Q313767,Q1930187
Q313767,Q36180
Q313767,Q6625963
Q313767,Q12144794
Q313767,Q81096
Q313981,Q36180
Q313981,Q1930187
Q313981,Q6625963
Q313981,Q28389
Q313981,Q18844224
Q314158,Q28389
Q314158,Q6625963
Q314158,Q18814623
Q314158,Q18939491
Q314158,Q36180
Q314158,Q1930187
Q314158,Q214917
Q314158,Q4263842
Q314179,Q14467526
Q314179,Q36180
Q314179,Q6625963
Q314179,Q333634
Q314179,Q4853732
Q314215,Q36180
Q314215,Q6625963
Q314215,Q4964182
Q314215,Q11774202
Q314215,Q214917
Q314215,Q212980
Q314215,Q18844224
Q314215,Q49757
Q314256,Q36180
Q314256,Q49757
Q314256,Q6625963
Q314256,Q12144794
Q314256,Q11774202
Q314256,Q487596
Q314256,Q214917
Q314416,Q6625963
Q314416,Q18844224
Q314416,Q36180
Q314416,Q1622272
Q314553,Q28389
Q314553,Q6625963
Q314553,Q36180
Q314553,Q18844224
Q314553,Q482980
Q314787,Q36180
Q314787,Q1930187
Q314787,Q201788
Q314787,Q28389
Q314787,Q6625963
Q314787,Q16323111
Q314787,Q82955
Q314787,Q2526255
Q314787,Q47541952
Q314843,Q40348
Q314843,Q6625963
Q314843,Q1930187
Q314843,Q36180
Q314843,Q28389
Q314843,Q1209498
Q314843,Q185351
Q314897,Q36180
Q314897,Q6625963
Q314897,Q4853732
Q314929,Q36180
Q314929,Q2730732
Q314929,Q6625963
Q314929,Q846750
Q314957,Q36180
Q314957,Q82955
Q314957,Q6625963
Q314957,Q1930187
Q314963,Q1930187
Q314963,Q11774202
Q314963,Q6625963
Q314963,Q49757
Q314963,Q4263842
Q314963,Q36180
Q314963,Q201788
Q314969,Q36180
Q314969,Q333634
Q314969,Q18844224
Q314969,Q6625963
Q314969,Q2526255
Q314972,Q33999
Q314972,Q2526255
Q314972,Q28389
Q314972,Q2516866
Q314972,Q6625963
Q314972,Q4263842
Q314972,Q876864
Q314972,Q15949613
Q314987,Q36180
Q314987,Q3606216
Q314987,Q214917
Q314987,Q6625963
Q314987,Q18939491
Q314987,Q4263842
Q314987,Q49757
Q314993,Q36180
Q314993,Q6625963
Q315003,Q6625963
Q315003,Q4263842
Q315003,Q4853732
Q315003,Q36180
Q315017,Q36180
Q315017,Q333634
Q315017,Q6625963
Q315017,Q49757
Q315017,Q12144794
Q315017,Q15949613
Q315024,Q36180
Q315024,Q49757
Q315024,Q214917
Q315024,Q182436
Q315024,Q6625963
Q315059,Q36180
Q315059,Q6625963
Q315059,Q18844224
Q315069,Q11063
Q315069,Q752129
Q315069,Q6625963
Q315069,Q36180
Q315069,Q28389
Q315069,Q18844224
Q315069,Q169470
Q315072,Q36180
Q315072,Q6625963
Q315072,Q11774202
Q315072,Q1930187
Q315072,Q8178443
Q315136,Q6625963
Q315136,Q1930187
Q315136,Q214917
Q315136,Q212238
Q315136,Q193391
Q315136,Q36180
Q315136,Q1209498
Q315136,Q11774202
Q315136,Q12859263
Q315147,Q36180
Q315147,Q214917
Q315147,Q18844224
Q315147,Q49757
Q315147,Q12144794
Q315147,Q6625963
Q315147,Q6430706
Q315167,Q36180
Q315167,Q1622272
Q315167,Q214917
Q315167,Q6625963
Q315185,Q28389
Q315185,Q49757
Q315185,Q36180
Q315185,Q6625963
Q315185,Q39631
Q315185,Q37226
Q315220,Q6625963
Q315220,Q36180
Q315220,Q82955
Q315220,Q39631
Q315343,Q28389
Q315343,Q6625963
Q315343,Q36180
Q315343,Q2468727
Q315343,Q33999
Q315362,Q36180
Q315362,Q1930187
Q315362,Q6625963
Q315362,Q482980
Q315362,Q49757
Q315380,Q214917
Q315380,Q28389
Q315380,Q6625963
Q315380,Q36180
Q315380,Q3282637
Q315509,Q49757
Q315509,Q193391
Q315509,Q6625963
Q315509,Q47064
Q315509,Q82955
Q315509,Q36180
Q315509,Q372436
Q315683,Q36180
Q315683,Q6625963
Q315683,Q1622272
Q315949,Q333634
Q315949,Q6625963
Q315949,Q28389
Q315949,Q18844224
Q315949,Q864380
Q315949,Q214917
Q315949,Q37226
Q316048,Q36180
Q316048,Q333634
Q316048,Q4263842
Q316048,Q1622272
Q316048,Q49757
Q316048,Q6625963
Q316048,Q15949613
Q316048,Q131322129
Q316138,Q6625963
Q316138,Q822146
Q316138,Q28389
Q316138,Q639669
Q316138,Q18844224
Q316138,Q753110
Q316138,Q1607826
Q316138,Q36180
Q316138,Q1930187
Q316213,Q36180
Q316213,Q6625963
Q316213,Q28389
Q316217,Q36180
Q316217,Q6625963
Q316217,Q28389
Q316217,Q1622272
Q316217,Q214917
Q316217,Q864380
Q316313,Q36180
Q316313,Q189290
Q316313,Q6625963
Q316313,Q201788
Q316313,Q11774202
Q316313,Q4263842
Q316313,Q18844224
Q316313,Q1930187
Q316327,Q1930187
Q316327,Q193391
Q316327,Q36180
Q316327,Q6625963
Q316381,Q36180
Q316381,Q36834
Q316381,Q49757
Q316381,Q1930187
Q316381,Q6625963
Q316381,Q2251335
Q316381,Q214917
Q316381,Q28692502
Q316381,Q42603
Q316431,Q36180
Q316431,Q6625963
Q316431,Q18844224
Q316431,Q54845077
Q316607,Q6625963
Q316607,Q36180
Q316607,Q11774202
Q316607,Q6051619
Q316610,Q36180
Q316610,Q6625963
Q316610,Q28389
Q316610,Q170790
Q316610,Q18844224
Q316616,Q36180
Q316616,Q6625963
Q316788,Q36180
Q316788,Q6625963
Q316788,Q18844224
Q316802,Q28389
Q316802,Q2526255
Q316802,Q3282637
Q316802,Q6625963
Q316802,Q36180
Q316806,Q36180
Q316806,Q49757
Q316806,Q193391
Q316806,Q214917
Q316806,Q82955
Q316806,Q6625963
Q316884,Q36180
Q316884,Q1930187
Q316884,Q82955
Q316884,Q3427922
Q316884,Q49757
Q316884,Q11774202
Q316884,Q4263842
Q316884,Q6051619
Q316884,Q1622272
Q316884,Q6625963
Q317142,Q82955
Q317142,Q36180
Q317142,Q1930187
Q317142,Q6625963
Q317142,Q214917
Q317142,Q28389
Q317142,Q49757
Q317142,Q11774202
Q317142,Q2251335
Q317160,Q14467526
Q317160,Q1930187
Q317160,Q36180
Q317160,Q6625963
Q317160,Q333634
Q317160,Q18814623
Q317160,Q12144794
Q317160,Q11774202
Q317160,Q4263842
Q317160,Q4964182
Q317200,Q6625963
Q317200,Q49757
Q317200,Q36180
Q317200,Q177220
Q317491,Q6625963
Q317491,Q36180
Q317491,Q28389
Q317491,Q18844224
Q317491,Q12144794
Q317491,Q644687
Q317631,Q28389
Q317631,Q6625963
Q317631,Q36180
Q317631,Q18844224
Q317631,Q822146
Q317685,Q36180
Q317685,Q6625963
Q317685,Q15949613
Q317877,Q6625963
Q317877,Q1622272
Q317877,Q12144794
Q317877,Q876864
Q317877,Q36180
Q318026,Q36180
Q318026,Q6625963
Q318026,Q28389
Q318026,Q214917
Q318026,Q18844224
Q318026,Q4853732
Q318026,Q15949613
Q318099,Q36180
Q318099,Q6625963
Q318099,Q28389
Q318212,Q6625963
Q318212,Q333634
Q318212,Q36180
Q318212,Q4263842
Q318297,Q36180
Q318297,Q6625963
Q318297,Q42973
Q318390,Q193391
Q318390,Q36180
Q318390,Q82955
Q318390,Q1930187
Q318390,Q214917
Q318390,Q6625963
Q318390,Q201788
Q318390,Q3242115
Q318391,Q36180
Q318391,Q49757
Q318391,Q82955
Q318391,Q18939491
Q318391,Q6625963
Q318399,Q36180
Q318399,Q18814623
Q318399,Q6625963
Q318399,Q864380
Q318399,Q82955
Q318412,Q10798782
Q318412,Q10800557
Q318412,Q33999
Q318412,Q6625963
Q318412,Q18844224
Q318412,Q2405480
Q318412,Q47064
Q318431,Q10297252
Q318431,Q6625963
Q318431,Q36180
Q318440,Q14467526
Q318440,Q36180
Q318440,Q6625963
Q318440,Q214917
Q318440,Q11774202
Q318440,Q49757
Q318462,Q214917
Q318462,Q36180
Q318462,Q82955
Q318462,Q6625963
Q318462,Q49757
Q318462,Q4263842
Q318462,Q18844224
Q318462,Q12144794
Q318487,Q36180
Q318487,Q6625963
Q318487,Q18814623
Q318487,Q28389
Q318525,Q36180
Q318525,Q1930187
Q318525,Q6625963
Q318525,Q49757
Q318525,Q15949613
Q318845,Q36180
Q318845,Q6625963
Q318845,Q18844224
Q318860,Q36180
Q318860,Q2917466
Q318860,Q2722764
Q318860,Q6625963
Q319169,Q49757
Q319169,Q36180
Q319169,Q13570226
Q319169,Q201788
Q319169,Q6625963
Q319169,Q214917
Q319169,Q4263842
Q319169,Q864380
Q319169,Q12144794
Q319169,Q1930187
Q319169,Q10270331
Q319169,Q2516852
Q319169,Q947873
Q319196,Q36180
Q319196,Q6625963
Q319196,Q5434338
Q319196,Q82955
Q319196,Q3400985
Q319196,Q4263842
Q319196,Q8246794
Q319196,Q4773904
Q319196,Q1238570
Q319261,Q214917
Q319261,Q8178443
Q319261,Q36180
Q319261,Q36834
Q319261,Q6625963
Q319447,Q28389
Q319447,Q6625963
Q319447,Q36180
Q319447,Q11774202
Q319461,Q49757
Q319461,Q6625963
Q319461,Q36180
Q319461,Q15949613
Q319746,Q36180
Q319746,Q28389
Q319746,Q6625963
Q319820,Q49757
Q319820,Q6625963
Q319820,Q18814623
Q319820,Q15949613
Q319820,Q36180
Q319820,Q214917
Q319829,Q39631
Q319829,Q49757
Q319829,Q551835
Q319829,Q1622272
Q319829,Q6625963
Q319829,Q18533509
Q319829,Q36180
Q320352,Q36180
Q320352,Q6625963
Q320358,Q6625963
Q320358,Q1930187
Q320358,Q49757
Q320358,Q15949613
Q320497,Q36180
Q320497,Q6625963
Q320507,Q36180
Q320507,Q28389
Q320507,Q6625963
Q320573,Q6625963
Q320573,Q36180
Q320664,Q36180
Q320664,Q6625963
Q320664,Q47064
Q320664,Q18844224
Q320884,Q6625963
Q320884,Q36180
Q320884,Q1930187
Q320884,Q18844224
Q320884,Q17433421
Q321066,Q36180
Q321066,Q49757
Q321066,Q1930187
Q321066,Q6625963
Q321066,Q214917
Q321066,Q109692198
Q321066,Q24702769
Q321066,Q589298
Q321071,Q211346
Q321071,Q6625963
Q321071,Q1622272
Q321071,Q36180
Q321071,Q39631
Q321123,Q6625963
Q321123,Q36180
Q321126,Q36180
Q321126,Q40348
Q321126,Q6625963
Q321372,Q36180
Q321372,Q201788
Q321372,Q6625963
Q321731,Q6625963
Q321731,Q36180
Q321917,Q33999
Q321917,Q6625963
Q321917,Q18814623
Q321917,Q28389
Q321917,Q36180
Q321917,Q488111
Q321917,Q10798782
Q321917,Q10800557
Q322060,Q36180
Q322060,Q1281618
Q322060,Q6625963
Q322060,Q5322166
Q322060,Q28389
Q322060,Q18844224
Q322060,Q3501317
Q322060,Q33231
Q322718,Q1028181
Q322718,Q42973
Q322718,Q36180
Q322718,Q3303330
Q322718,Q6625963
Q322859,Q6625963
Q322859,Q36180
Q322871,Q49757
Q322871,Q36180
Q322871,Q1622272
Q322871,Q4263842
Q322871,Q16360440
Q322871,Q6625963
Q322900,Q6625963
Q322900,Q36180
Q322900,Q1930187
Q323166,Q189290
Q323166,Q6625963
Q323166,Q18814623
Q323166,Q948329
Q323166,Q10798782
Q323166,Q10800557
Q323166,Q33999
Q323166,Q47064
Q323166,Q4610556
Q323166,Q482980
Q323344,Q36180
Q323344,Q6625963
Q323353,Q189290
Q323353,Q6625963
Q323353,Q36180
Q323353,Q2095549
Q323419,Q36180
Q323419,Q18844224
Q323419,Q6625963
Q323419,Q10297252
Q323553,Q36180
Q323553,Q6625963
Q323626,Q36180
Q323626,Q6625963
Q323985,Q36180
Q323985,Q483501
Q323985,Q1397808
Q323985,Q15296811
Q323985,Q107212688
Q323985,Q627325
Q323985,Q644687
Q323985,Q6625963
Q323985,Q5322166
Q323985,Q1028181
Q323985,Q3374326
Q323985,Q1925963
Q324060,Q36180
Q324060,Q18844224
Q324060,Q6625963
Q324134,Q6625963
Q324134,Q36180
Q324134,Q245068
Q324283,Q36180
Q324283,Q193391
Q324283,Q6625963
Q324283,Q15949613
Q324321,Q193391
Q324321,Q36180
Q324321,Q82955
Q324321,Q58209937
Q324321,Q6625963
Q324321,Q49757
Q324944,Q36180
Q324944,Q4964182
Q324944,Q2516866
Q324944,Q6625963
Q324944,Q11774202
Q324944,Q3455803
Q324944,Q20856740
Q324944,Q4263842
Q324944,Q15962340
Q324944,Q28389
Q325130,Q36180
Q325130,Q28389
Q325130,Q6625963
Q325130,Q18844224
Q325308,Q36180
Q325308,Q1930187
Q325308,Q212948
Q325308,Q1231865
Q325308,Q6625963
Q325422,Q33999
Q325422,Q28389
Q325422,Q6625963
Q325422,Q36180
Q325422,Q10800557
Q325422,Q18844224
Q325664,Q6625963
Q325664,Q36180
Q325664,Q18844224
Q325936,Q214917
Q325936,Q36180
Q325936,Q6625963
Q325936,Q28389
Q325936,Q2526255
Q326138,Q36180
Q326138,Q214917
Q326138,Q6625963
Q326176,Q6625963
Q326176,Q36180
Q326176,Q18844224
Q326176,Q185351
Q326459,Q6625963
Q326459,Q49757
Q326459,Q4263842
Q326459,Q4964182
Q326459,Q36180
Q326459,Q864380
Q326459,Q17167049
Q326459,Q1792450
Q326459,Q12144794
Q326459,Q214917
Q326459,Q333634
Q326459,Q662729
Q326773,Q36180
Q326773,Q1622272
Q326773,Q49757
Q326773,Q6625963
Q326935,Q6625963
Q326935,Q36180
Q326935,Q11774202
Q326987,Q49757
Q326987,Q6625963
Q326987,Q36180
Q326987,Q4263842
Q327079,Q6625963
Q327079,Q36180
Q327142,Q28389
Q327142,Q6625963
Q327142,Q1930187
Q327142,Q49757
Q327142,Q15949613
Q327142,Q36180
Q327142,Q333634
Q327186,Q36180
Q327186,Q6625963
Q327186,Q14467526
Q327204,Q1930187
Q327204,Q380075
Q327204,Q6625963
Q327261,Q49757
Q327261,Q36180
Q327261,Q6625963
Q327261,Q4853732
Q327261,Q1930187
Q327261,Q482980
Q327278,Q6625963
Q327278,Q36180
Q327278,Q28389
Q327500,Q6625963
Q327500,Q36180
Q327526,Q36180
Q327526,Q28389
Q327526,Q6625963
Q327526,Q4853732
Q327526,Q15949613
Q327711,Q715301
Q327711,Q6625963
Q327711,Q15296811
Q327711,Q644687
Q327711,Q3391743
Q327958,Q36180
Q327958,Q6625963
Q327958,Q13382519
Q328212,Q36180
Q328212,Q18844224
Q328212,Q4853732
Q328212,Q6625963
Q328338,Q6625963
Q328338,Q1930187
Q328338,Q36180
Q328338,Q578109
Q328550,Q6625963
Q328550,Q36180
Q328550,Q18844224
Q328550,Q28389
Q328627,Q6625963
Q328627,Q8178443
Q328627,Q36180
Q328627,Q28389
Q328745,Q28389
Q328745,Q6625963
Q328745,Q36180
Q328745,Q864380
Q328745,Q578109
Q328765,Q14467526
Q328765,Q333634
Q328765,Q36180
Q328765,Q4263842
Q328765,Q1622272
Q328765,Q82955
Q328765,Q17167049
Q328765,Q6625963
Q328765,Q13570226
Q328765,Q1569495
Q328765,Q49757
Q328949,Q49757
Q328949,Q6625963
Q328949,Q36180
Q328949,Q1544133
Q328949,Q18844224
Q328949,Q54845077
Q329066,Q36180
Q329066,Q4853732
Q329066,Q33999
Q329066,Q333634
Q329066,Q6625963
Q329743,Q28389
Q329743,Q6625963
Q329743,Q36180
Q329743,Q18844224
Q329814,Q1930187
Q329814,Q6625963
Q329814,Q36180
Q329814,Q864380
Q329820,Q36180
Q329820,Q1930187
Q329820,Q214917
Q329820,Q6625963
Q329820,Q15949613
Q329854,Q36180
Q329854,Q82955
Q329854,Q6625963
Q329854,Q18814623
Q329854,Q1607826
Q329999,Q6625963
Q329999,Q36180
Q329999,Q18844224
Q329999,Q81096
Q329999,Q15949613
Q329999,Q482980
Q330301,Q49757
Q330301,Q36180
Q330301,Q6625963
Q330323,Q36180
Q330323,Q49757
Q330323,Q6625963
Q330323,Q13570226
Q330323,Q1930187
Q330376,Q6625963
Q330376,Q1930187
Q330376,Q36180
Q330376,Q4263842
Q330376,Q18844224
Q330527,Q2526255
Q330527,Q28389
Q330527,Q40348
Q330527,Q6625963
Q330527,Q3455803
Q331339,Q49757
Q331339,Q6625963
Q331339,Q36180
Q331593,Q36180
Q331593,Q18844224
Q331593,Q6625963
Q331593,Q201788
Q331593,Q1607826
Q331845,Q1930187
Q331845,Q333634
Q331845,Q214917
Q331845,Q49757
Q331845,Q6625963
Q331845,Q15296811
Q331845,Q36180
Q331845,Q4263842
Q332216,Q36180
Q332216,Q131512
Q332216,Q6625963
Q332580,Q16533
Q332580,Q12299841
Q332580,Q36180
Q332580,Q82955
Q332580,Q4853732
Q332580,Q6625963
Q332580,Q1209498
Q332580,Q40348
Q332580,Q15627169
Q332580,Q16611574
Q332580,Q808967
Q332612,Q82955
Q332612,Q193391
Q332612,Q36180
Q332612,Q11900058
Q332612,Q901402
Q332612,Q6625963
Q332612,Q12356615
Q332689,Q28389
Q332689,Q6625963
Q332689,Q20856740
Q332689,Q4853732
Q332689,Q11774202
Q332975,Q6625963
Q332975,Q36180
Q333004,Q1930187
Q333004,Q82955
Q333004,Q6625963
Q333004,Q36180
Q333004,Q28389
Q333004,Q47064
Q333004,Q864380
Q333004,Q18844224
Q333004,Q49757
Q333004,Q808967
Q333004,Q193391
Q333123,Q36180
Q333123,Q6625963
Q333123,Q28389
Q333123,Q589298
Q333123,Q4853732
Q333123,Q18844224
Q333123,Q33999
Q333123,Q482980
Q333246,Q18844224
Q333246,Q6625963
Q333246,Q28389
Q333246,Q36180
Q333251,Q6625963
Q333251,Q36180
Q333251,Q12144794
Q333251,Q28389
Q333575,Q169470
Q333575,Q36180
Q333575,Q82955
Q333575,Q4263842
Q333575,Q6625963
Q333575,Q137205895
Q333615,Q36180
Q333615,Q1930187
Q333615,Q49757
Q333615,Q6625963
Q333632,Q177220
Q333632,Q36834
Q333632,Q49757
Q333632,Q36180
Q333632,Q214917
Q333632,Q15981151
Q333632,Q855091
Q333632,Q6625963
Q333632,Q33999
Q333632,Q55960555
Q333653,Q1930187
Q333653,Q36180
Q333653,Q28389
Q333653,Q333634
Q333653,Q11774202
Q333653,Q1086863
Q333653,Q6625963
Q333653,Q15949613
Q333719,Q36180
Q333719,Q6625963
Q333719,Q482980
Q333719,Q28389
Q333719,Q10800557
Q333719,Q578109
Q334086,Q14972848
Q334086,Q16308156
Q334086,Q333634
Q334086,Q36180
Q334086,Q6625963
Q334219,Q36180
Q334219,Q28389
Q334219,Q2526255
Q334219,Q12144794
Q334219,Q6625963
Q334219,Q15949613
Q334219,Q3455803
Q334219,Q214917
Q334219,Q2059704
Q334219,Q49757
Q334252,Q36180
Q334252,Q6625963
Q334252,Q28389
Q334252,Q82955
Q334646,Q82955
Q334646,Q1930187
Q334646,Q36180
Q334646,Q6625963
Q334646,Q1028181
Q334711,Q36180
Q334711,Q201788
Q334711,Q333634
Q334711,Q49757
Q334711,Q6625963
Q334711,Q3330547
Q334711,Q483501
Q334711,Q1028181
Q334711,Q12144794
Q334958,Q49757
Q334958,Q333634
Q334958,Q6625963
Q334958,Q18939491
Q334958,Q28389
Q334958,Q33231
Q334958,Q36180
Q334989,Q36180
Q334989,Q49757
Q334989,Q1900167
Q334989,Q6625963
Q334989,Q1028181
Q334989,Q15949613
Q335080,Q2526255
Q335080,Q266569
Q335080,Q28389
Q335080,Q222344
Q335080,Q7042855
Q335080,Q644687
Q335080,Q6625963
Q335080,Q36180
Q335080,Q3282637
Q335232,Q6625963
Q335232,Q36180
Q335232,Q28389
Q335232,Q1622272
Q335232,Q214917
Q335232,Q11774202
Q335232,Q121594
Q335232,Q482980
Q335436,Q36180
Q335436,Q37226
Q335436,Q214917
Q335436,Q333634
Q335436,Q6625963
Q335436,Q2722764
Q336010,Q1930187
Q336010,Q14972848
Q336010,Q182436
Q336010,Q49757
Q336010,Q3055126
Q336010,Q6625963
Q336010,Q36180
Q336010,Q333634
Q336010,Q4263842
Q336010,Q11774202
Q336010,Q13418253
Q336018,Q28389
Q336018,Q2526255
Q336018,Q82955
Q336018,Q3282637
Q336018,Q6625963
Q336018,Q36180
Q336018,Q8178443
Q336018,Q2259451
Q336018,Q10800557
Q336018,Q3455803
Q336018,Q33999
Q336018,Q12144794
Q336018,Q947873
Q336018,Q10798782
Q336018,Q1440873
Q336018,Q578109
Q336081,Q10798782
Q336081,Q6625963
Q336081,Q36180
Q336081,Q4853732
Q336081,Q12144794
Q336093,Q36180
Q336093,Q6625963
Q336093,Q15949613
Q336125,Q36180
Q336125,Q6625963
Q336125,Q1930187
Q336125,Q4263842
Q336151,Q36180
Q336151,Q6625963
Q336151,Q18939491
Q336151,Q28389
Q336352,Q36834
Q336352,Q36180
Q336352,Q1028181
Q336352,Q82955
Q336352,Q6625963
Q336352,Q18814623
Q336352,Q1415090
Q336467,Q1930187
Q336467,Q49757
Q336467,Q36180
Q336467,Q214917
Q336467,Q8178443
Q336467,Q11499147
Q336467,Q6625963
Q336467,Q11774202
Q336467,Q6430706
Q336467,Q2722764
Q336467,Q2516866
Q336467,Q483501
Q336467,Q15296811
Q336467,Q33999
Q336467,Q24705156
Q336467,Q12144794
Q336467,Q4263842
Q336467,Q333634
Q336519,Q28389
Q336519,Q36180
Q336519,Q6625963
Q336519,Q3282637
Q336519,Q482980
Q336519,Q12144794
Q336565,Q6625963
Q336565,Q36180
Q336681,Q6625963
Q336681,Q36180
Q336689,Q28389
Q336689,Q6625963
Q336689,Q10798782
Q336689,Q10800557
Q336689,Q33999
Q336881,Q1930187
Q336881,Q28389
Q336881,Q947873
Q336881,Q82955
Q336881,Q6625963
Q336881,Q36180
Q336881,Q864380
Q336881,Q8178443
Q336881,Q201788
Q336881,Q131572781
Q337103,Q36180
Q337103,Q6625963
Q337103,Q28389
Q337103,Q864380
Q337103,Q214917
Q337103,Q6051619
Q337103,Q10732476
Q337351,Q36180
Q337351,Q6625963
Q337351,Q28389
Q337351,Q2722764
Q337351,Q18844224
Q337351,Q15949613
Q337351,Q10297252
Q337351,Q12406482
Q337355,Q6625963
Q337355,Q36180
Q337375,Q6625963
Q337375,Q82955
Q337375,Q193391
Q337375,Q18844224
Q337375,Q806798
Q338153,Q193391
Q338153,Q82955
Q338153,Q6625963
Q339050,Q36180
Q339050,Q4263842
Q339050,Q3400985
Q339050,Q214917
Q339050,Q6625963
Q339050,Q49757
Q339050,Q1086863
Q339196,Q28389
Q339196,Q2526255
Q339196,Q1930187
Q339196,Q36180
Q339196,Q3282637
Q339196,Q6625963
Q339577,Q6625963
Q339577,Q36180
Q339577,Q18844224
Q339577,Q12144794
Q339611,Q36180
Q339611,Q6625963
Q339670,Q6625963
Q340016,Q49757
Q340016,Q6625963
Q340016,Q36180
Q340016,Q18844224
Q340016,Q28389
Q340016,Q10800557
Q340016,Q15949613
Q340016,Q214917
Q340016,Q11774202
Q340016,Q33999
Q340016,Q639669
Q340550,Q28389
Q340550,Q36180
Q340550,Q6625963
Q343215,Q6625963
Q343215,Q36180
Q343215,Q4853732
Q343382,Q6625963
Q343382,Q33999
Q343382,Q10798782
Q343382,Q36180
Q343487,Q2599593
Q343487,Q4164507
Q343487,Q36180
Q343487,Q193391
Q343487,Q12144794
Q343487,Q6625963
Q343487,Q49757
Q343487,Q11774202
Q343554,Q28389
Q343554,Q6625963
Q343554,Q36180
Q344080,Q6625963
Q344080,Q36180
Q344179,Q36180
Q344179,Q1930187
Q344179,Q6625963
Q344179,Q33231
Q344179,Q288728
Q344179,Q13472752
Q344616,Q1930187
Q344616,Q49757
Q344616,Q6625963
Q344616,Q36180
Q344616,Q1622272
Q344955,Q28389
Q344955,Q6625963
Q344955,Q36180
Q345104,Q36180
Q345104,Q333634
Q345104,Q6625963
Q345104,Q28389
Q345104,Q18844224
Q345764,Q6625963
Q345764,Q1930187
Q345764,Q36180
Q345845,Q6625963
Q345845,Q36180
Q345845,Q193391
Q345845,Q82955
Q346490,Q49757
Q346490,Q6625963
Q346490,Q36180
Q346490,Q4263842
Q346729,Q36180
Q346729,Q28389
Q346729,Q6625963
Q346790,Q36180
Q346790,Q6625963
Q346805,Q36180
Q346805,Q864380
Q346805,Q4853732
Q346805,Q6625963
Q347412,Q36180
Q347412,Q6625963
Q347412,Q28389
Q347412,Q4263842
Q347412,Q18844224
Q347461,Q18844224
Q347461,Q6625963
Q347461,Q28389
Q347461,Q36180
Q347461,Q1930187
Q347734,Q36180
Q347734,Q6625963
Q347767,Q28389
Q347767,Q82955
Q347767,Q36180
Q347767,Q214917
Q347767,Q1930187
Q347767,Q6625963
Q347890,Q6625963
Q347890,Q36180
Q347890,Q49757
Q347912,Q36180
Q347912,Q6625963
Q347912,Q28389
Q348115,Q36180
Q348115,Q4853732
Q348115,Q6625963
Q348117,Q1930187
Q348117,Q36180
Q348117,Q214917
Q348117,Q12144794
Q348117,Q6625963
Q348497,Q1930187
Q348497,Q36180
Q348497,Q49757
Q348497,Q6625963
Q348497,Q28389
Q348497,Q333634
Q348497,Q82955
Q348497,Q4853732
Q348497,Q12144794
Q348497,Q6051619
Q348497,Q15949613
Q348623,Q1930187
Q348623,Q36180
Q348623,Q6625963
Q348916,Q36180
Q348916,Q6625963
Q348916,Q482980
Q348916,Q1930187
Q348916,Q12356615
Q348941,Q36180
Q348941,Q6625963
Q348979,Q36180
Q348979,Q1930187
Q348979,Q6625963
Q348979,Q27044075
Q349123,Q36180
Q349123,Q6625963
Q349306,Q36180
Q349306,Q188094
Q349306,Q6625963
Q349306,Q18844224
Q349619,Q28389
Q349619,Q6625963
Q349619,Q214917
Q349619,Q2526255
Q349619,Q483501
Q349692,Q6625963
Q349692,Q15949613
Q349692,Q36180
Q350094,Q18844224
Q350094,Q6625963
Q350153,Q6625963
Q350153,Q36180
Q350153,Q28389
Q350153,Q18844224
Q350165,Q36180
Q350165,Q6625963
Q350165,Q214917
Q350165,Q578109
Q350165,Q4853732
Q350165,Q3406651
Q350364,Q36180
Q350364,Q6625963
Q350364,Q28389
Q350404,Q36180
Q350404,Q6625963
Q350404,Q18844224
Q350666,Q28389
Q350666,Q36180
Q350666,Q6625963
Q350666,Q3455803
Q350666,Q33999
Q350666,Q3282637
Q350666,Q2526255
Q350708,Q6625963
Q350708,Q4773904
Q350708,Q42603
Q350708,Q28389
Q350708,Q36180
Q350708,Q12797895
Q350708,Q3621491
Q350734,Q36180
Q350734,Q1622272
Q350734,Q4263842
Q350734,Q6625963
Q350734,Q18844224
Q351069,Q36180
Q351069,Q6625963
Q351168,Q36180
Q351168,Q6625963
Q351168,Q28389
Q351168,Q214917
Q351168,Q18844224
Q351168,Q4853732
Q351168,Q261891
Q351168,Q578109
Q351221,Q6625963
Q351221,Q36180
Q351221,Q1930187
Q351222,Q14467526
Q351222,Q49757
Q351222,Q333634
Q351222,Q36180
Q351222,Q1622272
Q351222,Q6625963
Q351222,Q11774202
Q351222,Q482980
Q351317,Q6625963
Q351317,Q36180
Q351547,Q36180
Q351547,Q6625963
Q351547,Q28389
Q351547,Q1622272
Q351683,Q36180
Q351683,Q6625963
Q351683,Q214917
Q351683,Q11774202
Q352023,Q49757
Q352023,Q6625963
Q352023,Q36180
Q352023,Q40348
Q352023,Q753110
Q352023,Q1930187
Q352059,Q39631
Q352059,Q551835
Q352059,Q6625963
Q352059,Q18844224
Q352059,Q18533509
Q352059,Q36180
Q352107,Q1662561
Q352107,Q6625963
Q352107,Q1622272
Q352325,Q28389
Q352325,Q6625963
Q352325,Q36180
Q352337,Q6625963
Q352337,Q36180
Q352337,Q1930187
Q352346,Q6625963
Q352346,Q36180
Q352346,Q18844224
Q352528,Q1792450
Q352528,Q36180
Q352528,Q6625963
Q352528,Q121594
Q352528,Q4263842
Q352528,Q11774202
Q352528,Q4164507
Q352561,Q49757
Q352561,Q6625963
Q352561,Q214917
Q352708,Q33999
Q352708,Q28389
Q352708,Q36180
Q352708,Q214917
Q352708,Q10798782
Q352708,Q6625963
Q352708,Q10800557
Q352708,Q2259451
Q352729,Q201788
Q352729,Q36180
Q352729,Q6625963
Q352729,Q6051619
Q352729,Q1930187
Q352963,Q28389
Q352963,Q49757
Q352963,Q6625963
Q352963,Q1930187
Q352963,Q18814623
Q352963,Q36180
Q352963,Q6430706
Q352963,Q4220892
Q352963,Q2526255
Q353137,Q36180
Q353137,Q6625963
Q353137,Q18844224
Q353137,Q3630699
Q353137,Q54845077
Q353137,Q28389
Q353144,Q36180
Q353144,Q201788
Q353144,Q6625963
Q353144,Q864380
Q353238,Q2259532
Q353238,Q201788
Q353238,Q36180
Q353238,Q6625963
Q353238,Q1622272
Q353238,Q4853732
Q353238,Q49757
Q353238,Q42603
Q353762,Q36180
Q353762,Q28389
Q353762,Q49757
Q353762,Q2516852
Q353762,Q1930187
Q353762,Q6625963
Q353762,Q11774202
Q353774,Q1930187
Q353774,Q28389
Q353774,Q6625963
Q353774,Q36180
Q353774,Q11774202
Q353774,Q864380
Q353857,Q49757
Q353857,Q36180
Q353857,Q6625963
Q353857,Q11774202
Q353857,Q4263842
Q353869,Q36180
Q353869,Q6625963
Q353869,Q42909
Q353869,Q4853732
Q353869,Q1930187
Q353869,Q4964182
Q353869,Q15949613
Q353876,Q36180
Q353876,Q49757
Q353876,Q6625963
Q353876,Q214917
Q353876,Q1209498
Q353876,Q4263842
Q353876,Q4964182
Q353876,Q6430706
Q353876,Q1930187
Q353876,Q11774202
Q353882,Q333634
Q353882,Q6625963
Q353893,Q28389
Q353893,Q6625963
Q353893,Q1930187
Q353893,Q214917
Q353893,Q36180
Q353897,Q28389
Q353897,Q6625963
Q353897,Q715301
Q353897,Q36180
Q353897,Q639669
Q353898,Q6625963
Q353898,Q4853732
Q353915,Q188094
Q353915,Q169470
Q353915,Q8246794
Q353915,Q36180
Q353915,Q1622272
Q353915,Q6625963
Q353915,Q49757
Q354149,Q36180
Q354149,Q49757
Q354149,Q15949613
Q354149,Q6625963
Q354755,Q4773904
Q354755,Q36180
Q354755,Q6625963
Q354755,Q1622272
Q354755,Q1930187
Q354755,Q49757
Q354783,Q49757
Q354783,Q36180
Q354783,Q214917
Q354783,Q28389
Q354783,Q1350157
Q354783,Q1930187
Q354783,Q12144794
Q354783,Q11774202
Q354783,Q6625963
Q354783,Q6430706
Q354783,Q15253558
Q354888,Q36180
Q354888,Q6625963
Q355438,Q333634
Q355438,Q14467526
Q355438,Q36180
Q355438,Q6625963
Q355438,Q482980
Q355531,Q639669
Q355531,Q6625963
Q355531,Q36180
Q355531,Q1350157
Q355531,Q1930187
Q355676,Q39631
Q355676,Q36180
Q355676,Q82955
Q355676,Q6625963
Q355879,Q36180
Q355879,Q28389
Q355879,Q6625963
Q355879,Q18844224
Q355879,Q73306227
Q355879,Q69423232
Q356156,Q33999
Q356156,Q6625963
Q356156,Q10798782
Q356156,Q18844224
Q356156,Q10800557
Q356156,Q2405480
Q356156,Q3282637
Q356283,Q551835
Q356283,Q201788
Q356283,Q6625963
Q356283,Q1930187
Q356283,Q774306
Q356283,Q333634
Q356283,Q49757
Q356283,Q36180
Q356357,Q36180
Q356357,Q49757
Q356357,Q6625963
Q356357,Q28389
Q356357,Q4853732
Q356357,Q644687
Q356357,Q73306227
Q356357,Q214917
Q356428,Q36180
Q356428,Q4853732
Q356428,Q6625963
Q356429,Q6625963
Q356429,Q36180
Q356429,Q18844224
Q356429,Q54845077
Q356537,Q164236
Q356537,Q1930187
Q356537,Q28389
Q356537,Q36180
Q356537,Q6625963
Q356537,Q6051619
Q356537,Q2095549
Q356546,Q36180
Q356546,Q28389
Q356546,Q1622272
Q356546,Q214917
Q356546,Q49757
Q356546,Q4263842
Q356546,Q6625963
Q356546,Q15949613
Q356639,Q10497074
Q356639,Q81096
Q356639,Q6625963
Q356639,Q36180
Q356639,Q28389
Q356639,Q18844224
Q356639,Q10349745
Q356639,Q2095549
Q356843,Q1930187
Q356843,Q36180
Q356843,Q6625963
Q356918,Q36180
Q356918,Q49757
Q356918,Q185351
Q356918,Q4164507
Q356918,Q3427922
Q356918,Q16533
Q356918,Q6625963
Q356960,Q14467526
Q356960,Q49757
Q356960,Q6625963
Q356960,Q333634
Q356960,Q39631
Q356960,Q551835
Q356960,Q214917
Q356960,Q47064
Q356960,Q4263842
Q357065,Q36180
Q357065,Q40348
Q357065,Q6625963
Q357065,Q18844224
Q357065,Q185351
Q357102,Q189290
Q357102,Q40348
Q357102,Q193391
Q357102,Q6625963
Q357102,Q82955
Q357102,Q18814623
Q357102,Q36180
Q357102,Q1930187
Q357102,Q49757
Q357102,Q185351
Q357102,Q47064
Q357108,Q36180
Q357108,Q6625963
Q357108,Q1622272
Q357108,Q3400985
Q357114,Q36180
Q357114,Q49757
Q357114,Q6625963
Q357120,Q36180
Q357120,Q49757
Q357120,Q6625963
Q357120,Q15949613
Q357715,Q36180
Q357715,Q2516866
Q357715,Q49757
Q357715,Q755070
Q357715,Q1607826
Q357715,Q1086863
Q357715,Q6625963
Q357811,Q49757
Q357811,Q6625963
Q357811,Q214917
Q357839,Q6625963
Q357839,Q36180
Q357839,Q18844224
Q357929,Q947873
Q357929,Q6625963
Q357929,Q36180
Q357929,Q1930187
Q357970,Q28389
Q357970,Q6625963
Q357970,Q36180
Q357970,Q2961975
Q358178,Q36180
Q358178,Q4853732
Q358178,Q6625963
Q358188,Q36180
Q358188,Q6625963
Q358188,Q28389
Q358188,Q1930187
Q358188,Q40348
Q358312,Q169470
Q358312,Q11063
Q358312,Q6625963
Q358312,Q36180
Q358312,Q1622272
Q358312,Q18844224
Q358345,Q10798782
Q358345,Q10800557
Q358345,Q33999
Q358345,Q6625963
Q358345,Q36180
Q358345,Q2405480
Q358345,Q177220
Q358345,Q1028181
Q358345,Q55960555
Q358345,Q28389
Q358491,Q49757
Q358491,Q6625963
Q358491,Q214917
Q358491,Q36180
Q358615,Q36180
Q358615,Q6625963
Q358615,Q11774202
Q358615,Q185351
Q358669,Q36180
Q358669,Q4263842
Q358669,Q333634
Q358669,Q1930187
Q358669,Q1209498
Q358669,Q6625963
Q359226,Q28389
Q359226,Q6625963
Q359226,Q36180
Q359451,Q1930187
Q359451,Q2516866
Q359451,Q36180
Q359451,Q6625963
Q359451,Q82955
Q359463,Q6625963
Q359463,Q2259451
Q359463,Q10800557
Q359498,Q36180
Q359498,Q6625963
Q359498,Q482980
Q359498,Q1930187
Q359498,Q18844224
Q359498,Q4853732
Q359513,Q6625963
Q359513,Q36180
Q359548,Q36180
Q359548,Q6625963
Q359548,Q1622272
Q359665,Q33999
Q359665,Q245068
Q359665,Q36180
Q359665,Q6625963
Q359665,Q18814623
Q359665,Q4853732
Q359665,Q28389
Q359665,Q2259451
Q359665,Q10800557
Q359665,Q947873
Q359665,Q578109
Q359665,Q10798782
Q359665,Q112120555
Q361004,Q36180
Q361004,Q1930187
Q361004,Q214917
Q361004,Q18844224
Q361004,Q6625963
Q361004,Q4164507
Q361026,Q36180
Q361026,Q82955
Q361026,Q42973
Q361026,Q6625963
Q361026,Q12372582
Q361026,Q10732476
Q361149,Q36180
Q361149,Q6625963
Q361149,Q18844224
Q361149,Q1906857
Q361149,Q1607826
Q361149,Q151197
Q361478,Q6625963
Q361478,Q36180
Q361478,Q18844224
Q361562,Q36180
Q361562,Q6625963
Q361617,Q49757
Q361617,Q36180
Q361617,Q1930187
Q361617,Q6625963
Q361617,Q28389
Q361617,Q1607826
Q361617,Q11774202
Q361617,Q4853732
Q361653,Q36180
Q361653,Q189290
Q361653,Q6625963
Q361653,Q28389
Q361653,Q18814623
Q361653,Q37226
Q361976,Q16643554
Q361976,Q6625963
Q361976,Q2374149
Q361976,Q36180
Q362638,Q36180
Q362638,Q1930187
Q362638,Q2526255
Q362638,Q6625963
Q362638,Q3282637
Q362930,Q2526255
Q362930,Q28389
Q362930,Q6625963
Q362930,Q36180
Q362930,Q18844224
Q362930,Q1053574
Q362930,Q12377291
Q362930,Q1440873
Q362930,Q578109
Q362930,Q11892507
Q362930,Q3282637
Q362930,Q2059704
Q362930,Q33999
Q363227,Q36180
Q363227,Q6625963
Q363227,Q28389
Q363227,Q18844224
Q363810,Q36180
Q363810,Q6625963
Q363810,Q33999
Q363810,Q18844224
Q363810,Q5434338
Q364153,Q49757
Q364153,Q36180
Q364153,Q28389
Q364153,Q3391743
Q364153,Q6625963
Q364153,Q15949613
Q364189,Q36180
Q364189,Q6625963
Q364189,Q482980
Q364189,Q49757
Q364189,Q18844224
Q364901,Q36180
Q364901,Q6625963
Q364901,Q4853732
Q364901,Q1622272
Q365664,Q36180
Q365664,Q28389
Q365664,Q6625963
Q365664,Q18844224
Q365664,Q1930187
Q365682,Q2526255
Q365682,Q33231
Q365682,Q33999
Q365682,Q957729
Q365682,Q28389
Q365682,Q1930187
Q365682,Q10800557
Q365682,Q6625963
Q365682,Q19698265
Q365682,Q483501
Q365682,Q3282637
Q365682,Q36834
Q365682,Q49757
Q365682,Q36180
Q365682,Q3455803
Q366091,Q36180
Q366091,Q14467526
Q366091,Q193391
Q366091,Q333634
Q366091,Q6625963
Q366091,Q644687
Q366091,Q639669
Q366091,Q1731155
Q366091,Q12144794
Q366150,Q36180
Q366150,Q6625963
Q366243,Q1930187
Q366243,Q36180
Q366243,Q28389
Q366243,Q6625963
Q366250,Q211346
Q366250,Q36180
Q366250,Q6625963
Q366250,Q2526255
Q366250,Q2059704
Q366266,Q36180
Q366266,Q28389
Q366266,Q6625963
Q366266,Q18844224
Q366266,Q3621491
Q366281,Q36180
Q366281,Q6625963
Q366281,Q28389
Q366281,Q49757
Q366281,Q214917
Q366575,Q36180
Q366575,Q4964182
Q366575,Q6625963
Q366575,Q18814623
Q366643,Q36180
Q366643,Q6625963
Q366643,Q4853732
Q366930,Q1028181
Q366930,Q36180
Q366930,Q4164507
Q366930,Q1930187
Q366930,Q6625963
Q366930,Q214917
Q366930,Q49757
Q367102,Q36180
Q367102,Q6625963
Q367102,Q18844224
Q367102,Q4853732
Q367729,Q36180
Q367729,Q28389
Q367729,Q6625963
Q367729,Q4853732
Q367848,Q36180
Q367848,Q1930187
Q367848,Q6625963
Q368127,Q6625963
Q368127,Q28389
Q368127,Q333634
Q368224,Q36180
Q368224,Q6625963
Q368224,Q18844224
Q368263,Q36180
Q368263,Q6625963
Q368263,Q131322129
Q368455,Q36180
Q368455,Q333634
Q368455,Q28389
Q368455,Q6625963
Q368455,Q4263842
Q368455,Q12144794
Q368455,Q49757
Q368455,Q214917
Q368455,Q17167049
Q368455,Q6430706
Q368455,Q69423232
Q368519,Q36180
Q368519,Q152002
Q368519,Q49757
Q368519,Q6625963
Q368519,Q1930187
Q368519,Q1234713
Q368519,Q4964182
Q368831,Q36180
Q368831,Q18921227
Q368831,Q18814623
Q368831,Q6625963
Q368831,Q28389
Q368831,Q864380
Q368831,Q18844224
Q368831,Q4964182
Q368831,Q12144794
Q368866,Q214917
Q368866,Q28389
Q368866,Q36180
Q368866,Q2259451
Q368866,Q6625963
Q369206,Q6625963
Q369206,Q36180
Q369469,Q36180
Q369469,Q6625963
Q369469,Q33999
Q369469,Q639669
Q369612,Q36180
Q369612,Q11774202
Q369612,Q82955
Q369612,Q6625963
Q369612,Q18844224
Q369612,Q168559
Q369632,Q6625963
Q369632,Q28389
Q369632,Q18844224
Q369632,Q482980
Q369632,Q36180
Q369632,Q4853732
Q369632,Q12144794
Q369696,Q82955
Q369696,Q6625963
Q369696,Q1930187
Q369696,Q36180
Q369696,Q4263842
Q369790,Q36180
Q369790,Q6625963
Q369790,Q37226
Q369957,Q36180
Q369957,Q193391
Q369957,Q1930187
Q369957,Q333634
Q369957,Q6625963
Q369957,Q14467526
Q369957,Q18814623
Q369957,Q4964182
Q370246,Q2374149
Q370246,Q49757
Q370246,Q333634
Q370246,Q6625963
Q370246,Q36180
Q370377,Q36180
Q370377,Q6625963
Q370377,Q33999
Q370377,Q28389
Q370377,Q1053574
Q370377,Q644687
Q370441,Q488205
Q370441,Q1930187
Q370441,Q639669
Q370441,Q6625963
Q370441,Q36180
Q370521,Q36180
Q370521,Q6625963
Q370521,Q214917
Q370521,Q28389
Q370521,Q12144794
Q370851,Q6625963
Q370851,Q36180
Q370860,Q36180
Q370860,Q6625963
Q370860,Q28389
Q370921,Q36180
Q370921,Q28389
Q370921,Q6625963
Q370973,Q28389
Q370973,Q36180
Q370973,Q6625963
Q370973,Q214917
Q371011,Q6625963
Q371011,Q36180
Q371011,Q8178443
Q371011,Q4263842
Q371011,Q1930187
Q371011,Q1622272
Q371080,Q6625963
Q371080,Q36180
Q371925,Q36180
Q371925,Q1930187
Q371925,Q49757
Q371925,Q6625963
Q371925,Q17337766
Q371925,Q28389
Q371925,Q18844224
Q371925,Q47064
Q371925,Q333634
Q371930,Q6625963
Q371930,Q36180
Q371930,Q1930187
Q372035,Q36180
Q372035,Q4853732
Q372035,Q6625963
Q372035,Q1930187
Q372182,Q170790
Q372182,Q6625963
Q372182,Q36180
Q372182,Q1622272
Q372182,Q18844224
Q372182,Q15143191
Q372313,Q36180
Q372313,Q6625963
Q372313,Q15949613
Q372533,Q36180
Q372533,Q4853732
Q372533,Q1930187
Q372533,Q15949613
Q372533,Q6625963
Q372737,Q6625963
Q372737,Q36180
Q372969,Q82955
Q372969,Q36180
Q372969,Q6625963
Q372969,Q49757
Q373150,Q6625963
Q373150,Q36180
Q373541,Q6625963
Q373541,Q11774202
Q373541,Q18814623
Q373541,Q36180
Q373541,Q864380
Q373552,Q82955
Q373552,Q36834
Q373552,Q6625963
Q373552,Q36180
Q373836,Q18844224
Q373836,Q6625963
Q373836,Q36180
Q373897,Q189290
Q373897,Q47064
Q373897,Q40348
Q373897,Q6625963
Q373897,Q49757
Q374401,Q644687
Q374401,Q715301
Q374401,Q6625963
Q374462,Q36180
Q374462,Q49757
Q374462,Q6625963
Q374540,Q6625963
Q374540,Q36180
Q374540,Q28389
Q374540,Q18844224
Q374540,Q33999
Q374817,Q49757
Q374817,Q6625963
Q374817,Q18939491
Q374817,Q36180
Q374817,Q876864
Q376071,Q28389
Q376071,Q36180
Q376071,Q6625963
Q376071,Q18844224
Q376071,Q2526255
Q376499,Q6625963
Q376499,Q36180
Q376501,Q39631
Q376501,Q551835
Q376501,Q333634
Q376501,Q4002666
Q376501,Q6625963
Q376501,Q15949613
Q376678,Q36180
Q376678,Q6625963
Q376678,Q15949613
Q376859,Q6625963
Q376859,Q36180
Q376859,Q18844224
Q376859,Q1930187
Q376859,Q15949613
Q377424,Q245068
Q377424,Q6625963
Q377424,Q10798782
Q377424,Q28389
Q377424,Q10800557
Q377424,Q2405480
Q377424,Q33999
Q377424,Q3455803
Q377424,Q3282637
Q377881,Q36180
Q377881,Q6625963
Q377881,Q212238
Q377881,Q49757
Q377881,Q11774202
Q377881,Q1930187
Q377881,Q864380
Q377992,Q17098559
Q377992,Q6625963
Q378098,Q1930187
Q378098,Q947873
Q378098,Q6625963
Q378098,Q36180
Q378098,Q82955
Q378116,Q4964182
Q378116,Q36180
Q378116,Q599151
Q378116,Q1930187
Q378116,Q37226
Q378116,Q6625963
Q378240,Q49757
Q378240,Q1930187
Q378240,Q6625963
Q378240,Q214917
Q378240,Q36180
Q378240,Q1209498
Q378309,Q36180
Q378309,Q333634
Q378309,Q6625963
Q378309,Q15949613
Q378425,Q14467526
Q378425,Q11122954
Q378425,Q3303330
Q378425,Q36180
Q378425,Q6625963
Q378639,Q36180
Q378639,Q1930187
Q378639,Q2526255
Q378639,Q28389
Q378639,Q6625963
Q378639,Q3658608
Q378807,Q6625963
Q378807,Q36180
Q378807,Q18844224
Q378878,Q2722764
Q378878,Q6625963
Q378878,Q1930187
Q378878,Q1086863
Q378878,Q11313148
Q378878,Q28389
Q378878,Q214917
Q378878,Q16206641
Q378878,Q639669
Q378878,Q12362622
Q378878,Q16157785
Q378878,Q36180
Q379125,Q49757
Q379125,Q6625963
Q379125,Q214917
Q379125,Q36180
Q379125,Q12869138
Q379125,Q15980158
Q379520,Q6625963
Q379520,Q28389
Q379595,Q193391
Q379595,Q6625963
Q379595,Q82955
Q379595,Q214917
Q379595,Q36180
Q379595,Q12144794
Q379679,Q947873
Q379679,Q214917
Q379679,Q36180
Q379679,Q1086863
Q379679,Q1281618
Q379679,Q1028181
Q379679,Q28389
Q379679,Q13590141
Q379679,Q1708232
Q379679,Q49757
Q379679,Q6625963
Q379679,Q644687
Q379745,Q49757
Q379745,Q1930187
Q379745,Q36180
Q379745,Q28389
Q379745,Q4853732
Q379745,Q6625963
Q379745,Q15949613
Q379745,Q105186
Q379762,Q49757
Q379762,Q6625963
Q379762,Q36180
Q379762,Q4853732
Q379762,Q8178443
Q379762,Q864380
Q379762,Q28389
Q379855,Q6625963
Q379855,Q49757
Q379855,Q36180
Q379855,Q28389
Q379855,Q15949613
Q379855,Q822146
Q379895,Q36180
Q379895,Q6625963
Q379895,Q28389
Q379895,Q18844224
Q379895,Q73306227
Q379895,Q69423232
Q379923,Q4964182
Q379923,Q82955
Q379923,Q1930187
Q379923,Q49757
Q379923,Q201788
Q379923,Q214917
Q379923,Q8178443
Q379923,Q36180
Q379923,Q4263842
Q379923,Q744738
Q379923,Q6625963
Q379943,Q49757
Q379943,Q36180
Q379943,Q11774202
Q379943,Q333634
Q379943,Q6625963
Q379943,Q28389
Q379943,Q4263842
Q379943,Q1607826
Q379943,Q6430706
Q379949,Q1930187
Q379949,Q214917
Q379949,Q6625963
Q379949,Q1209498
Q379949,Q40348
Q379949,Q16157743
Q379956,Q36180
Q379956,Q214917
Q379956,Q6625963
Q379956,Q49757
Q379960,Q36180
Q379960,Q6625963
Q379960,Q867727
Q379960,Q12144794
Q379960,Q4853732
Q379960,Q2722764
Q379960,Q1622272
Q380000,Q49757
Q380000,Q214917
Q380000,Q12144794
Q380000,Q28389
Q380000,Q6625963
Q380000,Q36180
Q380150,Q42973
Q380150,Q6625963
Q380202,Q36180
Q380202,Q28389
Q380202,Q6625963
Q380202,Q18844224
Q380202,Q12144794
Q380229,Q1493121
Q380229,Q6625963
Q380229,Q201788
Q380229,Q15980158
Q380229,Q482980
Q380229,Q36180
Q380265,Q36180
Q380265,Q28389
Q380265,Q6625963
Q380265,Q2526255
Q380265,Q11774202
Q380265,Q18844224
Q380277,Q214917
Q380277,Q36180
Q380277,Q49757
Q380277,Q6625963
Q380439,Q36180
Q380439,Q6625963
Q380439,Q15949613
Q380439,Q214917
Q380439,Q11774202
Q380439,Q1930187
Q380465,Q1930187
Q380465,Q6625963
Q380465,Q36180
Q380465,Q4263842
Q380545,Q1930187
Q380545,Q14467526
Q380545,Q49757
Q380545,Q36180
Q380545,Q6625963
Q380545,Q333634
Q380545,Q250867
Q380545,Q214917
Q380545,Q25393460
Q380545,Q611644
Q380545,Q29182
Q380645,Q36180
Q380645,Q49757
Q380645,Q6625963
Q380645,Q4263842
Q380645,Q12144794
Q380645,Q214917
Q380645,Q11774202
Q380784,Q6625963
Q380784,Q36180
Q380983,Q36180
Q380983,Q1930187
Q380983,Q6625963
Q380983,Q482980
Q380983,Q4853732
Q381086,Q36180
Q381086,Q6625963
Q381086,Q49757
Q381086,Q333634
Q381254,Q36180
Q381254,Q1086863
Q381254,Q49757
Q381254,Q6625963
Q381443,Q49757
Q381443,Q6625963
Q381443,Q36180
Q381443,Q15949613
Q381656,Q28389
Q381656,Q2526255
Q381656,Q36180
Q381656,Q6625963
Q381656,Q4853732
Q381732,Q36180
Q381732,Q6625963
Q381732,Q1930187
Q381732,Q1350157
Q381732,Q4853732
Q381800,Q36180
Q381800,Q6625963
Q381800,Q214917
Q381800,Q18844224
Q382068,Q33999
Q382068,Q6625963
Q382068,Q28389
Q382068,Q2526255
Q382068,Q2259451
Q382068,Q10800557
Q382101,Q36180
Q382101,Q864503
Q382101,Q1930187
Q382101,Q6625963
Q382101,Q49757
Q382101,Q4853732
Q434635,Q36180
Q434635,Q1930187
Q434635,Q6625963
Q434635,Q15949613
Q434695,Q36180
Q434695,Q6625963
Q434695,Q4853732
Q434695,Q1607826
Q434695,Q49757
Q434735,Q36180
Q434735,Q6625963
Q434735,Q28389
Q434735,Q4853732
Q434735,Q49757
Q434785,Q6625963
Q434785,Q28389
Q434785,Q17291399
Q434892,Q36180
Q434892,Q6625963
Q434892,Q15949613
Q435056,Q1607826
Q435056,Q6625963
Q435056,Q36180
Q435056,Q28389
Q435056,Q18844224
Q435056,Q12144794
Q435056,Q876864
Q435058,Q6625963
Q435058,Q36180
Q435062,Q6625963
Q435062,Q36180
Q435085,Q14467526
Q435085,Q333634
Q435085,Q6625963
Q435085,Q36180
Q435126,Q36180
Q435126,Q4853732
Q435126,Q6625963
Q435126,Q644687
Q435126,Q33999
Q435126,Q3282637
Q435126,Q2478141
Q435262,Q36180
Q435262,Q6625963
Q435262,Q28389
Q435278,Q1114448
Q435278,Q715301
Q435278,Q9648008
Q435278,Q1930187
Q435278,Q6625963
Q435278,Q55960555
Q435326,Q36180
Q435326,Q6625963
Q435401,Q6625963
Q435401,Q36180
Q435434,Q10800557
Q435434,Q2259451
Q435434,Q10798782
Q435434,Q6625963
Q435434,Q33999
Q435434,Q2059704
Q435585,Q3068305
Q435585,Q36180
Q435585,Q6625963
Q435615,Q4773904
Q435615,Q6625963
Q435615,Q36180
Q435902,Q49757
Q435902,Q6625963
Q435902,Q36180
Q435902,Q4263842
Q435902,Q6051619
Q435902,Q1607826
Q435920,Q36180
Q435920,Q3282637
Q435920,Q28389
Q435920,Q18844224
Q435920,Q6625963
Q435920,Q33999
Q435920,Q10798782
Q436082,Q6625963
Q436082,Q36180
Q436082,Q15949613
Q436241,Q49757
Q436241,Q36180
Q436241,Q6625963
Q436581,Q49757
Q436581,Q6625963
Q436581,Q36180
Q436664,Q28389
Q436664,Q1930187
Q436664,Q6625963
Q436664,Q36180
Q436664,Q1607826
Q436664,Q1622272
Q436712,Q33999
Q436712,Q245068
Q436712,Q6625963
Q436712,Q36180
Q436712,Q28389
Q436712,Q214917
Q436712,Q822146
Q436712,Q753110
Q436712,Q18545066
Q436712,Q10800557
Q436712,Q2526255
Q436712,Q2259451
Q436712,Q10798782
Q436712,Q3455803
Q436712,Q3282637
Q436801,Q36180
Q436801,Q28389
Q436801,Q6625963
Q436801,Q37226
Q436801,Q33231
Q436801,Q245068
Q436801,Q11499147
Q437088,Q6625963
Q437088,Q512314
Q437088,Q36180
Q437088,Q43845
Q437121,Q28389
Q437121,Q3282637
Q437121,Q1930187
Q437121,Q6625963
Q437121,Q47541952
Q437123,Q36180
Q437123,Q6625963
Q437123,Q1028181
Q437123,Q113663593
Q437174,Q36180
Q437174,Q1930187
Q437174,Q6625963
Q437184,Q36180
Q437184,Q6625963
Q437184,Q214917
Q437184,Q1607826
Q437184,Q33999
Q437224,Q36180
Q437224,Q6625963
Q437224,Q482980
Q437321,Q33999
Q437321,Q947873
Q437321,Q6625963
Q437321,Q1930187
Q437321,Q36180
Q437321,Q10800557
Q437335,Q18921227
Q437335,Q18844224
Q437335,Q6625963
Q437356,Q4773904
Q437356,Q36180
Q437356,Q1930187
Q437356,Q3621491
Q437356,Q1350189
Q437356,Q3579035
Q437356,Q6625963
Q437356,Q644687
Q437370,Q36180
Q437370,Q6625963
Q437370,Q18844224
Q437370,Q4853732
Q437516,Q36180
Q437516,Q6625963
Q437567,Q36180
Q437567,Q49757
Q437567,Q6625963
Q437687,Q4773904
Q437687,Q36180
Q437687,Q201788
Q437687,Q3621491
Q437687,Q6625963
Q437718,Q36180
Q437718,Q6625963
Q437771,Q36180
Q437771,Q333634
Q437771,Q33231
Q437771,Q1622272
Q437771,Q28389
Q437771,Q901402
Q437771,Q627325
Q437771,Q17505902
Q437771,Q22343478
Q437771,Q6625963
Q437771,Q123338797
Q437811,Q36180
Q437811,Q6625963
Q437811,Q1622272
Q437811,Q4853732
Q438024,Q6625963
Q438024,Q36180
Q438024,Q10297252
Q438164,Q36180
Q438164,Q6625963
Q438164,Q482980
Q438164,Q1114448
Q438164,Q11774202
Q438164,Q4263842
Q438164,Q18844224
Q438164,Q1930187
Q438241,Q36180
Q438241,Q4853732
Q438241,Q37226
Q438241,Q15949613
Q438241,Q12406482
Q438241,Q11774202
Q438241,Q6625963
Q438241,Q49757
Q438260,Q6625963
Q438260,Q1930187
Q438260,Q333634
Q438260,Q1622272
Q438260,Q36180
Q438330,Q6625963
Q438330,Q36180
Q438330,Q18844224
Q438330,Q8246794
Q438330,Q5434338
Q438330,Q482980
Q438345,Q36180
Q438345,Q6625963
Q438558,Q1930187
Q438558,Q6625963
Q438558,Q36180
Q438558,Q4853732
Q438569,Q18814623
Q438569,Q6625963
Q438569,Q36180
Q438569,Q12144794
Q438569,Q214917
Q438686,Q49757
Q438686,Q36180
Q438686,Q6625963
Q438686,Q15949613
Q439059,Q36180
Q439059,Q6625963
Q439059,Q28389
Q439059,Q4853732
Q439226,Q6625963
Q439226,Q36180
Q439292,Q6625963
Q439292,Q36180
Q440100,Q36180
Q440100,Q6625963
Q440100,Q11774202
Q440100,Q482980
Q440100,Q18844224
Q440146,Q182436
Q440146,Q6625963
Q440146,Q36180
Q440185,Q6625963
Q440185,Q36180
Q440185,Q28389
Q440391,Q36180
Q440391,Q6625963
Q440528,Q1930187
Q440528,Q6625963
Q440528,Q36180
Q440528,Q4263842
Q440528,Q1622272
Q440528,Q49757
Q440528,Q333634
Q440569,Q36180
Q440569,Q6625963
Q440569,Q18844224
Q440612,Q169470
Q440612,Q36180
Q440612,Q6625963
Q440612,Q18844224
Q440612,Q4853732
Q440744,Q6625963
Q440744,Q36180
Q440744,Q18844224
Q440744,Q1930187
Q440793,Q6625963
Q440793,Q36180
Q440877,Q6625963
Q440877,Q4853732
Q441056,Q36180
Q441056,Q6625963
Q441056,Q15949613
Q441056,Q333634
Q441056,Q82955
Q441067,Q36180
Q441067,Q6625963
Q441067,Q4263842
Q441067,Q1930187
Q441067,Q28389
Q441146,Q36180
Q441146,Q6625963
Q441146,Q42909
Q441146,Q33999
Q441146,Q2259451
Q441214,Q36180
Q441214,Q6625963
Q441214,Q4853732
Q441290,Q6625963
Q441290,Q36180
Q441290,Q333634
Q441494,Q6625963
Q441494,Q36180
Q441494,Q11774202
Q441494,Q864380
Q441494,Q1476215
Q441515,Q6625963
Q441515,Q36180
Q441603,Q36180
Q441603,Q6625963
Q441603,Q18844224
Q441726,Q33999
Q441726,Q6625963
Q441726,Q36180
Q441757,Q49757
Q441757,Q333634
Q441757,Q6625963
Q441757,Q36180
Q441757,Q214917
Q441757,Q1607826
Q441793,Q2516866
Q441793,Q36180
Q441793,Q6625963
Q441793,Q18844224
Q441949,Q36180
Q441949,Q6625963
Q441952,Q36180
Q441952,Q6625963
Q441990,Q33999
Q441990,Q49757
Q441990,Q6625963
Q441990,Q36180
Q441990,Q18844224
Q441990,Q2405480
Q441990,Q10800557
Q441990,Q205375
Q442003,Q11774202
Q442003,Q12797895
Q442003,Q42603
Q442003,Q482980
Q442003,Q3114821
Q442003,Q1616828
Q442003,Q6625963
Q442003,Q18814623
Q442103,Q1930187
Q442103,Q36180
Q442103,Q4853732
Q442103,Q6625963
Q442103,Q49757
Q442103,Q15949613
Q442103,Q822146
Q442103,Q37226
Q442121,Q36180
Q442121,Q6625963
Q442130,Q6625963
Q442130,Q36180
Q442130,Q49757
Q442258,Q40348
Q442258,Q36180
Q442258,Q6625963
Q442330,Q6625963
Q442330,Q15949613
Q442330,Q36180
Q442330,Q28389
Q442330,Q182436
Q442474,Q36180
Q442474,Q36834
Q442474,Q6625963
Q442474,Q1930187
Q442549,Q33999
Q442549,Q6625963
Q442549,Q36180
Q442549,Q28389
Q442549,Q2259451
Q442549,Q10798782
Q442549,Q4610556
Q442549,Q10800557
Q442569,Q6625963
Q442569,Q49757
Q442679,Q49757
Q442679,Q36180
Q442679,Q6625963
Q442679,Q4853732
Q442679,Q15949613
Q442829,Q36180
Q442829,Q49757
Q442829,Q333634
Q442829,Q6625963
Q442829,Q15949613
Q442902,Q49757
Q442902,Q36180
Q442902,Q6625963
Q442902,Q2374149
Q443008,Q36180
Q443008,Q6625963
Q443008,Q18844224
Q443008,Q4853732
Q443042,Q214917
Q443042,Q36180
Q443042,Q6625963
Q443042,Q49757
Q443055,Q36180
Q443055,Q1930187
Q443055,Q6625963
Q443055,Q1148872
Q443055,Q135301631
Q443055,Q1607826
Q443109,Q6625963
Q443109,Q36180
Q443132,Q6625963
Q443132,Q49757
Q443132,Q1930187
Q443132,Q36180
Q443132,Q520549
Q443132,Q4964182
Q443235,Q14467526
Q443235,Q6625963
Q443235,Q36180
Q443235,Q1622272
Q443306,Q36180
Q443306,Q6625963
Q443306,Q864380
Q443306,Q18844224
Q443306,Q4853732
Q443325,Q6625963
Q443325,Q18921227
Q443325,Q36180
Q443325,Q18844224
Q443325,Q18814623
Q443398,Q36180
Q443398,Q28389
Q443398,Q6625963
Q443403,Q6625963
Q443403,Q36180
Q443403,Q1930187
Q443403,Q4263842
Q443403,Q15980158
Q443403,Q214917
Q443403,Q82955
Q443404,Q6625963
Q443404,Q49757
Q443404,Q4853732
Q443404,Q37226
Q443404,Q36180
Q443462,Q6625963
Q443462,Q36180
Q443462,Q18844224
Q443528,Q6625963
Q443528,Q214917
Q443528,Q8178443
Q443528,Q36180
Q443528,Q1930187
Q443528,Q4263842
Q443528,Q18844224
Q443528,Q4853732
Q443528,Q49757
Q443567,Q33999
Q443567,Q6625963
Q443567,Q10800557
Q443567,Q36180
Q443567,Q2259451
Q443591,Q6625963
Q443591,Q36180
Q443591,Q4853732
Q443655,Q36180
Q443655,Q6625963
Q443655,Q11774202
Q443655,Q49757
Q443681,Q36180
Q443681,Q6625963
Q443681,Q4853732
Q443681,Q11892507
Q443726,Q6625963
Q443726,Q36180
Q443820,Q6625963
Q443820,Q36180
Q443830,Q36180
Q443830,Q6625963
Q443830,Q18844224
Q443830,Q54845077
Q443868,Q214917
Q443868,Q49757
Q443868,Q4853732
Q443868,Q333634
Q443868,Q6625963
Q443868,Q17167049
Q443868,Q36180
Q443868,Q11774202
Q444016,Q6625963
Q444016,Q36180
Q444016,Q10297252
Q444168,Q1930187
Q444168,Q36180
Q444168,Q6625963
Q444230,Q6625963
Q444230,Q1930187
Q444362,Q36180
Q444362,Q18844224
Q444362,Q6625963
Q444486,Q1930187
Q444486,Q49757
Q444486,Q4164507
Q444486,Q6625963
Q444486,Q4263842
Q444486,Q4610556
Q444486,Q36180
Q444697,Q6625963
Q444697,Q36180
Q444730,Q36180
Q444730,Q4263842
Q444730,Q6625963
Q444806,Q177220
Q444806,Q49757
Q444806,Q6625963
Q444806,Q36180
Q444806,Q18939491
Q444806,Q822146
Q444806,Q10798782
Q444806,Q10800557
Q444849,Q6625963
Q444849,Q36180
Q444849,Q15949613
Q444867,Q36180
Q444867,Q6625963
Q444867,Q28389
Q444867,Q214917
Q444867,Q2259451
Q444867,Q10800557
Q444995,Q36180
Q444995,Q6625963
Q444995,Q49757
Q445346,Q6625963
Q445346,Q15949613
Q445346,Q36180
Q445429,Q36180
Q445429,Q6625963
Q445429,Q18844224
Q445429,Q1930187
Q445556,Q6625963
Q445556,Q36180
Q445776,Q36180
Q445776,Q1930187
Q445776,Q6625963
Q445839,Q6625963
Q445839,Q49757
Q445839,Q36180
Q445839,Q28389
Q445919,Q36180
Q445919,Q4853732
Q445919,Q6625963
Q445919,Q482980
Q445919,Q28389
Q445930,Q28389
Q445930,Q36180
Q445930,Q6625963
Q445930,Q8246794
Q445930,Q4853732
Q445930,Q18844224
Q445930,Q11892507
Q446121,Q6625963
Q446121,Q36180
Q446209,Q6625963
Q446209,Q36180
Q446396,Q36180
Q446396,Q6625963
Q446396,Q4853732
Q446396,Q16308156
Q446396,Q37226
Q446483,Q6625963
Q446483,Q36180
Q446483,Q1930187
Q446517,Q36180
Q446517,Q6625963
Q446518,Q1028181
Q446518,Q488111
Q446518,Q6625963
Q446518,Q36180
Q446518,Q2252262
Q446518,Q4610556
Q446518,Q3286043
Q446518,Q10800557
Q446518,Q177220
Q446518,Q2526255
Q446518,Q17456089
Q446597,Q6625963
Q446605,Q36180
Q446605,Q6625963
Q446605,Q1930187
Q446627,Q177220
Q446627,Q753110
Q446627,Q36834
Q446627,Q36180
Q446627,Q33999
Q446627,Q6625963
Q446627,Q10800557
Q446627,Q5322166
Q446627,Q855091
Q446687,Q49757
Q446687,Q6625963
Q446687,Q36180
Q446747,Q182436
Q446747,Q36180
Q446747,Q6625963
Q446747,Q18844224
Q446747,Q4853732
Q446879,Q36180
Q446879,Q1607826
Q446879,Q6625963
Q446899,Q36180
Q446899,Q6625963
Q446941,Q36180
Q446941,Q6625963
Q446941,Q18844224
Q446943,Q36180
Q446943,Q6625963
Q446943,Q4853732
Q446973,Q36180
Q446973,Q6625963
Q446973,Q18844224
Q446973,Q1607826
Q447019,Q6625963
Q447019,Q36180
Q447025,Q36180
Q447025,Q18844224
Q447025,Q5434338
Q447025,Q6625963
Q447073,Q6625963
Q447073,Q36180
Q447073,Q49757
Q447073,Q333634
Q447190,Q36180
Q447190,Q1930187
Q447190,Q6625963
Q447190,Q49757
Q447240,Q33999
Q447240,Q6625963
Q447240,Q36180
Q447240,Q28389
Q447240,Q2526255
Q447240,Q69423232
Q447244,Q1930187
Q447244,Q6625963
Q447244,Q36180
Q447244,Q28389
Q447268,Q1930187
Q447268,Q49757
Q447268,Q36180
Q447268,Q333634
Q447268,Q6625963
Q447284,Q6625963
Q447284,Q36180
Q447284,Q11892507
Q447367,Q12144794
Q447367,Q49757
Q447367,Q28389
Q447367,Q6051619
Q447367,Q82955
Q447367,Q36180
Q447367,Q6625963
Q447367,Q15949613
Q447367,Q188094
Q447404,Q36180
Q447404,Q6625963
Q447507,Q10800557
Q447507,Q2526255
Q447507,Q6625963
Q447507,Q28389
Q447519,Q36180
Q447519,Q6625963
Q447519,Q18844224
Q447519,Q4853732
Q447519,Q28389
Q447630,Q6625963
Q447630,Q214917
Q447630,Q482980
Q447630,Q36180
Q447630,Q186360
Q447630,Q18814623
Q447850,Q6625963
Q447850,Q82955
Q447902,Q6625963
Q447902,Q36180
Q447902,Q1930187
Q447902,Q4773904
Q448143,Q36180
Q448143,Q1930187
Q448143,Q6625963
Q448143,Q214917
Q448241,Q36180
Q448241,Q6625963
Q448241,Q18844224
Q448246,Q36180
Q448246,Q6625963
Q448246,Q4853732
Q448246,Q28389
Q448246,Q482980
Q448246,Q49757
Q448425,Q36180
Q448425,Q6625963
Q448545,Q36180
Q448545,Q6625963
Q448545,Q18844224
Q448707,Q191633
Q448707,Q6625963
Q448707,Q36180
Q448736,Q1930187
Q448736,Q6625963
Q448736,Q36180
Q448736,Q864380
Q448736,Q4853732
Q448767,Q3282637
Q448767,Q6625963
Q448767,Q1930187
Q448767,Q36180
Q448767,Q28389
Q448767,Q33999
Q448776,Q36180
Q448776,Q6625963
Q448776,Q1930187
Q448776,Q11774202
Q448776,Q864380
Q449028,Q6625963
Q449028,Q36180
Q449028,Q28389
Q449028,Q2526255
Q449028,Q3455803
Q449085,Q36180
Q449085,Q18814623
Q449085,Q6625963
Q449085,Q214917
Q449085,Q28389
Q449085,Q4853732
Q449085,Q73306227
Q449085,Q69423232
Q449136,Q6625963
Q449136,Q36180
Q449136,Q18844224
Q449234,Q36180
Q449234,Q6625963
Q449234,Q4853732
Q449279,Q201788
Q449279,Q11424130
Q449279,Q6625963
Q449279,Q36180
Q449279,Q18844224
Q449451,Q3068305
Q449451,Q18939491
Q449451,Q214917
Q449451,Q36180
Q449451,Q6625963
Q449473,Q6625963
Q449473,Q36180
Q449489,Q6625963
Q449489,Q36180
Q449489,Q333634
Q449542,Q6625963
Q449542,Q36180
Q449542,Q18844224
Q449640,Q6625963
Q449640,Q4610556
Q449640,Q2259451
Q449640,Q10800557
Q449640,Q2526255
Q449797,Q6625963
Q449797,Q36180
Q449797,Q1930187
Q449797,Q28389
Q449801,Q2526255
Q449801,Q28389
Q449801,Q36180
Q449801,Q6625963
Q449818,Q36180
Q449818,Q6625963
Q449818,Q4263842
Q450243,Q49757
Q450243,Q6625963
Q450243,Q36180
Q450243,Q4853732
Q450335,Q36180
Q450335,Q6625963
Q450335,Q1930187
Q450335,Q482980
Q450346,Q36180
Q450346,Q6625963
Q450346,Q4853732
Q450346,Q15949613
Q450346,Q1622272
Q450376,Q36180
Q450376,Q6625963
Q450446,Q482980
Q450446,Q36180
Q450446,Q18844224
Q450446,Q6625963
Q450455,Q36180
Q450455,Q6625963
Q450455,Q4853732
Q450610,Q49757
Q450610,Q36180
Q450610,Q6625963
Q450690,Q36180
Q450690,Q6625963
Q450690,Q15949613
Q450737,Q6625963
Q450737,Q36180
Q450737,Q11774202
Q450737,Q18844224
Q450796,Q49757
Q450796,Q6625963
Q450796,Q1930187
Q450796,Q36180
Q450796,Q15253558
Q450796,Q1607826
Q450796,Q33999
Q450796,Q28692502
Q450796,Q1238570
Q450796,Q2405480
Q450796,Q11499147
Q450802,Q186360
Q450802,Q36180
Q450802,Q49757
Q450802,Q6625963
Q450802,Q28692502
Q450802,Q16003550
Q450802,Q1930187
Q450802,Q16323111
Q450802,Q27532437
Q450845,Q36180
Q450845,Q6625963
Q450845,Q4853732
Q450868,Q36180
Q450868,Q6625963
Q450868,Q864380
Q450868,Q12144794
Q450875,Q36180
Q450875,Q49757
Q450875,Q6625963
Q450913,Q6625963
Q450913,Q1930187
Q450913,Q15980158
Q450913,Q49757
Q450923,Q36180
Q450923,Q6625963
Q450923,Q1622272
Q451009,Q36180
Q451009,Q3621491
Q451009,Q1350189
Q451009,Q6625963
Q451058,Q6625963
Q451058,Q214917
Q451058,Q36180
Q451058,Q11774202
Q451058,Q2599593
Q451058,Q17167049
Q451058,Q333634
Q451058,Q49757
Q451136,Q40348
Q451136,Q6625963
Q451136,Q36180
Q451136,Q1209498
Q451379,Q36180
Q451379,Q6625963
Q451379,Q18844224
Q451379,Q4853732
Q452145,Q6625963
Q452145,Q121594
Q452145,Q15949613
Q452145,Q36180
Q452206,Q36180
Q452206,Q6625963
Q452206,Q28389
Q452206,Q6051619
Q452249,Q6625963
Q452249,Q36180
Q452282,Q28389
Q452282,Q36180
Q452282,Q6625963
Q452282,Q4853732
Q452282,Q11774202
Q452282,Q214917
Q452299,Q36180
Q452299,Q4964182
Q452299,Q4773904
Q452299,Q1371378
Q452299,Q49757
Q452299,Q201788
Q452299,Q6625963
Q452400,Q33999
Q452400,Q6625963
Q452400,Q36180
Q452400,Q1028181
Q452400,Q10798782
Q452400,Q10800557
Q452400,Q2526255
Q452400,Q28389
Q452400,Q2259451
Q452404,Q36180
Q452404,Q6625963
Q452404,Q1930187
Q452404,Q864380
Q452404,Q18814623
Q452722,Q36180
Q452722,Q6625963
Q452722,Q28389
Q452722,Q4853732
Q452742,Q36180
Q452742,Q4964182
Q452742,Q4263842
Q452742,Q11774202
Q452742,Q6625963
Q452742,Q3330547
Q452761,Q49757
Q452761,Q33999
Q452761,Q6625963
Q452761,Q36180
Q452761,Q1622272
Q452761,Q11774202
Q452761,Q1930187
Q452761,Q10833314
Q452860,Q36180
Q452860,Q12144794
Q452860,Q6625963
Q452963,Q33999
Q452963,Q3282637
Q452963,Q6625963
Q452963,Q18617021
Q452963,Q36180
Q452963,Q4853732
Q453011,Q28389
Q453011,Q36180
Q453011,Q11774202
Q453011,Q49757
Q453011,Q639669
Q453011,Q6625963
Q453231,Q6625963
Q453231,Q36180
Q453251,Q36180
Q453251,Q6625963
Q453251,Q4853732
Q453251,Q1930187
Q453251,Q482980
Q453288,Q4964182
Q453288,Q6625963
Q453288,Q333634
Q453288,Q1622272
Q453288,Q4263842
Q453288,Q1930187
Q453288,Q36180
Q453288,Q11774202
Q453288,Q20020377
Q453288,Q17167049
Q453329,Q36180
Q453329,Q6625963
Q453329,Q18844224
Q453329,Q11063
Q453329,Q2095549
Q453329,Q37226
Q453377,Q6625963
Q453377,Q36180
Q453384,Q36180
Q453384,Q6625963
Q453384,Q333634
Q453384,Q1930187
Q453384,Q4220892
Q453410,Q36180
Q453410,Q6625963
Q453410,Q28389
Q453410,Q18844224
Q453427,Q36180
Q453427,Q6625963
Q453427,Q4853732
Q453434,Q33999
Q453434,Q2490358
Q453434,Q36180
Q453434,Q6625963
Q453434,Q214917
Q453434,Q483501
Q453434,Q1622272
Q453434,Q125251105
Q453537,Q36180
Q453537,Q37226
Q453537,Q6625963
Q453614,Q49757
Q453614,Q1930187
Q453614,Q36180
Q453614,Q6625963
Q453614,Q28389
Q453614,Q212948
Q453665,Q186360
Q453665,Q36180
Q453665,Q182436
Q453665,Q6625963
Q453835,Q36180
Q453835,Q6625963
Q453835,Q18844224
Q453835,Q28692502
Q453908,Q6625963
Q453908,Q36180
Q453908,Q28692502
Q453932,Q49757
Q453932,Q6625963
Q453932,Q333634
Q453932,Q36180
Q453932,Q1622272
Q453983,Q36180
Q453983,Q49757
Q453983,Q6625963
Q453983,Q1028181
Q453983,Q214917
Q453983,Q11774202
Q453983,Q483501
Q454420,Q36180
Q454420,Q6625963
Q454420,Q864380
Q454420,Q4853732
Q454420,Q201788
Q454595,Q182436
Q454595,Q6625963
Q454595,Q36180
Q454686,Q36180
Q454686,Q6625963
Q454686,Q49757
Q454686,Q82955
Q454734,Q49757
Q454734,Q36180
Q454734,Q6625963
Q454836,Q49757
Q454836,Q36180
Q454836,Q6625963
Q454836,Q61048378
Q454888,Q14467526
Q454888,Q6625963
Q454888,Q36180
Q454888,Q6430706
Q454888,Q4263842
Q454888,Q333634
Q454920,Q6625963
Q454920,Q36180
Q454920,Q18844224
Q454937,Q36180
Q454937,Q6625963
Q454937,Q4853732
Q455120,Q1930187
Q455120,Q36180
Q455120,Q864380
Q455120,Q333634
Q455120,Q6625963
Q455228,Q36180
Q455228,Q18844224
Q455228,Q6625963
Q455228,Q28389
Q455286,Q6625963
Q455286,Q1930187
Q455286,Q36180
Q455286,Q37226
Q455410,Q14467526
Q455410,Q13418253
Q455410,Q6625963
Q455410,Q121594
Q455495,Q36180
Q455495,Q6625963
Q455495,Q18844224
Q455510,Q36180
Q455510,Q6625963
Q455510,Q18844224
Q455510,Q1930187
Q455529,Q36180
Q455529,Q6625963
Q455558,Q36180
Q455558,Q6625963
Q455558,Q947873
Q455558,Q43845
Q455558,Q10297252
Q455558,Q3282637
Q455571,Q36180
Q455571,Q49757
Q455571,Q6625963
Q455571,Q1607826
Q455574,Q1930187
Q455574,Q36180
Q455574,Q6625963
Q455652,Q6625963
Q455652,Q36180
Q455703,Q1930187
Q455703,Q82955
Q455703,Q40348
Q455703,Q4263842
Q455703,Q36180
Q455703,Q6625963
Q455776,Q36180
Q455776,Q6625963
Q455776,Q1930187
Q455776,Q18844224
Q455780,Q36180
Q455780,Q6625963
Q455780,Q201788
Q455780,Q18844224
Q455852,Q36180
Q455852,Q6625963
Q455852,Q4853732
Q455930,Q6625963
Q455930,Q177220
Q455930,Q49757
Q455930,Q36180
Q455930,Q8246794
Q455951,Q36180
Q455951,Q6625963
Q455951,Q28389
Q455951,Q18844224
Q455951,Q15627169
Q455951,Q1930187
Q456191,Q333634
Q456191,Q6625963
Q456191,Q36180
Q456191,Q49757
Q456191,Q4263842
Q456191,Q15949613
Q456212,Q6625963
Q456212,Q36180
Q456212,Q1930187
Q456212,Q4220892
Q456336,Q36180
Q456336,Q6625963
Q456340,Q36180
Q456340,Q6625963
Q456473,Q36180
Q456473,Q6625963
Q456473,Q4853732
Q456473,Q41583
Q456473,Q11513337
Q456494,Q36180
Q456494,Q6625963
Q456494,Q4853732
Q456762,Q36180
Q456762,Q1930187
Q456762,Q333634
Q456762,Q28389
Q456762,Q6625963
Q456762,Q15949613
Q456855,Q6625963
Q456855,Q37226
Q456855,Q36180
Q456862,Q33999
Q456862,Q10798782
Q456862,Q28389
Q456862,Q2526255
Q456862,Q3282637
Q456862,Q6625963
Q456862,Q177220
Q456862,Q10800557
Q456862,Q36180
Q456862,Q11892507
Q456914,Q49757
Q456914,Q36180
Q456914,Q1622272
Q456914,Q4263842
Q456914,Q114385716
Q456914,Q6625963
Q456958,Q36180
Q456958,Q6625963
Q457092,Q36180
Q457092,Q6625963
Q457177,Q36180
Q457177,Q18844224
Q457177,Q6625963
Q457177,Q15077007
Q457177,Q11774156
Q457185,Q36180
Q457185,Q6625963
Q457185,Q18844224
Q457185,Q9017214
Q457287,Q808967
Q457287,Q36180
Q457287,Q6625963
Q457287,Q1209498
Q457338,Q15973695
Q457338,Q36180
Q457338,Q28389
Q457338,Q40348
Q457338,Q6625963
Q457338,Q15949613
Q457370,Q1930187
Q457370,Q36180
Q457370,Q6625963
Q457370,Q28389
Q457371,Q36180
Q457371,Q6625963
Q457371,Q482980
Q457371,Q4853732
Q457371,Q18844224
Q457450,Q1930187
Q457450,Q36180
Q457450,Q6625963
Q457495,Q36180
Q457495,Q6625963
Q457495,Q4853732
Q457530,Q6625963
Q457530,Q18814623
Q457530,Q36180
Q457601,Q36180
Q457601,Q6625963
Q457601,Q15949613
Q457608,Q6625963
Q457608,Q15949613
Q457608,Q36180
Q457873,Q36180
Q457873,Q6625963
Q458077,Q36180
Q458077,Q6625963
Q458077,Q4853732
Q458224,Q6625963
Q458224,Q36180
Q458224,Q1622272
Q458224,Q12144794
Q458240,Q36180
Q458240,Q6625963
Q458336,Q6625963
Q458336,Q1622272
Q458336,Q36180
Q458390,Q1930187
Q458390,Q6625963
Q458390,Q17489339
Q458390,Q201788
Q458390,Q36180
Q458390,Q170790
Q458390,Q80687
Q458390,Q1607826
Q458390,Q1792450
Q458445,Q36180
Q458445,Q1930187
Q458445,Q28389
Q458445,Q6625963
Q458509,Q6625963
Q458509,Q36180
Q458559,Q36180
Q458559,Q1780490
Q458559,Q1930187
Q458559,Q28692502
Q458559,Q6625963
Q458559,Q82955
Q458559,Q1607826
Q458559,Q12359071
Q458559,Q3242115
Q458559,Q34074720
Q458618,Q36180
Q458618,Q6625963
Q458618,Q1930187
Q458618,Q2516866
Q458658,Q36180
Q458658,Q214917
Q458658,Q49757
Q458658,Q82955
Q458658,Q10873124
Q458658,Q6625963
Q458658,Q18844224
Q458658,Q2478141
Q458686,Q1930187
Q458686,Q6625963
Q458686,Q36180
Q458686,Q512314
Q458686,Q322170
Q458686,Q11900058
Q458686,Q901402
Q458686,Q2133309
Q458686,Q123853167
Q458822,Q6625963
Q458822,Q49757
Q458822,Q36180
Q458822,Q2259451
Q458822,Q901402
Q458860,Q18844224
Q458860,Q6625963
Q458860,Q15949613
Q458860,Q4853732
Q458860,Q36180
Q458860,Q62083492
Q459230,Q36180
Q459230,Q28389
Q459230,Q6625963
Q459275,Q49757
Q459275,Q6625963
Q459275,Q36180
Q459275,Q1792450
Q459275,Q1540278
Q459293,Q36180
Q459293,Q1930187
Q459293,Q6625963
Q459501,Q49757
Q459501,Q6625963
Q459501,Q3068305
Q459501,Q1607826
Q459501,Q36180
Q459501,Q2478141
Q459501,Q1930187
Q459541,Q2526255
Q459541,Q6625963
Q459541,Q36180
Q459541,Q28389
Q459631,Q36180
Q459631,Q6625963
Q459631,Q15949613
Q459791,Q1930187
Q459791,Q49757
Q459791,Q36180
Q459791,Q1607826
Q459791,Q4164507
Q459791,Q12869138
Q459791,Q6625963
Q459791,Q214917
Q459791,Q11774202
Q459877,Q36180
Q459877,Q6625963
Q459901,Q28389
Q459901,Q36180
Q459901,Q1930187
Q459901,Q487596
Q459901,Q12144794
Q459901,Q214917
Q459901,Q6625963
Q460055,Q49757
Q460055,Q6625963
Q460055,Q36180
Q460088,Q36180
Q460088,Q28389
Q460088,Q1622272
Q460088,Q1930187
Q460088,Q6625963
Q460088,Q15949613
Q460109,Q36180
Q460109,Q1086863
Q460109,Q6625963
Q460109,Q28389
Q460187,Q36180
Q460187,Q6625963
Q460191,Q6625963
Q460191,Q36180
Q460191,Q82955
Q460191,Q1476215
Q460191,Q28692502
Q460191,Q27532437
Q460196,Q11900058
Q460196,Q4773904
Q460196,Q3621491
Q460196,Q36180
Q460196,Q333634
Q460196,Q12356615
Q460196,Q6625963
Q460196,Q1930187
Q460196,Q47064
Q460196,Q34074720
Q460196,Q33231
Q460245,Q6625963
Q460245,Q2259451
Q460245,Q10800557
Q460245,Q36180
Q460245,Q10798782
Q460245,Q18814623
Q460288,Q49757
Q460288,Q6625963
Q460288,Q36180
Q460303,Q36180
Q460303,Q6625963
Q460323,Q36180
Q460323,Q6625963
Q460323,Q4853732
Q460323,Q1930187
Q460323,Q28389
Q460352,Q36834
Q460352,Q14467526
Q460352,Q333634
Q460352,Q36180
Q460352,Q49757
Q460352,Q6625963
Q460352,Q15949613
Q460366,Q1930187
Q460366,Q6625963
Q460366,Q49757
Q460366,Q36180
Q460366,Q28389
Q460366,Q186360
Q460366,Q12406482
Q460366,Q11774202
Q460366,Q3579035
Q460366,Q10297252
Q460383,Q6625963
Q460383,Q36180
Q460414,Q6625963
Q460414,Q36180
Q460414,Q1930187
Q460414,Q2722764
Q460425,Q6625963
Q460425,Q36180
Q460425,Q28389
Q460425,Q1930187
Q460430,Q6625963
Q460430,Q36180
Q460430,Q11774202
Q460430,Q948692
Q460490,Q36180
Q460490,Q1930187
Q460490,Q49757
Q460490,Q11774202
Q460490,Q6625963
Q460546,Q49757
Q460546,Q36180
Q460546,Q6625963
Q460546,Q214917
Q460602,Q6625963
Q460602,Q36180
Q460602,Q4853732
Q460613,Q6625963
Q460613,Q214917
Q460613,Q36180
Q460613,Q333634
Q460630,Q36180
Q460630,Q6625963
Q460630,Q28389
Q460630,Q4853732
Q460630,Q5716684
Q460660,Q49757
Q460660,Q36180
Q460660,Q6625963
Q460660,Q333634
Q460660,Q1930187
Q460811,Q36180
Q460811,Q6625963
Q460811,Q40348
Q460811,Q3427922
Q460861,Q36180
Q460861,Q6625963
Q460861,Q214917
Q460861,Q1930187
Q460863,Q1930187
Q460863,Q6625963
Q460863,Q36180
Q460863,Q4853732
Q460952,Q6625963
Q460952,Q36180
Q460952,Q2095549
Q461000,Q6625963
Q461000,Q36180
Q461000,Q384593
Q461075,Q49757
Q461075,Q6625963
Q461075,Q36180
Q461075,Q483501
Q461075,Q11499147
Q461310,Q36180
Q461310,Q6625963
Q461310,Q864380
Q461320,Q49757
Q461320,Q6625963
Q461320,Q214917
Q461320,Q36180
Q461320,Q28389
Q461320,Q1622272
Q461472,Q6625963
Q461472,Q28389
Q461472,Q36180
Q461472,Q3282637
Q461472,Q2526255
Q461472,Q4263842
Q461536,Q6625963
Q461536,Q49757
Q461536,Q4263842
Q461536,Q11774202
Q461638,Q1930187
Q461638,Q6625963
Q461638,Q36180
Q461638,Q1622272
Q461638,Q7924308
Q461638,Q333634
Q461675,Q36180
Q461675,Q6625963
Q461675,Q2306091
Q461675,Q214917
Q461675,Q1607826
Q461675,Q4853732
Q461690,Q6625963
Q461690,Q214917
Q461690,Q1108818
Q461690,Q28389
Q461730,Q36180
Q461730,Q6625963
Q461837,Q36180
Q461837,Q6625963
Q461845,Q14467526
Q461845,Q6625963
Q461845,Q333634
Q461845,Q36180
Q461845,Q28389
Q461845,Q6430706
Q461845,Q4263842
Q461845,Q4853732
Q461853,Q6625963
Q461853,Q333634
Q461853,Q36180
Q461853,Q4263842
Q461853,Q876864
Q461865,Q33999
Q461865,Q49757
Q461865,Q6625963
Q461865,Q36180
Q461865,Q36834
Q461865,Q73306227
Q461865,Q69423232
Q461902,Q186360
Q461902,Q36180
Q461902,Q6625963
Q461902,Q28389
Q461902,Q1622272
Q461906,Q36180
Q461906,Q6625963
Q461957,Q36180
Q461957,Q18939491
Q461957,Q6625963
Q461957,Q512314
Q462138,Q6625963
Q462138,Q36180
Q462138,Q18844224
Q462138,Q1028181
Q462138,Q644687
Q462157,Q6625963
Q462157,Q36180
Q462157,Q28389
Q462172,Q6625963
Q462172,Q36180
Q462270,Q14467526
Q462270,Q49757
Q462270,Q36180
Q462270,Q6625963
Q462270,Q14915627
Q462270,Q333634
Q462319,Q49757
Q462319,Q6625963
Q462319,Q36180
Q462319,Q876864
Q462356,Q1930187
Q462356,Q28389
Q462356,Q6625963
Q462356,Q11774202
Q462356,Q214917
Q462356,Q23833535
Q462356,Q36180
Q462363,Q1930187
Q462363,Q6625963
Q462363,Q36180
Q462363,Q49757
Q462399,Q33999
Q462399,Q28389
Q462399,Q6625963
Q462399,Q10800557
Q462399,Q2526255
Q462399,Q639669
Q462399,Q4610556
Q462399,Q10798782
Q462579,Q36180
Q462579,Q11774202
Q462579,Q214917
Q462579,Q28389
Q462579,Q6625963
Q462579,Q1930187
Q462583,Q333634
Q462583,Q49757
Q462583,Q6625963
Q462583,Q28389
Q462583,Q36180
Q462629,Q36180
Q462629,Q6625963
Q462629,Q28389
Q462649,Q49757
Q462649,Q36180
Q462649,Q214917
Q462649,Q6625963
Q462666,Q36180
Q462666,Q11774202
Q462666,Q18939491
Q462666,Q49757
Q462666,Q6625963
Q462666,Q15949613
Q462689,Q36180
Q462689,Q1930187
Q462689,Q37226
Q462689,Q82955
Q462689,Q6625963
Q462810,Q6625963
Q462810,Q36180
Q462810,Q1930187
Q462810,Q10800557
Q462860,Q6625963
Q462860,Q36180
Q462860,Q28389
Q462860,Q4773904
Q462860,Q1622272
Q462953,Q6625963
Q462953,Q333634
Q462953,Q36180
Q462953,Q4263842
Q462953,Q1622272
Q463019,Q4263842
Q463019,Q15949613
Q463019,Q11774202
Q463019,Q6625963
Q463019,Q36180
Q463142,Q6625963
Q463142,Q551835
Q463182,Q6625963
Q463182,Q36180
Q463182,Q1209498
Q463182,Q40348
Q463233,Q6625963
Q463233,Q36180
Q463233,Q28389
Q463233,Q1930187
Q463233,Q131512
Q463279,Q6625963
Q463279,Q36180
Q463279,Q18844224
Q463279,Q4853732
Q463299,Q36180
Q463299,Q11774202
Q463299,Q6625963
Q463299,Q214917
Q463299,Q333634
Q463299,Q1930187
Q463319,Q182436
Q463319,Q49757
Q463319,Q6625963
Q463319,Q36180
Q463319,Q28692502
Q463319,Q11774202
Q463319,Q1622272
Q463319,Q37226
Q463319,Q34074720
Q463319,Q4964182
Q463513,Q36180
Q463513,Q1930187
Q463513,Q6625963
Q463513,Q10297252
Q463630,Q36180
Q463630,Q193391
Q463630,Q1930187
Q463630,Q82955
Q463630,Q49757
Q463630,Q6625963
Q463868,Q6625963
Q463868,Q36180
Q463883,Q28389
Q463883,Q6625963
Q463883,Q1930187
Q463883,Q36180
Q463883,Q10800557
Q463883,Q33999
Q463883,Q2526255
Q463883,Q69423232
Q463975,Q1930187
Q463975,Q6625963
Q463975,Q36180
Q463975,Q28389
Q463975,Q1622272
Q463975,Q201788
Q464143,Q36180
Q464143,Q6625963
Q464143,Q4853732
Q464264,Q36180
Q464264,Q49757
Q464264,Q6625963
Q464264,Q15949613
Q464389,Q36180
Q464389,Q6625963
Q464389,Q28692502
Q464389,Q37226
Q464397,Q36180
Q464397,Q6625963
Q464397,Q37226
Q464409,Q36180
Q464409,Q3589290
Q464409,Q6625963
Q464414,Q6625963
Q464414,Q214917
Q464414,Q15980158
Q464422,Q36180
Q464422,Q214917
Q464422,Q6625963
Q464422,Q49757
Q464422,Q3064032
Q464438,Q36180
Q464438,Q6625963
Q464438,Q1930187
Q464438,Q333634
Q464438,Q49757
Q464656,Q6625963
Q464656,Q36180
Q464700,Q36180
Q464700,Q201788
Q464700,Q6625963
Q464756,Q6625963
Q464756,Q36180
Q464756,Q6430706
Q464756,Q4263842
Q464756,Q11774202
Q464960,Q36180
Q464960,Q6625963
Q464963,Q6625963
Q464963,Q36180
Q464963,Q482980
Q464963,Q4853732
Q464976,Q635734
Q464976,Q36180
Q464976,Q5121444
Q464976,Q182436
Q464976,Q18814623
Q464976,Q6625963
Q464976,Q212238
Q465179,Q36180
Q465179,Q6625963
Q465179,Q18844224
Q465179,Q1607826
Q465181,Q6625963
Q465181,Q1086863
Q465181,Q15949613
Q465181,Q36180
Q465181,Q1930187
Q465181,Q28389
Q465183,Q36180
Q465183,Q6625963
Q465183,Q28389
Q465183,Q1930187
Q465183,Q28692502
Q465208,Q6625963
Q465208,Q36180
Q465208,Q1622272
Q465208,Q33999
Q465208,Q28389
Q465208,Q3400985
Q465208,Q333634
Q465216,Q36180
Q465216,Q219477
Q465216,Q6625963
Q465222,Q214917
Q465222,Q49757
Q465222,Q755070
Q465222,Q639669
Q465222,Q10774753
Q465222,Q6625963
Q465222,Q36180
Q465231,Q10297252
Q465231,Q6625963
Q465231,Q36180
Q465237,Q36180
Q465237,Q6625963
Q465237,Q28389
Q465237,Q4853732
Q465237,Q1622272
Q465242,Q36180
Q465242,Q6625963
Q465242,Q4263842
Q465242,Q1930187
Q465242,Q11774202
Q465326,Q36180
Q465326,Q4853732
Q465326,Q6625963
Q465339,Q4853732
Q465339,Q36180
Q465339,Q6625963
Q465421,Q36180
Q465421,Q15949613
Q465421,Q6625963
Q465421,Q40348
Q465576,Q6625963
Q465576,Q11774202
Q465576,Q28389
Q465576,Q36180
Q465594,Q49757
Q465594,Q6625963
Q465594,Q1930187
Q465594,Q36180
Q465594,Q4220892
Q465624,Q49757
Q465624,Q6625963
Q465624,Q36180
Q465624,Q11774202
Q465624,Q2516852
Q465624,Q37226
Q465687,Q1930187
Q465687,Q36180
Q465687,Q1607826
Q465687,Q6625963
Q465687,Q333634
Q465693,Q333634
Q465693,Q6625963
Q465693,Q36180
Q465700,Q36180
Q465700,Q6625963
Q465700,Q11774202
Q465700,Q4263842
Q465700,Q4220892
Q465700,Q15949613
Q465721,Q49757
Q465721,Q36180
Q465721,Q6625963
Q465721,Q28692502
Q465721,Q15949613
Q465721,Q214917
Q465851,Q6625963
Q465851,Q36180
Q465851,Q18844224
Q465890,Q36180
Q465890,Q6625963
Q465907,Q33999
Q465907,Q6625963
Q465907,Q36180
Q466068,Q36180
Q466068,Q6625963
Q466068,Q15253558
Q466068,Q36834
Q466068,Q12144794
Q466068,Q333634
Q466068,Q27532437
Q466175,Q49757
Q466175,Q4964182
Q466175,Q39631
Q466175,Q6625963
Q466175,Q36180
Q466175,Q47004387
Q466175,Q27532437
Q466175,Q34074720
Q466175,Q15253558
Q466234,Q36180
Q466234,Q11774202
Q466234,Q4853732
Q466234,Q6625963
Q466341,Q2526255
Q466341,Q49757
Q466341,Q28389
Q466341,Q15949613
Q466341,Q6625963
Q466431,Q6625963
Q466431,Q36180
Q466650,Q36180
Q466650,Q6625963
Q466660,Q36180
Q466660,Q6625963
Q466660,Q28389
Q466660,Q18844224
Q466782,Q6625963
Q466782,Q36180
Q466782,Q4263842
Q466782,Q11774202
Q466782,Q974144
Q466782,Q4853732
Q466788,Q1930187
Q466788,Q36180
Q466788,Q4853732
Q466788,Q20551564
Q466788,Q1607826
Q466788,Q6625963
Q466788,Q26203955
Q466820,Q36180
Q466820,Q49757
Q466820,Q6625963
Q466860,Q36180
Q466860,Q6625963
Q466860,Q3068305
Q467058,Q36180
Q467058,Q6625963
Q467058,Q4853732
Q467066,Q36180
Q467066,Q6625963
Q467066,Q4853732
Q467302,Q6625963
Q467302,Q36180
Q467352,Q6625963
Q467352,Q4610556
Q467404,Q36180
Q467404,Q6625963
Q467404,Q202883
Q467404,Q18844224
Q467404,Q1155838
Q467404,Q4853732
Q467404,Q1930187
Q467741,Q36180
Q467741,Q6625963
Q467741,Q28389
Q467741,Q15949613
Q467741,Q214917
Q467770,Q36180
Q467770,Q6625963
Q467770,Q4853732
Q467770,Q10669499
Q467770,Q45199
Q467770,Q189290
Q467796,Q1930187
Q467796,Q333634
Q467796,Q6625963
Q467796,Q36180
Q467869,Q36180
Q467869,Q27349
Q467869,Q6625963
Q467869,Q28389
Q467869,Q15949613
Q467869,Q15980158
Q467869,Q11499147
Q467869,Q1930187
Q467915,Q49757
Q467915,Q36180
Q467915,Q6625963
Q467935,Q36180
Q467935,Q333634
Q467935,Q6625963
Q467935,Q4263842
Q468003,Q1930187
Q468003,Q6625963
Q468003,Q82955
Q468003,Q15949613
Q468003,Q49757
Q468003,Q36180
Q468003,Q333634
Q468003,Q1622272
Q468040,Q49757
Q468040,Q6625963
Q468156,Q36180
Q468156,Q6625963
Q468156,Q1930187
Q468156,Q28389
Q468156,Q4853732
Q468156,Q16060693
Q468247,Q49757
Q468247,Q6625963
Q468247,Q214917
Q468247,Q36180
Q468247,Q40348
Q468247,Q864380
Q468272,Q1028181
Q468272,Q49757
Q468272,Q36180
Q468272,Q6625963
Q468272,Q483501
Q468280,Q36180
Q468280,Q6625963
Q468280,Q40348
Q468280,Q1930187
Q468280,Q201788
Q468280,Q2516866
Q468335,Q6625963
Q468335,Q333634
Q468335,Q11774202
Q468335,Q36180
Q468344,Q49757
Q468344,Q644687
Q468344,Q6625963
Q468344,Q713200
Q468344,Q36180
Q468408,Q36180
Q468408,Q212980
Q468408,Q6625963
Q468550,Q6625963
Q468550,Q36180
Q468550,Q40348
Q468550,Q185351
Q468658,Q14467526
Q468658,Q36180
Q468658,Q333634
Q468658,Q1607826
Q468658,Q6051619
Q468658,Q212948
Q468658,Q6625963
Q468667,Q1930187
Q468667,Q6625963
Q468667,Q214917
Q468667,Q36180
Q468667,Q864380
Q468667,Q28692502
Q468667,Q33999
Q468676,Q33999
Q468676,Q18814623
Q468676,Q2516866
Q468676,Q36180
Q468676,Q28692502
Q468676,Q6625963
Q468783,Q36180
Q468783,Q1622272
Q468783,Q6625963
Q469093,Q36180
Q469093,Q6625963
Q469093,Q1930187
Q469093,Q214917
Q469135,Q49757
Q469135,Q6625963
Q469135,Q1231865
Q469135,Q36180
Q469135,Q1622272
Q469249,Q14467526
Q469249,Q49757
Q469249,Q36180
Q469249,Q333634
Q469249,Q16323111
Q469249,Q6625963
Q469249,Q1930187
Q469249,Q37226
Q469250,Q6625963
Q469250,Q36180
Q469250,Q28389
Q469283,Q36180
Q469283,Q4964182
Q469283,Q46034607
Q469283,Q6625963
Q469283,Q15949613
Q469349,Q36180
Q469349,Q37226
Q469349,Q6625963
Q469370,Q6625963
Q469370,Q36180
Q469370,Q18844224
Q469370,Q186360
Q469435,Q37226
Q469435,Q36180
Q469435,Q6625963
Q469464,Q36180
Q469464,Q6625963
Q469464,Q4853732
Q469656,Q169470
Q469656,Q36180
Q469656,Q6625963
Q469656,Q28389
Q469707,Q6625963
Q469707,Q36180
Q469707,Q214917
Q469707,Q943995
Q469737,Q4773904
Q469737,Q1662561
Q469737,Q6625963
Q469737,Q36180
Q469737,Q18844224
Q469737,Q21272406
Q469944,Q36180
Q469944,Q6625963
Q469966,Q6625963
Q469966,Q15949613
Q469966,Q214917
Q469966,Q28389
Q469966,Q36180
Q469974,Q33999
Q469974,Q6625963
Q469974,Q214917
Q469974,Q36180
Q469974,Q2259451
Q470063,Q49757
Q470063,Q6625963
Q470063,Q1028181
Q470063,Q15949613
Q470063,Q214917
Q470063,Q33999
Q470063,Q36180
Q470063,Q5322166
Q470067,Q36180
Q470067,Q49757
Q470067,Q6625963
Q470067,Q82955
Q470132,Q36180
Q470132,Q6625963
Q470133,Q36180
Q470133,Q28389
Q470133,Q1930187
Q470133,Q6625963
Q470133,Q15949613
Q470282,Q28389
Q470282,Q33999
Q470282,Q2526255
Q470282,Q3282637
Q470282,Q6625963
Q470282,Q36180
Q470282,Q10798782
Q470282,Q578109
Q470302,Q36180
Q470302,Q6625963
Q470302,Q482980
Q470302,Q4853732
Q470334,Q36180
Q470334,Q1930187
Q470334,Q81096
Q470334,Q47064
Q470334,Q1622272
Q470334,Q2306091
Q470334,Q49757
Q470334,Q6625963
Q470334,Q2374149
Q470334,Q201788
Q470334,Q169470
Q470334,Q4964182
Q470334,Q901402
Q470334,Q520549
Q470334,Q350979
Q470334,Q18805
Q470371,Q214917
Q470371,Q6625963
Q470371,Q36180
Q470758,Q49757
Q470758,Q6625963
Q470758,Q1930187
Q470758,Q214917
Q470758,Q4263842
Q470758,Q37226
Q470758,Q11774202
Q470758,Q15949613
Q470758,Q36180
Q470758,Q28389
Q470848,Q33999
Q470848,Q177220
Q470848,Q36834
Q470848,Q6625963
Q470848,Q753110
Q470848,Q18814623
Q470848,Q15981151
Q470848,Q10798782
Q470848,Q36180
Q470848,Q55960555
Q470871,Q49757
Q470871,Q6625963
Q470871,Q36180
Q471021,Q36180
Q471021,Q6625963
Q471184,Q14467526
Q471184,Q36180
Q471184,Q49757
Q471184,Q214917
Q471184,Q28389
Q471184,Q6625963
Q471184,Q333634
Q471184,Q3391743
Q471184,Q6051619
Q471184,Q487596
Q471184,Q12144794
Q471184,Q8178443
Q471337,Q6625963
Q471337,Q36180
Q471413,Q49757
Q471413,Q36180
Q471413,Q4853732
Q471413,Q1930187
Q471413,Q6625963
Q471451,Q49757
Q471451,Q6625963
Q471451,Q36180
Q471451,Q201788
Q471451,Q11774202
Q471451,Q82955
Q471948,Q36180
Q471948,Q4263842
Q471948,Q1930187
Q471948,Q214917
Q471948,Q6051619
Q471948,Q6430706
Q471948,Q6625963
Q471948,Q15949613
Q472008,Q6625963
Q472008,Q36180
Q472008,Q1930187
Q472008,Q1326886
Q472008,Q28389
Q472008,Q11774202
Q472008,Q15949613
Q472068,Q6625963
Q472068,Q36180
Q472071,Q3658608
Q472071,Q49757
Q472071,Q6625963
Q472071,Q11774202
Q472071,Q17505902
Q472071,Q1028181
Q472071,Q4263842
Q472071,Q644687
Q472071,Q1930187
Q472071,Q245068
Q472071,Q15296811
Q472071,Q36180
Q472071,Q483501
Q472352,Q121594
Q472352,Q36180
Q472352,Q6625963
Q472352,Q49757
Q472352,Q11774202
Q472356,Q36180
Q472356,Q4263842
Q472356,Q1930187
Q472356,Q6625963
Q472356,Q28389
Q472356,Q12144794
Q472356,Q17167049
Q472457,Q36180
Q472457,Q1930187
Q472457,Q6625963
Q472568,Q36180
Q472568,Q214917
Q472568,Q6625963
Q472568,Q40348
Q472568,Q822146
Q472613,Q36180
Q472613,Q2526255
Q472613,Q28389
Q472613,Q6625963
Q472697,Q49757
Q472697,Q333634
Q472697,Q36180
Q472697,Q6625963
Q472697,Q4263842
Q472734,Q2526255
Q472734,Q28389
Q472734,Q36180
Q472734,Q6625963
Q472734,Q18844224
Q472734,Q4853732
Q472783,Q36180
Q472783,Q1930187
Q472783,Q164236
Q472783,Q12144794
Q472783,Q6625963
Q472921,Q6625963
Q472921,Q36180
Q472921,Q28389
Q473030,Q6625963
Q473030,Q33999
Q473030,Q36180
Q473030,Q28389
Q473030,Q1930187
Q473030,Q214917
Q473030,Q3387717
Q473196,Q36180
Q473196,Q1234713
Q473196,Q6625963
Q473196,Q15949613
Q473289,Q36180
Q473289,Q18844224
Q473289,Q6625963
Q473289,Q214917
Q473289,Q4853732
Q473538,Q6625963
Q473538,Q36180
Q473538,Q37226
Q473538,Q333634
Q476144,Q6625963
Q476144,Q333634
Q476660,Q36180
Q476660,Q6625963
Q477210,Q36180
Q477210,Q214917
Q477210,Q6625963
Q477210,Q4853732
Q477210,Q201788
Q477210,Q1622272
Q477210,Q33999
Q477210,Q10798782
Q477210,Q11774202
Q477210,Q2259451
Q477210,Q3387717
Q477819,Q33999
Q477819,Q6625963
Q477819,Q36180
Q477819,Q10798782
Q477819,Q10800557
Q477819,Q2405480
Q477999,Q36180
Q477999,Q6625963
Q477999,Q18814623
Q477999,Q11774202
Q477999,Q49757
Q477999,Q18805
Q477999,Q214917
Q477999,Q842782
Q478450,Q36180
Q478450,Q49757
Q478450,Q6625963
Q478450,Q753110
Q478450,Q36834
Q478450,Q193391
Q478450,Q40348
Q478450,Q82955
Q478450,Q185351
Q481960,Q6625963
Q481960,Q36180
Q481960,Q18844224
Q382450,Q6625963
Q382450,Q36180
Q382604,Q28389
Q382604,Q1792450
Q382604,Q1028181
Q382604,Q6625963
Q382604,Q1930187
Q382604,Q49757
Q382604,Q6430706
Q382604,Q6051619
Q382604,Q4164507
Q382604,Q36180
Q382681,Q36180
Q382681,Q4263842
Q382681,Q6430706
Q382681,Q6625963
Q382692,Q6625963
Q382786,Q36180
Q382786,Q82955
Q382786,Q6625963
Q382786,Q28389
Q383177,Q1930187
Q383177,Q6625963
Q383177,Q36180
Q383442,Q1930187
Q383442,Q36180
Q383442,Q6625963
Q383708,Q333634
Q383708,Q36180
Q383708,Q21993562
Q383708,Q1086863
Q383708,Q1930187
Q383708,Q6625963
Q383708,Q49757
Q384293,Q36180
Q384293,Q6625963
Q384481,Q36180
Q384481,Q4853732
Q384481,Q6625963
Q384481,Q482980
Q384594,Q36180
Q384594,Q1930187
Q384594,Q6625963
Q384594,Q1607826
Q384863,Q36180
Q384863,Q28389
Q384863,Q18844224
Q384863,Q6625963
Q384990,Q36180
Q384990,Q1930187
Q384990,Q6625963
Q384990,Q333634
Q385747,Q333634
Q385747,Q6625963
Q385747,Q36180
Q385747,Q28389
Q385747,Q4263842
Q386035,Q6625963
Q386035,Q36180
Q386035,Q18844224
Q386113,Q36180
Q386113,Q6625963
Q386113,Q1930187
Q386244,Q6625963
Q386244,Q40348
Q386244,Q36180
Q386244,Q18844224
Q386244,Q10297252
Q386244,Q15949613
Q386285,Q333634
Q386285,Q6625963
Q386285,Q36180
Q386622,Q6625963
Q386622,Q36180
Q386622,Q13418253
Q386622,Q1622272
Q386622,Q333634
Q388781,Q1028181
Q388781,Q6625963
Q388781,Q36180
Q389375,Q36180
Q389375,Q28389
Q389375,Q6625963
Q389375,Q18939491
Q389375,Q214917
Q389946,Q36180
Q389946,Q6625963
Q389946,Q121594
Q390469,Q28389
Q390469,Q6625963
Q390469,Q488205
Q390469,Q36180
Q390469,Q1053574
Q390469,Q2500638
Q390469,Q578109
Q390868,Q6625963
Q390868,Q36180
Q390868,Q201788
Q392015,Q36180
Q392015,Q6625963
Q392015,Q864380
Q392015,Q11774202
Q393090,Q6625963
Q393090,Q36180
Q393090,Q49757
Q394628,Q4964182
Q394628,Q6625963
Q394628,Q36180
Q394628,Q121594
Q394628,Q2306091
Q394628,Q4263842
Q394628,Q13570226
Q394628,Q17167049
Q399018,Q36180
Q399018,Q28389
Q399018,Q214917
Q399018,Q864380
Q399018,Q6625963
Q399446,Q1792450
Q399446,Q28389
Q399446,Q36180
Q399446,Q1622272
Q399446,Q6625963
Q401963,Q3282637
Q401963,Q36834
Q401963,Q36180
Q401963,Q10798782
Q401963,Q4853732
Q401963,Q6625963
Q401963,Q10800557
Q401963,Q177220
Q402664,Q36180
Q402664,Q1622272
Q402664,Q18844224
Q402664,Q6625963
Q404622,Q36180
Q404622,Q28389
Q404622,Q6625963
Q404622,Q214917
Q404622,Q15949613
Q405234,Q36180
Q405234,Q6625963
Q405295,Q36180
Q405295,Q6625963
Q405295,Q185351
Q405295,Q1622272
Q405295,Q40348
Q405368,Q250867
Q405368,Q36180
Q405368,Q4263842
Q405368,Q333634
Q405368,Q1234713
Q405368,Q6625963
Q405368,Q42603
Q405532,Q36180
Q405532,Q6625963
Q405532,Q1622272
Q408758,Q1930187
Q408758,Q6625963
Q408758,Q947873
Q417916,Q14467526
Q417916,Q333634
Q417916,Q6625963
Q417916,Q36180
Q418165,Q6625963
Q418165,Q36180
Q418584,Q214917
Q418584,Q36180
Q418584,Q6625963
Q418584,Q1622272
Q418584,Q943995
Q418584,Q2722764
Q418663,Q6625963
Q418663,Q36180
Q419060,Q36180
Q419060,Q6625963
Q419060,Q28389
Q419501,Q6625963
Q419501,Q36180
Q419501,Q28389
Q419501,Q177220
Q419501,Q822146
Q419501,Q2705098
Q419501,Q11499012
Q419501,Q82955
Q423298,Q36180
Q423298,Q6625963
Q423597,Q189290
Q423597,Q6625963
Q423597,Q28389
Q423597,Q36180
Q423597,Q131322129
Q425369,Q49757
Q425369,Q36180
Q425369,Q6625963
Q425373,Q4964182
Q425373,Q36180
Q425373,Q6625963
Q425373,Q49757
Q426582,Q156839
Q426582,Q36180
Q426582,Q6625963
Q426582,Q3499072
Q426582,Q947873
Q426582,Q11774202
Q426582,Q12356615
Q426582,Q1930187
Q426582,Q578109
Q427503,Q36180
Q427503,Q6625963
Q427503,Q23833535
Q427886,Q36180
Q427886,Q6625963
Q428150,Q36180
Q428150,Q6625963
Q428160,Q11892507
Q428160,Q36180
Q428160,Q28389
Q428160,Q6625963
Q428160,Q2516866
Q428160,Q37226
Q428215,Q947873
Q428215,Q1930187
Q428215,Q6625963
Q428215,Q36180
Q428451,Q1930187
Q428451,Q49757
Q428451,Q36180
Q428451,Q4263842
Q428451,Q6625963
Q429011,Q49757
Q429011,Q36180
Q429011,Q1622272
Q429011,Q11774202
Q429011,Q6625963
Q429590,Q715301
Q429590,Q6625963
Q430076,Q214917
Q430076,Q33999
Q430076,Q1930187
Q430076,Q8178443
Q430076,Q36180
Q430076,Q28389
Q430076,Q6625963
Q430076,Q3387717
Q430076,Q822146
Q430076,Q10798782
Q430076,Q2526255
Q430182,Q36180
Q430182,Q28389
Q430182,Q6625963
Q430182,Q1930187
Q430182,Q214917
Q430182,Q164236
Q430204,Q36180
Q430204,Q2526255
Q430204,Q6625963
Q430204,Q20856740
Q430204,Q33231
Q430204,Q28389
Q430204,Q11774202
Q430204,Q10774753
Q430523,Q36180
Q430523,Q1930187
Q430523,Q17167049
Q430523,Q6625963
Q430523,Q21550489
Q430639,Q36180
Q430639,Q17342450
Q430639,Q1607826
Q430639,Q6625963
Q430639,Q11774202
Q430639,Q49757
Q430639,Q219477
Q430652,Q36180
Q430652,Q6625963
Q430795,Q6625963
Q430795,Q36180
Q430795,Q333634
Q430795,Q11774202
Q431213,Q6625963
Q431213,Q36180
Q431213,Q4853732
Q431213,Q114385716
Q431279,Q49757
Q431279,Q6625963
Q431279,Q36180
Q431279,Q214917
Q431306,Q36180
Q431306,Q6625963
Q431884,Q36180
Q431884,Q1930187
Q431884,Q6625963
Q431884,Q15949613
Q432069,Q1415090
Q432069,Q177220
Q432069,Q639669
Q432069,Q36180
Q432069,Q488205
Q432069,Q6625963
Q432069,Q10800557
Q432069,Q855091
Q432069,Q55960555
Q432239,Q36180
Q432239,Q98552221
Q432239,Q10774753
Q432239,Q19509201
Q432239,Q6625963
Q432245,Q28389
Q432245,Q1930187
Q432245,Q36180
Q432245,Q19509201
Q432245,Q578109
Q432245,Q6625963
Q432322,Q36180
Q432322,Q6625963
Q432362,Q6625963
Q432362,Q2259451
Q432362,Q10800557
Q432362,Q36180
Q432362,Q28389
Q432362,Q10798782
Q432362,Q33999
Q432362,Q3455803
Q432717,Q82955
Q432717,Q6625963
Q432717,Q15253558
Q432717,Q27532437
Q432728,Q36180
Q432728,Q6625963
Q432728,Q28389
Q432971,Q6625963
Q432971,Q36180
Q432971,Q703534
Q433098,Q14467526
Q433098,Q201788
Q433098,Q6625963
Q433098,Q36180
Q433098,Q333634
Q433098,Q1607826
Q433136,Q49757
Q433136,Q6625963
Q433136,Q36180
Q433207,Q6625963
Q433207,Q28389
Q433207,Q10798782
Q433207,Q36180
Q433207,Q10800557
Q433291,Q6625963
Q433291,Q1607826
Q433291,Q2722764
Q433291,Q4853732
Q433325,Q36180
Q433325,Q6625963
Q433325,Q49757
Q433325,Q11774202
Q433325,Q322170
Q433464,Q36180
Q433464,Q6625963
Q433464,Q4853732
Q433485,Q36180
Q433485,Q6625963
Q433560,Q49757
Q433560,Q36180
Q433560,Q6625963
Q433560,Q18814623
Q433585,Q36180
Q433585,Q6625963
Q433597,Q36180
Q433597,Q18814623
Q433597,Q6625963
Q433597,Q47064
Q433597,Q482980
Q433708,Q6625963
Q433708,Q36180
Q433708,Q28389
Q433708,Q482980
Q433708,Q2251335
Q433778,Q33999
Q433778,Q6625963
Q433778,Q36180
Q433778,Q214917
Q433778,Q49757
Q433778,Q1281618
Q433778,Q1028181
Q433778,Q3455803
Q433800,Q36180
Q433800,Q28389
Q433800,Q6625963
Q433800,Q15627169
Q433800,Q10800557
Q433800,Q73306227
Q433835,Q6625963
Q433835,Q36180
Q433956,Q6625963
Q433956,Q36180
Q433956,Q18844224
Q433994,Q36180
Q433994,Q6625963
Q433994,Q4263842
Q433994,Q1930187
Q433994,Q12144794
Q433994,Q1622272
Q434029,Q6625963
Q434029,Q36180
Q434029,Q18844224
Q434039,Q82955
Q434039,Q6625963
Q434039,Q36180
Q434039,Q11774202
Q434138,Q482980
Q434138,Q6625963
Q434138,Q11892507
Q434138,Q36180
Q434138,Q49757
Q434138,Q18844224
Q434138,Q1622272
Q434138,Q333634
Q434138,Q3391743
Q434138,Q9379869
Q434160,Q36180
Q434160,Q17489339
Q434160,Q201788
Q434160,Q6625963
Q434160,Q1930187
Q434160,Q864380
Q434160,Q40468055
Q434160,Q16323111
Q434160,Q65929822
Q434164,Q6625963
Q434164,Q49757
Q434164,Q15949613
Q434164,Q36180
Q434164,Q11774202
Q434164,Q37226
Q434164,Q26903663
Q434193,Q36180
Q434193,Q6625963
Q434193,Q28389
Q434342,Q28389
Q434342,Q3282637
Q434342,Q2526255
Q434342,Q6625963
Q434342,Q3455803
Q434494,Q6625963
Q434494,Q36180
Q434494,Q49757
Q434567,Q6625963
Q434567,Q36180
Q482162,Q214917
Q482162,Q6625963
Q482162,Q1930187
Q482162,Q36180
Q483022,Q6625963
Q483022,Q36180
Q483022,Q5434338
Q483089,Q6625963
Q483089,Q36180
Q483089,Q3285854
Q483089,Q482980
Q484292,Q82955
Q484292,Q193391
Q484292,Q1930187
Q484292,Q333634
Q484292,Q6625963
Q484292,Q28389
Q484292,Q18844224
Q484292,Q36180
Q484292,Q12144794
Q484292,Q214917
Q484615,Q10800557
Q484615,Q2526255
Q484615,Q6625963
Q484615,Q28389
Q484615,Q36180
Q484615,Q2259451
Q484615,Q10798782
Q484615,Q11892507
Q484615,Q3387717
Q484947,Q36180
Q484947,Q1930187
Q484947,Q6625963
Q485772,Q36180
Q485772,Q6625963
Q486096,Q36180
Q486096,Q1930187
Q486096,Q6625963
Q486096,Q11774202
Q486096,Q18814623
Q486096,Q28389
Q486096,Q1607826
Q487408,Q28389
Q487408,Q2526255
Q487408,Q36180
Q487408,Q6625963
Q487408,Q3282637
Q489193,Q36180
Q489193,Q6625963
Q489193,Q860918
Q489193,Q18844224
Q489193,Q12144794
Q489193,Q28389
Q489193,Q715301
Q489193,Q11892507
Q489193,Q15296811
Q490802,Q36180
Q490802,Q28389
Q490802,Q18844224
Q490802,Q33999
Q490802,Q6625963
Q490802,Q6051619
Q491809,Q28389
Q491809,Q2526255
Q491809,Q6625963
Q491809,Q3455803
Q493118,Q36180
Q493118,Q6625963
Q493118,Q37226
Q493123,Q36180
Q493123,Q6625963
Q494257,Q36180
Q494257,Q6625963
Q495420,Q36180
Q495420,Q28389
Q495420,Q40348
Q495420,Q6625963
Q495420,Q1209498
Q495420,Q185351
Q495754,Q6625963
Q495754,Q36180
Q495754,Q18814623
Q495754,Q28389
Q495754,Q1622272
Q495754,Q3400985
Q497454,Q6625963
Q497454,Q36180
Q497454,Q18844224
Q499405,Q6625963
Q499405,Q214917
Q499405,Q36180
Q499405,Q753110
Q499405,Q49757
Q500042,Q36180
Q500042,Q6625963
Q500042,Q28389
Q500042,Q1930187
Q500042,Q16060693
Q500546,Q36180
Q500546,Q28389
Q500546,Q1930187
Q500546,Q214917
Q500546,Q4263842
Q500546,Q333634
Q500546,Q6625963
Q501619,Q6625963
Q501619,Q82955
Q501619,Q852389
Q501741,Q28389
Q501741,Q6625963
Q501741,Q36180
Q501741,Q578109
Q501741,Q2526255
Q503095,Q36180
Q503095,Q18844224
Q503095,Q6625963
Q503483,Q28389
Q503483,Q6625963
Q503483,Q214917
Q503483,Q36180
Q503497,Q6625963
Q503497,Q36180
Q503497,Q1622272
Q503497,Q28389
Q503557,Q36180
Q503557,Q1930187
Q503557,Q6625963
Q503720,Q28389
Q503720,Q3282637
Q503720,Q2526255
Q503720,Q36180
Q503720,Q864380
Q503720,Q6625963
Q503720,Q3455803
Q503907,Q28389
Q503907,Q2526255
Q503907,Q6625963
Q503907,Q36180
Q503907,Q18844224
Q503907,Q3455803
Q503997,Q28389
Q503997,Q3282637
Q503997,Q6625963
Q503997,Q578109
Q503997,Q36180
Q503997,Q37226
Q503997,Q33999
Q503997,Q1930187
Q503997,Q13235160
Q503997,Q2059704
Q503997,Q1440873
Q503997,Q69423232
Q503997,Q73306227
Q503997,Q2526255
Q504317,Q36180
Q504317,Q6625963
Q504317,Q4853732
Q504317,Q73306227
Q504317,Q578109
Q504677,Q10497074
Q504677,Q81096
Q504677,Q6625963
Q504677,Q36180
Q504677,Q18844224
Q504677,Q1930187
Q504677,Q901
Q504696,Q36180
Q504696,Q6625963
Q504696,Q39631
Q504698,Q49757
Q504698,Q6625963
Q504698,Q36180
Q504805,Q36180
Q504805,Q6625963
Q504805,Q28389
Q504923,Q1930187
Q504923,Q6625963
Q504923,Q2306091
Q504923,Q36180
Q504923,Q1622272
Q504923,Q250867
Q504923,Q1086863
Q505088,Q6625963
Q505088,Q36180
Q505088,Q28389
Q505123,Q36180
Q505123,Q6625963
Q505123,Q28389
Q505164,Q6625963
Q505164,Q36180
Q505164,Q1622272
Q505164,Q11774202
Q505274,Q1930187
Q505274,Q201788
Q505274,Q6625963
Q505274,Q28389
Q505274,Q214917
Q505274,Q18844224
Q505274,Q33231
Q505274,Q3282637
Q505274,Q644687
Q505274,Q36180
Q505626,Q2526255
Q505626,Q28389
Q505626,Q3282637
Q505626,Q6625963
Q505626,Q69423232
Q505626,Q36180
Q505626,Q3455803
Q505702,Q28389
Q505702,Q6625963
Q505702,Q36180
Q505702,Q8246794
Q505702,Q11499163
Q505702,Q1930187
Q505702,Q24702769
Q505715,Q6625963
Q505715,Q551835
Q505715,Q864380
Q505715,Q36180
Q505715,Q39631
Q505753,Q1930187
Q505753,Q1281618
Q505753,Q6625963
Q505753,Q36180
Q505827,Q49757
Q505827,Q201788
Q505827,Q333634
Q505827,Q1930187
Q505827,Q4773904
Q505827,Q4263842
Q505827,Q4853732
Q505827,Q11774202
Q505827,Q20551564
Q505827,Q36180
Q505827,Q3075052
Q505827,Q20826540
Q505827,Q6625963
Q505827,Q135655521
Q505932,Q36180
Q505932,Q16308156
Q505932,Q73306227
Q505932,Q864380
Q505932,Q4263842
Q505932,Q2259451
Q505932,Q17337766
Q505932,Q18814623
Q505932,Q6625963
Q505932,Q28389
Q506069,Q14467526
Q506069,Q49757
Q506069,Q333634
Q506069,Q6625963
Q506069,Q1028181
Q506069,Q1622272
Q506069,Q36180
Q506203,Q1414443
Q506203,Q15077007
Q506203,Q15855449
Q506203,Q6625963
Q506203,Q36180
Q506231,Q214917
Q506231,Q36180
Q506231,Q6625963
Q506231,Q28389
Q506231,Q333634
Q506231,Q1930187
Q506231,Q18844224
Q506231,Q69423232
Q506231,Q73306227
Q506410,Q49757
Q506410,Q6625963
Q506410,Q36180
Q506410,Q1622272
Q506410,Q864380
Q506430,Q36180
Q506430,Q6625963
Q506430,Q49757
Q506430,Q8178443
Q506430,Q214917
Q506430,Q15949613
Q506539,Q28389
Q506539,Q6625963
Q506539,Q36180
Q506582,Q36180
Q506582,Q11774202
Q506582,Q214917
Q506582,Q1930187
Q506582,Q6625963
Q506582,Q1231865
Q506582,Q49757
Q506582,Q6051619
Q506757,Q6625963
Q506757,Q40348
Q506757,Q36180
Q506757,Q864380
Q506885,Q36180
Q506885,Q214917
Q506885,Q28389
Q506885,Q69423232
Q506885,Q6625963
Q506958,Q10798782
Q506958,Q10800557
Q506958,Q1622272
Q506958,Q6625963
Q506958,Q36180
Q506958,Q3455803
Q506958,Q2259451
Q506958,Q18844224
Q506958,Q33999
Q506958,Q578109
Q507868,Q36180
Q507868,Q28389
Q507868,Q11814411
Q507868,Q2526255
Q507868,Q6625963
Q507991,Q36180
Q507991,Q6625963
Q507991,Q1930187
Q507991,Q42909
Q507991,Q214917
Q508218,Q6625963
Q508218,Q948692
Q508218,Q28389
Q508218,Q36180
Q508218,Q109517242
Q508218,Q69423232
Q508259,Q36180
Q508259,Q40348
Q508259,Q6625963
Q508259,Q1209498
Q508263,Q1930187
Q508263,Q6625963
Q508263,Q36180
Q508297,Q36180
Q508297,Q6625963
Q508297,Q4853732
Q508329,Q2259451
Q508329,Q10800557
Q508329,Q6625963
Q508329,Q36180
Q508452,Q36180
Q508452,Q28389
Q508452,Q6625963
Q508452,Q3282637
Q508452,Q33999
Q508452,Q18844224
Q508452,Q47541952
Q508473,Q36180
Q508473,Q6625963
Q508473,Q9363889
Q508473,Q123260569
Q508522,Q1930187
Q508522,Q6625963
Q508522,Q36180
Q508522,Q6430706
Q508522,Q12359071
Q508533,Q6625963
Q508533,Q2306091
Q508533,Q36180
Q508533,Q201788
Q508632,Q6625963
Q508632,Q2516866
Q508632,Q36180
Q508632,Q4263842
Q508632,Q1350157
Q508638,Q36180
Q508638,Q1930187
Q508638,Q201788
Q508638,Q6625963
Q508728,Q6625963
Q508728,Q36180
Q508853,Q11900058
Q508853,Q201788
Q508853,Q36180
Q508853,Q6625963
Q508853,Q3579035
Q508975,Q214917
Q508975,Q333634
Q508975,Q49757
Q508975,Q37226
Q508975,Q36180
Q508975,Q28389
Q508975,Q12144794
Q508975,Q6625963
Q508975,Q136842174
Q509002,Q36180
Q509002,Q16360440
Q509002,Q6625963
Q509002,Q15949613
Q509002,Q49757
Q509002,Q1607826
Q509002,Q2516866
Q509002,Q18844224
Q509002,Q864380
Q509076,Q6625963
Q509076,Q36180
Q509528,Q6625963
Q509528,Q333634
Q509528,Q1930187
Q509528,Q36180
Q509662,Q6625963
Q509662,Q1930187
Q509662,Q4263842
Q509662,Q36180
Q509844,Q593644
Q509844,Q2919046
Q509844,Q6625963
Q509844,Q1622272
Q509844,Q864503
Q509844,Q3368718
Q510034,Q774306
Q510034,Q9385011
Q510034,Q1930187
Q510034,Q28389
Q510034,Q6625963
Q510034,Q33999
Q510034,Q123853167
Q510114,Q49757
Q510114,Q36180
Q510114,Q1930187
Q510114,Q753110
Q510114,Q6625963
Q510114,Q864380
Q510114,Q214917
Q510119,Q6625963
Q510119,Q36180
Q510258,Q36180
Q510258,Q6625963
Q510258,Q214917
Q510258,Q11892507
Q510258,Q1930187
Q510320,Q3579035
Q510320,Q6625963
Q510320,Q4263842
Q510320,Q121594
Q510320,Q28389
Q510341,Q6625963
Q510341,Q36180
Q510346,Q6625963
Q510346,Q36180
Q510400,Q333634
Q510400,Q1930187
Q510400,Q2374149
Q510400,Q6625963
Q510811,Q36180
Q510811,Q6625963
Q510811,Q4853732
Q511308,Q6625963
Q511308,Q36180
Q511377,Q36180
Q511377,Q1930187
Q511377,Q6625963
Q511377,Q15949613
Q511432,Q28389
Q511432,Q6625963
Q511432,Q214917
Q511432,Q36180
Q511432,Q2526255
Q511742,Q33999
Q511742,Q28389
Q511742,Q49757
Q511742,Q6625963
Q511742,Q214917
Q511742,Q36180
Q511742,Q11774202
Q511742,Q2490358
Q511948,Q33999
Q511948,Q177220
Q511948,Q6625963
Q511948,Q4610556
Q511948,Q36180
Q512062,Q28389
Q512062,Q6625963
Q512062,Q36180
Q512616,Q36180
Q512616,Q1930187
Q512616,Q6625963
Q512638,Q6625963
Q512638,Q36180
Q512638,Q13382576
Q513055,Q36180
Q513055,Q6625963
Q513067,Q36180
Q513067,Q6625963
Q513067,Q1930187
Q513150,Q6625963
Q513150,Q18844224
Q513150,Q169470
Q513150,Q36180
Q513188,Q49757
Q513188,Q6625963
Q513188,Q36180
Q513188,Q4263842
Q513262,Q6625963
Q513262,Q36180
Q513262,Q28389
Q513321,Q6625963
Q513321,Q36180
Q513436,Q6625963
Q513436,Q36180
Q513436,Q4853732
Q513472,Q482980
Q513472,Q36180
Q513472,Q6625963
Q513472,Q28389
Q514027,Q36180
Q514027,Q6625963
Q514027,Q1622272
Q514027,Q4853732
Q514041,Q2259451
Q514041,Q10800557
Q514041,Q36180
Q514041,Q6625963
Q514080,Q36180
Q514080,Q6625963
Q514080,Q644687
Q514080,Q4853732
Q514080,Q36834
Q514546,Q6625963
Q514546,Q37226
Q514546,Q36180
Q514667,Q2374149
Q514667,Q6625963
Q514667,Q36180
Q514667,Q18844224
Q514667,Q1607826
Q514950,Q6625963
Q514950,Q36180
Q514998,Q49757
Q514998,Q333634
Q514998,Q1930187
Q514998,Q6625963
Q514998,Q36180
Q514998,Q864380
Q514998,Q47064
Q514998,Q4263842
Q514998,Q876864
Q515261,Q28389
Q515261,Q49757
Q515261,Q6625963
Q515261,Q36180
Q515363,Q6625963
Q515363,Q36180
Q515473,Q6625963
Q515473,Q49757
Q515473,Q36180
Q515651,Q6625963
Q515651,Q36180
Q515702,Q6625963
Q515702,Q36180
Q515996,Q6625963
Q515996,Q36180
Q516003,Q6625963
Q516003,Q49757
Q516003,Q36180
Q516003,Q4220892
Q516128,Q6625963
Q516128,Q28389
Q516128,Q49757
Q516128,Q36180
Q516128,Q6430706
Q516142,Q6625963
Q516142,Q36180
Q516530,Q11892507
Q516530,Q6625963
Q516530,Q1930187
Q516530,Q876864
Q516530,Q36180
Q516530,Q73306227
Q516764,Q28389
Q516764,Q6625963
Q516764,Q36180
Q516764,Q3282637
Q516764,Q69423232
Q517286,Q6625963
Q517286,Q36180
Q517435,Q6625963
Q517435,Q36180
Q517435,Q211346
Q517435,Q39631
Q517435,Q18844224
Q517435,Q4853732
Q517809,Q6625963
Q517809,Q36180
Q517809,Q4853732
Q517809,Q40348
Q518325,Q36180
Q518325,Q4853732
Q518325,Q6625963
Q518359,Q36180
Q518359,Q1930187
Q518359,Q6625963
Q518438,Q6625963
Q518438,Q36180
Q518455,Q49757
Q518455,Q482980
Q518455,Q6625963
Q518455,Q1622272
Q518455,Q36180
Q518455,Q11814411
Q518694,Q36180
Q518694,Q6625963
Q518694,Q28389
Q518709,Q36180
Q518709,Q6625963
Q518744,Q36180
Q518744,Q6625963
Q518805,Q36180
Q518805,Q6625963
Q518858,Q6625963
Q518858,Q36180
Q518858,Q18844224
Q518858,Q2919046
Q518858,Q593644
Q519064,Q49757
Q519064,Q6625963
Q519064,Q36180
Q519064,Q4853732
Q519082,Q6625963
Q519082,Q1930187
Q519082,Q214917
Q519082,Q36180
Q519158,Q6625963
Q519158,Q36180
Q519158,Q49757
Q519322,Q36180
Q519322,Q6625963
Q519322,Q4853732
Q519372,Q6625963
Q519372,Q36180
Q519372,Q4853732
Q519574,Q36180
Q519574,Q4263842
Q519574,Q6625963
Q519574,Q2722764
Q519574,Q947873
Q519574,Q12144794
Q519574,Q6051619
Q519574,Q876864
Q519590,Q1281618
Q519590,Q6625963
Q519590,Q1930187
Q519590,Q18939491
Q519590,Q36180
Q519739,Q1930187
Q519739,Q14466416
Q519739,Q6625963
Q519739,Q20669622
Q519739,Q1607826
Q519752,Q6625963
Q519752,Q36180
Q519752,Q18844224
Q519752,Q4853732
Q519827,Q8178443
Q519827,Q36180
Q519827,Q28389
Q519827,Q6625963
Q519827,Q214917
Q519878,Q36180
Q519878,Q28389
Q519878,Q6625963
Q519878,Q15949613
Q519969,Q6625963
Q519969,Q36180
Q519985,Q33999
Q519985,Q28389
Q519985,Q578109
Q519985,Q2526255
Q519985,Q6625963
Q519985,Q10798782
Q519985,Q36180
Q519985,Q10800557
Q519985,Q2405480
Q520135,Q36180
Q520135,Q6625963
Q520135,Q1979607
Q520691,Q36180
Q520691,Q6625963
Q520723,Q36180
Q520723,Q6625963
Q520723,Q4853732
Q520733,Q49757
Q520733,Q333634
Q520733,Q6625963
Q520733,Q36180
Q520733,Q4263842
Q520733,Q1622272
Q520748,Q36180
Q520748,Q49757
Q520748,Q182436
Q520748,Q6625963
Q521274,Q6625963
Q521274,Q36180
Q521274,Q16004431
Q521589,Q49757
Q521589,Q36180
Q521589,Q6625963
Q521613,Q36180
Q521613,Q6625963
Q521613,Q4853732
Q522277,Q36180
Q522277,Q6625963
Q522277,Q4853732
Q522679,Q49757
Q522679,Q36180
Q522679,Q1930187
Q522679,Q4164507
Q522679,Q6625963
Q522689,Q6625963
Q522689,Q36180
Q522950,Q49757
Q522950,Q36180
Q522950,Q6625963
Q523039,Q49757
Q523039,Q36180
Q523039,Q214917
Q523039,Q6625963
Q523086,Q330204
Q523086,Q49757
Q523086,Q1930187
Q523086,Q6625963
Q523086,Q36180
Q523086,Q4853732
Q523105,Q6625963
Q523105,Q36180
Q523406,Q6625963
Q523406,Q36180
Q523578,Q1930187
Q523578,Q6625963
Q523578,Q36180
Q523578,Q322170
Q523653,Q36180
Q523653,Q6625963
Q523816,Q33999
Q523816,Q6625963
Q523816,Q2259451
Q523816,Q10798782
Q523816,Q36180
Q523816,Q10800557
Q523816,Q2526255
Q523952,Q36180
Q523952,Q6625963
Q523952,Q333634
Q523952,Q28389
Q523952,Q487596
Q523952,Q1930187
Q523952,Q2599593
Q523952,Q10379007
Q523952,Q71049101
Q523952,Q17167049
Q523952,Q49757
Q523952,Q6051619
Q523952,Q11499929
Q524283,Q7019111
Q524283,Q36180
Q524283,Q6625963
Q524567,Q36180
Q524567,Q201788
Q524567,Q4853732
Q524567,Q6625963
Q524695,Q28389
Q524695,Q3282637
Q524695,Q6625963
Q524695,Q36180
Q524695,Q18844224
Q524695,Q578109
Q525235,Q36180
Q525235,Q6625963
Q525347,Q36180
Q525347,Q6625963
Q525710,Q49757
Q525710,Q333634
Q525710,Q36180
Q525710,Q6625963
Q525760,Q36180
Q525760,Q212238
Q525760,Q6625963
Q525967,Q1930187
Q525967,Q36180
Q525967,Q49757
Q525967,Q6625963
Q525967,Q15949613
Q526214,Q6625963
Q526214,Q36180
Q526214,Q4853732
Q526214,Q18844224
Q526219,Q6625963
Q526219,Q36180
Q526242,Q245068
Q526242,Q6625963
Q526242,Q28389
Q526242,Q36180
Q526242,Q33999
Q526242,Q947873
Q526242,Q3282637
Q526242,Q578109
Q526555,Q36180
Q526555,Q6625963
Q526555,Q18844224
Q526555,Q2702296
Q526555,Q28389
Q526709,Q1930187
Q526709,Q6625963
Q526709,Q11774202
Q526709,Q214917
Q526709,Q4263842
Q526709,Q864380
Q526709,Q18844224
Q526709,Q4853732
Q526709,Q36180
Q526744,Q36180
Q526744,Q6625963
Q526744,Q11892507
Q526761,Q36180
Q526761,Q6625963
Q526761,Q4853732
Q526761,Q1823479
Q526761,Q18844224
Q526894,Q36180
Q526894,Q6625963
Q526968,Q36180
Q526968,Q6625963
Q527146,Q1930187
Q527146,Q6625963
Q527146,Q28389
Q527146,Q36180
Q527146,Q4263842
Q527146,Q864380
Q527146,Q201788
Q527302,Q1930187
Q527302,Q36180
Q527302,Q6625963
Q527477,Q36834
Q527477,Q214917
Q527477,Q36180
Q527477,Q6625963
Q527477,Q4853732
Q527538,Q6625963
Q527538,Q36180
Q527538,Q18844224
Q527679,Q6625963
Q527679,Q49757
Q527679,Q36180
Q527679,Q28389
Q528134,Q36180
Q528134,Q6625963
Q528134,Q1622272
Q528173,Q6625963
Q528173,Q24702769
Q528173,Q55979438
Q528173,Q28389
Q528576,Q6625963
Q528576,Q36180
Q528593,Q36180
Q528593,Q6625963
Q528593,Q28389
Q528652,Q36180
Q528652,Q6625963
Q528652,Q864380
Q528652,Q4853732
Q528656,Q6625963
Q528656,Q36180
Q528656,Q18844224
Q528702,Q33999
Q528702,Q6625963
Q528702,Q2259451
Q528702,Q10798782
Q528702,Q36180
Q528702,Q10800557
Q528826,Q28389
Q528826,Q1281618
Q528826,Q6625963
Q528826,Q214917
Q528826,Q333634
Q528826,Q36180
Q528826,Q15949613
Q528826,Q49757
Q529015,Q6625963
Q529015,Q36180
Q529057,Q6625963
Q529057,Q36180
Q529072,Q6625963
Q529072,Q36180
Q529082,Q36180
Q529082,Q6625963
Q529082,Q1622272
Q529082,Q15949613
Q529086,Q6625963
Q529086,Q36180
Q529148,Q36180
Q529148,Q6625963
Q529148,Q1930187
Q529148,Q3579035
Q529148,Q28692502
Q529148,Q18844224
Q529309,Q36180
Q529309,Q1930187
Q529309,Q6051619
Q529309,Q662729
Q529309,Q82955
Q529309,Q6625963
Q529309,Q15949613
Q529566,Q6625963
Q529566,Q36180
Q529566,Q40348
Q529566,Q182436
Q529566,Q101444631
Q529583,Q214917
Q529583,Q28389
Q529583,Q333634
Q529583,Q864380
Q529583,Q520549
Q529583,Q1607826
Q529583,Q36180
Q529583,Q6625963
Q529583,Q15949613
Q529634,Q36180
Q529634,Q6625963
Q529639,Q49757
Q529639,Q482980
Q529639,Q6625963
Q529639,Q1930187
Q529639,Q36180
Q529639,Q4853732
Q529639,Q333634
Q529639,Q1231865
Q529735,Q28389
Q529735,Q6625963
Q529735,Q36180
Q529950,Q49757
Q529950,Q6625963
Q529991,Q6625963
Q529991,Q36180
Q530321,Q1930187
Q530321,Q36180
Q530321,Q482980
Q530321,Q6625963
Q530321,Q201788
Q530469,Q6625963
Q530469,Q36180
Q530588,Q36180
Q530588,Q6625963
Q530588,Q18939491
Q530588,Q1622272
Q530638,Q49757
Q530638,Q1930187
Q530638,Q36180
Q530638,Q1209498
Q530638,Q6625963
Q530638,Q201788
Q530647,Q33999
Q530647,Q6625963
Q530647,Q18814623
Q530647,Q36180
Q530655,Q36180
Q530655,Q82955
Q530655,Q6625963
Q530655,Q28389
Q530655,Q11774202
Q530655,Q212948
Q531150,Q1930187
Q531150,Q36180
Q531150,Q49757
Q531150,Q6625963
Q531150,Q214917
Q531150,Q12406482
Q531150,Q10297252
Q531194,Q3406651
Q531194,Q6625963
Q531194,Q36180
Q531194,Q4263842
Q531194,Q1930187
Q531194,Q2462658
Q531358,Q3148760
Q531358,Q49757
Q531358,Q644687
Q531358,Q6625963
Q531358,Q36180
Q531358,Q11900058
Q531358,Q33231
Q531358,Q2083925
Q531358,Q2374149
Q531358,Q3055126
Q531358,Q28947943
Q531358,Q1028181
Q531358,Q15296811
Q531358,Q17505902
Q531358,Q16947657
Q531358,Q19507792
Q531358,Q98544732
Q531431,Q49757
Q531431,Q6625963
Q531431,Q4164507
Q531431,Q36180
Q531473,Q214917
Q531473,Q36180
Q531473,Q6625963
Q531563,Q36180
Q531563,Q6625963
Q531563,Q28389
Q531606,Q1234713
Q531606,Q18844224
Q531606,Q2251335
Q531606,Q36180
Q531606,Q6625963
Q531606,Q2259532
Q531606,Q13418253
Q531608,Q6625963
Q531608,Q36180
Q531711,Q6625963
Q531711,Q36180
Q531711,Q18844224
Q531759,Q36180
Q531759,Q6625963
Q531759,Q4853732
Q531904,Q14467526
Q531904,Q333634
Q531904,Q6625963
Q531904,Q36180
Q532041,Q36180
Q532041,Q6625963
Q532041,Q49757
Q532213,Q6625963
Q532213,Q28389
Q532213,Q36180
Q532255,Q49757
Q532255,Q6625963
Q532255,Q36180
Q532255,Q33999
Q532255,Q1075186
Q532279,Q28389
Q532279,Q82955
Q532279,Q36180
Q532279,Q189290
Q532279,Q40348
Q532279,Q201788
Q532279,Q6625963
Q532279,Q1930187
Q532297,Q49757
Q532297,Q214917
Q532297,Q36180
Q532297,Q6625963
Q532336,Q36180
Q532336,Q6625963
Q532336,Q4853732
Q532541,Q6625963
Q532541,Q36180
Q532541,Q4263842
Q532757,Q36180
Q532757,Q6625963
Q532757,Q482980
Q532757,Q4853732
Q532835,Q36180
Q532835,Q6625963
Q532947,Q6625963
Q532947,Q36180
Q533256,Q6625963
Q533256,Q36180
Q533256,Q3400985
Q533256,Q1622272
Q533287,Q36180
Q533287,Q6625963
Q533343,Q28389
Q533343,Q6625963
Q533343,Q36180
Q533343,Q1930187
Q533400,Q36180
Q533400,Q6625963
Q533505,Q49757
Q533505,Q6625963
Q533505,Q36180
Q533505,Q131512
Q533505,Q482980
Q533778,Q6625963
Q533778,Q36180
Q533778,Q18844224
Q533778,Q1622272
Q533778,Q28692502
Q533971,Q36180
Q533971,Q6625963
Q533971,Q10297252
Q534258,Q201788
Q534258,Q6625963
Q534258,Q36180
Q534258,Q620573
Q534376,Q36180
Q534376,Q6625963
Q534376,Q482980
Q534376,Q18844224
Q534455,Q6625963
Q534455,Q36180
Q534455,Q4853732
Q534599,Q36180
Q534599,Q6625963
Q534599,Q28389
Q534599,Q4263842
Q534599,Q18844224
Q534599,Q1930187
Q534599,Q1607826
Q534599,Q6430706
Q534599,Q49757
Q534658,Q36180
Q534658,Q6625963
Q534658,Q18844224
Q534738,Q36180
Q534738,Q6625963
Q534738,Q1930187
Q534763,Q36180
Q534763,Q6625963
Q534763,Q28389
Q534763,Q2526255
Q534861,Q36180
Q534861,Q6625963
Q534861,Q28389
Q534861,Q4853732
Q535001,Q36180
Q535001,Q6625963
Q535108,Q36180
Q535108,Q6625963
Q535108,Q1607826
Q535211,Q6625963
Q535211,Q1622272
Q535211,Q15253558
Q535211,Q214917
Q535211,Q28389
Q535211,Q3282637
Q535211,Q201788
Q535211,Q33999
Q535211,Q36180
Q535252,Q49757
Q535252,Q6625963
Q535252,Q8178443
Q535252,Q36180
Q535311,Q49757
Q535311,Q6625963
Q535311,Q1622272
Q535311,Q36180
Q535311,Q333634
Q535396,Q482980
Q535396,Q6625963
Q535396,Q36180
Q535470,Q3387717
Q535470,Q36180
Q535470,Q214917
Q535470,Q6625963
Q535812,Q1930187
Q535812,Q6625963
Q535812,Q11774202
Q535812,Q36180
Q535812,Q28389
Q535856,Q6625963
Q535856,Q36180
Q535856,Q28389
Q535966,Q6625963
Q535966,Q36180
Q535966,Q18844224
Q536012,Q482980
Q536012,Q6625963
Q536012,Q36180
Q536012,Q1930187
Q536161,Q36180
Q536161,Q6625963
Q536161,Q4853732
Q536161,Q2500638
Q536596,Q12013238
Q536596,Q6625963
Q536596,Q36180
Q536616,Q36180
Q536616,Q4853732
Q536616,Q6625963
Q536861,Q6625963
Q536861,Q36180
Q536861,Q28389
Q536898,Q36180
Q536898,Q6625963
Q536913,Q36180
Q536913,Q4853732
Q536913,Q482980
Q536913,Q6625963
Q536913,Q18844224
Q536979,Q15949613
Q536979,Q6625963
Q536979,Q36180
Q536979,Q864380
Q537014,Q36180
Q537014,Q6625963
Q537057,Q36180
Q537057,Q6625963
Q537087,Q49757
Q537087,Q36180
Q537087,Q6625963
Q537093,Q49757
Q537093,Q36180
Q537093,Q6625963
Q537112,Q36180
Q537112,Q49757
Q537112,Q6625963
Q537112,Q2516866
Q537112,Q4263842
Q537112,Q1930187
Q537112,Q12144794
Q537141,Q6625963
Q537141,Q36180
Q537202,Q6625963
Q537202,Q36180
Q537202,Q1930187
Q537202,Q6051619
Q537266,Q1028181
Q537266,Q644687
Q537266,Q28389
Q537266,Q33999
Q537266,Q715301
Q537266,Q16947657
Q537266,Q5322166
Q537266,Q33231
Q537266,Q3391743
Q537266,Q15949613
Q537266,Q12406482
Q537266,Q6625963
Q537306,Q49757
Q537306,Q6625963
Q537306,Q36180
Q537306,Q18844224
Q537306,Q15949613
Q537473,Q6625963
Q537473,Q36180
Q537473,Q18844224
Q537645,Q28389
Q537645,Q36180
Q537645,Q6625963
Q537645,Q69423232
Q537699,Q6625963
Q537699,Q36180
Q537898,Q6625963
Q537898,Q36180
Q537898,Q37226
Q537898,Q3400985
Q538057,Q6625963
Q538299,Q6625963
Q538299,Q36180
Q538299,Q18844224
Q538299,Q12144794
Q538508,Q36180
Q538508,Q28389
Q538508,Q6625963
Q538508,Q18844224
Q538620,Q36180
Q538620,Q33999
Q538620,Q6625963
Q538620,Q2259451
Q538620,Q4853732
Q538620,Q1607826
Q538638,Q4773904
Q538638,Q1622272
Q538638,Q333634
Q538638,Q36180
Q538638,Q6625963
Q538708,Q2516866
Q538708,Q43845
Q538708,Q11774202
Q538708,Q6625963
Q538761,Q36180
Q538761,Q6625963
Q538962,Q6625963
Q538962,Q36180
Q538962,Q578109
Q539020,Q6625963
Q539020,Q28389
Q539214,Q36180
Q539214,Q6625963
Q539214,Q1930187
Q539221,Q36180
Q539221,Q6625963
Q539221,Q18844224
Q539221,Q4853732
Q539247,Q36180
Q539247,Q6625963
Q539418,Q6625963
Q539418,Q36180
Q539418,Q18844224
Q539533,Q6625963
Q539533,Q49757
Q539533,Q1930187
Q539746,Q6625963
Q539746,Q28389
Q539746,Q36180
Q539782,Q36180
Q539782,Q6625963
Q540024,Q36180
Q540024,Q6625963
Q540024,Q18844224
Q540024,Q4853732
Q540024,Q1930187
Q540166,Q333634
Q540166,Q6625963
Q540166,Q36180
Q540166,Q4263842
Q540166,Q1930187
Q540166,Q2259451
Q540166,Q82955
Q540219,Q1028181
Q540219,Q49757
Q540219,Q6625963
Q540219,Q82955
Q540219,Q18805
Q540262,Q201788
Q540262,Q6625963
Q540262,Q214917
Q540412,Q36180
Q540412,Q6625963
Q540412,Q4853732
Q540461,Q6625963
Q540461,Q1607826
Q540695,Q4773904
Q540695,Q6625963
Q540695,Q36180
Q540695,Q28389
Q540784,Q2526255
Q540784,Q28389
Q540784,Q6625963
Q540784,Q36180
Q540784,Q12144794
Q540784,Q3282637
Q540784,Q47541952
Q540787,Q1930187
Q540787,Q36180
Q540787,Q18844224
Q540787,Q715301
Q540787,Q15949613
Q540787,Q6625963
Q540787,Q3282637
Q540787,Q28389
Q540787,Q11892507
Q540787,Q8246794
Q540904,Q36180
Q540904,Q6625963
Q540904,Q15949613
Q540904,Q49757
Q540904,Q18939491
Q541039,Q49757
Q541039,Q36180
Q541039,Q6625963
Q541088,Q6625963
Q541088,Q36180
Q541088,Q18844224
Q541147,Q36180
Q541147,Q6625963
Q541147,Q214917
Q541147,Q2526255
Q541501,Q6625963
Q541501,Q36180
Q541501,Q4853732
Q541622,Q49757
Q541622,Q36180
Q541622,Q6625963
Q541808,Q36180
Q541808,Q6625963
Q541808,Q201788
Q541812,Q6625963
Q541812,Q36180
Q541812,Q18844224
Q541868,Q28389
Q541868,Q6625963
Q541868,Q214917
Q541868,Q36180
Q541868,Q8178443
Q541883,Q28389
Q541883,Q36180
Q541883,Q6625963
Q541883,Q2526255
Q541883,Q3282637
Q541890,Q6625963
Q541890,Q36180
Q542217,Q1930187
Q542217,Q18814623
Q542217,Q6625963
Q542217,Q6430706
Q542217,Q28692502
Q542217,Q27532437
Q542217,Q36180
Q542217,Q322170
Q542257,Q333634
Q542257,Q1622272
Q542257,Q36180
Q542257,Q6625963
Q542257,Q15253558
Q542410,Q2306091
Q542410,Q6625963
Q542410,Q36180
Q542410,Q1622272
Q542410,Q34074720
Q542501,Q36180
Q542501,Q1930187
Q542501,Q28389
Q542501,Q82955
Q542501,Q6625963
Q542634,Q36180
Q542634,Q28389
Q542634,Q6625963
Q542634,Q2526255
Q542634,Q3282637
Q542634,Q69423232
Q542634,Q73306227
Q542634,Q2059704
Q542763,Q36180
Q542763,Q6625963
Q542763,Q1209498
Q542763,Q12144794
Q542835,Q49757
Q542835,Q482980
Q542835,Q1416611
Q542835,Q6625963
Q542835,Q36180
Q542835,Q11774202
Q542933,Q36180
Q542933,Q6625963
Q542933,Q4853732
Q543625,Q36180
Q543625,Q49757
Q543625,Q6625963
Q543625,Q2526255
Q543726,Q6625963
Q543726,Q11774202
Q543726,Q28692502
Q543726,Q36180
Q543915,Q6625963
Q543915,Q1930187
Q543915,Q36180
Q544207,Q36180
Q544207,Q6625963
Q544207,Q28389
Q544412,Q36180
Q544412,Q6625963
Q544412,Q11774202
Q544412,Q333634
Q544412,Q4263842
Q544517,Q49757
Q544517,Q18814623
Q544517,Q6625963
Q544517,Q36834
Q544517,Q36180
Q544611,Q36180
Q544611,Q1930187
Q544611,Q28389
Q544611,Q6625963
Q544874,Q36180
Q544874,Q6625963
Q544874,Q11499147
Q544900,Q49757
Q544900,Q6625963
Q544900,Q36180
Q544900,Q1622272
Q544925,Q49757
Q544925,Q6625963
Q544925,Q333634
Q544975,Q715301
Q544975,Q6625963
Q544975,Q28389
Q544975,Q17098559
Q544975,Q644687
Q544975,Q11892507
Q545223,Q6625963
Q545223,Q36180
Q545223,Q333634
Q545223,Q1930187
Q545223,Q2526255
Q545375,Q36180
Q545375,Q6625963
Q545375,Q42909
Q545375,Q214917
Q545375,Q121594
Q545375,Q14915627
Q545375,Q1930187
Q545375,Q4263842
Q545381,Q36180
Q545381,Q28389
Q545381,Q6625963
Q545381,Q214917
Q545381,Q1209498
Q545381,Q40348
Q545381,Q17524364
Q545476,Q36180
Q545476,Q333634
Q545476,Q49757
Q545476,Q1930187
Q545476,Q6625963
Q545476,Q12144794
Q545781,Q6625963
Q545781,Q36180
Q545840,Q6625963
Q545840,Q15949613
Q545840,Q36180
Q545945,Q36180
Q545945,Q15949613
Q545945,Q6625963
Q546044,Q6625963
Q546044,Q15949613
Q546044,Q36180
Q546044,Q12144794
Q546275,Q36180
Q546275,Q6625963
Q546275,Q49757
Q546275,Q1930187
Q546275,Q15949613
Q546275,Q18939491
Q546374,Q6625963
Q546374,Q36180
Q546461,Q36180
Q546461,Q6625963
Q546511,Q36180
Q546511,Q6625963
Q546511,Q18814623
Q546511,Q846430
Q546569,Q6625963
Q546569,Q1622272
Q546569,Q36180
Q546569,Q978044
Q546952,Q49757
Q546952,Q36180
Q546952,Q11774202
Q546952,Q6625963
Q546952,Q28389
Q546952,Q822146
Q546952,Q1930187
Q546952,Q1028181
Q546952,Q15296811
Q546952,Q17505902
Q546952,Q214917
Q546952,Q644687
Q547023,Q6625963
Q547023,Q4263842
Q547023,Q214917
Q547023,Q4220892
Q547023,Q4164507
Q547053,Q6625963
Q547053,Q36180
Q547414,Q18844224
Q547414,Q6051619
Q547414,Q6625963
Q547414,Q1607826
Q547414,Q15949613
Q547414,Q36180
Q547414,Q2516866
Q547414,Q6430706
Q547414,Q1930187
Q547414,Q4263842
Q547414,Q876864
Q547606,Q36180
Q547606,Q6625963
Q547794,Q36180
Q547794,Q6625963
Q547794,Q482980
Q547794,Q28389
Q547794,Q15949613
Q547815,Q6625963
Q547815,Q36180
Q547815,Q4263842
Q547914,Q36180
Q547914,Q6625963
Q547926,Q6625963
Q547926,Q36180
Q547926,Q4263842
Q547993,Q36180
Q547993,Q6625963
Q548004,Q482980
Q548004,Q6625963
Q548004,Q28389
Q548004,Q12144794
Q548008,Q1930187
Q548008,Q36180
Q548008,Q6625963
Q548040,Q36180
Q548040,Q1930187
Q548040,Q6625963
Q548040,Q4853732
Q548140,Q170790
Q548140,Q17486330
Q548140,Q6625963
Q548140,Q36180
Q548140,Q18844224
Q548156,Q864503
Q548156,Q15839206
Q548156,Q6625963
Q548156,Q1622272
Q548156,Q36180
Q548156,Q18844224
Q548156,Q3779582
Q548180,Q36180
Q548180,Q11774202
Q548180,Q1930187
Q548180,Q6625963
Q548180,Q49757
Q548201,Q36180
Q548201,Q6625963
Q548201,Q18844224
Q548222,Q6625963
Q548222,Q1622272
Q548222,Q36180
Q548237,Q6625963
Q548237,Q1930187
Q548237,Q36180
Q548345,Q1086863
Q548345,Q28389
Q548345,Q6625963
Q548345,Q1930187
Q548345,Q36180
Q548345,Q12144794
Q548345,Q69423232
Q548572,Q36180
Q548572,Q6625963
Q548960,Q1930187
Q548960,Q6625963
Q548960,Q36180
Q548998,Q6625963
Q548998,Q36180
Q549145,Q6625963
Q549487,Q4773904
Q549487,Q1930187
Q549487,Q4263842
Q549487,Q4853732
Q549487,Q6625963
Q550449,Q6625963
Q550449,Q28389
Q550449,Q205375
Q550449,Q36180
Q550449,Q18844224
Q550521,Q36180
Q550521,Q6625963
Q550521,Q28389
Q550521,Q18814623
Q550521,Q15949613
Q550614,Q6625963
Q550614,Q36180
Q550614,Q18844224
Q550667,Q28389
Q550667,Q6625963
Q550667,Q214917
Q550667,Q36180
Q550806,Q1028181
Q550806,Q33999
Q550806,Q28389
Q550806,Q36180
Q550806,Q6625963
Q550806,Q214917
Q550806,Q10800557
Q550806,Q2707485
Q550806,Q3387717
Q550806,Q2526255
Q550806,Q715301
Q550806,Q1925963
Q550806,Q644687
Q550806,Q49757
Q550806,Q5322166
Q550806,Q15296811
Q550806,Q1020606
Q550819,Q36180
Q550819,Q6625963
Q550926,Q169470
Q550926,Q6625963
Q550926,Q1622272
Q550926,Q18844224
Q550996,Q17125263
Q550996,Q15077007
Q550996,Q753110
Q550996,Q43845
Q550996,Q37226
Q550996,Q205375
Q550996,Q36180
Q550996,Q6625963
Q550996,Q3578589
Q550996,Q578109
Q550996,Q15143191
Q550996,Q8246794
Q550996,Q131524
Q550996,Q177220
Q550996,Q245068
Q550996,Q36180
Q551075,Q36180
Q551075,Q333634
Q551075,Q1930187
Q551075,Q6625963
Q551075,Q4263842
Q551075,Q876864
Q551262,Q40348
Q551262,Q6625963
Q551262,Q36180
Q551262,Q4263842
Q551262,Q82955
Q551487,Q28389
Q551487,Q6625963
Q551487,Q36180
Q551487,Q10800557
Q551499,Q6625963
Q551499,Q36180
Q551550,Q36180
Q551550,Q4263842
Q551550,Q1028181
Q551550,Q864380
Q551550,Q6625963
Q551550,Q15949613
Q551570,Q1930187
Q551570,Q28389
Q551570,Q42909
Q551570,Q36180
Q551570,Q6625963
Q551597,Q1930187
Q551597,Q36180
Q551597,Q6625963
Q551597,Q18814623
Q551597,Q1780490
Q551597,Q82955
Q551597,Q12144794
Q551710,Q6625963
Q551710,Q36180
Q551710,Q28389
Q551710,Q18844224
Q551725,Q36180
Q551725,Q49757
Q551725,Q214917
Q551725,Q6625963
Q551740,Q3064032
Q551740,Q36180
Q551740,Q49757
Q551740,Q214917
Q551740,Q333634
Q551740,Q6625963
Q551744,Q214917
Q551744,Q49757
Q551744,Q6625963
Q551744,Q8178443
Q551744,Q36180
Q551744,Q12144794
Q551744,Q82955
Q551767,Q1930187
Q551767,Q36180
Q551767,Q6625963
Q551772,Q2526255
Q551772,Q28389
Q551772,Q36180
Q551772,Q6625963
Q551772,Q214917
Q551772,Q4853732
Q551772,Q10800557
Q551772,Q4220892
Q551779,Q36180
Q551779,Q6625963
Q551779,Q28389
Q551783,Q193391
Q551783,Q36180
Q551783,Q6625963
Q551794,Q36180
Q551794,Q1622272
Q551794,Q4263842
Q551794,Q49757
Q551794,Q6625963
Q551929,Q6625963
Q551929,Q18844224
Q551929,Q109530978
Q551929,Q127695489
Q552067,Q36834
Q552067,Q486748
Q552067,Q6625963
Q552067,Q36180
Q552067,Q14915627
Q552067,Q28389
Q552067,Q4263842
Q552067,Q864380
Q552067,Q1350157
Q552067,Q1622272
Q552356,Q6625963
Q552356,Q15401884
Q552356,Q211346
Q552372,Q36180
Q552372,Q28389
Q552372,Q6625963
Q552372,Q1930187
Q552583,Q1930187
Q552583,Q36180
Q552583,Q40348
Q552583,Q6625963
Q552593,Q49757
Q552593,Q4220892
Q552593,Q1930187
Q552593,Q36180
Q552593,Q6625963
Q552855,Q6625963
Q552855,Q36180
Q552855,Q1114448
Q552892,Q1930187
Q552892,Q36180
Q552892,Q6625963
Q552911,Q36180
Q552911,Q482980
Q552911,Q1930187
Q552911,Q18844224
Q552911,Q6625963
Q552955,Q28389
Q552955,Q6625963
Q552955,Q36180
Q552955,Q18844224
Q552955,Q864380
Q552990,Q6625963
Q552990,Q36180
Q553484,Q6625963
Q553484,Q36180
Q553683,Q49757
Q553683,Q6625963
Q553683,Q36180
Q553683,Q4263842
Q553683,Q333634
Q553833,Q28389
Q553833,Q49757
Q553833,Q6625963
Q553833,Q36180
Q553833,Q2526255
Q554224,Q36180
Q554224,Q49757
Q554224,Q4263842
Q554224,Q6625963
Q554254,Q82955
Q554254,Q6625963
Q554254,Q49757
Q554254,Q36180
Q554484,Q6625963
Q554484,Q36180
Q554484,Q28389
Q554629,Q6625963
Q554629,Q36180
Q554629,Q11900058
Q554629,Q12356615
Q554685,Q36180
Q554685,Q333634
Q554685,Q4263842
Q554685,Q1622272
Q554685,Q6625963
Q554810,Q49757
Q554810,Q6625963
Q554810,Q36180
Q554810,Q11122954
Q554810,Q4263842
Q554900,Q36180
Q554900,Q3387717
Q554900,Q28389
Q554900,Q715301
Q554900,Q6625963
Q554900,Q13235160
Q554900,Q266569
Q555298,Q49757
Q555298,Q1281618
Q555298,Q1028181
Q555298,Q6625963
Q555298,Q36180
Q555298,Q18844224
Q555298,Q333634
Q555319,Q36180
Q555319,Q28389
Q555319,Q49757
Q555319,Q6625963
Q555319,Q15949613
Q555324,Q36180
Q555324,Q28389
Q555324,Q6625963
Q555324,Q49757
Q555324,Q1930187
Q555324,Q4263842
Q555324,Q2526255
Q555324,Q12144794
Q555324,Q214917
Q555324,Q6051619
Q555324,Q822146
Q555324,Q15949613
Q555449,Q36180
Q555449,Q193391
Q555449,Q1930187
Q555449,Q82955
Q555449,Q6625963
Q555449,Q15949613
Q555619,Q33999
Q555619,Q6625963
Q555619,Q822146
Q555619,Q753110
Q555619,Q36180
Q555619,Q2526255
Q555621,Q214917
Q555621,Q36180
Q555621,Q6625963
Q555621,Q16323111
Q556244,Q6625963
Q556244,Q36180
Q556662,Q36180
Q556662,Q333634
Q556662,Q49757
Q556662,Q6625963
Q556662,Q15949613
Q557512,Q6625963
Q557512,Q28389
Q557512,Q18844224
Q557691,Q36180
Q557691,Q6625963
Q557691,Q333634
Q557774,Q36180
Q557774,Q11774202
Q557774,Q49757
Q557774,Q1930187
Q557774,Q214917
Q557774,Q188094
Q557774,Q193391
Q557774,Q1028181
Q557774,Q3658608
Q557774,Q6625963
Q558052,Q1930187
Q558052,Q6625963
Q558138,Q36180
Q558138,Q6625963
Q558138,Q18844224
Q558171,Q36180
Q558171,Q49757
Q558171,Q333634
Q558171,Q2516866
Q558171,Q6625963
Q558171,Q214917
Q558171,Q3029421
Q558171,Q1086863
Q558252,Q6625963
Q558252,Q1930187
Q558252,Q15949613
Q558252,Q36180
Q558410,Q6625963
Q558410,Q36180
Q558410,Q1930187
Q558410,Q1607826
Q558416,Q36180
Q558416,Q28389
Q558416,Q18844224
Q558416,Q6625963
Q558416,Q1234713
Q558416,Q11986654
Q558416,Q152002
Q558425,Q15949613
Q558425,Q6625963
Q558425,Q28389
Q558425,Q36180
Q558425,Q18844224
Q558425,Q11774202
Q558425,Q333634
Q558430,Q36180
Q558430,Q28389
Q558430,Q6625963
Q558430,Q3282637
Q558430,Q33999
Q558570,Q715301
Q558570,Q3282637
Q558570,Q644687
Q558570,Q6625963
Q558570,Q36180
Q558570,Q266569
Q558570,Q5183571
Q558837,Q49757
Q558837,Q6625963
Q558837,Q214917
Q558837,Q36180
Q558837,Q2526255
Q558837,Q28389
Q558837,Q12144794
Q559409,Q6625963
Q559409,Q15949613
Q559409,Q18844224
Q559409,Q2516852
Q559409,Q36180
Q559506,Q36180
Q559506,Q1930187
Q559506,Q6625963
Q559506,Q40348
Q559565,Q36180
Q559565,Q28389
Q559565,Q6625963
Q559565,Q214917
Q559565,Q49757
Q559631,Q49757
Q559631,Q6625963
Q559631,Q36180
Q559631,Q4263842
Q560015,Q36180
Q560015,Q6625963
Q560015,Q4853732
Q560015,Q28389
Q560015,Q644687
Q560015,Q13582652
Q560286,Q33999
Q560286,Q245068
Q560286,Q28389
Q560286,Q6625963
Q560286,Q2405480
Q560286,Q36180
Q560286,Q18844224
Q560286,Q578109
Q560286,Q2526255
Q560286,Q3282637
Q560286,Q7042855
Q560286,Q2259451
Q560286,Q10800557
Q560286,Q10798782
Q560286,Q3455803
Q560315,Q6625963
Q560315,Q245068
Q560315,Q28389
Q560371,Q14467526
Q560371,Q36180
Q560371,Q6625963
Q560371,Q333634
Q560371,Q82955
Q560371,Q49757
Q560371,Q15949613
Q560434,Q822146
Q560434,Q333634
Q560434,Q6625963
Q560434,Q482980
Q560434,Q214917
Q560541,Q14467526
Q560541,Q49757
Q560541,Q36180
Q560541,Q333634
Q560541,Q6625963
Q560541,Q18844224
Q560541,Q6430706
Q560733,Q36180
Q560733,Q1930187
Q560733,Q6625963
Q560735,Q214917
Q560735,Q133485
Q560735,Q333634
Q560735,Q6625963
Q560735,Q36180
Q560735,Q28389
Q560735,Q24262584
Q560735,Q4853732
Q561027,Q36180
Q561027,Q214917
Q561027,Q6625963
Q561027,Q42603
Q561116,Q2526255
Q561116,Q28389
Q561116,Q1930187
Q561116,Q36180
Q561116,Q18844224
Q561116,Q49757
Q561116,Q6625963
Q561116,Q12144794
Q561169,Q49757
Q561169,Q214917
Q561169,Q36180
Q561169,Q1930187
Q561169,Q6625963
Q561169,Q15980158
Q561169,Q16254673
Q561378,Q36180
Q561378,Q6625963
Q561378,Q28389
Q561408,Q49757
Q561408,Q6625963
Q561408,Q36180
Q561408,Q12144794
Q561408,Q333634
Q561434,Q36180
Q561434,Q1930187
Q561434,Q193391
Q561434,Q6625963
Q561435,Q6625963
Q561435,Q28389
Q561435,Q36180
Q561435,Q1930187
Q561486,Q36180
Q561486,Q6625963
Q561486,Q28389
Q561486,Q19839393
Q561486,Q2526255
Q561650,Q49757
Q561650,Q214917
Q561650,Q333634
Q561650,Q551835
Q561650,Q36180
Q561650,Q33231
Q561650,Q12356615
Q561650,Q39631
Q561650,Q6625963
Q561833,Q49757
Q561833,Q6625963
Q561833,Q11774202
Q561833,Q28389
Q561833,Q333634
Q561833,Q4263842
Q561833,Q36180
Q562000,Q36180
Q562000,Q6625963
Q562000,Q1930187
Q562000,Q4853732
Q562000,Q1607826
Q562000,Q12362622
Q562556,Q1930187
Q562556,Q6625963
Q562556,Q28389
Q562556,Q4263842
Q562556,Q18844224
Q562652,Q214917
Q562652,Q49757
Q562652,Q36180
Q562652,Q6625963
Q562652,Q551835
Q562874,Q28389
Q562874,Q6625963
Q562874,Q36180
Q562874,Q1930187
Q562874,Q578109
Q563118,Q36180
Q563118,Q4853732
Q563118,Q6625963
Q563620,Q36180
Q563620,Q1930187
Q563620,Q6625963
Q563620,Q28389
Q564792,Q6625963
Q564792,Q4853732
Q565234,Q36180
Q565234,Q1622272
Q565234,Q6625963
Q565245,Q36180
Q565245,Q6625963
Q565580,Q6625963
Q565580,Q4964182
Q565580,Q212980
Q565580,Q36180
Q565580,Q333634
Q565580,Q1622272
Q565581,Q6625963
Q565581,Q36180
Q565684,Q10732476
Q565684,Q36180
Q565684,Q6625963
Q565684,Q4853732
Q565833,Q36180
Q565833,Q499134
Q565833,Q6625963
Q566385,Q6625963
Q566385,Q36180
Q566955,Q1930187
Q566955,Q1607826
Q566955,Q6625963
Q566955,Q36180
Q570122,Q40348
Q570122,Q6625963
Q570122,Q36180
Q570122,Q18844224
Q570122,Q185351
Q571334,Q6625963
Q572655,Q1930187
Q572655,Q82955
Q572655,Q36180
Q572655,Q49757
Q572655,Q193391
Q572655,Q40348
Q572655,Q6625963
Q572655,Q37226
Q572655,Q47064
Q572655,Q185351
Q572655,Q15949613
Q572741,Q4964182
Q572741,Q1622272
Q572741,Q6625963
Q572741,Q1930187
Q572741,Q3400985
Q573610,Q28389
Q573610,Q1930187
Q573610,Q487596
Q573610,Q6625963
Q573610,Q2526255
Q573610,Q3282637
Q573610,Q214917
Q573610,Q36180
Q573813,Q36180
Q573813,Q6625963
Q573813,Q18939491
Q573813,Q4263842
Q573997,Q28389
Q573997,Q214917
Q573997,Q487596
Q573997,Q6625963
Q575043,Q49757
Q575043,Q6625963
Q575043,Q36180
Q575043,Q1930187
Q575043,Q808967
Q575345,Q36180
Q575345,Q6625963
Q575345,Q28389
Q575345,Q18844224
Q575883,Q36180
Q575883,Q214917
Q575883,Q6625963
Q575883,Q943995
Q575883,Q13235160
Q576143,Q36180
Q576143,Q28389
Q576143,Q4853732
Q576143,Q482980
Q576143,Q1397808
Q576143,Q1086863
Q576143,Q6625963
Q576143,Q455595
Q576143,Q20857490
Q577180,Q36180
Q577180,Q49757
Q577180,Q6625963
Q577180,Q4263842
Q577180,Q12144794
Q577180,Q11774202
Q577548,Q36180
Q577548,Q1930187
Q577548,Q28389
Q577548,Q2504617
Q577548,Q333634
Q577548,Q11774202
Q577548,Q2330979
Q577548,Q6625963
Q577548,Q1607826
Q577548,Q23833535
Q577548,Q17167049
Q577548,Q6051619
Q577548,Q876864
Q577548,Q15949613
Q577565,Q36180
Q577565,Q6625963
Q577565,Q49757
Q577826,Q36180
Q577826,Q6625963
Q578011,Q28389
Q578011,Q6625963
Q578011,Q36180
Q578031,Q1930187
Q578031,Q36180
Q578031,Q6625963
Q578031,Q18844224
Q578031,Q12144794
Q578031,Q11774202
Q578031,Q1238570
Q578932,Q36180
Q578932,Q333634
Q578932,Q37226
Q578932,Q11892507
Q578932,Q9379869
Q578932,Q6625963
Q578932,Q15949613
Q579475,Q6625963
Q579475,Q36180
Q580137,Q36180
Q580137,Q28389
Q580137,Q3282637
Q580137,Q18844224
Q580137,Q6625963
Q580137,Q4853732
Q580137,Q13235160
Q580137,Q2526255
Q580137,Q12144794
Q580137,Q3455803
Q580137,Q15949613
Q580313,Q36180
Q580313,Q6625963
Q580313,Q15949613
Q580937,Q6625963
Q583065,Q1930187
Q583065,Q2516866
Q583065,Q36180
Q583065,Q6625963
Q583065,Q356139
Q583128,Q33999
Q583128,Q245068
Q583128,Q2259451
Q583128,Q10798782
Q583128,Q6625963
Q583128,Q18814623
Q583128,Q10800557
Q583527,Q49757
Q583527,Q6625963
Q583527,Q36180
Q583527,Q4263842
Q583527,Q11122954
Q583527,Q36834
Q583527,Q11774202
Q583783,Q82955
Q583783,Q6625963
Q583783,Q36180
Q583783,Q8246794
Q584083,Q49757
Q584083,Q214917
Q584083,Q6625963
Q584083,Q33999
Q584083,Q47541952
Q584083,Q897317
Q584083,Q3140857
Q584083,Q36180
Q584128,Q36180
Q584128,Q6625963
Q584128,Q18844224
Q585351,Q1930187
Q585351,Q82955
Q585351,Q49757
Q585351,Q6625963
Q585351,Q36180
Q586211,Q2330979
Q586211,Q36180
Q586211,Q6625963
Q586211,Q49757
Q586211,Q14972848
Q586211,Q40348
Q586211,Q185351
Q586388,Q36180
Q586388,Q6625963
Q586776,Q28389
Q586776,Q6625963
Q586776,Q36180
Q586776,Q18844224
Q587247,Q36180
Q587247,Q6625963
Q587332,Q201788
Q587332,Q18921227
Q587332,Q6625963
Q587389,Q2526255
Q587389,Q28389
Q587389,Q3282637
Q587389,Q6625963
Q588653,Q6625963
Q588653,Q36180
Q588653,Q18844224
Q588653,Q5434338
Q588653,Q28389
Q588933,Q36180
Q588933,Q4853732
Q588933,Q15296811
Q588933,Q644687
Q588933,Q2526255
Q588933,Q715301
Q588933,Q266569
Q588933,Q6625963
Q588933,Q1414443
Q589497,Q36180
Q589497,Q1607826
Q589497,Q28389
Q589497,Q6625963
Q589497,Q18844224
Q589497,Q1930187
Q589497,Q2823717
Q589562,Q36180
Q589562,Q3068305
Q589562,Q6625963
Q589585,Q6625963
Q589585,Q14467526
Q589585,Q15980158
Q589585,Q1930187
Q589585,Q11774202
Q589585,Q333634
Q589585,Q36180
Q589585,Q1607826
Q589585,Q876864
Q589863,Q214917
Q589863,Q6625963
Q589863,Q4853732
Q589863,Q333634
Q589863,Q876864
Q589863,Q36180
Q590532,Q28389
Q590532,Q36180
Q590532,Q18844224
Q590532,Q6625963
Q591270,Q28389
Q591270,Q6625963
Q591270,Q1930187
Q591270,Q36180
Q591270,Q13235160
Q591270,Q33999
Q592511,Q49757
Q592511,Q6625963
Q592511,Q28389
Q592895,Q6625963
Q592895,Q1930187
Q592895,Q28389
Q594438,Q11892507
Q594438,Q28389
Q594438,Q6625963
Q594644,Q49757
Q594644,Q488205
Q594644,Q36180
Q594644,Q639669
Q594644,Q855091
Q594644,Q177220
Q594644,Q33999
Q594644,Q12869138
Q594644,Q6625963
Q594731,Q36180
Q594731,Q1930187
Q594731,Q6625963
Q594731,Q864380
Q594731,Q18844224
Q595483,Q36180
Q595483,Q1930187
Q595483,Q6625963
Q595717,Q6625963
Q595717,Q36180
Q595717,Q18844224
Q595917,Q36180
Q595917,Q1930187
Q595917,Q201788
Q595917,Q6625963
Q596018,Q214917
Q596018,Q36180
Q596018,Q1607826
Q596018,Q37226
Q596018,Q82955
Q596018,Q1930187
Q596018,Q11774202
Q596018,Q6625963
Q596018,Q28389
Q596034,Q36180
Q596034,Q4853732
Q596034,Q6625963
Q596383,Q33999
Q596383,Q1930187
Q596383,Q28389
Q596383,Q36180
Q596383,Q947873
Q596383,Q10800557
Q596383,Q12406482
Q596383,Q15949613
Q596383,Q6625963
Q596925,Q49757
Q596925,Q36180
Q596925,Q6625963
Q596925,Q1930187
Q596925,Q12406482
Q596925,Q10297252
Q597627,Q6625963
Q597627,Q36180
Q598029,Q36180
Q598029,Q6625963
Q598029,Q28389
Q598052,Q36180
Q598052,Q6625963
Q598452,Q214917
Q598452,Q6625963
Q598452,Q36180
Q598494,Q36180
Q598494,Q6625963
Q598720,Q36180
Q598720,Q333634
Q598720,Q49757
Q598720,Q155647
Q598720,Q6625963
Q598771,Q1622272
Q598771,Q36180
Q598771,Q193391
Q598771,Q6625963
Q598771,Q11774202
Q599358,Q49757
Q599358,Q482980
Q599358,Q6625963
Q599358,Q36180
Q599358,Q11499929
Q599358,Q17167049
Q599358,Q110954375
Q599358,Q11774202
Q599358,Q1622272
Q600415,Q36180
Q600415,Q6625963
Q600415,Q28389
Q600415,Q2526255
Q601133,Q1930187
Q601133,Q36180
Q601133,Q6625963
Q601304,Q6625963
Q601304,Q36180
Q601304,Q18844224
Q601304,Q1930187
Q601304,Q5434338
Q601307,Q36180
Q601307,Q6625963
Q601307,Q28389
Q601307,Q1930187
Q601307,Q214917
Q601307,Q3387717
Q601307,Q10800557
Q601307,Q2526255
Q601307,Q2259451
Q601307,Q33999
Q601307,Q1622272
Q601527,Q2526255
Q601527,Q36180
Q601527,Q6625963
Q601527,Q1930187
Q601709,Q49757
Q601709,Q6625963
Q601709,Q1622272
Q602468,Q36180
Q602468,Q49757
Q602468,Q28389
Q602468,Q2251335
Q602468,Q6625963
Q602510,Q36180
Q602510,Q6625963
Q602510,Q18844224
Q602978,Q1930187
Q602978,Q6625963
Q602978,Q36180
Q604242,Q6625963
Q604524,Q28389
Q604524,Q3282637
Q604524,Q2059704
Q604524,Q36834
Q604524,Q18844224
Q604524,Q1415090
Q604524,Q6625963
Q604524,Q578109
Q604661,Q18814623
Q604661,Q6625963
Q605532,Q36180
Q605532,Q6625963
Q605989,Q1930187
Q605989,Q36180
Q605989,Q28389
Q605989,Q6625963
Q606149,Q36180
Q606149,Q1930187
Q606149,Q462390
Q606149,Q6625963
Q606149,Q15949613
Q606154,Q6625963
Q606154,Q40348
Q606389,Q14467526
Q606389,Q1930187
Q606389,Q36180
Q606389,Q2516866
Q606389,Q4853732
Q606389,Q6625963
Q606389,Q333634
Q606389,Q15980158
Q606389,Q18844224
Q606543,Q49757
Q606543,Q6625963
Q606543,Q36180
Q606543,Q4853732
Q606543,Q27532437
Q606656,Q3499072
Q606656,Q6625963
Q607123,Q864380
Q607123,Q3282637
Q607123,Q6625963
Q607123,Q36180
Q607123,Q28389
Q607299,Q49757
Q607299,Q36180
Q607299,Q6625963
Q607503,Q6625963
Q607503,Q28389
Q607825,Q1930187
Q607825,Q36180
Q607825,Q876864
Q607825,Q662729
Q607825,Q28389
Q607825,Q6051619
Q607825,Q6625963
Q608051,Q11774202
Q608051,Q15949613
Q608051,Q36180
Q608051,Q6625963
Q608051,Q214917
Q609039,Q36180
Q609039,Q214917
Q609039,Q6625963
Q609317,Q6625963
Q609317,Q18814623
Q609317,Q36180
Q609457,Q36180
Q609457,Q6625963
Q609457,Q644687
Q609457,Q4853732
Q609457,Q715301
Q610515,Q36180
Q610515,Q49757
Q610515,Q214917
Q610515,Q6625963
Q610522,Q36180
Q610522,Q49757
Q610522,Q333634
Q610522,Q6625963
Q610522,Q1622272
Q610522,Q37226
Q610522,Q4263842
Q610567,Q6625963
Q610567,Q28389
Q610567,Q18844224
Q610567,Q715301
Q610567,Q36180
Q610567,Q33999
Q610679,Q36180
Q610679,Q1930187
Q610679,Q6625963
Q610771,Q6625963
Q610771,Q36180
Q611586,Q28389
Q611586,Q6625963
Q611586,Q36180
Q611586,Q1930187
Q611586,Q6430706
Q611586,Q2526255
Q611672,Q28389
Q611672,Q201788
Q611672,Q6625963
Q611672,Q11774202
Q611672,Q36180
Q611672,Q482980
Q611672,Q43845
Q611672,Q6051619
Q611828,Q36180
Q611828,Q6625963
Q611828,Q3579035
Q611828,Q11774202
Q611959,Q6625963
Q611959,Q36180
Q612005,Q947873
Q612005,Q18921227
Q612005,Q36180
Q612005,Q1930187
Q612005,Q17125263
Q612005,Q578109
Q612005,Q639669
Q612005,Q6625963
Q612005,Q2059704
Q612005,Q10798782
Q613164,Q36180
Q613164,Q1930187
Q613164,Q6625963
Q613164,Q16254673
Q613259,Q6625963
Q613259,Q36180
Q613259,Q18844224
Q613537,Q36180
Q613537,Q2722764
Q613537,Q28389
Q613537,Q4853732
Q613537,Q998550
Q613537,Q1086863
Q613537,Q6625963
Q613537,Q15949613
Q613776,Q6625963
Q613776,Q36180
Q613846,Q82955
Q613846,Q201788
Q613846,Q6625963
Q613846,Q36180
Q613846,Q2516866
Q615129,Q488205
Q615129,Q33999
Q615129,Q11606860
Q615129,Q177220
Q615129,Q36834
Q615129,Q822146
Q615129,Q6625963
Q615960,Q6625963
Q615960,Q105186
Q616541,Q6625963
Q617215,Q36180
Q617215,Q28389
Q617215,Q81096
Q617215,Q2526255
Q617215,Q1930187
Q617215,Q33999
Q617215,Q6625963
Q617215,Q214917
Q618886,Q6625963
Q618886,Q18844224
Q622232,Q1930187
Q622232,Q6625963
Q622232,Q36180
Q623737,Q6625963
Q623737,Q1930187
Q623737,Q36180
Q623974,Q6625963
Q623974,Q36180
Q624149,Q6625963
Q624168,Q6625963
Q624168,Q3285854
Q624211,Q49757
Q624211,Q1930187
Q624211,Q6625963
Q624211,Q11774202
Q624211,Q1622272
Q624299,Q6625963
Q624299,Q36180
Q625272,Q6625963
Q625272,Q4263842
Q625272,Q864380
Q625272,Q11774202
Q625272,Q17167049
Q625272,Q1930187
Q625336,Q6625963
Q625721,Q2526255
Q625721,Q49757
Q625721,Q81096
Q625721,Q6625963
Q625721,Q1028181
Q625721,Q28389
Q625721,Q36180
Q626290,Q6625963
Q626290,Q36180
Q626412,Q14467526
Q626412,Q333634
Q626412,Q36180
Q626412,Q39631
Q626412,Q6625963
Q626412,Q1930187
Q628479,Q28389
Q628479,Q6625963
Q628479,Q18844224
Q628482,Q18844224
Q628482,Q6625963
Q628482,Q589298
Q628838,Q6625963
Q628838,Q4220892
Q628838,Q33999
Q628838,Q639669
Q630446,Q36180
Q630446,Q6625963
Q630446,Q43845
Q630446,Q3282637
Q630446,Q17125263
Q630446,Q4263842
Q630446,Q15077007
Q630446,Q4853732
Q630446,Q6430706
Q630446,Q1930187
Q630446,Q1607826
Q630446,Q4110598
Q630446,Q578109
Q630446,Q58209937
Q630454,Q36180
Q630454,Q28389
Q630454,Q6625963
Q630454,Q1930187
Q630454,Q4263842
Q630454,Q6430706
Q630454,Q4164507
Q630464,Q49757
Q630464,Q6625963
Q630464,Q214917
Q630464,Q1930187
Q630464,Q18939491
Q630558,Q6625963
Q630558,Q36180
Q632079,Q2526255
Q632079,Q28389
Q632079,Q3282637
Q632079,Q6625963
Q632861,Q36180
Q632861,Q1930187
Q632861,Q28389
Q632861,Q21207686
Q632861,Q6625963
Q633302,Q36180
Q633302,Q201788
Q633302,Q6625963
Q634905,Q36180
Q634905,Q6625963
Q634950,Q4964182
Q634950,Q6625963
Q634950,Q36180
Q634950,Q24265174
Q634950,Q28004591
Q635739,Q1930187
Q635739,Q6625963
Q635739,Q2516866
Q636037,Q36180
Q636037,Q6625963
Q636923,Q6625963
Q637306,Q36180
Q637306,Q49757
Q637306,Q6625963
Q637396,Q49757
Q637396,Q15980158
Q637396,Q26973007
Q637396,Q6625963
Q637455,Q36180
Q637455,Q6625963
Q637455,Q18844224
Q637455,Q1415369
Q637455,Q5357767
Q637455,Q15627169
Q637689,Q1930187
Q637689,Q49757
Q637689,Q6625963
Q637689,Q36180
Q638179,Q6625963
Q638179,Q36180
Q638179,Q18844224
Q639041,Q36180
Q639041,Q6625963
Q639360,Q36180
Q639360,Q6625963
Q639360,Q18844224
Q639538,Q28389
Q639538,Q36180
Q639538,Q6625963
Q639538,Q18844224
Q639538,Q4853732
Q640352,Q1930187
Q640352,Q36180
Q640352,Q6625963
Q640352,Q5697103
Q640352,Q7501153
Q641046,Q6625963
Q641740,Q6625963
Q641740,Q36180
Q642060,Q1930187
Q642060,Q82955
Q642060,Q214917
Q642060,Q6625963
Q642060,Q36180
Q642060,Q1780490
Q642680,Q6625963
Q642680,Q36180
Q642680,Q4445088
Q643408,Q1930187
Q643408,Q11774202
Q643408,Q6625963
Q643644,Q270389
Q643644,Q36180
Q643644,Q1930187
Q643644,Q4853732
Q643644,Q1397808
Q643644,Q18611810
Q643644,Q644687
Q643644,Q15296811
Q643644,Q1028181
Q643644,Q214917
Q643644,Q6625963
Q643904,Q487596
Q643904,Q214917
Q643904,Q36180
Q643904,Q6625963
Q643904,Q49757
Q643904,Q15949613
Q644365,Q33999
Q644365,Q36180
Q644365,Q6625963
Q644365,Q4610556
Q644365,Q2526255
Q645141,Q36180
Q645141,Q4263842
Q645141,Q6625963
Q645362,Q1930187
Q645362,Q6625963
Q645362,Q36180
Q645362,Q1113899
Q645406,Q36180
Q645406,Q2526255
Q645406,Q28389
Q645406,Q205375
Q645406,Q6625963
Q646934,Q36180
Q646934,Q333634
Q646934,Q1622272
Q646934,Q6625963
Q646986,Q49757
Q646986,Q333634
Q646986,Q6625963
Q646986,Q36180
Q647687,Q36180
Q647687,Q43845
Q647687,Q6625963
Q647687,Q214917
Q647687,Q82955
Q647687,Q1930187
Q647687,Q333634
Q647747,Q6625963
Q647747,Q2259451
Q647747,Q10800557
Q647747,Q28389
Q647747,Q4610556
Q648920,Q201788
Q648920,Q36180
Q648920,Q4263842
Q648920,Q6625963
Q648920,Q11774202
Q648920,Q37226
Q648920,Q4964182
Q649054,Q6625963
Q649054,Q214917
Q649054,Q6430706
Q649054,Q36180
Q649054,Q1622272
Q649790,Q36180
Q649790,Q6625963
Q649790,Q28389
Q650048,Q36180
Q650048,Q6625963
Q650048,Q18844224
Q650332,Q36180
Q650332,Q6625963
Q650800,Q36180
Q650800,Q6625963
Q651258,Q6625963
Q651258,Q36180
Q652253,Q36180
Q652253,Q6625963
Q652253,Q18814623
Q652253,Q20551564
Q652253,Q1930187
Q652253,Q11774202
Q652253,Q674426
Q652253,Q15949613
Q652425,Q715301
Q652425,Q36180
Q652425,Q18844224
Q652425,Q6625963
Q653236,Q1930187
Q653236,Q18939491
Q653236,Q6625963
Q653236,Q82955
Q653236,Q2358549
Q653236,Q15077007
Q653366,Q28389
Q653366,Q214917
Q653366,Q6625963
Q653366,Q19509201
Q653366,Q96034777
Q653366,Q47541952
Q653496,Q1930187
Q653496,Q36180
Q653496,Q6625963
Q653496,Q49757
Q653496,Q11499147
Q653496,Q333634
Q653496,Q28528560
Q653496,Q15296811
Q653496,Q82955
Q653496,Q1114448
Q653496,Q3242115
Q654747,Q36180
Q654747,Q6625963
Q654747,Q15949613
Q654954,Q14972848
Q654954,Q14467526
Q654954,Q6625963
Q654954,Q36180
Q654954,Q39631
Q656292,Q36180
Q656292,Q214917
Q656292,Q49757
Q656292,Q40348
Q656292,Q6625963
Q657901,Q28389
Q657901,Q6625963
Q658522,Q36180
Q658522,Q6625963
Q659003,Q49757
Q659003,Q6625963
Q659003,Q36180
Q659017,Q36180
Q659017,Q6625963
Q659017,Q18844224
Q659027,Q28389
Q659027,Q36180
Q659027,Q214917
Q659027,Q1930187
Q659027,Q6625963
Q659027,Q11774202
Q659027,Q4263842
Q659027,Q1622272
Q659155,Q36180
Q659155,Q214917
Q659155,Q28389
Q659155,Q6625963
Q659294,Q36180
Q659294,Q6625963
Q659294,Q49757
Q659364,Q36180
Q659364,Q6625963
Q660069,Q1743122
Q660069,Q201788
Q660069,Q36180
Q660069,Q6625963
Q660069,Q1622272
Q660069,Q49757
Q660069,Q4263842
Q660069,Q11774202
Q660069,Q17351648
Q660525,Q49757
Q660525,Q551835
Q660525,Q6625963
Q660646,Q82955
Q660646,Q40348
Q660646,Q36180
Q660646,Q49757
Q660646,Q6625963
Q660646,Q1622272
Q660646,Q723682
Q660670,Q49757
Q660670,Q6625963
Q660670,Q36180
Q661925,Q1930187
Q661925,Q36180
Q661925,Q121594
Q661925,Q6625963
Q661925,Q3400985
Q661925,Q1622272
Q662611,Q36180
Q662611,Q6625963
Q662611,Q4853732
Q662980,Q36180
Q662980,Q6625963
Q662980,Q214917
Q663705,Q6625963
Q663705,Q214917
Q663705,Q36180
Q663705,Q855091
Q663884,Q14467526
Q663884,Q49757
Q663884,Q6625963
Q663884,Q1028181
Q663884,Q333634
Q664673,Q36180
Q664673,Q1930187
Q664673,Q482980
Q664673,Q18844224
Q664673,Q6625963
Q664673,Q2526255
Q665144,Q28389
Q665144,Q6625963
Q665144,Q36180
Q665144,Q49757
Q665768,Q36180
Q665768,Q6625963
Q665768,Q28389
Q665768,Q18844224
Q668090,Q36180
Q668090,Q864380
Q668090,Q6625963
Q668511,Q36180
Q668511,Q6625963
Q668511,Q15949613
Q670108,Q1930187
Q670108,Q6625963
Q670179,Q49757
Q670179,Q6625963
Q670179,Q36180
Q671852,Q36180
Q671852,Q1607826
Q671852,Q7019111
Q671852,Q6625963
Q671852,Q1930187
Q671852,Q49757
Q671951,Q36180
Q671951,Q864380
Q671951,Q6625963
Q671951,Q11774202
Q672440,Q28389
Q672440,Q6625963
Q672440,Q36180
Q672816,Q36180
Q672816,Q250867
Q672816,Q25393460
Q672816,Q6625963
Q672816,Q611644
Q673217,Q6625963
Q673217,Q1622272
Q673567,Q36180
Q673567,Q6625963
Q673567,Q4853732
Q673567,Q1930187
Q673567,Q33999
Q673567,Q3282637
Q673567,Q9334029
Q673567,Q12406482
Q673567,Q1086863
Q673985,Q6625963
Q673985,Q36180
Q673985,Q49757
Q673985,Q11774202
Q675290,Q6625963
Q675290,Q36180
Q675290,Q214917
Q675290,Q1930187
Q675290,Q4853732
Q675396,Q36180
Q675396,Q6625963
Q675396,Q28389
Q675396,Q11774202
Q675396,Q214917
Q675396,Q18844224
Q675662,Q6625963
Q675662,Q36180
Q675662,Q10689386
Q675662,Q1495660
Q675676,Q36180
Q675676,Q82955
Q675676,Q49757
Q675676,Q1162163
Q675676,Q40348
Q675676,Q333634
Q675676,Q1930187
Q675676,Q4263842
Q675676,Q6625963
Q676455,Q193391
Q676455,Q82955
Q676455,Q1930187
Q676455,Q1622272
Q676455,Q11900058
Q676455,Q11774202
Q676455,Q6625963
Q676455,Q16004492
Q676455,Q18814623
Q676455,Q49757
Q676455,Q15949613
Q677196,Q36180
Q677196,Q864380
Q677196,Q6625963
Q678778,Q6625963
Q678778,Q18844224
Q679659,Q49757
Q679659,Q1930187
Q679659,Q6625963
Q679659,Q36180
Q679659,Q4263842
Q680335,Q36180
Q680335,Q6625963
Q680479,Q36180
Q680479,Q6625963
Q682266,Q49757
Q682266,Q6625963
Q682266,Q27349
Q682266,Q36180
Q682325,Q6625963
Q682325,Q18844224
Q682325,Q36180
Q682356,Q36180
Q682356,Q6625963
Q682467,Q6625963
Q682467,Q4964182
Q682467,Q1622272
Q682467,Q18844224
Q682467,Q36180
Q682767,Q6625963
Q682767,Q36180
Q682767,Q1622272
Q682767,Q18844224
Q682767,Q4853732
Q683445,Q36180
Q683445,Q278919
Q683445,Q6625963
Q684481,Q36180
Q684481,Q49757
Q684481,Q6625963
Q684481,Q4964182
Q684481,Q1028181
Q684481,Q214917
Q684481,Q28389
Q684481,Q82955
Q684748,Q1607826
Q684748,Q4263842
Q684748,Q6625963
Q684748,Q36180
Q684748,Q18844224
Q684748,Q1930187
Q686301,Q33999
Q686301,Q2526255
Q686301,Q28389
Q686301,Q214917
Q686301,Q3282637
Q686301,Q753110
Q686301,Q6625963
Q686301,Q2059704
Q686301,Q10800557
Q686301,Q10798782
Q686301,Q2259451
Q686301,Q3387717
Q686301,Q1440873
Q686301,Q578109
Q686301,Q36180
Q686301,Q36834
Q686437,Q36180
Q686437,Q6625963
Q686437,Q215536
Q686437,Q131524
Q687658,Q36180
Q687658,Q876864
Q687658,Q182436
Q687658,Q6625963
Q687931,Q36180
Q687931,Q6625963
Q687931,Q18844224
Q688661,Q6625963
Q688661,Q15949613
Q688739,Q36180
Q688739,Q6625963
Q688739,Q11774202
Q688739,Q20020377
Q688739,Q1622272
Q688739,Q3665646
Q689828,Q36180
Q689828,Q697405
Q689828,Q37226
Q689828,Q6625963
Q689828,Q49757
Q690103,Q49757
Q690103,Q182436
Q690103,Q36180
Q690103,Q6625963
Q690103,Q214917
Q690233,Q28389
Q690233,Q6625963
Q690233,Q36180
Q690233,Q2526255
Q690304,Q14467526
Q690304,Q193391
Q690304,Q333634
Q690304,Q6625963
Q690304,Q82955
Q690304,Q36180
Q690338,Q6625963
Q690338,Q18844224
Q690338,Q36180
Q691479,Q487596
Q691479,Q333634
Q691479,Q6625963
Q691796,Q1028181
Q691796,Q36180
Q691796,Q4853732
Q691796,Q6625963
Q691796,Q11774202
Q691796,Q15949613
Q692181,Q1930187
Q692181,Q36180
Q692181,Q6625963
Q692219,Q639669
Q692219,Q6625963
Q692219,Q36180
Q696666,Q822146
Q696666,Q753110
Q696666,Q578109
Q696666,Q28389
Q696666,Q36180
Q696666,Q6625963
Q697008,Q6625963
Q697008,Q333634
Q697008,Q4263842
Q697741,Q193391
Q697741,Q36180
Q697741,Q1930187
Q697741,Q6625963
Q697741,Q15949613
Q697943,Q6625963
Q697943,Q8359428
Q697943,Q36180
Q698372,Q36180
Q698372,Q4853732
Q698372,Q6625963
Q699393,Q36180
Q699393,Q6625963
Q699393,Q11774202
Q699401,Q36180
Q699401,Q6625963
Q699401,Q11774202
Q699401,Q2516866
Q699722,Q36180
Q699722,Q6625963
Q700616,Q36180
Q700616,Q6625963
Q700616,Q28389
Q700616,Q47064
Q700616,Q98052424
Q700821,Q6625963
Q700821,Q37226
Q700821,Q36180
Q702268,Q36180
Q702268,Q1622272
Q702268,Q81096
Q702268,Q6625963
Q702268,Q15949613
Q702468,Q193391
Q702468,Q201788
Q702468,Q864380
Q702468,Q11774202
Q702468,Q6625963
Q702468,Q49757
Q702468,Q81096
Q702468,Q6051619
Q702468,Q4263842
Q702468,Q1622272
Q702468,Q82955
Q703476,Q36180
Q703476,Q6625963
Q703476,Q28389
Q703476,Q18844224
Q703935,Q36180
Q703935,Q1607826
Q703935,Q6625963
Q703935,Q1028181
Q703935,Q2516866
Q703935,Q1930187
Q703935,Q1238570
Q703935,Q6051619
Q704294,Q14467526
Q704294,Q49757
Q704294,Q36180
Q704294,Q333634
Q704294,Q6625963
Q704294,Q214917
Q704294,Q1930187
Q704294,Q24262584
Q704294,Q508846
Q704294,Q11010088
Q704294,Q9149093
Q704553,Q36180
Q704553,Q6625963
Q704553,Q4853732
Q704553,Q28389
Q704553,Q18844224
Q704553,Q28107590
Q704553,Q644687
Q704768,Q28389
Q704768,Q6625963
Q704768,Q36180
Q704860,Q36180
Q704860,Q2516866
Q704860,Q1028181
Q704860,Q6625963
Q705022,Q28389
Q705022,Q6625963
Q705022,Q1930187
Q705022,Q36180
Q705022,Q4263842
Q705058,Q28389
Q705058,Q6625963
Q705058,Q2526255
Q705058,Q3282637
Q705074,Q36180
Q705074,Q6625963
Q705074,Q49757
Q705074,Q18844224
Q705074,Q4853732
Q705074,Q28389
Q705464,Q6625963
Q705464,Q49757
Q705464,Q36180
Q705827,Q1930187
Q705827,Q6625963
Q705827,Q28389
Q705827,Q36180
Q705827,Q6430706
Q705827,Q15949613
Q705999,Q6625963
Q705999,Q36180
Q705999,Q18844224
Q705999,Q715301
Q705999,Q28389
Q706016,Q2526255
Q706016,Q6625963
Q706016,Q33999
Q706016,Q28389
Q706016,Q222344
Q706196,Q36180
Q706196,Q333634
Q706196,Q6625963
Q706196,Q1622272
Q706196,Q214917
Q706196,Q3455803
Q706196,Q3387717
Q706196,Q4263842
Q706196,Q1231865
Q706258,Q6625963
Q706258,Q36180
Q706258,Q82955
Q706272,Q864503
Q706272,Q2526255
Q706272,Q36180
Q706272,Q28389
Q706272,Q6625963
Q706445,Q36180
Q706445,Q4263842
Q706445,Q17167049
Q706445,Q6625963
Q706516,Q36180
Q706516,Q49757
Q706516,Q487596
Q706516,Q13582652
Q706516,Q6625963
Q706658,Q6625963
Q706658,Q4853732
Q706658,Q62083492
Q706658,Q36180
Q706658,Q214917
Q706668,Q36180
Q706668,Q28389
Q706668,Q3282637
Q706668,Q214917
Q706668,Q2259451
Q706668,Q6625963
Q706718,Q36180
Q706718,Q6625963
Q706718,Q49757
Q706718,Q18814623
Q706785,Q36180
Q706785,Q4263842
Q706785,Q6625963
Q706794,Q36180
Q706794,Q6625963
Q706794,Q4853732
Q706856,Q36180
Q706856,Q4853732
Q706856,Q482980
Q706856,Q6625963
Q706856,Q62083492
Q706935,Q36180
Q706935,Q28389
Q706935,Q6625963
Q706935,Q214917
Q706935,Q2059704
Q706935,Q4853732
Q706935,Q7042855
Q706935,Q3282637
Q706935,Q3455803
Q706935,Q2526255
Q706935,Q578109
Q706935,Q42909
Q706999,Q1930187
Q706999,Q36180
Q706999,Q6625963
Q707117,Q482980
Q707117,Q6625963
Q707117,Q36180
Q707117,Q1607826
Q707333,Q1607826
Q707333,Q6625963
Q707333,Q36180
Q707333,Q18844224
Q707796,Q6625963
Q707796,Q18844224
Q707796,Q28389
Q707796,Q36180
Q708157,Q6625963
Q708157,Q36180
Q708157,Q18844224
Q708198,Q6625963
Q708198,Q36180
Q708198,Q4263842
Q708198,Q18844224
Q708473,Q49757
Q708473,Q6625963
Q708473,Q1028181
Q708473,Q1414443
Q708473,Q639669
Q708473,Q214917
Q708473,Q4964182
Q708473,Q36180
Q708473,Q4220892
Q708473,Q2526255
Q708581,Q36180
Q708581,Q49757
Q708581,Q28389
Q708581,Q6625963
Q708581,Q1930187
Q708581,Q18844224
Q708581,Q4853732
Q708647,Q214917
Q708647,Q36180
Q708647,Q6625963
Q708647,Q28389
Q708647,Q10297252
Q708679,Q36180
Q708679,Q6625963
Q708679,Q333634
Q708679,Q28389
Q708679,Q822146
Q708679,Q3579035
Q709295,Q6625963
Q709295,Q36180
Q709295,Q4853732
Q709368,Q36180
Q709368,Q6625963
Q709368,Q18844224
Q709534,Q36180
Q709534,Q6625963
Q709534,Q11774202
Q709534,Q49757
Q709636,Q201788
Q709636,Q6625963
Q709636,Q36180
Q709751,Q1930187
Q709751,Q28389
Q709751,Q6625963
Q709751,Q36180
Q709751,Q4853732
Q710334,Q28389
Q710334,Q8178443
Q710334,Q214917
Q710334,Q36180
Q710334,Q6625963
Q710334,Q3387717
Q710435,Q36180
Q710435,Q152002
Q710435,Q685433
Q710435,Q2516866
Q710435,Q6625963
Q710435,Q18844224
Q710519,Q6625963
Q710519,Q49757
Q710519,Q36180
Q710823,Q6625963
Q710823,Q36180
Q710876,Q6625963
Q710876,Q36180
Q710876,Q4263842
Q710876,Q1622272
Q710876,Q6430706
Q711137,Q6625963
Q711137,Q36180
Q711137,Q18844224
Q711137,Q12144794
Q711312,Q6625963
Q711312,Q36180
Q711479,Q6625963
Q711479,Q36180
Q711558,Q40348
Q711558,Q6625963
Q711558,Q36180
Q711701,Q189290
Q711701,Q28389
Q711701,Q36180
Q711701,Q214917
Q711701,Q6625963
Q711830,Q644687
Q711830,Q36180
Q711830,Q6625963
Q711830,Q4853732
Q711830,Q1114448
Q711830,Q3024627
Q711909,Q4220892
Q711909,Q36180
Q711909,Q1930187
Q711909,Q6625963
Q711926,Q36180
Q711926,Q11774202
Q711926,Q6625963
Q712191,Q36180
Q712191,Q6625963
Q712191,Q28389
Q712191,Q49757
Q712555,Q28389
Q712555,Q6625963
Q712555,Q2722764
Q712555,Q36180
Q712555,Q1622272
Q712555,Q33231
Q712555,Q11774202
Q712555,Q16308156
Q712555,Q33999
Q712555,Q2526255
Q712555,Q15253558
Q712596,Q36180
Q712596,Q1930187
Q712596,Q6625963
Q712596,Q10297252
Q712653,Q36180
Q712653,Q18844224
Q712653,Q4853732
Q712653,Q1930187
Q712653,Q11892507
Q712653,Q69423232
Q712653,Q6625963
Q712675,Q1114448
Q712675,Q28389
Q712675,Q36180
Q712675,Q6625963
Q712675,Q715301
Q712734,Q36180
Q712734,Q6625963
Q712734,Q49757
Q712734,Q28389
Q712741,Q202883
Q712741,Q1622272
Q712741,Q36180
Q712741,Q12144794
Q712741,Q214917
Q712741,Q6625963
Q712746,Q36180
Q712746,Q6625963
Q712746,Q1930187
Q712791,Q36180
Q712791,Q6625963
Q712791,Q9352089
Q713110,Q36180
Q713110,Q758780
Q713110,Q82955
Q713110,Q6625963
Q713196,Q36180
Q713196,Q49757
Q713196,Q123819727
Q713196,Q6625963
Q713196,Q15949613
Q713284,Q214917
Q713284,Q36180
Q713284,Q1028181
Q713284,Q49757
Q713284,Q2707485
Q713284,Q106811253
Q713284,Q644687
Q713284,Q1925963
Q713284,Q15296811
Q713284,Q6625963
Q713284,Q4853732
Q713658,Q36180
Q713658,Q1930187
Q713658,Q6625963
Q713658,Q333634
Q713778,Q36180
Q713778,Q6625963
Q713778,Q18844224
Q713778,Q222344
Q713824,Q1930187
Q713824,Q6625963
Q713824,Q36180
Q713824,Q864380
Q714153,Q36180
Q714153,Q6625963
Q714250,Q201788
Q714250,Q6625963
Q714250,Q36180
Q714250,Q1622272
Q714250,Q482980
Q714250,Q15949613
Q714485,Q36180
Q714485,Q6625963
Q714485,Q18844224
Q714485,Q54845077
Q714485,Q11892507
Q714712,Q1930187
Q714712,Q6625963
Q714712,Q4853732
Q715241,Q36180
Q715241,Q6625963
Q715241,Q18844224
Q715256,Q1930187
Q715256,Q36180
Q715256,Q6625963
Q715256,Q18844224
Q715505,Q36180
Q715505,Q6625963
Q715505,Q18844224
Q715505,Q1930187
Q715692,Q189290
Q715692,Q40348
Q715692,Q6625963
Q715692,Q36180
Q715796,Q36180
Q715796,Q6625963
Q715814,Q6625963
Q715814,Q214917
Q715814,Q36180
Q715814,Q49757
Q715814,Q876864
Q715814,Q589298
Q715945,Q49757
Q715945,Q1930187
Q715945,Q6625963
Q715945,Q82955
Q716696,Q6625963
Q716696,Q49757
Q716696,Q333634
Q717071,Q28389
Q717071,Q6625963
Q717071,Q36180
Q717071,Q18844224
Q717175,Q36180
Q717175,Q644687
Q717175,Q4853732
Q717175,Q6625963
Q717204,Q1930187
Q717204,Q6625963
Q717204,Q36180
Q717204,Q18844224
Q717204,Q28389
Q717204,Q4220892
Q717204,Q214917
Q717520,Q36180
Q717520,Q639669
Q717520,Q6625963
Q717602,Q36180
Q717602,Q6625963
Q717602,Q333634
Q717602,Q12144794
Q717771,Q6625963
Q717771,Q43845
Q717878,Q36180
Q717878,Q6625963
Q717878,Q49757
Q717936,Q36180
Q717936,Q28389
Q717936,Q6625963
Q717936,Q191633
Q717936,Q1930187
Q717936,Q18844224
Q718081,Q36180
Q718081,Q6625963
Q718081,Q47064
Q718081,Q639669
Q718081,Q214917
Q718081,Q182436
Q718262,Q36180
Q718262,Q6625963
Q718463,Q36180
Q718463,Q6625963
Q718463,Q500097
Q718463,Q4853732
Q718463,Q15949613
Q718665,Q1930187
Q718665,Q189290
Q718665,Q28389
Q718665,Q6625963
Q718665,Q36180
Q719046,Q1930187
Q719046,Q2722764
Q719046,Q1350157
Q719046,Q14915627
Q719046,Q36180
Q719046,Q6625963
Q719250,Q33999
Q719250,Q6625963
Q719250,Q36180
Q719250,Q214917
Q719250,Q18844224
Q719250,Q28389
Q719545,Q36180
Q719545,Q1930187
Q719545,Q6625963
Q719545,Q15949613
Q719649,Q36180
Q719649,Q1028181
Q719649,Q4853732
Q719649,Q6625963
Q719649,Q15949613
Q719735,Q36180
Q719735,Q6625963
Q719735,Q1930187
Q719735,Q185351
Q719735,Q12144794
Q719735,Q11774202
Q719735,Q49757
Q720182,Q189290
Q720182,Q11631
Q720182,Q6625963
Q720182,Q2095549
Q720199,Q1930187
Q720199,Q947873
Q720199,Q36180
Q720199,Q1086863
Q720199,Q17125263
Q720199,Q6625963
Q720199,Q10798782
Q720242,Q40348
Q720242,Q6625963
Q720242,Q82955
Q720306,Q36180
Q720306,Q6625963
Q720317,Q36180
Q720317,Q715301
Q720317,Q18844224
Q720317,Q6625963
Q720317,Q28389
Q720317,Q8246794
Q720370,Q1930187
Q720370,Q36180
Q720370,Q6625963
Q720370,Q28389
Q720435,Q42909
Q720435,Q28389
Q720435,Q6625963
Q720435,Q33999
Q720435,Q3282637
Q720435,Q1440873
Q720435,Q578109
Q720562,Q6625963
Q720562,Q36180
Q720562,Q18844224
Q720562,Q1607826
Q720562,Q876864
Q720669,Q6625963
Q720669,Q18844224
Q720669,Q36180
Q720669,Q5482740
Q720669,Q2462658
Q720779,Q169470
Q720779,Q6625963
Q720779,Q18844224
Q720782,Q33999
Q720782,Q28389
Q720782,Q6625963
Q720782,Q36180
Q720782,Q18545066
Q720782,Q10798782
Q720797,Q36180
Q720797,Q18844224
Q720797,Q6625963
Q720806,Q36180
Q720806,Q6625963
Q720806,Q11499147
Q720806,Q28389
Q721013,Q36180
Q721013,Q1090219
Q721013,Q1028181
Q721013,Q18844224
Q721013,Q6625963
Q721013,Q18939491
Q721013,Q15296811
Q721268,Q715301
Q721268,Q36180
Q721268,Q6625963
Q721268,Q18844224
Q721268,Q15296811
Q721268,Q11892507
Q721345,Q36180
Q721345,Q6625963
Q721345,Q18844224
Q721578,Q36180
Q721578,Q6625963
Q721578,Q28389
Q721578,Q6051619
Q721753,Q36180
Q721753,Q12144794
Q721753,Q6625963
Q721753,Q49757
Q721753,Q15949613
Q721753,Q9363889
Q721999,Q15949613
Q721999,Q6625963
Q721999,Q36180
Q721999,Q36834
Q722103,Q28389
Q722103,Q2526255
Q722103,Q6625963
Q722103,Q36180
Q722103,Q3455803
Q722103,Q482980
Q722202,Q1028181
Q722202,Q36180
Q722202,Q4263842
Q722202,Q1930187
Q722202,Q4853732
Q722202,Q4220892
Q722202,Q6625963
Q722202,Q17337766
Q722202,Q33999
Q722202,Q28389
Q722202,Q6051619
Q723159,Q6625963
Q723159,Q28389
Q723159,Q36180
Q723159,Q864380
Q723200,Q82955
Q723200,Q6625963
Q723200,Q40348
Q723200,Q36180
Q723354,Q36180
Q723354,Q6625963
Q723374,Q36180
Q723374,Q6625963
Q723374,Q18814623
Q723374,Q18844224
Q723374,Q5434338
Q723374,Q8963721
Q723374,Q11774202
Q723374,Q12406482
Q723374,Q15949613
Q723439,Q6625963
Q723439,Q36180
Q723439,Q644687
Q723468,Q36180
Q723468,Q6625963
Q723468,Q1250916
Q723468,Q708492
Q723591,Q36180
Q723591,Q18844224
Q723591,Q6625963
Q723621,Q82955
Q723621,Q4964182
Q723621,Q36180
Q723621,Q6625963
Q723621,Q11774202
Q723621,Q333634
Q723761,Q1622272
Q723761,Q1930187
Q723761,Q6625963
Q723761,Q3400985
Q723761,Q36180
Q723761,Q28389
Q723839,Q49757
Q723839,Q6625963
Q723839,Q1028181
Q723839,Q36180
Q723839,Q1930187
Q724395,Q189290
Q724395,Q193391
Q724395,Q6625963
Q724395,Q36180
Q724395,Q18844224
Q724395,Q12144794
Q724672,Q214917
Q724672,Q36180
Q724672,Q6625963
Q724672,Q49757
Q724672,Q4964182
Q724672,Q37226
Q724672,Q7246152
Q724786,Q40348
Q724786,Q6625963
Q724786,Q82955
Q724786,Q36180
Q724874,Q49757
Q724874,Q6625963
Q724874,Q36180
Q725065,Q6625963
Q725065,Q36180
Q725065,Q18844224
Q725248,Q18805
Q725248,Q36180
Q725248,Q18844224
Q725248,Q3745071
Q725248,Q6625963
Q725248,Q2374149
Q725248,Q37226
Q725344,Q28389
Q725344,Q36180
Q725344,Q6625963
Q725395,Q177220
Q725395,Q2259451
Q725395,Q10798782
Q725395,Q10800557
Q725395,Q6625963
Q725421,Q36180
Q725421,Q6625963
Q725421,Q4853732
Q725445,Q28389
Q725445,Q214917
Q725445,Q6625963
Q725445,Q36180
Q725475,Q36180
Q725475,Q4964182
Q725475,Q28389
Q725475,Q18844224
Q725475,Q6625963
Q726071,Q177220
Q726071,Q36180
Q726071,Q6625963
Q726071,Q2095549
Q726071,Q488205
Q726071,Q18814623
Q726071,Q33999
Q726071,Q4853732
Q726071,Q3282637
Q726071,Q131524
Q726071,Q55960555
Q726071,Q822146
Q726071,Q36834
Q726177,Q36180
Q726177,Q6625963
Q726177,Q4853732
Q726177,Q1930187
Q726194,Q36180
Q726194,Q1930187
Q726194,Q28389
Q726194,Q6625963
Q726194,Q3282637
Q726194,Q578109
Q726529,Q28389
Q726529,Q214917
Q726529,Q36180
Q726529,Q33999
Q726529,Q2526255
Q726529,Q6625963
Q726581,Q11892507
Q726581,Q1930187
Q726581,Q6625963
Q726581,Q9379869
Q726581,Q1414443
Q726865,Q4773904
Q726865,Q6625963
Q726865,Q36180
Q726865,Q1622272
Q726865,Q18844224
Q726967,Q36180
Q726967,Q49757
Q726967,Q214917
Q726967,Q6625963
Q727079,Q36180
Q727079,Q6625963
Q727148,Q551835
Q727148,Q49757
Q727148,Q1930187
Q727148,Q1622272
Q727148,Q18844224
Q727148,Q6625963
Q727148,Q82955
Q727148,Q36180
Q727331,Q28389
Q727331,Q2526255
Q727331,Q36180
Q727331,Q49757
Q727331,Q6625963
Q727331,Q4853732
Q727416,Q1930187
Q727416,Q36180
Q727416,Q6625963
Q727416,Q15949613
Q727705,Q14467526
Q727705,Q49757
Q727705,Q193391
Q727705,Q13570226
Q727705,Q333634
Q727705,Q4263842
Q727705,Q1930187
Q727705,Q864380
Q727705,Q6625963
Q727705,Q36180
Q727705,Q11774202
Q727705,Q4164507
Q727705,Q1622272
Q727717,Q36180
Q727717,Q1086863
Q727717,Q193391
Q727717,Q49757
Q727717,Q82955
Q727717,Q6625963
Q727856,Q6625963
Q727856,Q36180
Q728348,Q28389
Q728348,Q214917
Q728348,Q36180
Q728348,Q6625963
Q728348,Q15949613
Q728405,Q36180
Q728405,Q6625963
Q728405,Q49757
Q728558,Q28389
Q728558,Q214917
Q728558,Q36180
Q728558,Q6625963
Q728558,Q11774202
Q728558,Q18844224
Q728558,Q1028181
Q728558,Q1281618
Q728558,Q33999
Q729117,Q6625963
Q729117,Q1930187
Q729117,Q1622272
Q729117,Q4263842
Q729117,Q864380
Q729117,Q11774156
Q729117,Q11774202
Q729117,Q214917
Q729117,Q36180
Q729121,Q36180
Q729121,Q49757
Q729121,Q6625963
Q729121,Q18844224
Q729121,Q28389
Q729121,Q644687
Q729121,Q1028181
Q729121,Q3391743
Q729541,Q6625963
Q729541,Q214917
Q729541,Q1930187
Q729541,Q333634
Q729541,Q36180
Q729541,Q1607826
Q729541,Q22073916
Q729541,Q201788
Q729951,Q6625963
Q729951,Q36180
Q729951,Q8246794
Q730116,Q36180
Q730116,Q6625963
Q730223,Q14467526
Q730223,Q49757
Q730223,Q6625963
Q730223,Q250867
Q730223,Q36180
Q730223,Q333634
Q730223,Q2259532
Q730223,Q733786
Q730223,Q182436
Q731036,Q1930187
Q731036,Q36180
Q731036,Q6625963
Q731036,Q28389
Q731036,Q864380
Q731146,Q6625963
Q731146,Q36180
Q732128,Q6625963
Q732338,Q36180
Q732338,Q6625963
Q732434,Q36180
Q732434,Q1930187
Q732434,Q6625963
Q732434,Q15980158
Q732513,Q33999
Q732513,Q947873
Q732513,Q1930187
Q732513,Q36180
Q732513,Q6625963
Q732513,Q639669
Q732513,Q13590141
Q732513,Q2526255
Q732550,Q6625963
Q732568,Q36180
Q732568,Q1930187
Q732568,Q6625963
Q732568,Q214917
Q732568,Q28389
Q732618,Q49757
Q732618,Q6625963
Q732618,Q36180
Q732668,Q28389
Q732668,Q36180
Q732668,Q6625963
Q732668,Q33999
Q732729,Q6625963
Q732729,Q175151
Q732729,Q18939491
Q732729,Q214917
Q732729,Q18844224
Q732729,Q333634
Q732980,Q36180
Q732980,Q6625963
Q732980,Q1930187
Q732980,Q2526255
Q732980,Q876864
Q733112,Q6625963
Q733112,Q333634
Q733112,Q2516852
Q733112,Q28389
Q733112,Q36180
Q733112,Q822146
Q733151,Q36180
Q733151,Q6625963
Q733161,Q13391399
Q733161,Q36180
Q733161,Q6625963
Q733174,Q1930187
Q733174,Q11774202
Q733174,Q6625963
Q733174,Q36180
Q733174,Q28389
Q733174,Q4263842
Q733174,Q333634
Q733174,Q4164507
Q733235,Q36180
Q733235,Q6625963
Q733393,Q551835
Q733393,Q6625963
Q733393,Q214917
Q733393,Q36180
Q733417,Q28389
Q733417,Q6625963
Q733417,Q487596
Q733417,Q1028181
Q733417,Q214917
Q733417,Q69423232
Q733417,Q73306227
Q733417,Q36180
Q733547,Q36180
Q733547,Q1930187
Q733547,Q6625963
Q733547,Q2526255
Q733850,Q36180
Q733850,Q6625963
Q733850,Q1930187
Q733850,Q18939491
Q733850,Q18844224
Q734018,Q6625963
Q734018,Q333634
Q734018,Q1930187
Q734018,Q36180
Q734092,Q6625963
Q734092,Q1209498
Q734092,Q40348
Q734278,Q6625963
Q734278,Q1930187
Q734278,Q864380
Q734278,Q4853732
Q734397,Q6625963
Q734397,Q214917
Q734397,Q49757
Q736123,Q6625963
Q736123,Q1930187
Q736123,Q1622272
Q736123,Q36180
Q736137,Q36180
Q736137,Q6625963
Q736137,Q4853732
Q736143,Q36180
Q736143,Q11774202
Q736143,Q49757
Q736143,Q333634
Q736143,Q1930187
Q736143,Q6625963
Q736143,Q864380
Q736143,Q639669
Q736343,Q6625963
Q736343,Q36180
Q736343,Q18844224
Q736343,Q40348
Q736343,Q1607826
Q736343,Q5434338
Q736343,Q185351
Q736447,Q36180
Q736447,Q28389
Q736447,Q6625963
Q736447,Q1622272
Q736447,Q18844224
Q736570,Q6625963
Q736570,Q36180
Q736570,Q1622272
Q736570,Q49757
Q736570,Q16308156
Q736597,Q36180
Q736597,Q6625963
Q736597,Q333634
Q736900,Q36180
Q736900,Q1569495
Q736900,Q15949613
Q736900,Q214917
Q736900,Q6625963
Q736990,Q36180
Q736990,Q1930187
Q736990,Q6625963
Q737191,Q1930187
Q737191,Q6625963
Q737191,Q36180
Q737265,Q6625963
Q737265,Q18814623
Q737570,Q36180
Q737570,Q28389
Q737570,Q639669
Q737570,Q6625963
Q737570,Q1028181
Q737570,Q214917
Q737570,Q18844224
Q737768,Q49757
Q737768,Q214917
Q737768,Q36180
Q737768,Q6625963
Q737768,Q28389
Q738114,Q36180
Q738114,Q6625963
Q738114,Q1930187
Q738114,Q28389
Q738248,Q6625963
Q738248,Q36180
Q738248,Q40348
Q738911,Q36180
Q738911,Q6625963
Q738911,Q28389
Q739129,Q49757
Q739129,Q214917
Q739129,Q36180
Q739129,Q2526255
Q739129,Q33231
Q739129,Q28389
Q739129,Q33999
Q739129,Q6625963
Q739129,Q11122954
Q739129,Q822146
Q739129,Q753110
Q739129,Q3455803
Q739385,Q36180
Q739385,Q6625963
Q739385,Q18844224
Q739555,Q6625963
Q739555,Q36180
Q739555,Q28389
Q739555,Q214917
Q739973,Q1930187
Q739973,Q5322166
Q739973,Q6625963
Q739973,Q36180
Q740130,Q2526255
Q740130,Q28389
Q740130,Q6625963
Q740130,Q69423232
Q740256,Q36180
Q740256,Q1930187
Q740256,Q4263842
Q740256,Q6625963
Q740374,Q36180
Q740374,Q6625963
Q740374,Q28389
Q740374,Q33999
Q740374,Q43845
Q740928,Q36180
Q740928,Q6625963
Q740928,Q1622272
Q740928,Q18844224
Q740928,Q28389
Q741508,Q81096
Q741508,Q6625963
Q741508,Q36180
Q741508,Q18844224
Q741671,Q36180
Q741671,Q6625963
Q741671,Q11774202
Q741671,Q11313148
Q741671,Q37226
Q741744,Q36180
Q741744,Q28389
Q741744,Q266569
Q741744,Q715301
Q741744,Q1414443
Q741744,Q644687
Q741744,Q1028181
Q741744,Q107212688
Q741744,Q15296811
Q741744,Q17505902
Q741744,Q3024627
Q741744,Q123338797
Q741744,Q6625963
Q741862,Q36180
Q741862,Q49757
Q741862,Q1930187
Q741862,Q36834
Q741862,Q6625963
Q741862,Q11774202
Q741862,Q214917
Q741862,Q18844224
Q741862,Q82955
Q741862,Q333634
Q741862,Q6673651
Q742170,Q49757
Q742170,Q18814623
Q742170,Q6625963
Q742170,Q1930187
Q742170,Q864380
Q742170,Q36180
Q742622,Q36180
Q742622,Q2526255
Q742622,Q28389
Q742622,Q6625963
Q742622,Q1930187
Q742622,Q3455803
Q742632,Q36180
Q742632,Q6625963
Q742632,Q28389
Q742632,Q1930187
Q742632,Q18844224
Q742632,Q6051619
Q742918,Q36180
Q742918,Q6625963
Q742918,Q18844224
Q743035,Q1930187
Q743035,Q28389
Q743035,Q36180
Q743035,Q40348
Q743035,Q6625963
Q743079,Q28389
Q743079,Q36180
Q743079,Q6625963
Q743079,Q18844224
Q743682,Q36180
Q743682,Q1930187
Q743682,Q6625963
Q743767,Q49757
Q743767,Q6625963
Q743767,Q36180
Q743767,Q4263842
Q744488,Q36180
Q744488,Q6625963
Q744488,Q4263842
Q744488,Q4164507
Q744488,Q1930187
Q744488,Q1792450
Q744956,Q214917
Q744956,Q36180
Q744956,Q6625963
Q744956,Q82955
Q744956,Q49757
Q744956,Q17337766
Q745244,Q6625963
Q745244,Q36180
Q745244,Q214917
Q745244,Q37226
Q745363,Q1930187
Q745363,Q36180
Q745363,Q49757
Q745363,Q18844224
Q745363,Q876864
Q745363,Q6625963
Q745528,Q36180
Q745528,Q49757
Q745528,Q2516866
Q745528,Q6625963
Q745528,Q15980158
Q745528,Q4164507
Q745528,Q82955
Q745528,Q23833535
Q746018,Q36180
Q746018,Q6625963
Q746018,Q10297252
Q746018,Q512345
Q746018,Q107436166
Q746018,Q4610556
Q746999,Q28389
Q746999,Q18844224
Q746999,Q6625963
Q746999,Q1053574
Q746999,Q578109
Q747270,Q49757
Q747270,Q214917
Q747270,Q6625963
Q747284,Q170790
Q747284,Q6625963
Q747284,Q36180
Q749498,Q6625963
Q749560,Q36180
Q749560,Q6625963
Q749560,Q4263842
Q749714,Q36180
Q749714,Q6625963
Q750036,Q6625963
Q750036,Q36180
Q750904,Q6625963
Q751234,Q6625963
Q751234,Q36180
Q751592,Q6625963
Q751592,Q28389
Q751592,Q36180
Q752765,Q2526255
Q752765,Q6625963
Q752765,Q28389
Q752765,Q36180
Q752765,Q3282637
Q752765,Q578109
Q753365,Q193391
Q753365,Q82955
Q753365,Q40348
Q753365,Q6625963
Q753365,Q36180
Q758126,Q28389
Q758126,Q49757
Q758126,Q36180
Q758126,Q1930187
Q758126,Q6625963
Q758879,Q6625963
Q758879,Q49757
Q758879,Q333634
Q759024,Q482980
Q759024,Q6625963
Q759024,Q1622272
Q759024,Q36180
Q760867,Q6625963
Q760867,Q36180
Q760867,Q1930187
Q761152,Q6625963
Q761152,Q28389
Q761152,Q1053574
Q761152,Q69423232
Q761453,Q4773904
Q761453,Q6625963
Q761453,Q36180
Q761453,Q28389
Q761453,Q1930187
Q761453,Q3621491
Q762719,Q1930187
Q762719,Q36180
Q762719,Q11774202
Q762719,Q49757
Q762719,Q6625963
Q763218,Q6625963
Q763218,Q201788
Q763218,Q2306091
Q763218,Q36180
Q763218,Q1622272
Q763218,Q18844224
Q763218,Q37226
Q763218,Q6051619
Q763341,Q36180
Q763341,Q6625963
Q763341,Q1930187
Q763341,Q10297252
Q764105,Q2526255
Q764105,Q6625963
Q764105,Q28389
Q764105,Q3282637
Q764105,Q10800557
Q764105,Q33999
Q764105,Q3455803
Q764105,Q465501
Q764591,Q6625963
Q764591,Q36180
Q764591,Q28389
Q764800,Q36180
Q764800,Q6625963
Q764800,Q4853732
Q764889,Q1930187
Q764889,Q36180
Q764889,Q6625963
Q765363,Q1930187
Q765363,Q6625963
Q765363,Q36180
Q765423,Q36180
Q765423,Q6625963
Q765423,Q49757
Q765423,Q578478
Q765747,Q33231
Q765747,Q6625963
Q765747,Q36180
Q765747,Q3391743
Q765755,Q36180
Q765755,Q6625963
Q765755,Q635734
Q765918,Q14467526
Q765918,Q333634
Q765918,Q6625963
Q765918,Q36180
Q766235,Q36180
Q766235,Q6625963
Q766235,Q28389
Q766235,Q69423232
Q766723,Q4964182
Q766723,Q36180
Q766723,Q864380
Q766723,Q6625963
Q766723,Q2468727
Q766768,Q36180
Q766768,Q214917
Q766768,Q6625963
Q767118,Q6625963
Q767118,Q1930187
Q767118,Q864380
Q767118,Q49757
Q767118,Q333634
Q767226,Q49757
Q767226,Q40348
Q767226,Q6625963
Q767226,Q11122954
Q767437,Q36180
Q767437,Q28389
Q767437,Q1930187
Q767437,Q4853732
Q767437,Q11892507
Q767437,Q12869138
Q767437,Q6625963
Q767437,Q15949613
Q767439,Q36180
Q767439,Q1930187
Q767439,Q6625963
Q767547,Q36180
Q767547,Q19607300
Q767547,Q2526255
Q767547,Q864380
Q767547,Q28389
Q767547,Q6625963
Q768038,Q82955
Q768038,Q1930187
Q768038,Q6625963
Q768038,Q36180
Q768296,Q214917
Q768296,Q6625963
Q768296,Q15949613
Q768296,Q36180
Q768296,Q28389
Q768776,Q6625963
Q768776,Q28389
Q768776,Q18844224
Q768776,Q36180
Q768810,Q6625963
Q768810,Q36180
Q768810,Q18844224
Q768866,Q18844224
Q768866,Q6625963
Q769236,Q212980
Q769236,Q36180
Q769236,Q211346
Q769236,Q6625963
Q770423,Q36180
Q770423,Q214917
Q770423,Q6625963
Q770423,Q333634
Q770423,Q15949613
Q770929,Q6625963
Q770929,Q36180
Q771270,Q14467526
Q771270,Q49757
Q771270,Q16533
Q771270,Q333634
Q771270,Q1622272
Q771270,Q36180
Q771270,Q40348
Q771270,Q6625963
Q771270,Q12406482
Q771295,Q36180
Q771295,Q214917
Q771295,Q49757
Q771295,Q6625963
Q771295,Q28389
Q771698,Q36180
Q771698,Q6625963
Q771698,Q864380
Q771698,Q18844224
Q771698,Q3621491
Q772240,Q6625963
Q772240,Q214917
Q772240,Q49757
Q772240,Q36180
Q772618,Q6625963
Q772618,Q36180
Q772618,Q28389
Q773042,Q1930187
Q773042,Q36180
Q773042,Q6625963
Q773042,Q28389
Q773361,Q36180
Q773361,Q6625963
Q773361,Q11774202
Q773361,Q333634
Q773361,Q15949613
Q773389,Q6625963
Q773389,Q214917
Q773389,Q36180
Q773828,Q201788
Q773828,Q1930187
Q773828,Q6625963
Q773828,Q36180
Q773828,Q15627169
Q773828,Q4964182
Q773828,Q15253558
Q773828,Q11499147
Q773828,Q333634
Q774280,Q36180
Q774280,Q4853732
Q774280,Q1930187
Q774280,Q10333969
Q774280,Q6625963
Q774860,Q36180
Q774860,Q4853732
Q774860,Q6625963
Q776999,Q6625963
Q776999,Q36180
Q776999,Q13570226
Q776999,Q17167049
Q776999,Q1622272
Q776999,Q11499929
Q777354,Q82955
Q777354,Q43845
Q777354,Q36180
Q777354,Q6625963
Q777354,Q11774202
Q777354,Q40348
Q777354,Q876864
Q777354,Q947873
Q778347,Q36180
Q778347,Q6625963
Q778347,Q28389
Q778347,Q855091
Q778501,Q36180
Q778501,Q3282637
Q778501,Q2526255
Q778501,Q28389
Q778501,Q3455803
Q778501,Q6625963
Q778585,Q3455803
Q778585,Q6625963
Q778585,Q28389
Q778585,Q4853732
Q778585,Q3282637
Q778585,Q18844224
Q778585,Q578109
Q778585,Q2526255
Q778983,Q6625963
Q778983,Q639669
Q778983,Q822146
Q778983,Q177220
Q778983,Q36834
Q779144,Q6625963
Q779144,Q28389
Q779248,Q6625963
Q779248,Q28389
Q779972,Q36180
Q779972,Q6625963
Q780102,Q1028181
Q780102,Q36180
Q780102,Q1930187
Q780102,Q1607826
Q780102,Q6625963
Q780102,Q4263842
Q780102,Q15296811
Q780102,Q49757
Q780102,Q6430706
Q780102,Q483501
Q780739,Q36180
Q780739,Q6625963
Q780739,Q18844224
Q780739,Q54845077
Q780739,Q11892507
Q781094,Q81096
Q781094,Q6625963
Q781094,Q36180
Q781094,Q28389
Q782738,Q36180
Q782738,Q82955
Q782738,Q1930187
Q782738,Q49757
Q782738,Q76418315
Q782738,Q6625963
Q782813,Q1930187
Q782813,Q6625963
Q782813,Q36180
Q782813,Q214917
Q782991,Q6625963
Q782991,Q36180
Q782991,Q18844224
Q784797,Q36180
Q784797,Q6625963
Q785550,Q36180
Q785550,Q1930187
Q785550,Q6625963
Q786616,Q36180
Q786616,Q1234713
Q786616,Q18844224
Q786616,Q6625963
Q786616,Q1423891
Q786927,Q36180
Q786927,Q4853732
Q786927,Q6625963
Q787382,Q6625963
Q787382,Q36180
Q787382,Q18844224
Q791729,Q36180
Q791729,Q6625963
Q791729,Q4853732
Q792910,Q36180
Q792910,Q1930187
Q792910,Q6625963
Q792956,Q36180
Q792956,Q6625963
Q792956,Q333634
Q792956,Q1622272
Q792956,Q2516866
Q792956,Q28389
Q792956,Q1607826
Q792956,Q49757
Q792956,Q11774202
Q793776,Q1930187
Q793776,Q36180
Q793776,Q6625963
Q793776,Q49757
Q793808,Q36180
Q793808,Q6625963
Q793895,Q36180
Q793895,Q6625963
Q793895,Q28389
Q793895,Q18844224
Q794087,Q28389
Q794087,Q188094
Q794087,Q82955
Q794087,Q6625963
Q794087,Q36180
Q794087,Q1622272
Q794087,Q2306091
Q794087,Q4853732
Q794213,Q36180
Q794213,Q6625963
Q794906,Q6625963
Q796362,Q36180
Q796362,Q6625963
Q797649,Q14467526
Q797649,Q49757
Q797649,Q333634
Q797649,Q6625963
Q797649,Q4263842
Q797649,Q36180
Q797649,Q1930187
Q799227,Q6625963
Q799227,Q28389
Q799227,Q36180
Q799543,Q1930187
Q799543,Q6625963
Q799543,Q36180
Q800187,Q333634
Q800187,Q36180
Q800187,Q6625963
Q807448,Q49757
Q807448,Q36180
Q807448,Q214917
Q807448,Q6625963
Q808178,Q6625963
Q808178,Q36180
Q808178,Q18844224
Q808413,Q36180
Q808413,Q6625963
Q809012,Q28389
Q809012,Q6625963
Q809012,Q36180
Q809012,Q18844224
Q809020,Q6625963
Q809020,Q36180
Q809033,Q36180
Q809033,Q6625963
Q809050,Q6625963
Q809050,Q36180
Q809062,Q2059704
Q809062,Q28389
Q809062,Q3282637
Q809062,Q6625963
Q809062,Q10800557
Q809062,Q10798782
Q809062,Q578109
Q809062,Q2526255
Q809062,Q47541952
Q809062,Q3455803
Q809063,Q36180
Q809063,Q33231
Q809063,Q12356615
Q809063,Q11774202
Q809063,Q6625963
Q809093,Q639669
Q809093,Q6625963
Q809093,Q488205
Q809093,Q4991371
Q812105,Q49757
Q812105,Q193391
Q812105,Q6625963
Q812105,Q36180
Q812105,Q4263842
Q812105,Q1930187
Q812105,Q6430706
Q812105,Q333634
Q812105,Q82955
Q812105,Q11900058
Q812105,Q822146
Q813244,Q6625963
Q813244,Q36180
Q816409,Q28389
Q816409,Q6625963
Q816409,Q18844224
Q816409,Q43845
Q816409,Q36180
Q816429,Q28389
Q816429,Q6625963
Q816429,Q1930187
Q816429,Q18844224
Q816553,Q36180
Q816553,Q6625963
Q817380,Q6625963
Q817380,Q36180
Q817380,Q4853732
Q817381,Q1930187
Q817381,Q6625963
Q817381,Q36180
Q817443,Q6625963
Q817443,Q1622272
Q817443,Q36180
Q817443,Q16308156
Q817585,Q482980
Q817585,Q36180
Q817585,Q6625963
Q817587,Q6625963
Q817587,Q36180
Q821018,Q36180
Q821018,Q5121444
Q821018,Q1930187
Q821018,Q6625963
Q821018,Q11774202
Q821018,Q28389
Q821018,Q47064
Q821018,Q23833535
Q822155,Q6625963
Q822155,Q36180
Q822793,Q6625963
Q822793,Q36180
Q822793,Q18844224
Q822971,Q1930187
Q822971,Q36180
Q822971,Q6625963
Q822971,Q333634
Q822971,Q214917
Q823003,Q36180
Q823003,Q6625963
Q823003,Q49757
Q823003,Q16533
Q823003,Q1930187
Q827708,Q6625963
Q827708,Q36180
Q831125,Q49757
Q831125,Q6625963
Q831125,Q36180
Q831125,Q18844224
Q831125,Q4853732
Q832785,Q6625963
Q835759,Q36180
Q835759,Q6625963
Q835759,Q11774202
Q835766,Q6625963
Q835766,Q622807
Q835766,Q33999
Q838661,Q37226
Q838661,Q201788
Q838661,Q6625963
Q838661,Q36180
Q838661,Q18844224
Q840990,Q6625963
Q840990,Q36180
Q841464,Q6625963
Q841464,Q36180
Q841464,Q1930187
Q842334,Q6625963
Q842334,Q4263842
Q842464,Q6625963
Q842534,Q6625963
Q842534,Q333634
Q842534,Q36180
Q842534,Q644687
Q843541,Q36180
Q843541,Q6625963
Q843541,Q18844224
Q843699,Q36180
Q843699,Q49757
Q843699,Q6625963
Q843699,Q333634
Q843830,Q6625963
Q843830,Q36180
Q843837,Q6625963
Q843837,Q18844224
Q843837,Q36180
Q844318,Q6625963
Q844318,Q28389
Q844318,Q36180
Q844318,Q876864
Q845622,Q6625963
Q845622,Q81096
Q845622,Q11774202
Q848530,Q6625963
Q848716,Q6625963
Q848716,Q36180
Q848865,Q6625963
Q850141,Q36180
Q850141,Q49757
Q850141,Q214917
Q850141,Q36834
Q850141,Q6625963
Q850141,Q1607826
Q850436,Q6625963
Q850436,Q36180
Q851805,Q36180
Q851805,Q6625963
Q851805,Q4853732
Q852306,Q6625963
Q852306,Q36180
Q854737,Q6625963
Q854737,Q36180
Q856014,Q36180
Q856014,Q201788
Q856014,Q185351
Q856014,Q6625963
Q856014,Q14284
Q857714,Q214917
Q857714,Q6625963
Q857714,Q4964182
Q857714,Q49757
Q857714,Q17337766
Q859065,Q49757
Q859065,Q6625963
Q859065,Q36180
Q859065,Q4263842
Q859065,Q18844224
Q859065,Q4853732
Q859065,Q62083492
Q859960,Q6625963
Q859960,Q36180
Q859960,Q109517242
Q860169,Q4773904
Q860169,Q3055126
Q860169,Q350979
Q860169,Q6625963
Q860169,Q18805
Q860169,Q901402
Q860169,Q201788
Q860169,Q82955
Q860169,Q2994439
Q860169,Q17344952
Q860169,Q599151
Q860495,Q6625963
Q861002,Q6625963
Q861482,Q36180
Q861482,Q6625963
Q861482,Q18844224
Q861482,Q1930187
Q861482,Q1757008
Q861482,Q33999
Q861482,Q10730252
Q862329,Q639669
Q862329,Q36180
Q862329,Q6625963
Q862364,Q6625963
Q862364,Q4263842
Q862364,Q1622272
Q862364,Q36180
Q862387,Q36180
Q862387,Q18844224
Q862387,Q6625963
Q862935,Q36180
Q862935,Q333634
Q862935,Q6625963
Q862935,Q28389
Q863049,Q49757
Q863049,Q36834
Q863049,Q6625963
Q863049,Q36180
Q863049,Q1028181
Q863049,Q855091
Q864327,Q1930187
Q864327,Q18844224
Q864327,Q6625963
Q865684,Q6625963
Q865684,Q36180
Q866183,Q622807
Q866183,Q33999
Q866183,Q6625963
Q866183,Q36180
Q866272,Q49757
Q866272,Q82955
Q866272,Q14467526
Q866272,Q214917
Q866272,Q6625963
Q866496,Q36180
Q866496,Q6625963
Q866496,Q10297252
Q867852,Q1930187
Q867852,Q49757
Q867852,Q4853732
Q867852,Q23833535
Q867852,Q6625963
Q867852,Q6430706
Q867852,Q36180
Q867852,Q4263842
Q871235,Q1930187
Q871235,Q36180
Q871235,Q9149093
Q871235,Q6625963
Q872066,Q14467526
Q872066,Q36180
Q872066,Q333634
Q872066,Q6625963
Q872066,Q1622272
Q879237,Q36180
Q879237,Q2526255
Q879237,Q28389
Q879237,Q214917
Q879237,Q1414443
Q879237,Q6625963
Q879237,Q193891
Q879550,Q487596
Q879550,Q36180
Q879550,Q1622272
Q879550,Q3387717
Q879550,Q214917
Q879550,Q11774202
Q879550,Q3455803
Q879550,Q6625963
Q881422,Q6625963
Q881422,Q36180
Q882937,Q214917
Q882937,Q8178443
Q882937,Q36180
Q882937,Q3455803
Q882937,Q6625963
Q887050,Q6625963
Q887050,Q214917
Q887050,Q36180
Q887050,Q28389
Q887050,Q12144794
Q890980,Q36180
Q890980,Q6625963
Q890980,Q18844224
Q892108,Q6625963
Q892108,Q36180
Q892108,Q28389
Q892108,Q201788
Q893138,Q214917
Q893138,Q6625963
Q893138,Q36180
Q893138,Q28389
Q893138,Q4853732
Q893138,Q82955
Q893781,Q6625963
Q893781,Q36180
Q893781,Q1930187
Q893781,Q28389
Q894981,Q6625963
Q894981,Q36180
Q896344,Q49757
Q896344,Q333634
Q896344,Q36180
Q896344,Q822146
Q896344,Q753110
Q896344,Q28389
Q896344,Q6625963
Q896344,Q2526255
Q896817,Q49757
Q896817,Q6625963
Q896817,Q1622272
Q896846,Q28389
Q896846,Q6625963
Q896846,Q36180
Q896846,Q4853732
Q897008,Q6625963
Q897008,Q36180
Q897008,Q482980
Q897008,Q18844224
Q897008,Q5434338
Q898322,Q36180
Q898322,Q201788
Q898322,Q6625963
Q903331,Q182436
Q903331,Q201788
Q903331,Q6625963
Q903331,Q18814623
Q903331,Q36180
Q904489,Q6625963
Q904489,Q36180
Q904686,Q6625963
Q904686,Q36180
Q904686,Q201788
Q905100,Q36180
Q905100,Q6625963
Q905100,Q28389
Q905100,Q18844224
Q905100,Q4853732
Q905323,Q1930187
Q905323,Q593644
Q905323,Q6625963
Q905323,Q36180
Q905323,Q49757
Q905323,Q6430706
Q905323,Q6051619
Q905323,Q333634
Q906193,Q36180
Q906193,Q6625963
Q906814,Q6625963
Q906814,Q2526255
Q906814,Q28389
Q907166,Q6625963
Q908571,Q28389
Q908571,Q6625963
Q908571,Q36180
Q908573,Q6625963
Q908573,Q36180
Q908589,Q6625963
Q908589,Q36180
Q908589,Q18844224
Q908589,Q109530978
Q908589,Q127695489
Q908592,Q6625963
Q908592,Q36180
Q908648,Q6625963
Q908648,Q36180
Q909874,Q36180
Q909874,Q6625963
Q910123,Q6625963
Q910123,Q28389
Q910123,Q36180
Q910538,Q36180
Q910538,Q6625963
Q910538,Q4853732
Q910762,Q6625963
Q910762,Q36180
Q910800,Q36180
Q910800,Q6625963
Q910839,Q6625963
Q910839,Q36180
Q910874,Q6625963
Q910874,Q36180
Q911939,Q49757
Q911939,Q6625963
Q911939,Q36180
Q911939,Q1930187
Q911939,Q876864
Q912023,Q1930187
Q912023,Q201788
Q912023,Q36180
Q912023,Q6625963
Q912271,Q1930187
Q912271,Q201788
Q912271,Q214917
Q912271,Q6625963
Q912271,Q8178443
Q912271,Q36180
Q912271,Q1776724
Q912348,Q6625963
Q912348,Q36180
Q912348,Q1930187
Q912348,Q6051619
Q912348,Q33231
Q912348,Q639669
Q912443,Q6625963
Q912443,Q36180
Q912602,Q6625963
Q912602,Q36180
Q912791,Q6625963
Q912791,Q28389
Q912791,Q36180
Q912791,Q1622272
Q912791,Q1930187
Q912801,Q6625963
Q912801,Q1930187
Q913028,Q36180
Q913028,Q3282637
Q913028,Q28389
Q913028,Q2526255
Q913028,Q214917
Q913028,Q49757
Q913028,Q3455803
Q913028,Q6051619
Q913028,Q33999
Q913028,Q6625963
Q913061,Q36180
Q913061,Q644687
Q913061,Q2629392
Q913061,Q4853732
Q913061,Q6625963
Q913403,Q28389
Q913403,Q6625963
Q913403,Q36180
Q913403,Q18844224
Q913403,Q1607826
Q914014,Q6625963
Q914014,Q36180
Q914014,Q49757
Q916286,Q6625963
Q916286,Q333634
Q916286,Q998550
Q917004,Q33999
Q917004,Q245068
Q917004,Q36180
Q917004,Q6625963
Q917004,Q28389
Q917004,Q177220
Q917004,Q10798782
Q917004,Q3282637
Q917004,Q578109
Q917004,Q10800557
Q917004,Q2059704
Q917010,Q36180
Q917010,Q6625963
Q917010,Q1930187
Q917010,Q28389
Q917010,Q4853732
Q917570,Q36180
Q917570,Q49757
Q917570,Q1028181
Q917570,Q2490358
Q917570,Q6625963
Q917570,Q15296811
Q917570,Q33231
Q917570,Q7016454
Q918443,Q10497074
Q918443,Q81096
Q918443,Q6625963
Q918443,Q36180
Q918443,Q18844224
Q918443,Q11063
Q918455,Q49757
Q918455,Q6625963
Q918553,Q36180
Q918553,Q6625963
Q918764,Q36180
Q918764,Q49757
Q918764,Q82955
Q918764,Q6625963
Q918764,Q1930187
Q918937,Q82955
Q918937,Q6625963
Q918937,Q36180
Q918937,Q18844224
Q918937,Q27532437
Q919277,Q36180
Q919277,Q6625963
Q919277,Q18844224
Q919277,Q33231
Q919277,Q45199
Q919277,Q15982795
Q919448,Q82955
Q919448,Q40348
Q919448,Q6625963
Q919448,Q193391
Q919515,Q36180
Q919515,Q6625963
Q919515,Q1930187
Q919515,Q214917
Q919515,Q9334029
Q919515,Q12406482
Q919515,Q1086863
Q919515,Q10800557
Q919515,Q69423232
Q919835,Q36180
Q919835,Q201788
Q919835,Q1930187
Q919835,Q18814623
Q919835,Q28389
Q919835,Q82955
Q919835,Q6625963
Q919835,Q4853732
Q920901,Q33231
Q920901,Q6625963
Q920901,Q36180
Q920901,Q49757
Q920901,Q6430706
Q920996,Q36180
Q920996,Q6625963
Q920996,Q28389
Q920996,Q17167049
Q921225,Q36180
Q921225,Q6625963
Q921435,Q49757
Q921435,Q193391
Q921435,Q36180
Q921435,Q121594
Q921435,Q6625963
Q921435,Q82955
Q921435,Q83307
Q921584,Q36180
Q921584,Q4263842
Q921584,Q4964182
Q921584,Q6625963
Q921584,Q1622272
Q921584,Q6430706
Q921584,Q24885626
Q921603,Q6625963
Q921603,Q36180
Q921603,Q18844224
Q921808,Q1930187
Q921808,Q211346
Q921808,Q6625963
Q921808,Q18533509
Q921808,Q36180
Q921808,Q8246794
Q921925,Q6625963
Q921925,Q36180
Q921925,Q28389
Q921925,Q753110
Q922053,Q28389
Q922053,Q36180
Q922053,Q6625963
Q922071,Q6625963
Q922071,Q36180
Q922071,Q18844224
Q922191,Q36180
Q922191,Q49757
Q922191,Q6625963
Q922191,Q1930187
Q922191,Q4853732
Q922191,Q1607826
Q922345,Q49757
Q922345,Q6625963
Q922345,Q36180
Q922345,Q4263842
Q922427,Q6625963
Q922427,Q1930187
Q922427,Q36180
Q922427,Q1607826
Q922457,Q164236
Q922457,Q1930187
Q922457,Q6625963
Q922457,Q214917
Q922457,Q36180
Q922467,Q36180
Q922467,Q1930187
Q922467,Q6625963
Q922467,Q37226
Q922467,Q551835
Q922467,Q39631
Q922760,Q36180
Q922760,Q6625963
Q922795,Q1930187
Q922795,Q36180
Q922795,Q82955
Q922795,Q28389
Q922795,Q6625963
Q922795,Q15949613
Q923019,Q6625963
Q923019,Q214917
Q923019,Q36180
Q923019,Q12144794
Q923499,Q6625963
Q923499,Q36180
Q924430,Q10297252
Q924430,Q28389
Q924430,Q214917
Q924430,Q6625963
Q924430,Q49757
Q925520,Q49757
Q925520,Q6625963
Q925520,Q36180
Q925520,Q333634
Q926034,Q2526255
Q926034,Q28389
Q926034,Q6625963
Q926034,Q4220892
Q926034,Q36834
Q926338,Q1930187
Q926338,Q1607826
Q926338,Q6625963
Q926338,Q18844224
Q926682,Q36180
Q926682,Q1930187
Q926682,Q6625963
Q926682,Q4853732
Q926682,Q18844224
Q927759,Q6625963
Q927759,Q36180
Q927759,Q333634
Q928940,Q487596
Q928940,Q214917
Q928940,Q28389
Q928940,Q36180
Q928940,Q876864
Q928940,Q15949613
Q928940,Q6625963
Q929268,Q11499147
Q929268,Q482980
Q929268,Q6625963
Q929268,Q36180
Q929268,Q1930187
Q929268,Q19509201
Q929597,Q1930187
Q929597,Q6625963
Q929597,Q36180
Q929597,Q6051619
Q930489,Q36180
Q930489,Q6625963
Q930619,Q6625963
Q930619,Q18844224
Q930619,Q1930187
Q931105,Q36180
Q931105,Q1930187
Q931105,Q49757
Q931105,Q6051619
Q931105,Q12406482
Q931105,Q11774202
Q931105,Q6625963
Q931637,Q36180
Q931637,Q18844224
Q931637,Q33999
Q931637,Q177220
Q931637,Q6625963
Q931954,Q49757
Q931954,Q6625963
Q931954,Q36180
Q932891,Q36180
Q932891,Q6625963
Q932891,Q11774202
Q932891,Q864380
Q933019,Q36180
Q933019,Q6625963
Q933918,Q36180
Q933918,Q6625963
Q933918,Q18814623
Q933918,Q2095549
Q934642,Q6625963
Q934642,Q774306
Q934642,Q28389
Q934642,Q169470
Q934642,Q333634
Q934642,Q551835
Q934682,Q164236
Q934682,Q1930187
Q934682,Q18814623
Q934682,Q6051619
Q934682,Q11774202
Q934682,Q6625963
Q934682,Q36180
Q935706,Q36180
Q935706,Q6625963
Q935706,Q49757
Q935706,Q876864
Q936028,Q6625963
Q936028,Q36180
Q936028,Q4853732
Q936029,Q6625963
Q936029,Q36180
Q937000,Q6625963
Q937000,Q36180
Q937000,Q212980
Q937000,Q18844224
Q937000,Q189290
Q937000,Q4991371
Q937000,Q193391
Q937232,Q33999
Q937232,Q28389
Q937232,Q49757
Q937232,Q947873
Q937232,Q37226
Q937232,Q8178443
Q937232,Q36180
Q937232,Q10798782
Q937232,Q6625963
Q937232,Q10800557
Q937232,Q36834
Q937232,Q2095549
Q937232,Q578109
Q937232,Q3282637
Q937232,Q73306227
Q937232,Q69423232
Q937232,Q2405480
Q937610,Q36180
Q937610,Q6625963
Q937610,Q4964182
Q937610,Q11774202
Q937610,Q28389
Q937610,Q3578589
Q937697,Q36180
Q937697,Q6625963
Q937697,Q15077007
Q937697,Q8246794
Q937697,Q17125263
Q937697,Q2526255
Q937697,Q131524
Q937697,Q33999
Q937697,Q1642960
Q937815,Q28389
Q937815,Q36180
Q937815,Q1930187
Q937815,Q6625963
Q937835,Q1930187
Q937835,Q28389
Q937835,Q482980
Q937835,Q164236
Q937835,Q6051619
Q937835,Q36180
Q937835,Q6625963
Q937897,Q36180
Q937897,Q487596
Q937897,Q1414443
Q937897,Q33999
Q937897,Q6625963
Q937897,Q15949613
Q937897,Q2526255
Q938005,Q82955
Q938005,Q40348
Q938005,Q6625963
Q938005,Q36180
Q938005,Q49757
Q938005,Q133777278
Q938710,Q2526255
Q938710,Q36834
Q938710,Q158852
Q938710,Q6625963
Q938710,Q36180
Q938710,Q28389
Q938710,Q18844224
Q938710,Q28054786
Q938844,Q6625963
Q938844,Q864380
Q939797,Q214917
Q939797,Q6625963
Q939797,Q943995
Q939797,Q333634
Q939797,Q36180
Q940105,Q36180
Q940105,Q28389
Q940105,Q11774202
Q940105,Q15949613
Q940105,Q6625963
Q940105,Q214917
Q940105,Q1622272
Q940594,Q1930187
Q940594,Q36180
Q940594,Q333634
Q940594,Q6625963
Q940594,Q15949613
Q940902,Q6625963
Q940902,Q28389
Q940902,Q36180
Q940958,Q36180
Q940958,Q6625963
Q940958,Q33999
Q940958,Q18844224
Q941334,Q36180
Q941334,Q3282637
Q941334,Q6625963
Q941605,Q3068305
Q941605,Q36180
Q941605,Q49757
Q941605,Q1607826
Q941605,Q6625963
Q941794,Q11774202
Q941794,Q6625963
Q941794,Q36180
Q941810,Q49757
Q941810,Q36180
Q941810,Q6625963
Q941810,Q864380
Q941810,Q753110
Q941966,Q28389
Q941966,Q6625963
Q941966,Q214917
Q941966,Q36180
Q941966,Q18844224
Q942627,Q36180
Q942627,Q6625963
Q942636,Q36834
Q942636,Q488205
Q942636,Q33999
Q942636,Q6625963
Q942636,Q855091
Q942636,Q55960555
Q942636,Q177220
Q942636,Q639669
Q942773,Q28389
Q942773,Q6625963
Q942773,Q15980158
Q942773,Q36180
Q942980,Q36180
Q942980,Q49757
Q942980,Q6625963
Q942980,Q214917
Q942980,Q18844224
Q942980,Q12144794
Q942980,Q333634
Q943273,Q36180
Q943273,Q6625963
Q943567,Q36180
Q943567,Q49757
Q943567,Q1900167
Q943567,Q6625963
Q943567,Q2306091
Q943567,Q4263842
Q943567,Q19509201
Q943567,Q1238570
Q943567,Q4964182
Q943567,Q1231865
Q943567,Q1622272
Q943997,Q170790
Q943997,Q169470
Q943997,Q6625963
Q943997,Q36180
Q943997,Q18844224
Q944204,Q33999
Q944204,Q28389
Q944204,Q36180
Q944204,Q6625963
Q944204,Q4853732
Q944409,Q36180
Q944409,Q6625963
Q944409,Q18844224
Q944894,Q6625963
Q944894,Q28389
Q944894,Q36180
Q944894,Q211346
Q944894,Q4853732
Q945893,Q36180
Q945893,Q6625963
Q945893,Q18844224
Q945929,Q6625963
Q945929,Q28389
Q945929,Q214917
Q945929,Q2259451
Q946031,Q6625963
Q946031,Q214917
Q946031,Q333634
Q946031,Q1622272
Q946031,Q12869138
Q946031,Q28389
Q946031,Q36180
Q946237,Q82955
Q946237,Q6625963
Q946237,Q49757
Q946237,Q18814623
Q946237,Q36180
Q946599,Q36180
Q946599,Q1930187
Q946599,Q49757
Q946599,Q6625963
Q946733,Q1930187
Q946733,Q3658608
Q946733,Q644687
Q946733,Q36180
Q946733,Q18844224
Q946733,Q6625963
Q946733,Q4853732
Q946733,Q16947657
Q946733,Q107212688
Q946733,Q1028181
Q946733,Q10862983
Q946733,Q15296811
Q946733,Q17505902
Q947012,Q14467526
Q947012,Q6625963
Q947012,Q1544133
Q947012,Q36180
Q947012,Q18844224
Q947012,Q54845077
Q947821,Q6625963
Q947821,Q36180
Q947986,Q36180
Q947986,Q6625963
Q947986,Q18844224
Q948301,Q36180
Q948301,Q333634
Q948301,Q4853732
Q948301,Q6625963
Q948870,Q28389
Q948870,Q3282637
Q948870,Q755070
Q948870,Q36180
Q948870,Q6625963
Q948870,Q33999
Q948870,Q578109
Q948870,Q73306227
Q948960,Q6625963
Q948960,Q18844224
Q949281,Q1930187
Q949281,Q201788
Q949281,Q82955
Q949281,Q36180
Q949281,Q214917
Q949281,Q6625963
Q949281,Q4263842
Q949281,Q12144794
Q949281,Q333634
Q949281,Q1231865
Q949700,Q36180
Q949700,Q644687
Q949700,Q6625963
Q949700,Q3658608
Q949829,Q36180
Q949829,Q6625963
Q949829,Q18844224
Q950137,Q1930187
Q950137,Q36180
Q950137,Q6625963
Q950414,Q36180
Q950414,Q6625963
Q950414,Q18844224
Q950762,Q1930187
Q950762,Q6625963
Q950762,Q49757
Q950949,Q28389
Q950949,Q36180
Q950949,Q6625963
Q951110,Q36180
Q951110,Q33999
Q951110,Q28389
Q951110,Q6625963
Q951110,Q1930187
Q951110,Q18844224
Q951110,Q135301631
Q951110,Q2259451
Q951110,Q10798782
Q951110,Q73306227
Q951110,Q947873
Q951250,Q36180
Q951250,Q6625963
Q951250,Q18844224
Q951594,Q205375
Q951594,Q6625963
Q951594,Q36180
Q951594,Q18844224
Q951594,Q15949613
Q951657,Q36180
Q951657,Q6625963
Q951657,Q4853732
Q951714,Q6625963
Q951714,Q36180
Q951714,Q4964182
Q951714,Q1622272
Q951886,Q1930187
Q951886,Q36180
Q951886,Q6625963
Q951886,Q185351
Q951963,Q36180
Q951963,Q6625963
Q951963,Q18844224
Q952452,Q36180
Q952452,Q6625963
Q952452,Q4853732
Q952452,Q2516852
Q952614,Q6625963
Q952614,Q36180
Q952614,Q33999
Q952614,Q11774202
Q953153,Q245068
Q953153,Q2722764
Q953153,Q33999
Q953153,Q3282637
Q953153,Q36180
Q953153,Q15077007
Q953153,Q1930187
Q953153,Q10798782
Q953153,Q10800557
Q953153,Q6625963
Q953288,Q6625963
Q953288,Q36180
Q953288,Q18844224
Q953288,Q1930187
Q953288,Q49757
Q953288,Q37226
Q953288,Q15949613
Q953288,Q11774202
Q953410,Q40348
Q953410,Q6625963
Q953410,Q36180
Q953410,Q82955
Q953410,Q185351
Q953849,Q36180
Q953849,Q6625963
Q953962,Q11063
Q953962,Q6625963
Q953962,Q36180
Q953962,Q18844224
Q954378,Q6625963
Q954378,Q1086863
Q954378,Q1930187
Q954378,Q36180
Q954378,Q6051619
Q954378,Q4263842
Q954383,Q49757
Q954383,Q6625963
Q954383,Q36180
Q954383,Q28389
Q954383,Q1622272
Q954383,Q4263842
Q954383,Q4853732
Q954383,Q333634
Q954686,Q36180
Q954686,Q6625963
Q954997,Q177220
Q954997,Q6625963
Q954997,Q28389
Q954997,Q10800557
Q954997,Q2259451
Q954997,Q10798782
Q954997,Q855091
Q954997,Q753110
Q954997,Q488205
Q954997,Q3282637
Q954997,Q36834
Q954997,Q2526255
Q955586,Q1930187
Q955586,Q36180
Q955586,Q6625963
Q956187,Q36180
Q956187,Q39631
Q956187,Q6625963
Q956187,Q15949613
Q956400,Q189290
Q956400,Q6625963
Q956400,Q18921227
Q956400,Q36180
Q956400,Q18844224
Q956459,Q36180
Q956459,Q214917
Q956459,Q1930187
Q956459,Q17337766
Q956459,Q4263842
Q956459,Q6430706
Q956459,Q13570226
Q956459,Q4164507
Q956459,Q6625963
Q957931,Q36180
Q957931,Q6625963
Q957931,Q18844224
Q957931,Q28389
Q957997,Q36180
Q957997,Q6625963
Q957997,Q487596
Q958743,Q33999
Q958743,Q6625963
Q958743,Q28389
Q958743,Q2259451
Q958743,Q36180
Q958743,Q10800557
Q958743,Q2526255
Q959020,Q36180
Q959020,Q2516866
Q959020,Q4853732
Q959020,Q105186
Q959020,Q6625963
Q959020,Q593644
Q959020,Q135301631
Q959020,Q482980
Q959699,Q36180
Q959699,Q6625963
Q959699,Q33999
Q959875,Q40348
Q959875,Q1930187
Q959875,Q82955
Q959875,Q193391
Q959875,Q6625963
Q959875,Q16533
Q959875,Q36180
Q959875,Q1209498
Q960088,Q36180
Q960088,Q6625963
Q960088,Q37226
Q960491,Q36180
Q960491,Q6625963
Q960612,Q36180
Q960612,Q6625963
Q960612,Q864380
Q960612,Q1930187
Q960862,Q1930187
Q960862,Q36180
Q960862,Q6625963
Q960862,Q49757
Q961147,Q49757
Q961147,Q333634
Q961147,Q36180
Q961147,Q6625963
Q961221,Q6625963
Q961244,Q36180
Q961244,Q201788
Q961244,Q6625963
Q961244,Q214917
Q961244,Q18510179
Q961263,Q193391
Q961263,Q36180
Q961263,Q33999
Q961263,Q6625963
Q961328,Q36180
Q961328,Q28389
Q961328,Q6625963
Q961645,Q36180
Q961645,Q14467526
Q961645,Q49757
Q961645,Q333634
Q961645,Q6625963
Q962004,Q1930187
Q962004,Q36180
Q962004,Q18844224
Q962004,Q6625963
Q962004,Q3578589
Q962061,Q36180
Q962061,Q6625963
Q963015,Q28389
Q963015,Q214917
Q963015,Q1086863
Q963015,Q1930187
Q963015,Q6625963
Q963015,Q73306227
Q963015,Q69423232
Q963625,Q6625963
Q963625,Q36180
Q963727,Q36180
Q963727,Q6625963
Q963727,Q12144794
Q963799,Q36180
Q963799,Q6625963
Q963799,Q18844224
Q963799,Q8246794
Q964037,Q333634
Q964037,Q36180
Q964037,Q14467526
Q964037,Q1281618
Q964037,Q6625963
Q964037,Q4853732
Q964037,Q1028181
Q964093,Q14467526
Q964093,Q49757
Q964093,Q333634
Q964093,Q11774202
Q964093,Q28389
Q964093,Q6625963
Q964233,Q6625963
Q964233,Q36180
Q964255,Q6625963
Q964255,Q82594
Q964255,Q18882335
Q964255,Q54845077
Q964255,Q63538345
Q964355,Q28389
Q964355,Q49757
Q964355,Q1930187
Q964355,Q36180
Q964355,Q82955
Q964355,Q40348
Q964355,Q214917
Q964355,Q12859263
Q964355,Q6625963
Q964776,Q1930187
Q964776,Q4220892
Q964776,Q36180
Q964776,Q1350157
Q964776,Q6625963
Q964815,Q715301
Q964815,Q36180
Q964815,Q6625963
Q965059,Q6625963
Q965059,Q36180
Q965138,Q18814623
Q965138,Q36180
Q965138,Q6625963
Q965359,Q49757
Q965359,Q214917
Q965359,Q36180
Q965359,Q6625963
Q965456,Q28389
Q965456,Q6625963
Q965456,Q18814623
Q965456,Q1930187
Q965456,Q36180
Q965927,Q49757
Q965927,Q487596
Q965927,Q28389
Q965927,Q6625963
Q965927,Q214917
Q965927,Q36180
Q965927,Q4164507
Q965927,Q1792450
Q965935,Q28389
Q965935,Q36180
Q965935,Q6625963
Q965935,Q15949613
Q966061,Q33999
Q966061,Q28389
Q966061,Q6625963
Q966061,Q2526255
Q966228,Q28389
Q966228,Q6625963
Q966228,Q36180
Q966228,Q1930187
Q966228,Q1622272
Q966317,Q49757
Q966317,Q36180
Q966317,Q6625963
Q966317,Q4853732
Q966340,Q1930187
Q966340,Q6625963
Q966340,Q36180
Q966340,Q28389
Q966340,Q214917
Q966340,Q2526255
Q966701,Q6625963
Q966701,Q191633
Q966725,Q36180
Q966725,Q6625963
Q967627,Q36180
Q967627,Q1930187
Q967627,Q6625963
Q967627,Q18844224
Q967640,Q36180
Q967640,Q6625963
Q967640,Q15949613
Q967704,Q8178443
Q967704,Q214917
Q967704,Q6625963
Q967704,Q36180
Q967749,Q36180
Q967749,Q18844224
Q967749,Q6625963
Q968215,Q36180
Q968215,Q6625963
Q968259,Q6625963
Q968259,Q36180
Q968565,Q36180
Q968565,Q6625963
Q968565,Q18844224
Q968565,Q1930187
Q968715,Q49757
Q968715,Q36180
Q968715,Q11569986
Q968715,Q2251335
Q968715,Q6625963
Q969099,Q6625963
Q969099,Q36180
Q969099,Q3400985
Q969321,Q1930187
Q969321,Q36180
Q969321,Q6625963
Q970120,Q6625963
Q970120,Q36180
Q970120,Q4263842
Q970421,Q4263842
Q970421,Q6625963
Q970421,Q11774202
Q970421,Q1622272
Q970421,Q333634
Q970421,Q36180
Q970649,Q36180
Q970649,Q1930187
Q970649,Q333634
Q970649,Q6625963
Q970649,Q15949613
Q970715,Q49757
Q970715,Q6625963
Q970715,Q36180
Q971215,Q36180
Q971215,Q49757
Q971215,Q8178443
Q971215,Q214917
Q971215,Q6625963
Q971735,Q36180
Q971735,Q1930187
Q971735,Q214917
Q971735,Q6625963
Q971919,Q6625963
Q971919,Q28389
Q972526,Q6625963
Q972526,Q36180
Q972560,Q189290
Q972560,Q6625963
Q972560,Q36180
Q972560,Q18844224
Q972957,Q36180
Q972957,Q6625963
Q972967,Q36180
Q972967,Q6625963
Q972967,Q28389
Q972967,Q1058617
Q972967,Q15949613
Q973500,Q1930187
Q973500,Q2722764
Q973500,Q17342450
Q973500,Q36180
Q973500,Q6625963
Q973713,Q28389
Q973713,Q808967
Q973713,Q6625963
Q973713,Q1209498
Q973713,Q36180
Q973713,Q3282637
Q973713,Q73306227
Q973713,Q69423232
Q973734,Q40348
Q973734,Q6625963
Q973734,Q36180
Q973734,Q16533
Q973734,Q49757
Q973765,Q214917
Q973765,Q36180
Q973765,Q753110
Q973765,Q1930187
Q973765,Q28389
Q973765,Q11774202
Q973765,Q6625963
Q973765,Q15949613
Q973791,Q6625963
Q973791,Q36180
Q973961,Q49757
Q973961,Q6673651
Q973961,Q333634
Q973961,Q6625963
Q973961,Q36180
Q973961,Q82955
Q974114,Q14467526
Q974114,Q2599593
Q974114,Q36180
Q974114,Q2504617
Q974114,Q1622272
Q974114,Q13418253
Q974114,Q101444594
Q974114,Q3332711
Q974114,Q49757
Q974114,Q6625963
Q974539,Q4263842
Q974539,Q6625963
Q974539,Q9334029
Q974539,Q36180
Q974539,Q28389
Q974539,Q1622272
Q974539,Q37226
Q974678,Q36180
Q974678,Q6625963
Q974678,Q214917
Q974678,Q49757
Q974852,Q36180
Q974852,Q201788
Q974852,Q6625963
Q975273,Q6625963
Q975273,Q49757
Q975273,Q36180
Q975994,Q36180
Q975994,Q49757
Q975994,Q6625963
Q975994,Q18844224
Q976059,Q6625963
Q976059,Q36180
Q976059,Q18844224
Q977066,Q6625963
Q977066,Q18844224
Q977462,Q1622272
Q977462,Q36180
Q977462,Q4263842
Q977462,Q6625963
Q977462,Q49757
Q977651,Q36180
Q977651,Q6625963
Q977651,Q18844224
Q977651,Q4853732
Q977651,Q37226
Q977651,Q974144
Q977651,Q1056391
Q977700,Q6625963
Q977700,Q36180
Q978089,Q6625963
Q978089,Q36180
Q978089,Q18844224
Q978389,Q1930187
Q978389,Q15949613
Q978389,Q6625963
Q978389,Q47064
Q978389,Q36180
Q978389,Q40348
Q978389,Q16533
Q978389,Q193391
Q978389,Q49757
Q978389,Q82955
Q978830,Q36180
Q978830,Q6625963
Q978830,Q1930187
Q978830,Q1622272
Q978959,Q36180
Q978959,Q1930187
Q978959,Q2722764
Q978959,Q6625963
Q978959,Q28389
Q979076,Q6625963
Q979076,Q36180
Q979076,Q1622272
Q979307,Q33999
Q979307,Q36180
Q979307,Q6625963
Q979307,Q28389
Q979307,Q10800557
Q979307,Q10798782
Q979457,Q6625963
Q979457,Q639669
Q979465,Q6625963
Q979465,Q36180
Q979465,Q18844224
Q980844,Q28389
Q980844,Q36180
Q980844,Q214917
Q980844,Q49757
Q980844,Q6625963
Q980857,Q36180
Q980857,Q6625963
Q980958,Q2730732
Q980958,Q6625963
Q980958,Q36180
Q981086,Q49757
Q981086,Q36180
Q981086,Q4853732
Q981086,Q6625963
Q981086,Q12144794
Q981256,Q2526255
Q981256,Q28389
Q981256,Q36180
Q981256,Q33999
Q981256,Q6625963
Q981256,Q1930187
Q981256,Q4220892
Q981256,Q4263842
Q981256,Q3455803
Q981256,Q17391605
Q981256,Q69423232
Q981352,Q6625963
Q981352,Q28389
Q981352,Q36180
Q981683,Q36180
Q981683,Q6625963
Q981683,Q1930187
Q981852,Q831474
Q981852,Q36180
Q981852,Q6625963
Q982023,Q36180
Q982023,Q1930187
Q982023,Q6625963
Q982023,Q28389
Q982023,Q11774202
Q982023,Q69423232
Q982023,Q10800557
Q982023,Q2526255
Q982029,Q36180
Q982029,Q1930187
Q982029,Q6625963
Q982034,Q36180
Q982034,Q201788
Q982034,Q744738
Q982034,Q6625963
Q982034,Q1297719
Q982034,Q82955
Q982034,Q864380
Q982039,Q36180
Q982039,Q6625963
Q982039,Q11774202
Q982039,Q1086863
Q982044,Q212980
Q982044,Q3410028
Q982044,Q6625963
Q982044,Q1900167
Q982044,Q40348
Q982058,Q36180
Q982058,Q214917
Q982058,Q6625963
Q982058,Q8178443
Q982095,Q36180
Q982095,Q6625963
Q982095,Q1930187
Q982133,Q36180
Q982133,Q28389
Q982133,Q6625963
Q982133,Q1622272
Q982133,Q18844224
Q982133,Q4964182
Q982361,Q3282637
Q982361,Q6625963
Q982361,Q28389
Q982361,Q36180
Q982361,Q2526255
Q982361,Q3455803
Q982414,Q49757
Q982414,Q1930187
Q982414,Q36180
Q982414,Q6625963
Q982414,Q214917
Q982489,Q6625963
Q982489,Q36180
Q982489,Q18844224
Q982575,Q36180
Q982575,Q6625963
Q982838,Q36180
Q982838,Q333634
Q982838,Q1930187
Q982838,Q49757
Q982838,Q6625963
Q982880,Q214917
Q982880,Q6625963
Q982880,Q28389
Q982880,Q36180
Q982880,Q10798782
Q982880,Q37226
Q983109,Q6625963
Q983109,Q36180
Q983109,Q1622272
Q983109,Q18844224
Q983113,Q36180
Q983113,Q6625963
Q983113,Q1930187
Q983167,Q6625963
Q983167,Q47064
Q983167,Q11499147
Q983167,Q1930187
Q983167,Q36180
Q983167,Q49757
Q983228,Q6625963
Q983228,Q36180
Q983228,Q3400985
Q983233,Q36180
Q983233,Q6625963
Q983233,Q28389
Q983233,Q1930187
Q983233,Q713200
Q983233,Q1086863
Q983233,Q455595
Q983243,Q4220892
Q983243,Q6625963
Q983243,Q36180
Q983243,Q1930187
Q983243,Q33999
Q983249,Q36180
Q983249,Q6625963
Q983249,Q1930187
Q983249,Q18844224
Q983249,Q49757
Q983273,Q36180
Q983273,Q3387717
Q983273,Q28389
Q983273,Q101444631
Q983273,Q101444601
Q983273,Q214917
Q983273,Q49757
Q983273,Q6625963
Q983273,Q1776724
Q983421,Q1930187
Q983421,Q6625963
Q983421,Q36180
Q983421,Q214917
Q983421,Q10297252
Q983431,Q36180
Q983431,Q1209498
Q983431,Q6625963
Q983431,Q2526255
Q983431,Q1053574
Q983544,Q49757
Q983544,Q6625963
Q983544,Q36180
Q983544,Q18844224
Q983544,Q822146
Q983544,Q753110
Q983544,Q1930187
Q983544,Q214917
Q983672,Q350979
Q983672,Q36180
Q983672,Q18844224
Q983672,Q864503
Q983672,Q28389
Q983672,Q6625963
Q983672,Q3640160
Q983672,Q15949613
Q983881,Q49757
Q983881,Q1930187
Q983881,Q36180
Q983881,Q6625963
Q984352,Q6625963
Q984352,Q36180
Q984415,Q333634
Q984415,Q49757
Q984415,Q6625963
Q984415,Q37226
Q984415,Q214917
Q984415,Q36180
Q984452,Q214917
Q984452,Q28389
Q984452,Q36180
Q984452,Q6625963
Q984452,Q12406482
Q984937,Q36180
Q984937,Q82955
Q984937,Q6625963
Q985992,Q6625963
Q985992,Q28389
Q986753,Q6625963
Q986753,Q36180
Q986753,Q82955
Q991720,Q2526255
Q991720,Q3282637
Q991720,Q6625963
Q991720,Q1930187
Q991720,Q28389
Q991720,Q36180
Q992969,Q1622272
Q992969,Q6625963
Q992969,Q2504617
Q994434,Q6625963
Q995016,Q49757
Q995016,Q82955
Q995016,Q808967
Q995016,Q6625963
Q995016,Q36180
Q995688,Q6625963
Q995688,Q11774202
Q995688,Q36180
Q995688,Q4263842
Q995688,Q11538947
Q996720,Q6625963
Q996720,Q36180
Q997095,Q36180
Q997095,Q6625963
Q999726,Q28389
Q999726,Q1930187
Q999726,Q36180
Q999726,Q6625963
Q999726,Q3282637
Q999904,Q36180
Q999904,Q333634
Q999904,Q482980
Q999904,Q6625963
Q999904,Q82955
Q999928,Q1930187
Q999928,Q36180
Q999928,Q6625963
Q1002127,Q36180
Q1002127,Q49757
Q1002127,Q6625963
Q1002759,Q28389
Q1002759,Q578109
Q1002759,Q6625963
Q1002759,Q36180
Q1002759,Q18844224
Q1002882,Q28389
Q1002882,Q33999
Q1002882,Q1622272
Q1002882,Q487596
Q1002882,Q333634
Q1002882,Q36180
Q1002882,Q214917
Q1002882,Q6625963
Q1005559,Q6625963
Q1005559,Q49757
Q1005559,Q36180
Q1006918,Q6625963
Q1006918,Q18844224
Q1009504,Q6625963
Q1009504,Q36180
Q1018468,Q6625963
Q1018468,Q36180
Q1018468,Q948692
Q1021166,Q36180
Q1021166,Q8246794
Q1021166,Q6625963
Q1022460,Q36180
Q1022460,Q1930187
Q1022460,Q4263842
Q1022460,Q462390
Q1022460,Q333634
Q1022460,Q6625963
Q1022460,Q49757
Q1026532,Q6625963
Q1026532,Q201788
Q1026532,Q36180
Q1026532,Q28389
Q1026532,Q1930187
Q1026532,Q3282637
Q1026532,Q33999
Q1026532,Q11774202
Q1026532,Q1493121
Q1028359,Q6625963
Q1028359,Q18844224
Q1028373,Q36180
Q1028373,Q6625963
Q1028991,Q6625963
Q1028991,Q36180
Q1029497,Q6625963
Q1029497,Q36180
Q1029497,Q482980
Q1029497,Q18844224
Q1029714,Q6625963
Q1029714,Q36180
Q1029714,Q18844224
Q1029714,Q15949613
Q1031167,Q49757
Q1031167,Q6625963
Q1031167,Q36180
Q1031954,Q36180
Q1031954,Q1930187
Q1031954,Q40348
Q1031954,Q6625963
Q1032009,Q6625963
Q1032009,Q268416
Q1032912,Q36180
Q1032912,Q6625963
Q1032912,Q49757
Q1032912,Q33082999
Q1032912,Q106201945
Q1032915,Q28389
Q1032915,Q36180
Q1032915,Q6625963
Q1035947,Q6625963
Q1035947,Q36180
Q1035947,Q18844224
Q1036535,Q14467526
Q1036535,Q333634
Q1036535,Q37226
Q1036535,Q36180
Q1036535,Q6625963
Q1038200,Q36180
Q1038200,Q201788
Q1038200,Q482980
Q1038200,Q6625963
Q1038200,Q639669
Q1038440,Q6625963
Q1038440,Q36180
Q1038440,Q4263842
Q1038440,Q18844224
Q1038440,Q1930187
Q1038440,Q28389
Q1038466,Q6625963
Q1038466,Q36180
Q1038466,Q4263842
Q1041625,Q214917
Q1041625,Q6625963
Q1041625,Q333634
Q1041766,Q36180
Q1041766,Q6625963
Q1043099,Q49757
Q1043099,Q36180
Q1043099,Q6625963
Q1043323,Q36180
Q1043323,Q28389
Q1043323,Q49757
Q1043323,Q6625963
Q1044165,Q33999
Q1044165,Q6625963
Q1044165,Q36180
Q1044165,Q4853732
Q1044165,Q2259451
Q1044165,Q10800557
Q1044175,Q36180
Q1044175,Q6625963
Q1044175,Q37226
Q1044175,Q4853732
Q1044412,Q6625963
Q1044412,Q36180
Q1044412,Q49757
Q1044412,Q17167049
Q1044447,Q6625963
Q1044447,Q36180
Q1044457,Q6625963
Q1044457,Q36180
Q1044643,Q6625963
Q1044643,Q1930187
Q1044643,Q36180
Q1044643,Q381353
Q1044648,Q6625963
Q1045347,Q36180
Q1045347,Q11774202
Q1045347,Q6625963
Q1046243,Q1930187
Q1046243,Q36180
Q1046243,Q1622272
Q1046243,Q6625963
Q1046243,Q4220892
Q1046980,Q6625963
Q1046980,Q1930187
Q1046980,Q39631
Q1046980,Q18510179
Q1046980,Q36180
Q1047108,Q36180
Q1047108,Q6625963
Q1047108,Q622807
Q1047108,Q18844224
Q1049096,Q6625963
Q1049096,Q36180
Q1049096,Q28389
Q1049526,Q28389
Q1049526,Q6625963
Q1049526,Q644687
Q1049526,Q266569
Q1049526,Q191633
Q1049526,Q2526255
Q1049526,Q1062952
Q1050940,Q1930187
Q1050940,Q6625963
Q1050940,Q36180
Q1050940,Q864380
Q1050951,Q6625963
Q1050951,Q36180
Q1050951,Q18844224
Q1051041,Q36180
Q1051041,Q28692502
Q1051041,Q6625963
Q1051093,Q6625963
Q1051093,Q37226
Q1051093,Q36180
Q1051441,Q36180
Q1051441,Q6625963
Q1053204,Q6625963
Q1053204,Q482980
Q1053204,Q36180
Q1053363,Q1930187
Q1053363,Q214917
Q1053363,Q49757
Q1053363,Q36180
Q1053363,Q6625963
Q1053363,Q12144794
Q1053551,Q6625963
Q1053551,Q28389
Q1053551,Q36180
Q1053737,Q6625963
Q1053737,Q36180
Q1054177,Q36180
Q1054177,Q6625963
Q1054316,Q14467526
Q1054316,Q36180
Q1054316,Q28389
Q1054316,Q482980
Q1054316,Q6625963
Q1054316,Q333634
Q1054316,Q1930187
Q1054731,Q14467526
Q1054731,Q333634
Q1054731,Q6625963
Q1054731,Q876864
Q1054731,Q1930187
Q1054731,Q36180
Q1055110,Q6625963
Q1055110,Q18844224
Q1055352,Q947873
Q1055352,Q1930187
Q1055352,Q15253558
Q1055352,Q6625963
Q1055480,Q49757
Q1055480,Q6625963
Q1056256,Q6625963
Q1056256,Q36180
Q1058570,Q36180
Q1058570,Q6625963
Q1059572,Q1930187
Q1059572,Q6625963
Q1059718,Q488205
Q1059718,Q177220
Q1059718,Q6625963
Q1059718,Q33999
Q1059718,Q43845
Q1059718,Q2526255
Q1059718,Q28692568
Q1059718,Q2722764
Q1059718,Q28389
Q1059911,Q6625963
Q1059911,Q36180
Q1060636,Q36180
Q1060636,Q28389
Q1060636,Q6625963
Q1060636,Q639669
Q1060636,Q4853732
Q1060636,Q1863064
Q1060636,Q753110
Q1061225,Q6625963
Q1061225,Q36180
Q1061225,Q18844224
Q1061645,Q201788
Q1061645,Q36180
Q1061645,Q2306091
Q1061645,Q6625963
Q1062289,Q36180
Q1062289,Q6625963
Q1062289,Q28389
Q1062830,Q6625963
Q1063851,Q33999
Q1063851,Q6625963
Q1063851,Q28389
Q1063851,Q2259451
Q1063851,Q36180
Q1063851,Q2526255
Q1063855,Q2526255
Q1063855,Q1114448
Q1063855,Q3391743
Q1063855,Q6625963
Q1063855,Q715301
Q1063915,Q36180
Q1063915,Q6625963
Q1064052,Q49757
Q1064052,Q6625963
Q1064052,Q11774202
Q1064052,Q1607826
Q1064052,Q36180
Q1064052,Q333634
Q1064108,Q14972848
Q1064108,Q201788
Q1064108,Q6625963
Q1064108,Q2516866
Q1064108,Q17167049
Q1064108,Q998550
Q1064252,Q193391
Q1064252,Q6625963
Q1064272,Q36180
Q1064272,Q214917
Q1064272,Q6625963
Q1064421,Q49757
Q1064421,Q6625963
Q1064421,Q36180
Q1064421,Q4263842
Q1064421,Q333634
Q1064421,Q876864
Q1064454,Q36180
Q1064454,Q6625963
Q1064454,Q28389
Q1064454,Q482980
Q1064513,Q201788
Q1064513,Q6625963
Q1064513,Q214917
Q1064513,Q82955
Q1064513,Q36180
Q1064794,Q2526255
Q1064794,Q33231
Q1064794,Q49757
Q1064794,Q6625963
Q1064794,Q36180
Q1064794,Q1028181
Q1064794,Q11569986
Q1064794,Q12144794
Q1064794,Q3391743
Q1065212,Q1930187
Q1065212,Q6625963
Q1065212,Q36180
Q1065212,Q18844224
Q1065212,Q864380
Q1065287,Q487596
Q1065287,Q6625963
Q1065287,Q4263842
Q1065287,Q49757
Q1065689,Q1350157
Q1065689,Q36180
Q1065689,Q1930187
Q1065689,Q49757
Q1065689,Q6625963
Q1065689,Q108333755
Q1065689,Q4263842
Q1065801,Q49757
Q1065801,Q185351
Q1065801,Q40348
Q1065801,Q6625963
Q1065801,Q11774202
Q1065801,Q82955
Q1065817,Q6625963
Q1065817,Q36180
Q1065817,Q28389
Q1065901,Q36180
Q1065901,Q28389
Q1065901,Q6625963
Q1065901,Q4964182
Q1065901,Q17167049
Q1065901,Q11499929
Q1065901,Q15949613
Q1066407,Q36180
Q1066407,Q6625963
Q1066407,Q28389
Q1066431,Q36180
Q1066431,Q49757
Q1066431,Q6625963
Q1066431,Q28389
Q1066431,Q4263842
Q1066431,Q1930187
Q1066431,Q18814623
Q1066463,Q6625963
Q1066463,Q28389
Q1066463,Q36180
Q1066587,Q6625963
Q1066587,Q36180
Q1066587,Q49757
Q1066587,Q639669
Q1066666,Q3621491
Q1066666,Q4773904
Q1066666,Q201788
Q1066666,Q6625963
Q1066666,Q250867
Q1066666,Q219477
Q1066666,Q12347522
Q1066666,Q36180
Q1066666,Q13418253
Q1066918,Q28389
Q1066918,Q6625963
Q1066918,Q36180
Q1066918,Q715301
Q1066918,Q10297252
Q1066918,Q3282637
Q1067552,Q6625963
Q1067552,Q28389
Q1067552,Q58287519
Q1068950,Q6625963
Q1068950,Q36180
Q1068950,Q28389
Q1068950,Q58287519
Q1069448,Q3476620
Q1069448,Q6625963
Q1070628,Q36180
Q1070628,Q202883
Q1070628,Q6625963
Q1070662,Q6625963
Q1070662,Q36180
Q1070662,Q18844224
Q1070662,Q20669622
Q1070662,Q1930187
Q1070662,Q49757
Q1071361,Q6625963
Q1071361,Q36180
Q1071789,Q36180
Q1071789,Q6051619
Q1071789,Q1231865
Q1071789,Q6625963
Q1071789,Q15949613
Q1072569,Q6625963
Q1072569,Q36180
Q1072569,Q4263842
Q1072569,Q14972848
Q1072588,Q6625963
Q1072604,Q6625963
Q1072604,Q333634
Q1072604,Q4263842
Q1072604,Q36180
Q1072659,Q36180
Q1072659,Q6625963
Q1072659,Q58287519
Q1072659,Q28389
Q1072923,Q33999
Q1072923,Q28389
Q1072923,Q214917
Q1072923,Q36180
Q1072923,Q6625963
Q1072923,Q20002503
Q1076511,Q36180
Q1076511,Q49757
Q1076511,Q6625963
Q1076511,Q864380
Q1076511,Q18510179
Q1076930,Q551835
Q1076930,Q6625963
Q1076930,Q16062369
Q1076930,Q18533509
Q1076935,Q36180
Q1076935,Q49757
Q1076935,Q6625963
Q1076935,Q3400985
Q1076935,Q214917
Q1076935,Q11499147
Q1076935,Q1622272
Q1076935,Q121594
Q1077057,Q6625963
Q1077057,Q36180
Q1077057,Q1930187
Q1077057,Q18844224
Q1077103,Q36180
Q1077103,Q1930187
Q1077103,Q6625963
Q1077137,Q36180
Q1077137,Q6625963
Q1077137,Q16626706
Q1077137,Q482980
Q1077137,Q4853732
Q1077554,Q715301
Q1077554,Q6625963
Q1077554,Q36180
Q1077554,Q28389
Q1077554,Q2405480
Q1077554,Q3391743
Q1077554,Q82594
Q1077554,Q18844224
Q1077554,Q627325
Q1077554,Q18882335
Q1077554,Q578109
Q1077554,Q63538345
Q1077554,Q1049296
Q1077566,Q36180
Q1077566,Q6625963
Q1077730,Q6625963
Q1077730,Q36180
Q1077730,Q4263842
Q1079574,Q36180
Q1079574,Q6625963
Q1079574,Q18844224
Q1079854,Q2516866
Q1079854,Q4263842
Q1079854,Q6625963
Q1079854,Q214917
Q1079854,Q2994387
Q1080528,Q6625963
Q1080528,Q36180
Q1081242,Q36180
Q1081242,Q6625963
Q1081242,Q4853732
Q1081888,Q36180
Q1081888,Q201788
Q1081888,Q6625963
Q1081888,Q18844224
Q1081888,Q28389
Q1081888,Q10355417
Q1083392,Q36180
Q1083392,Q82955
Q1083392,Q6625963
Q1085452,Q36180
Q1085452,Q6625963
Q1086549,Q1930187
Q1086549,Q6625963
Q1086549,Q36180
Q1086549,Q9334029
Q1086549,Q1607826
Q1086549,Q214917
Q1086549,Q589298
Q1086549,Q33999
Q1086549,Q49757
Q1086549,Q175301
Q1086776,Q6625963
Q1086776,Q36180
Q1086776,Q28389
Q1086776,Q4853732
Q1086776,Q49757
Q1086932,Q6625963
Q1086932,Q36180
Q1087071,Q36180
Q1087071,Q28389
Q1087071,Q6625963
Q1087071,Q1209498
Q1087887,Q6625963
Q1087887,Q36180
Q1087887,Q1930187
Q1088019,Q28389
Q1088019,Q36180
Q1088019,Q6625963
Q1089124,Q715301
Q1089124,Q28389
Q1089124,Q6625963
Q1089124,Q1114448
Q1089124,Q36180
Q1090406,Q6625963
Q1090406,Q36180
Q1090406,Q18844224
Q1091045,Q6625963
Q1091045,Q36180
Q1091103,Q214917
Q1091103,Q36180
Q1091103,Q4964182
Q1091103,Q6625963
Q1091123,Q6625963
Q1091123,Q36180
Q1091150,Q49757
Q1091150,Q6625963
Q1091150,Q36180
Q1091150,Q1622272
Q1092277,Q49757
Q1092277,Q6625963
Q1092277,Q822146
Q1092277,Q11499012
Q1092277,Q753110
Q1092277,Q73306227
Q1092277,Q36180
Q1092277,Q12144794
Q1093783,Q49757
Q1093783,Q6625963
Q1093783,Q36180
Q1093783,Q822146
Q1094991,Q6625963
Q1094991,Q28389
Q1094991,Q1930187
Q1094991,Q18844224
Q1095223,Q1930187
Q1095223,Q36180
Q1095223,Q49757
Q1095223,Q28692502
Q1095223,Q6625963
Q1095459,Q6625963
Q1095459,Q36180
Q1095691,Q36180
Q1095691,Q1930187
Q1095691,Q6625963
Q1095691,Q82955
Q1095977,Q36180
Q1095977,Q6625963
Q1095977,Q18844224
Q1095977,Q15627169
Q1095977,Q639669
Q1096358,Q6625963
Q1096358,Q191633
Q1096358,Q36180
Q1096768,Q49757
Q1096768,Q214917
Q1096768,Q36180
Q1096768,Q6625963
Q1096967,Q49757
Q1096967,Q36180
Q1096967,Q6625963
Q1097274,Q11063
Q1097274,Q6625963
Q1097274,Q18921227
Q1097274,Q483501
Q1097274,Q18844224
Q1098512,Q6625963
Q1098512,Q36180
Q1098512,Q18844224
Q1099318,Q36180
Q1099318,Q6625963
Q1099318,Q644687
Q1099318,Q28389
Q1099318,Q15855449
Q1099318,Q1607826
Q1099987,Q333634
Q1099987,Q36180
Q1099987,Q49757
Q1099987,Q6625963
Q1100524,Q28389
Q1100524,Q6625963
Q1100524,Q3282637
Q1100772,Q36180
Q1100772,Q6625963
Q1100849,Q6625963
Q1100849,Q36180
Q1101228,Q36180
Q1101228,Q15980158
Q1101228,Q18844224
Q1101228,Q1930187
Q1101228,Q6625963
Q1101262,Q36180
Q1101262,Q6625963
Q1102013,Q6625963
Q1102013,Q36180
Q1103301,Q6625963
Q1103301,Q36180
Q1103301,Q1930187
Q1103301,Q2526255
Q1108068,Q36180
Q1108068,Q6625963
Q1108416,Q36180
Q1108416,Q6625963
Q1108416,Q4853732
Q1108424,Q36180
Q1108424,Q6625963
Q1108453,Q36180
Q1108453,Q18844224
Q1108453,Q6625963
Q1108453,Q134304530
Q1108495,Q36180
Q1108495,Q6625963
Q1108739,Q36180
Q1108739,Q6625963
Q1108739,Q2526255
Q1110463,Q36180
Q1110463,Q7042855
Q1110463,Q6625963
Q1110463,Q18844224
Q1111769,Q36180
Q1111769,Q2059704
Q1111769,Q28389
Q1111769,Q578109
Q1111769,Q39631
Q1111769,Q618694
Q1111769,Q6625963
Q1111769,Q2526255
Q1114444,Q36180
Q1114444,Q1622272
Q1114444,Q6625963
Q1114444,Q2516852
Q1114941,Q214917
Q1114941,Q36180
Q1114941,Q6625963
Q1115121,Q6625963
Q1115121,Q1622272
Q1115121,Q36180
Q1116251,Q36180
Q1116251,Q6625963
Q1116251,Q1930187
Q1117569,Q2526255
Q1117569,Q28389
Q1117569,Q3282637
Q1117569,Q214917
Q1117569,Q6625963
Q1118750,Q6625963
Q1118750,Q36180
Q1119823,Q333634
Q1119823,Q6625963
Q1120674,Q49757
Q1120674,Q6625963
Q1120674,Q1930187
Q1120674,Q155647
Q1121861,Q6625963
Q1121861,Q36180
Q1121861,Q18844224
Q1121861,Q80687
Q1122051,Q36180
Q1122051,Q82955
Q1122051,Q2516866
Q1122051,Q18814623
Q1122051,Q28389
Q1122051,Q24238692
Q1122051,Q18844224
Q1122051,Q6625963
Q1122051,Q1930187
Q1122051,Q1650915
Q1122303,Q1930187
Q1122303,Q6625963
Q1122303,Q36180
Q1124931,Q36180
Q1124931,Q6625963
Q1125856,Q36180
Q1125856,Q6625963
Q1125856,Q214917
Q1127023,Q6625963
Q1127023,Q1930187
Q1127989,Q193391
Q1127989,Q6625963
Q1127989,Q36180
Q1127989,Q19340487
Q1127989,Q49757
Q1127989,Q1930187
Q1130939,Q36180
Q1130939,Q28389
Q1130939,Q36834
Q1130939,Q245068
Q1130939,Q6625963
Q1130939,Q1209498
Q1130939,Q177220
Q1130939,Q488205
Q1130939,Q2259451
Q1130939,Q10800557
Q1130939,Q10798782
Q1130939,Q55960555
Q1131827,Q49757
Q1131827,Q1930187
Q1131827,Q82955
Q1131827,Q36180
Q1131827,Q193391
Q1131827,Q6625963
Q1131856,Q36180
Q1131856,Q6625963
Q1131856,Q1930187
Q1132175,Q36180
Q1132175,Q6625963
Q1132175,Q11236655
Q1132175,Q28389
Q1132175,Q3476620
Q1132175,Q73306227
Q1132175,Q69423232
Q1134053,Q36180
Q1134053,Q121594
Q1134053,Q11333691
Q1134053,Q6625963
Q1134053,Q15949613
Q1135505,Q188094
Q1135505,Q6625963
Q1135505,Q1781198
Q1135505,Q1930187
Q1135505,Q1622272
Q1135505,Q49757
Q1135505,Q333634
Q1136761,Q6625963
Q1136761,Q11774202
Q1136761,Q1086863
Q1136761,Q36180
Q1136761,Q1930187
Q1137066,Q49757
Q1137066,Q6625963
Q1137066,Q36180
Q1137066,Q4853732
Q1137125,Q6625963
Q1137125,Q36180
Q1137125,Q18844224
Q1137438,Q2516866
Q1137438,Q943995
Q1137438,Q214917
Q1137438,Q2526255
Q1137438,Q36180
Q1137438,Q333634
Q1137438,Q49757
Q1137438,Q4263842
Q1137438,Q8178443
Q1137438,Q6625963
Q1137821,Q1930187
Q1137821,Q6625963
Q1137821,Q36180
Q1138463,Q6625963
Q1138463,Q36180
Q1138528,Q6625963
Q1138528,Q36180
Q1138528,Q18844224
Q1138553,Q214917
Q1138553,Q36180
Q1138553,Q6625963
Q1138553,Q18844224
Q1138661,Q36180
Q1138661,Q6625963
Q1139463,Q36180
Q1139463,Q1930187
Q1139463,Q6625963
Q1140408,Q201788
Q1140408,Q36180
Q1140408,Q6625963
Q1140408,Q15949613
Q1140743,Q36180
Q1140743,Q1930187
Q1140743,Q18844224
Q1140743,Q6625963
Q1140743,Q4853732
Q1142305,Q6625963
Q1142305,Q36180
Q1142305,Q484188
Q1142761,Q6625963
Q1142761,Q854979
Q1142761,Q36180
Q1142761,Q1135621
Q1143660,Q49757
Q1143660,Q6625963
Q1143660,Q177220
Q1143660,Q2526255
Q1143660,Q488205
Q1143660,Q28389
Q1143660,Q36834
Q1143660,Q36180
Q1143660,Q822146
Q1143660,Q943995
Q1143660,Q2705098
Q1143660,Q33231
Q1148069,Q6625963
Q1148069,Q36180
Q1148069,Q16323111
Q1148078,Q36180
Q1148078,Q6625963
Q1148078,Q4853732
Q1148078,Q644687
Q1148083,Q6625963
Q1148083,Q36180
Q1148376,Q6625963
Q1148376,Q36180
Q1148376,Q28389
Q1148376,Q10355417
Q1150101,Q49757
Q1150101,Q10873124
Q1150101,Q6625963
Q1150101,Q214917
Q1150101,Q2516852
Q1150101,Q16360440
Q1150101,Q36180
Q1150101,Q876864
Q1150116,Q36180
Q1150116,Q6625963
Q1150122,Q36180
Q1150122,Q1028181
Q1150122,Q1281618
Q1150122,Q6625963
Q1150122,Q214917
Q1150122,Q49757
Q1150163,Q36180
Q1150163,Q6625963
Q1150163,Q11774202
Q1150163,Q333634
Q1150163,Q1930187
Q1150798,Q201788
Q1150798,Q36180
Q1150798,Q6625963
Q1150820,Q1930187
Q1150820,Q333634
Q1150820,Q36180
Q1150820,Q6625963
Q1151388,Q28389
Q1151388,Q36180
Q1151388,Q482980
Q1151388,Q6625963
Q1151388,Q2059704
Q1151388,Q1440873
Q1151388,Q578109
Q1151388,Q3455803
Q1151388,Q2526255
Q1151724,Q36180
Q1151724,Q1930187
Q1151724,Q193391
Q1151724,Q82955
Q1151724,Q6625963
Q1152905,Q36180
Q1152905,Q6625963
Q1152905,Q18844224
Q1153256,Q36180
Q1153256,Q6625963
Q1153256,Q644687
Q1153256,Q4853732
Q1154316,Q36180
Q1154316,Q214917
Q1154316,Q49757
Q1154316,Q6625963
Q1154316,Q21993562
Q1154316,Q33999
Q1154316,Q1622272
Q1155639,Q36180
Q1155639,Q4263842
Q1155639,Q333634
Q1155639,Q6625963
Q1156074,Q36180
Q1156074,Q12144794
Q1156074,Q6625963
Q1157861,Q6625963
Q1157861,Q4263842
Q1157861,Q36180
Q1157861,Q1930187
Q1158494,Q6625963
Q1158494,Q36180
Q1158494,Q18844224
Q1159062,Q36180
Q1159062,Q1930187
Q1159062,Q6625963
Q1159091,Q715301
Q1159091,Q11892507
Q1159091,Q36180
Q1159091,Q6625963
Q1159094,Q6625963
Q1159094,Q36180
Q1159094,Q49757
Q1159871,Q6625963
Q1159871,Q36180
Q1159871,Q18844224
Q1159871,Q47541952
Q1160619,Q36180
Q1160619,Q6625963
Q1160619,Q28389
Q1160619,Q1930187
Q1160619,Q18844224
Q1160785,Q28389
Q1160785,Q6625963
Q1160785,Q11774202
Q1160785,Q36180
Q1161320,Q36180
Q1161320,Q1930187
Q1161320,Q20669622
Q1161320,Q11085831
Q1161320,Q33999
Q1161320,Q6625963
Q1161320,Q12144794
Q1161320,Q214917
Q1161320,Q1599940
Q1161320,Q28389
Q1162833,Q36180
Q1162833,Q18844224
Q1162833,Q6625963
Q1163210,Q6625963
Q1163210,Q36180
Q1163210,Q28389
Q1163833,Q6625963
Q1165217,Q49757
Q1165217,Q6625963
Q1165217,Q1414443
Q1165217,Q1930187
Q1165217,Q36180
Q1165217,Q1028181
Q1165217,Q947873
Q1165426,Q6625963
Q1165426,Q36180
Q1165426,Q1930187
Q1165426,Q11774202
Q1165426,Q1622272
Q1165426,Q14467526
Q1165505,Q49757
Q1165505,Q6625963
Q1165505,Q1622272
Q1165505,Q36180
Q1165505,Q483501
Q1165505,Q4263842
Q1165624,Q6625963
Q1165624,Q1622272
Q1165624,Q36180
Q1165624,Q15077007
Q1165731,Q6625963
Q1165731,Q1622272
Q1165731,Q36180
Q1165735,Q4773904
Q1165735,Q82955
Q1165735,Q36180
Q1165735,Q2306091
Q1165735,Q6625963
Q1165983,Q36180
Q1165983,Q6625963
Q1165983,Q49757
Q1165983,Q28389
Q1166012,Q36180
Q1166012,Q1930187
Q1166012,Q28389
Q1166012,Q6625963
Q1166012,Q30093123
Q1167088,Q6625963
Q1167088,Q1930187
Q1171128,Q6625963
Q1171128,Q36180
Q1171128,Q18844224
Q1173398,Q6625963
Q1173398,Q36180
Q1173398,Q18844224
Q1173398,Q1607826
Q1173565,Q28389
Q1173565,Q6625963
Q1173565,Q1209498
Q1173565,Q36180
Q1173565,Q2526255
Q1173640,Q1930187
Q1173640,Q6625963
Q1173640,Q36180
Q1174238,Q36180
Q1174238,Q6625963
Q1174339,Q11774202
Q1174339,Q36180
Q1174339,Q6625963
Q1174339,Q28692502
Q1174351,Q201788
Q1174351,Q1622272
Q1174351,Q11774202
Q1174351,Q6625963
Q1174446,Q6625963
Q1174446,Q28389
Q1174446,Q36180
Q1174481,Q1930187
Q1174481,Q40348
Q1174481,Q175301
Q1174481,Q6625963
Q1174481,Q8246794
Q1174481,Q1238570
Q1174481,Q112122634
Q1174481,Q6051619
Q1174539,Q6625963
Q1174539,Q36180
Q1174539,Q28389
Q1174539,Q18844224
Q1174539,Q10798782
Q1174539,Q10800557
Q1174539,Q2059704
Q1174546,Q36180
Q1174546,Q6625963
Q1174546,Q28389
Q1174546,Q33231
Q1174548,Q1930187
Q1174548,Q6625963
Q1174548,Q36180
Q1174548,Q4220892
Q1174564,Q36180
Q1174564,Q6625963
Q1174564,Q28389
Q1174627,Q36180
Q1174627,Q6625963
Q1174627,Q1930187
Q1174627,Q28389
Q1174766,Q6625963
Q1174766,Q36180
Q1174815,Q1086863
Q1174815,Q36180
Q1174815,Q1930187
Q1174815,Q6625963
Q1175073,Q6625963
Q1175073,Q36180
Q1175150,Q36180
Q1175150,Q6625963
Q1175150,Q1622272
Q1175150,Q131322129
Q1175275,Q6625963
Q1175275,Q36180
Q1175275,Q18844224
Q1175302,Q6625963
Q1175302,Q36180
Q1175967,Q947873
Q1175967,Q1930187
Q1175967,Q6625963
Q1175967,Q18844224
Q1176073,Q36180
Q1176073,Q6625963
Q1176192,Q36180
Q1176192,Q6625963
Q1176199,Q1930187
Q1176199,Q6625963
Q1176199,Q36180
Q1176217,Q49757
Q1176217,Q36180
Q1176217,Q18844224
Q1176217,Q6625963
Q1176836,Q1930187
Q1176836,Q36180
Q1176836,Q6625963
Q1176847,Q1930187
Q1176847,Q36180
Q1176847,Q864380
Q1176847,Q28389
Q1176847,Q4220892
Q1176847,Q713200
Q1176847,Q4220878
Q1176847,Q33999
Q1176847,Q6051619
Q1176847,Q6625963
Q1176847,Q6430706
Q1176847,Q20971250
Q1176950,Q36180
Q1176950,Q1622272
Q1176950,Q6625963
Q1177006,Q6625963
Q1177006,Q36180
Q1177114,Q28389
Q1177114,Q18844224
Q1177114,Q7042855
Q1177114,Q6625963
Q1177114,Q2526255
Q1177138,Q6625963
Q1177138,Q36180
Q1177138,Q1930187
Q1177322,Q6625963
Q1177322,Q36180
Q1177322,Q18844224
Q1181085,Q6625963
Q1181085,Q36180
Q1181085,Q18844224
Q1181143,Q6625963
Q1181143,Q36180
Q1181143,Q18844224
Q1185232,Q36180
Q1185232,Q6625963
Q1185232,Q10297252
Q1185444,Q2526255
Q1185444,Q193391
Q1185444,Q36180
Q1185444,Q1930187
Q1185444,Q6625963
Q1185444,Q15949613
Q1185444,Q214917
Q1185834,Q177220
Q1185834,Q622807
Q1185834,Q33999
Q1185834,Q2705098
Q1185834,Q4610556
Q1185834,Q6625963
Q1187562,Q1930187
Q1187562,Q36180
Q1187562,Q6625963
Q1189056,Q49757
Q1189056,Q6625963
Q1189056,Q1930187
Q1189056,Q2516866
Q1189056,Q36180
Q1189056,Q10774753
Q1189056,Q6430706
Q1189056,Q8246794
Q1189056,Q2526255
Q1189280,Q6625963
Q1189280,Q36180
Q1189280,Q18844224
Q1190579,Q1930187
Q1190579,Q6625963
Q1190579,Q36180
Q1190926,Q36180
Q1190926,Q18844224
Q1190926,Q6625963
Q1190926,Q4853732
Q1191104,Q333634
Q1191104,Q1930187
Q1191104,Q6625963
Q1191104,Q3155377
Q1191104,Q36180
Q1191104,Q14467526
Q1191104,Q12356615
Q1191142,Q6625963
Q1191142,Q36180
Q1191142,Q18844224
Q1191315,Q36180
Q1191315,Q11892507
Q1191315,Q6625963
Q1191315,Q18844224
Q1191514,Q622807
Q1191514,Q177220
Q1191514,Q6625963
Q1191514,Q822146
Q1191514,Q36180
Q1192277,Q6625963
Q1192885,Q36180
Q1192885,Q6625963
Q1192885,Q28389
Q1192885,Q82955
Q1193106,Q36180
Q1193106,Q6625963
Q1193106,Q18844224
Q1193270,Q6625963
Q1193270,Q36180
Q1193270,Q333634
Q1193270,Q16323111
Q1193270,Q4964182
Q1193871,Q1930187
Q1193871,Q6625963
Q1193871,Q18844224
Q1196609,Q6625963
Q1196609,Q36180
Q1196609,Q18844224
Q1197320,Q177220
Q1197320,Q6625963
Q1197320,Q33999
Q1197320,Q226008
Q1199836,Q6625963
Q1199836,Q36180
Q1199836,Q3578589
Q1199836,Q4964182
Q1206866,Q36180
Q1206866,Q6625963
Q1206866,Q948692
Q1206866,Q5482740
Q1207120,Q36180
Q1207120,Q6625963
Q1207120,Q18844224
Q1207120,Q191633
Q1207132,Q6625963
Q1207132,Q36180
Q1207530,Q6625963
Q1207530,Q36180
Q1207530,Q4853732
Q1208781,Q2516852
Q1208781,Q6625963
Q1208781,Q4263842
Q1208781,Q36180
Q1208781,Q18814623
Q1208781,Q1607826
Q1208954,Q6625963
Q1208954,Q36180
Q1208954,Q18844224
Q1208990,Q6625963
Q1208990,Q36180
Q1208993,Q33999
Q1208993,Q6625963
Q1208993,Q1622272
Q1208993,Q36180
Q1208993,Q2259451
Q1208993,Q10798782
Q1210536,Q36180
Q1210536,Q28389
Q1210536,Q6625963
Q1210536,Q4853732
Q1210536,Q87285943
Q1210536,Q1930187
Q1213039,Q36180
Q1213039,Q6625963
Q1215270,Q6625963
Q1215270,Q11774202
Q1215270,Q1930187
Q1215607,Q6625963
Q1215607,Q36180
Q1215723,Q36180
Q1215723,Q1930187
Q1215723,Q49757
Q1215723,Q1622272
Q1215723,Q4773904
Q1215723,Q6625963
Q1216039,Q6625963
Q1216039,Q214917
Q1216039,Q1930187
Q1216039,Q3330547
Q1216039,Q3075052
Q1216039,Q4263842
Q1216039,Q82955
Q1216039,Q49757
Q1216039,Q11774156
Q1216039,Q4853732
Q1216039,Q36180
Q1216039,Q1622272
Q1217640,Q49757
Q1217640,Q6625963
Q1217640,Q1028181
Q1221489,Q6625963
Q1221893,Q36180
Q1221893,Q6625963
Q1225086,Q6625963
Q1225937,Q36180
Q1225937,Q28389
Q1225937,Q214917
Q1225937,Q4853732
Q1225937,Q487596
Q1225937,Q8178443
Q1225937,Q6625963
Q1225937,Q15949613
Q1225937,Q10798782
Q1225937,Q10800557
Q1225937,Q2526255
Q1225937,Q73306227
Q1225937,Q69423232
Q1226282,Q36180
Q1226282,Q1930187
Q1226282,Q28389
Q1226282,Q4853732
Q1226282,Q6625963
Q1228133,Q28389
Q1228133,Q36180
Q1228133,Q6625963
Q1230637,Q6625963
Q1230637,Q36180
Q1230637,Q18844224
Q1230705,Q36180
Q1230705,Q28389
Q1230705,Q33999
Q1230705,Q6625963
Q1230705,Q121594
Q1230705,Q11774202
Q1230705,Q214917
Q1230753,Q333634
Q1230753,Q36180
Q1230753,Q6625963
Q1230753,Q49757
Q1230753,Q18814623
Q1230809,Q6625963
Q1230809,Q36180
Q1230982,Q36180
Q1230982,Q1930187
Q1230982,Q6625963
Q1231493,Q49757
Q1231493,Q36180
Q1231493,Q333634
Q1231493,Q6625963
Q1231493,Q49084
Q1231493,Q4263842
Q1231493,Q15949613
Q1233018,Q28389
Q1233018,Q36180
Q1233018,Q6625963
Q1233018,Q214917
Q1233018,Q4263842
Q1233018,Q1622272
Q1233018,Q33999
Q1233018,Q482980
Q1233018,Q15980158
Q1233018,Q4853732
Q1234248,Q36180
Q1234248,Q201788
Q1234248,Q6625963
Q1234248,Q18939491
Q1234248,Q4263842
Q1234248,Q1792450
Q1235215,Q36180
Q1235215,Q33999
Q1235215,Q6625963
Q1235215,Q1930187
Q1235215,Q10800557
Q1235251,Q4773904
Q1235251,Q6337803
Q1235251,Q783906
Q1235251,Q18844224
Q1235251,Q6625963
Q1235251,Q864503
Q1235251,Q82955
Q1235251,Q551835
Q1235251,Q2055046
Q1235251,Q1622272
Q1236131,Q2526255
Q1236131,Q36180
Q1236131,Q6625963
Q1236131,Q1414443
Q1236772,Q6625963
Q1236772,Q49757
Q1236772,Q1622272
Q1236772,Q36180
Q1237807,Q6625963
Q1237807,Q15949613
Q1237807,Q4263842
Q1237807,Q3029418
Q1237856,Q1930187
Q1237856,Q214917
Q1237856,Q6625963
Q1237856,Q1607826
Q1237856,Q864380
Q1237856,Q11774156
Q1237856,Q23833535
Q1237856,Q4263842
Q1237856,Q2722764
Q1237856,Q36180
Q1237904,Q6625963
Q1237904,Q49757
Q1237904,Q214917
Q1238198,Q36180
Q1238198,Q6625963
Q1238198,Q15949613
Q1238565,Q82955
Q1238565,Q6625963
Q1238567,Q36180
Q1238567,Q6625963
Q1238574,Q1930187
Q1238574,Q6625963
Q1238574,Q4263842
Q1238574,Q15949613
Q1238584,Q36180
Q1238584,Q6625963
Q1238593,Q6625963
Q1238593,Q822146
Q1238593,Q36180
Q1238602,Q6625963
Q1238602,Q1930187
Q1238602,Q15980158
Q1238602,Q3579035
Q1238618,Q40348
Q1238618,Q36180
Q1238618,Q1930187
Q1238618,Q4263842
Q1238618,Q185351
Q1238618,Q1622272
Q1238618,Q1650915
Q1238618,Q214917
Q1238618,Q6625963
Q1238618,Q8178443
Q1238618,Q49757
Q1238669,Q6625963
Q1238669,Q214917
Q1238669,Q36180
Q1238811,Q6625963
Q1238811,Q36180
Q1238811,Q28389
Q1239077,Q6625963
Q1239077,Q36180
Q1239116,Q36180
Q1239116,Q6625963
Q1239670,Q17489339
Q1239670,Q201788
Q1239670,Q6625963
Q1239670,Q36180
Q1239798,Q49757
Q1239798,Q201788
Q1239798,Q6625963
Q1239798,Q1622272
Q1239798,Q36180
Q1239798,Q4263842
Q1240267,Q36180
Q1240267,Q6625963
Q1240467,Q49757
Q1240467,Q6625963
Q1240467,Q36180
Q1240467,Q18844224
Q1240486,Q6625963
Q1240486,Q36180
Q1240552,Q6625963
Q1240552,Q36180
Q1241451,Q36180
Q1241451,Q4263842
Q1241451,Q1622272
Q1241451,Q6625963
Q1241759,Q14467526
Q1241759,Q36180
Q1241759,Q1622272
Q1241759,Q4853732
Q1241759,Q6625963
Q1241759,Q106368265
Q1242472,Q3409375
Q1242472,Q36180
Q1242472,Q6625963
Q1242472,Q3075052
Q1242472,Q333634
Q1242613,Q6625963
Q1242613,Q28389
Q1242613,Q15949613
Q1242613,Q214917
Q1242613,Q36180
Q1242948,Q36180
Q1242948,Q6625963
Q1242948,Q11774202
Q1243147,Q105375326
Q1243147,Q6625963
Q1243147,Q36180
Q1243147,Q512314
Q1243368,Q36180
Q1243368,Q6625963
Q1243368,Q4263842
Q1243368,Q121594
Q1243368,Q18844224
Q1243368,Q49757
Q1243441,Q13570226
Q1243441,Q49757
Q1243441,Q1622272
Q1243441,Q36180
Q1243441,Q6625963
Q1243973,Q36180
Q1243973,Q18814623
Q1243973,Q6625963
Q1245105,Q36180
Q1245105,Q6625963
Q1245105,Q15949613
Q1245232,Q6625963
Q1245232,Q36180
Q1245508,Q36180
Q1245508,Q49757
Q1245508,Q6625963
Q1245508,Q1930187
Q1245984,Q36180
Q1245984,Q6625963
Q1245984,Q214917
Q1246353,Q36180
Q1246353,Q6625963
Q1246353,Q37226
Q1246814,Q201788
Q1246814,Q6625963
Q1246814,Q36180
Q1246814,Q4853732
Q1246921,Q201788
Q1246921,Q36180
Q1246921,Q6625963
Q1248054,Q36180
Q1248054,Q6625963
Q1248054,Q1930187
Q1248054,Q18844224
Q1248648,Q6625963
Q1248648,Q36180
Q1248648,Q18844224
Q1249485,Q36180
Q1249485,Q6625963
Q1251800,Q6625963
Q1251800,Q1930187
Q1251800,Q715301
Q1251800,Q3024627
Q1251926,Q333634
Q1251926,Q11774202
Q1251926,Q1930187
Q1251926,Q12144794
Q1251926,Q36180
Q1251926,Q12094958
Q1251926,Q2887387
Q1251926,Q5434338
Q1251926,Q15949613
Q1251926,Q1622272
Q1251926,Q4853732
Q1251926,Q6625963
Q1251971,Q49757
Q1251971,Q11774202
Q1251971,Q1650915
Q1251971,Q6625963
Q1251971,Q15949613
Q1252469,Q36180
Q1252469,Q6625963
Q1252469,Q3330547
Q1252645,Q49757
Q1252645,Q6625963
Q1252645,Q36180
Q1252645,Q1930187
Q1252645,Q18844224
Q1253264,Q3621491
Q1253264,Q36180
Q1253264,Q6625963
Q1253923,Q6625963
Q1253923,Q11774202
Q1253923,Q36180
Q1253923,Q487596
Q1253923,Q214917
Q1253923,Q1930187
Q1256957,Q6625963
Q1256957,Q18533509
Q1256957,Q18245236
Q1256957,Q39631
Q1258235,Q36180
Q1258235,Q6625963
Q1258235,Q1622272
Q1258235,Q4853732
Q1258959,Q36180
Q1258959,Q6625963
Q1258959,Q18844224
Q1258959,Q10798782
Q1259446,Q6625963
Q1259446,Q36180
Q1259713,Q36180
Q1259713,Q6625963
Q1261117,Q36180
Q1261117,Q6625963
Q1262212,Q36180
Q1262212,Q49757
Q1262212,Q1930187
Q1262212,Q37226
Q1262212,Q6625963
Q1262212,Q124634459
Q1262212,Q124634459
Q1262216,Q6625963
Q1262216,Q36180
Q1264643,Q6625963
Q1264643,Q49757
Q1264643,Q11774202
Q1264643,Q36180
Q1266083,Q639669
Q1266083,Q753110
Q1266083,Q855091
Q1266083,Q20669622
Q1266083,Q183945
Q1266083,Q1930187
Q1266083,Q6625963
Q1266083,Q864380
Q1266083,Q1350157
Q1267116,Q36180
Q1267116,Q6625963
Q1267116,Q4853732
Q1268311,Q6625963
Q1268311,Q1930187
Q1268311,Q36180
Q1268581,Q36180
Q1268581,Q6625963
Q1268581,Q4853732
Q1269275,Q15442776
Q1269275,Q170790
Q1269275,Q6625963
Q1269275,Q36180
Q1269550,Q1930187
Q1269550,Q36180
Q1269550,Q6051619
Q1269550,Q6625963
Q1270441,Q36180
Q1270441,Q82955
Q1270441,Q6625963
Q1270441,Q212238
Q1270673,Q49757
Q1270673,Q644687
Q1270673,Q6625963
Q1270673,Q36180
Q1270673,Q1607826
Q1272457,Q6625963
Q1272457,Q28389
Q1272457,Q36180
Q1272457,Q3282637
Q1273517,Q28389
Q1273517,Q6625963
Q1273517,Q36180
Q1273517,Q19839393
Q1273533,Q36180
Q1273533,Q6625963
Q1273533,Q4853732
Q1275257,Q36180
Q1275257,Q18844224
Q1275257,Q6625963
Q1275257,Q12144794
Q1275257,Q49757
Q1275257,Q214917
Q1275257,Q333634
Q1276490,Q36180
Q1276490,Q6625963
Q1276490,Q18844224
Q1276490,Q1930187
Q1276720,Q36180
Q1276720,Q6625963
Q1276720,Q49757
Q1276843,Q36180
Q1276843,Q1930187
Q1276843,Q6625963
Q1277237,Q36180
Q1277237,Q6625963
Q1277237,Q864380
Q1277467,Q49757
Q1277467,Q6625963
Q1277467,Q36180
Q1277467,Q214917
Q1277467,Q37226
Q1277641,Q6625963
Q1277641,Q36180
Q1277641,Q1622272
Q1277641,Q131512
Q1277983,Q28389
Q1277983,Q6625963
Q1277983,Q2095549
Q1277983,Q36180
Q1277983,Q18844224
Q1277990,Q49757
Q1277990,Q6625963
Q1277990,Q36180
Q1277990,Q1622272
Q1278407,Q33999
Q1278407,Q36180
Q1278407,Q6625963
Q1278407,Q28389
Q1278407,Q214917
Q1278677,Q36180
Q1278677,Q6625963
Q1278677,Q131512
Q1278677,Q18805
Q1280035,Q14467526
Q1280035,Q333634
Q1280035,Q36180
Q1280035,Q1622272
Q1280035,Q6625963
Q1280205,Q33999
Q1280205,Q28389
Q1280205,Q2526255
Q1280205,Q10800557
Q1280205,Q6625963
Q1281119,Q36180
Q1281119,Q6625963
Q1281196,Q33999
Q1281196,Q177220
Q1281196,Q6625963
Q1281196,Q36180
Q1281738,Q33999
Q1281738,Q177220
Q1281738,Q6625963
Q1281738,Q245068
Q1281738,Q753110
Q1281738,Q1930187
Q1281738,Q82955
Q1281738,Q488205
Q1281738,Q36834
Q1281738,Q6051619
Q1282338,Q6625963
Q1282338,Q1622272
Q1282338,Q28389
Q1282338,Q36180
Q1282471,Q864503
Q1282471,Q4964182
Q1282471,Q36180
Q1282471,Q3640160
Q1282471,Q6625963
Q1282471,Q15839134
Q1282471,Q350979
Q1282471,Q98544732
Q1282826,Q36180
Q1282826,Q644687
Q1282826,Q333634
Q1282826,Q1930187
Q1282826,Q49757
Q1282826,Q639669
Q1282826,Q6625963
Q1283557,Q49757
Q1283557,Q6625963
Q1283557,Q36180
Q1283557,Q28389
Q1283557,Q214917
Q1283557,Q18844224
Q1283560,Q6625963
Q1283560,Q36180
Q1284085,Q6625963
Q1284085,Q36180
Q1284085,Q18844224
Q1285184,Q6625963
Q1285184,Q36180
Q1285184,Q54128
Q1285184,Q66316220
Q1285419,Q6625963
Q1285419,Q36180
Q1285562,Q36180
Q1285562,Q6625963
Q1285562,Q6606110
Q1285562,Q12144794
Q1285600,Q6625963
Q1285600,Q36180
Q1285626,Q6625963
Q1285626,Q36180
Q1285626,Q18844224
Q1285626,Q4853732
Q1286138,Q49757
Q1286138,Q6625963
Q1286138,Q36180
Q1286138,Q18844224
Q1287502,Q36180
Q1287502,Q49757
Q1287502,Q6625963
Q1287768,Q28389
Q1287768,Q6625963
Q1287768,Q36180
Q1288644,Q6625963
Q1288644,Q36180
Q1288774,Q36180
Q1288774,Q644687
Q1288774,Q15214752
Q1288774,Q4853732
Q1288774,Q49757
Q1288774,Q333634
Q1288774,Q10774753
Q1288774,Q33999
Q1288774,Q1028181
Q1288774,Q6625963
Q1289140,Q36180
Q1289140,Q33231
Q1289140,Q201788
Q1289140,Q1028181
Q1289140,Q6625963
Q1289151,Q36180
Q1289151,Q37226
Q1289151,Q6625963
Q1291185,Q28389
Q1291185,Q201788
Q1291185,Q1622272
Q1291185,Q36180
Q1291185,Q6625963
Q1291185,Q15949613
Q1292004,Q36180
Q1292004,Q6625963
Q1292004,Q18844224
Q1292012,Q6625963
Q1292012,Q36180
Q1292012,Q1622272
Q1292012,Q12144794
Q1292012,Q11774202
Q1292087,Q49757
Q1292087,Q36180
Q1292087,Q1622272
Q1292087,Q24387326
Q1292087,Q4853732
Q1292087,Q6625963
Q1292166,Q189290
Q1292166,Q6625963
Q1292166,Q82955
Q1292432,Q1607826
Q1292432,Q6625963
Q1292432,Q36180
Q1292432,Q18844224
Q1292432,Q2516866
Q1292826,Q11900058
Q1292826,Q189290
Q1292826,Q6625963
Q1292826,Q3492027
Q1292826,Q15980158
Q1292826,Q36180
Q1293447,Q6625963
Q1293447,Q8142883
Q1293447,Q2306091
Q1293447,Q36180
Q1293611,Q49757
Q1293611,Q1930187
Q1293611,Q36180
Q1293611,Q6625963
Q1293611,Q4263842
Q1293611,Q18844224
Q1293611,Q1622272
Q1293793,Q36180
Q1293793,Q1930187
Q1293793,Q6625963
Q1293793,Q28389
Q1293795,Q892972
Q1293795,Q6625963
Q1293795,Q36180
Q1293795,Q4853732
Q1293795,Q43845
Q1294088,Q189290
Q1294088,Q6625963
Q1294088,Q36180
Q1294088,Q18844224
Q1294553,Q169470
Q1294553,Q6625963
Q1294553,Q1622272
Q1294553,Q18844224
Q1297391,Q36180
Q1297391,Q6625963
Q1297391,Q214917
Q1298183,Q28389
Q1298183,Q2526255
Q1298183,Q6625963
Q1300112,Q620573
Q1300112,Q6625963
Q1300112,Q36180
Q1300112,Q14467526
Q1300112,Q1234713
Q1300112,Q1731155
Q1300112,Q333634
Q1303498,Q6625963
Q1303498,Q36180
Q1303498,Q12144794
Q1303988,Q6625963
Q1303988,Q36180
Q1303988,Q18844224
Q1304934,Q28389
Q1304934,Q36180
Q1304934,Q6625963
Q1305870,Q49757
Q1305870,Q214917
Q1305870,Q6625963
Q1305870,Q36180
Q1305870,Q1930187
Q1307719,Q36180
Q1307719,Q6625963
Q1307719,Q28389
Q1308340,Q6625963
Q1308340,Q4220892
Q1308340,Q1930187
Q1308340,Q333634
Q1308340,Q13570226
Q1308340,Q1622272
Q1308340,Q4263842
Q1308340,Q36180
Q1308730,Q42973
Q1308730,Q1028181
Q1308730,Q36180
Q1308730,Q6625963
Q1308730,Q10732476
Q1308730,Q3621491
Q1308730,Q11455387
Q1308730,Q131524
Q1308730,Q15472169
Q1309970,Q36180
Q1309970,Q37226
Q1309970,Q4964182
Q1309970,Q19509201
Q1309970,Q1930187
Q1309970,Q482980
Q1309970,Q6625963
Q1311305,Q36180
Q1311305,Q6625963
Q1311305,Q1930187
Q1312287,Q6625963
Q1312287,Q36180
Q1312287,Q40348
Q1312287,Q28389
Q1315386,Q6625963
Q1315386,Q49757
Q1315386,Q36180
Q1315386,Q15949613
Q1315386,Q15980158
Q1315862,Q1930187
Q1315862,Q6625963
Q1315862,Q214917
Q1316586,Q49757
Q1316586,Q36180
Q1316586,Q6625963
Q1316719,Q6625963
Q1316719,Q4853732
Q1316719,Q18814623
Q1316719,Q182436
Q1316719,Q36180
Q1317964,Q4773904
Q1317964,Q6625963
Q1318617,Q6625963
Q1318617,Q36180
Q1318617,Q28389
Q1319237,Q6625963
Q1319237,Q28389
Q1319237,Q191633
Q1319237,Q3282637
Q1319539,Q33999
Q1319539,Q28389
Q1319539,Q10800557
Q1319539,Q10798782
Q1319539,Q2405480
Q1319539,Q6625963
Q1319539,Q13235160
Q1319539,Q3455803
Q1319539,Q578109
Q1319539,Q2526255
Q1319539,Q36180
Q1320146,Q36180
Q1320146,Q6625963
Q1320146,Q28389
Q1320146,Q1930187
Q1320146,Q2560008
Q1320489,Q36180
Q1320489,Q6625963
Q1320489,Q18844224
Q1320489,Q2516866
Q1320567,Q1930187
Q1320567,Q36180
Q1320567,Q333634
Q1320567,Q6625963
Q1322301,Q6625963
Q1322301,Q36180
Q1322301,Q18844224
Q1322301,Q644687
Q1322301,Q28389
Q1322851,Q36180
Q1322851,Q6625963
Q1322851,Q201788
Q1322851,Q189290
Q1322851,Q45199
Q1324172,Q36180
Q1324172,Q4263842
Q1324172,Q4853732
Q1324172,Q37226
Q1324172,Q6625963
Q1324172,Q15949613
Q1324800,Q33999
Q1324800,Q6625963
Q1324800,Q1930187
Q1324800,Q36180
Q1324800,Q10798782
Q1324800,Q864380
Q1324800,Q2405480
Q1324816,Q36180
Q1324816,Q6625963
Q1324878,Q49757
Q1324878,Q6625963
Q1324878,Q36180
Q1324878,Q11774202
Q1324878,Q1607826
Q1325374,Q2526255
Q1325374,Q28389
Q1325374,Q6625963
Q1325374,Q639669
Q1325374,Q266569
Q1325821,Q36180
Q1325821,Q1930187
Q1325821,Q6625963
Q1325821,Q11774202
Q1326764,Q36180
Q1326764,Q6625963
Q1326764,Q482980
Q1326764,Q1622272
Q1326764,Q4853732
Q1330299,Q28389
Q1330299,Q6625963
Q1330299,Q36180
Q1330299,Q1053574
Q1330663,Q36180
Q1330663,Q333634
Q1330663,Q49757
Q1330663,Q3068305
Q1330663,Q6625963
Q1330663,Q214917
Q1331219,Q6625963
Q1331219,Q36180
Q1331219,Q11774202
Q1331244,Q6625963
Q1331244,Q36180
Q1331244,Q864380
Q1331252,Q6625963
Q1331252,Q15980158
Q1331252,Q36180
Q1331252,Q27503001
Q1332098,Q36180
Q1332098,Q214917
Q1332098,Q28389
Q1332098,Q4853732
Q1332098,Q6625963
Q1332266,Q6625963
Q1332266,Q28389
Q1332266,Q11892507
Q1332266,Q36180
Q1332944,Q1930187
Q1332944,Q6625963
Q1332944,Q36180
Q1333841,Q36180
Q1333841,Q201788
Q1333841,Q6625963
Q1333841,Q16323111
Q1333848,Q36180
Q1333848,Q11892507
Q1333848,Q6625963
Q1334139,Q1930187
Q1334139,Q36180
Q1334139,Q6625963
Q1334230,Q1930187
Q1334230,Q36180
Q1334230,Q4853732
Q1334230,Q6625963
Q1334230,Q17351648
Q1334281,Q36180
Q1334281,Q6625963
Q1334281,Q15949613
Q1334326,Q4964182
Q1334326,Q49757
Q1334326,Q6625963
Q1334326,Q15949613
Q1334326,Q12144794
Q1334326,Q185351
Q1334326,Q36180
Q1334536,Q36180
Q1334536,Q6625963
Q1334536,Q28389
Q1334536,Q578109
Q1334536,Q73306227
Q1334536,Q3282637
Q1334536,Q69423232
Q1335032,Q14467526
Q1335032,Q49757
Q1335032,Q333634
Q1335032,Q36180
Q1335032,Q4263842
Q1335032,Q6625963
Q1335032,Q4988856
Q1335032,Q135228907
Q1335454,Q36180
Q1335454,Q6625963
Q1335454,Q28389
Q1335686,Q28389
Q1335686,Q189290
Q1335686,Q6625963
Q1335686,Q2526255
Q1336654,Q6625963
Q1336654,Q36180
Q1336654,Q18844224
Q1337482,Q6625963
Q1337482,Q36180
Q1337482,Q1622272
Q1337504,Q6625963
Q1337504,Q1622272
Q1338016,Q6625963
Q1338016,Q36180
Q1338016,Q1622272
Q1338016,Q333634
Q1338062,Q36180
Q1338062,Q6625963
Q1338209,Q36180
Q1338209,Q6625963
Q1338416,Q49757
Q1338416,Q36180
Q1338416,Q28389
Q1338416,Q214917
Q1338416,Q6625963
Q1338416,Q6051619
Q1338416,Q2251335
Q1338416,Q11085831
Q1338671,Q36180
Q1338671,Q37226
Q1338671,Q6625963
Q1338671,Q214917
Q1338846,Q6625963
Q1338846,Q36180
Q1338846,Q4853732
Q1339252,Q6625963
Q1339252,Q36180
Q1339265,Q6625963
Q1339265,Q36180
Q1339944,Q6625963
Q1339944,Q36180
Q1340511,Q49757
Q1340511,Q36180
Q1340511,Q6625963
Q1340586,Q214917
Q1340586,Q487596
Q1340586,Q1281618
Q1340586,Q6625963
Q1340595,Q1930187
Q1340595,Q36180
Q1340595,Q6625963
Q1340595,Q4853732
Q1340595,Q482980
Q1340595,Q164236
Q1340677,Q81096
Q1340677,Q36180
Q1340677,Q1622272
Q1340677,Q18844224
Q1340677,Q6625963
Q1340677,Q1326886
Q1341654,Q28389
Q1341654,Q6625963
Q1341654,Q36180
Q1342082,Q36180
Q1342082,Q201788
Q1342082,Q6625963
Q1342082,Q1622272
Q1342082,Q4964182
Q1342895,Q36180
Q1342895,Q49757
Q1342895,Q6625963
Q1342895,Q19509201
Q1343486,Q1930187
Q1343486,Q201788
Q1343486,Q1622272
Q1343486,Q36180
Q1343486,Q2468727
Q1343486,Q333634
Q1343486,Q6625963
Q1343486,Q974144
Q1343486,Q49757
Q1343486,Q864380
Q1343486,Q482980
Q1343486,Q16267607
Q1343550,Q49757
Q1343550,Q6625963
Q1343550,Q487596
Q1343550,Q1622272
Q1343550,Q214917
Q1343550,Q2447386
Q1343550,Q4164507
Q1343804,Q49757
Q1343804,Q36180
Q1343804,Q214917
Q1343804,Q6625963
Q1343804,Q1622272
Q1343804,Q1930187
Q1343804,Q4263842
Q1343804,Q17167049
Q1343944,Q6625963
Q1343944,Q4263842
Q1343944,Q15949613
Q1343944,Q36180
Q1343944,Q1622272
Q1343973,Q36180
Q1343973,Q6625963
Q1344032,Q1930187
Q1344032,Q36180
Q1344032,Q4263842
Q1344032,Q6625963
Q1344032,Q15949613
Q1344078,Q40348
Q1344078,Q6625963
Q1344078,Q1622272
Q1344078,Q36180
Q1344217,Q36180
Q1344217,Q6625963
Q1344217,Q4853732
Q1344250,Q36180
Q1344250,Q6625963
Q1344250,Q1930187
Q1344250,Q384593
Q1344451,Q36180
Q1344451,Q6625963
Q1344451,Q28389
Q1344451,Q49757
Q1344495,Q36180
Q1344495,Q6625963
Q1344495,Q4853732
Q1344495,Q28389
Q1344495,Q864380
Q1344686,Q36180
Q1344686,Q28389
Q1344686,Q6625963
Q1344686,Q214917
Q1345080,Q4964182
Q1345080,Q82955
Q1345080,Q1930187
Q1345080,Q36180
Q1345080,Q76418315
Q1345080,Q6625963
Q1345227,Q6625963
Q1345227,Q36180
Q1346126,Q36180
Q1346126,Q28389
Q1346126,Q639669
Q1346126,Q6625963
Q1346126,Q7042855
Q1346126,Q18844224
Q1346126,Q822146
Q1346126,Q753110
Q1346664,Q1930187
Q1346664,Q36180
Q1346664,Q6625963
Q1346678,Q3282637
Q1346678,Q36180
Q1346678,Q7042855
Q1346678,Q28389
Q1346678,Q6625963
Q1346678,Q12144794
Q1346678,Q13235160
Q1346691,Q36180
Q1346691,Q6625963
Q1346691,Q18844224
Q1346885,Q6625963
Q1346885,Q36180
Q1346976,Q36180
Q1346976,Q6625963
Q1346976,Q214917
Q1346976,Q15980158
Q1347163,Q36180
Q1347163,Q6625963
Q1347163,Q18844224
Q1347163,Q54845077
Q1347232,Q33999
Q1347232,Q6625963
Q1347232,Q10798782
Q1347232,Q18844224
Q1347232,Q10800557
Q1347232,Q3282637
Q1347301,Q6625963
Q1347301,Q36180
Q1347301,Q1622272
Q1347607,Q36180
Q1347607,Q6625963
Q1347607,Q28389
Q1347607,Q4853732
Q1347607,Q15980158
Q1348138,Q28389
Q1348138,Q49757
Q1348138,Q6625963
Q1348138,Q36180
Q1348138,Q1930187
Q1348153,Q15949613
Q1348153,Q6625963
Q1348153,Q864380
Q1348153,Q11774202
Q1348153,Q36180
Q1348153,Q1622272
Q1348334,Q6625963
Q1348334,Q11774202
Q1348334,Q28389
Q1348334,Q4964182
Q1348713,Q6625963
Q1348713,Q36180
Q1348713,Q214917
Q1348768,Q36180
Q1348768,Q28389
Q1348768,Q6625963
Q1349027,Q36180
Q1349027,Q6625963
Q1349027,Q28389
Q1349027,Q855091
Q1349027,Q639669
Q1349144,Q36180
Q1349144,Q1028181
Q1349144,Q6625963
Q1349144,Q28389
Q1349144,Q18844224
Q1349144,Q4853732
Q1349245,Q212980
Q1349245,Q36180
Q1349245,Q6625963
Q1349276,Q6625963
Q1349276,Q36180
Q1349297,Q36180
Q1349297,Q28389
Q1349297,Q8246794
Q1349297,Q18844224
Q1349297,Q3282637
Q1349297,Q6625963
Q1349663,Q49757
Q1349663,Q1930187
Q1349663,Q333634
Q1349663,Q6625963
Q1349663,Q36180
Q1350599,Q6625963
Q1350599,Q15949613
Q1350599,Q10297252
Q1350599,Q36180
Q1351191,Q36180
Q1351191,Q1930187
Q1351191,Q2526255
Q1351191,Q6625963
Q1351191,Q28389
Q1351304,Q36180
Q1351304,Q6625963
Q1351304,Q28389
Q1351447,Q33999
Q1351447,Q6625963
Q1351447,Q36180
Q1351447,Q10798782
Q1351447,Q10800557
Q1351447,Q3455803
Q1351464,Q333634
Q1351464,Q6625963
Q1351464,Q201788
Q1351464,Q18844224
Q1351464,Q36180
Q1351554,Q36180
Q1351554,Q6625963
Q1351554,Q28389
Q1351554,Q18844224
Q1351554,Q11892507
Q1351554,Q73306227
Q1351819,Q36180
Q1351819,Q6625963
Q1352236,Q36180
Q1352236,Q6625963
Q1352236,Q28389
Q1352236,Q33999
Q1352236,Q384593
Q1352305,Q3492027
Q1352305,Q36180
Q1352305,Q6625963
Q1352305,Q45199
Q1352305,Q4853732
Q1353673,Q28389
Q1353673,Q36180
Q1353673,Q6625963
Q1353673,Q4853732
Q1353673,Q8178443
Q1353673,Q18844224
Q1353956,Q6625963
Q1353956,Q28389
Q1353956,Q36180
Q1353956,Q1930187
Q1353956,Q18844224
Q1354130,Q6625963
Q1354130,Q1607826
Q1354130,Q214917
Q1354130,Q1086863
Q1354130,Q11774202
Q1354130,Q36180
Q1354130,Q1930187
Q1354247,Q2526255
Q1354247,Q6625963
Q1354247,Q36180
Q1354247,Q33999
Q1354247,Q28389
Q1354247,Q3282637
Q1354608,Q6625963
Q1354608,Q36180
Q1356059,Q639669
Q1356059,Q36180
Q1356059,Q6625963
Q1356059,Q18844224
Q1356200,Q6625963
Q1356200,Q36180
Q1356259,Q1930187
Q1356259,Q6625963
Q1356259,Q36180
Q1356259,Q18844224
Q1356259,Q131512
Q1356259,Q5434338
Q1356259,Q10297252
Q1356259,Q12406482
Q1356272,Q6625963
Q1356272,Q1930187
Q1356272,Q36180
Q1356272,Q1622272
Q1356272,Q18844224
Q1356272,Q4220892
Q1356427,Q28389
Q1356427,Q3282637
Q1356427,Q6625963
Q1356427,Q2526255
Q1356427,Q47541952
Q1356435,Q6625963
Q1356435,Q36180
Q1356435,Q18844224
Q1356499,Q6625963
Q1356499,Q36180
Q1356499,Q189290
Q1356499,Q4991371
Q1356507,Q28389
Q1356507,Q6625963
Q1356507,Q36180
Q1357524,Q6625963
Q1357524,Q36180
Q1357524,Q1930187
Q1359140,Q1225716
Q1359140,Q6625963
Q1359140,Q28389
Q1359140,Q36180
Q1359140,Q18805
Q1360009,Q4773904
Q1360009,Q36180
Q1360009,Q6625963
Q1360009,Q4853732
Q1360721,Q6625963
Q1360721,Q36180
Q1360721,Q18844224
Q1361931,Q6625963
Q1361931,Q1930187
Q1361931,Q36180
Q1361931,Q4853732
Q1362244,Q36180
Q1362244,Q214917
Q1362244,Q170790
Q1362244,Q6625963
Q1362244,Q15949613
Q1362359,Q1930187
Q1362359,Q49757
Q1362359,Q8178443
Q1362359,Q36180
Q1362359,Q214917
Q1362359,Q6625963
Q1362359,Q15949613
Q1363121,Q36180
Q1363121,Q6625963
Q1363572,Q82955
Q1363572,Q1930187
Q1363572,Q193391
Q1363572,Q36180
Q1363572,Q18844224
Q1363572,Q6625963
Q1363756,Q6625963
Q1363756,Q11774202
Q1363756,Q36180
Q1363756,Q18939491
Q1363814,Q14467526
Q1363814,Q49757
Q1363814,Q36180
Q1363814,Q6625963
Q1363814,Q1930187
Q1363814,Q333634
Q1363814,Q214917
Q1363814,Q164236
Q1363986,Q6625963
Q1363986,Q4263842
Q1363986,Q36180
Q1363986,Q18844224
Q1364100,Q36180
Q1364100,Q6625963
Q1364100,Q18844224
Q1364205,Q36180
Q1364205,Q6625963
Q1364205,Q4263842
Q1364205,Q49757
Q1364205,Q864380
Q1364205,Q37226
Q1366068,Q333634
Q1366068,Q6625963
Q1366068,Q36180
Q1366068,Q4263842
Q1366693,Q36180
Q1366693,Q49757
Q1366693,Q1930187
Q1366693,Q6625963
Q1366693,Q333634
Q1366693,Q5758653
Q1366759,Q36180
Q1366759,Q1930187
Q1366759,Q28389
Q1366759,Q333634
Q1366759,Q6625963
Q1366759,Q4220892
Q1366759,Q49757
Q1367133,Q1930187
Q1367133,Q36180
Q1367133,Q6625963
Q1367624,Q49757
Q1367624,Q6625963
Q1367624,Q36180
Q1367995,Q6625963
Q1367995,Q18844224
Q1367995,Q33999
Q1367996,Q49757
Q1367996,Q6625963
Q1367996,Q36180
Q1367996,Q18844224
Q1368134,Q36180
Q1368134,Q6625963
Q1368134,Q18844224
Q1368134,Q28389
Q1368527,Q6625963
Q1368527,Q36180
Q1368527,Q18844224
Q1369013,Q36180
Q1369013,Q6625963
Q1369013,Q18844224
Q1369013,Q214917
Q1369211,Q2526255
Q1369211,Q6625963
Q1369211,Q986888
Q1369211,Q266569
Q1369211,Q3455803
Q1369211,Q779815
Q1369211,Q822146
Q1369211,Q2722764
Q1369224,Q6625963
Q1369224,Q18921227
Q1369224,Q36180
Q1369224,Q28389
Q1369224,Q18844224
Q1369224,Q4726481
Q1369254,Q13381863
Q1369254,Q6625963
Q1369803,Q36180
Q1369803,Q6625963
Q1369803,Q15949613
Q1370880,Q1234713
Q1370880,Q36180
Q1370880,Q49757
Q1370880,Q6625963
Q1371108,Q6625963
Q1371108,Q36180
Q1371154,Q36180
Q1371154,Q6625963
Q1371154,Q4263842
Q1371409,Q201788
Q1371409,Q36180
Q1371409,Q20198542
Q1371409,Q183945
Q1371409,Q36834
Q1371409,Q4853732
Q1371409,Q1930187
Q1371409,Q1086863
Q1371409,Q6625963
Q1371409,Q11774202
Q1371409,Q1350157
Q1371409,Q20669622
Q1371628,Q1930187
Q1371628,Q36180
Q1371628,Q40348
Q1371628,Q6625963
Q1371628,Q15949613
Q1372703,Q33999
Q1372703,Q2526255
Q1372703,Q28389
Q1372703,Q10798782
Q1372703,Q6625963
Q1372850,Q36180
Q1372850,Q6625963
Q1372850,Q28389
Q1372850,Q1622272
Q1372851,Q12094958
Q1372851,Q36180
Q1372851,Q214917
Q1372851,Q28389
Q1372851,Q333634
Q1372851,Q2526255
Q1372851,Q3455803
Q1372851,Q6625963
Q1372993,Q1930187
Q1372993,Q36180
Q1372993,Q6625963
Q1372993,Q1622272
Q1373060,Q6625963
Q1373060,Q28389
Q1373060,Q36180
Q1373183,Q4773904
Q1373183,Q3621491
Q1373183,Q36180
Q1373183,Q107017212
Q1373183,Q6625963
Q1373235,Q36180
Q1373235,Q6625963
Q1373235,Q214917
Q1373235,Q33999
Q1373235,Q15949613
Q1374243,Q28389
Q1374243,Q6625963
Q1374243,Q36180
Q1374243,Q33999
Q1374400,Q28389
Q1374400,Q6625963
Q1374400,Q1930187
Q1374400,Q36180
Q1374829,Q36180
Q1374829,Q6625963
Q1375319,Q36180
Q1375319,Q214917
Q1375319,Q28389
Q1375319,Q6625963
Q1375319,Q1880441
Q1377013,Q36180
Q1377013,Q49757
Q1377013,Q28389
Q1377013,Q6625963
Q1377923,Q2526255
Q1377923,Q28389
Q1377923,Q6625963
Q1377923,Q214917
Q1377923,Q36180
Q1377923,Q3387717
Q1377923,Q8178443
Q1378188,Q28389
Q1378188,Q6625963
Q1378188,Q36180
Q1378188,Q36834
Q1378375,Q36180
Q1378375,Q6625963
Q1378375,Q8246794
Q1378641,Q14467526
Q1378641,Q333634
Q1378641,Q6625963
Q1378641,Q36180
Q1378641,Q28389
Q1378641,Q4263842
Q1379189,Q36180
Q1379189,Q28389
Q1379189,Q6625963
Q1379189,Q1930187
Q1379189,Q5178440
Q1379443,Q36180
Q1379443,Q28389
Q1379443,Q6625963
Q1379443,Q214917
Q1379443,Q33999
Q1379791,Q36180
Q1379791,Q49757
Q1379791,Q6625963
Q1380960,Q36180
Q1380960,Q28389
Q1380960,Q6625963
Q1381427,Q211346
Q1381427,Q36180
Q1381427,Q6625963
Q1381427,Q1930187
Q1381427,Q49757
Q1381427,Q551835
Q1381427,Q39631
Q1381627,Q6625963
Q1381627,Q36180
Q1381627,Q15949613
Q1381985,Q36180
Q1381985,Q333634
Q1381985,Q6625963
Q1381985,Q11774202
Q1381985,Q15980158
Q1381985,Q4263842
Q1381985,Q4853732
Q1381985,Q1930187
Q1381985,Q864380
Q1382720,Q36180
Q1382720,Q49757
Q1382720,Q6625963
Q1382720,Q4263842
Q1383270,Q6625963
Q1383270,Q488205
Q1383270,Q28389
Q1383270,Q36180
Q1383270,Q753110
Q1383270,Q183945
Q1383270,Q3282637
Q1383270,Q55960555
Q1383270,Q36834
Q1383270,Q177220
Q1383270,Q639669
Q1383270,Q214917
Q1383662,Q36180
Q1383662,Q1930187
Q1383662,Q11900058
Q1383662,Q12356615
Q1383662,Q6625963
Q1383799,Q1930187
Q1383799,Q1234713
Q1383799,Q6625963
Q1383799,Q36180
Q1383799,Q28389
Q1384133,Q551835
Q1384133,Q39631
Q1384133,Q18844224
Q1384133,Q211346
Q1384133,Q36180
Q1384133,Q6625963
Q1384905,Q6625963
Q1384905,Q36180
Q1384905,Q4853732
Q1385478,Q36180
Q1385478,Q6625963
Q1385478,Q11774156
Q1385478,Q1930187
Q1385478,Q4991371
Q1385478,Q2330979
Q1385598,Q36180
Q1385598,Q6625963
Q1385614,Q6625963
Q1385614,Q36180
Q1385758,Q36180
Q1385758,Q6625963
Q1385758,Q28389
Q1385758,Q12406482
Q1385758,Q15949613
Q1385758,Q10297252
Q1386705,Q753110
Q1386705,Q6625963
Q1386705,Q11892507
Q1386705,Q1607826
Q1386967,Q36180
Q1386967,Q28389
Q1386967,Q12144794
Q1386967,Q6625963
Q1387224,Q49757
Q1387224,Q36180
Q1387224,Q6625963
Q1387224,Q214917
Q1387224,Q482980
Q1387224,Q4853732
Q1387224,Q8178443
Q1387224,Q644687
Q1387642,Q6625963
Q1387642,Q1622272
Q1387642,Q4964182
Q1387642,Q36180
Q1387643,Q36180
Q1387643,Q6625963
Q1387643,Q193391
Q1389731,Q6625963
Q1389731,Q36180
Q1389731,Q1930187
Q1389731,Q957729
Q1390604,Q49757
Q1390604,Q36180
Q1390604,Q6625963
Q1390604,Q1622272
Q1390604,Q214917
Q1390604,Q18844224
Q1391196,Q6625963
Q1391196,Q36180
Q1391196,Q28389
Q1391196,Q212980
Q1391196,Q1028181
Q1391196,Q1792450
Q1391927,Q6625963
Q1391927,Q36180
Q1392021,Q36180
Q1392021,Q1930187
Q1392021,Q6625963
Q1392121,Q82955
Q1392121,Q1930187
Q1392121,Q14467526
Q1392121,Q333634
Q1392121,Q6625963
Q1392121,Q4853732
Q1392121,Q36180
Q1392121,Q28389
Q1392250,Q164236
Q1392250,Q49757
Q1392250,Q36180
Q1392250,Q6625963
Q1392250,Q18814623
Q1392415,Q3363630
Q1392415,Q36180
Q1392415,Q6625963
Q1392415,Q12797895
Q1392415,Q49757
Q1393036,Q1930187
Q1393036,Q36180
Q1393036,Q6625963
Q1393036,Q28389
Q1393069,Q36180
Q1393069,Q2516866
Q1393069,Q18939491
Q1393069,Q2516852
Q1393069,Q6625963
Q1393069,Q11774202
Q1393069,Q15949613
Q1393111,Q14467526
Q1393111,Q36180
Q1393111,Q201788
Q1393111,Q6625963
Q1393111,Q333634
Q1393111,Q49757
Q1393111,Q15949613
Q1393388,Q36180
Q1393388,Q6625963
Q1393388,Q28389
Q1393388,Q1930187
Q1393388,Q214917
Q1393388,Q12144794
Q1393388,Q8178443
Q1393443,Q36180
Q1393443,Q4263842
Q1393443,Q214917
Q1393443,Q1930187
Q1393443,Q8178443
Q1393443,Q193391
Q1393443,Q6625963
Q1393443,Q15949613
Q1393517,Q49757
Q1393517,Q36180
Q1393517,Q6625963
Q1393517,Q214917
Q1393749,Q36180
Q1393749,Q18844224
Q1393749,Q6625963
Q1393935,Q177220
Q1393935,Q486748
Q1393935,Q488205
Q1393935,Q55960555
Q1393935,Q2526255
Q1393935,Q28389
Q1393935,Q6625963
Q1393935,Q183945
Q1394609,Q36180
Q1394609,Q639669
Q1394609,Q33231
Q1394609,Q6625963
Q1394609,Q28389
Q1394609,Q188094
Q1394747,Q6625963
Q1394747,Q15949613
Q1395092,Q36180
Q1395092,Q864380
Q1395092,Q28389
Q1395092,Q6625963
Q1395161,Q36180
Q1395161,Q193391
Q1395161,Q1930187
Q1395161,Q6625963
Q1395161,Q15949613
Q1395379,Q49757
Q1395379,Q36180
Q1395379,Q6625963
Q1395538,Q36180
Q1395538,Q6625963
Q1395538,Q28389
Q1395538,Q1930187
Q1395688,Q6625963
Q1395688,Q36180
Q1395770,Q333634
Q1395770,Q6625963
Q1395770,Q1930187
Q1395770,Q36180
Q1395770,Q19509201
Q1395770,Q131322129
Q1395770,Q49757
Q1395866,Q28389
Q1395866,Q36180
Q1395866,Q6625963
Q1395866,Q4853732
Q1395866,Q33999
Q1395915,Q28389
Q1395915,Q6625963
Q1395915,Q2095549
Q1395915,Q36180
Q1395915,Q2526255
Q1395915,Q408832
Q1396074,Q49757
Q1396074,Q36180
Q1396074,Q214917
Q1396074,Q333634
Q1396074,Q39631
Q1396074,Q6625963
Q1396387,Q49757
Q1396387,Q1930187
Q1396387,Q6625963
Q1396387,Q36180
Q1396654,Q36180
Q1396654,Q6625963
Q1396654,Q49757
Q1396654,Q42973
Q1396654,Q28389
Q1396664,Q49757
Q1396664,Q6625963
Q1396664,Q36180
Q1396664,Q11122954
Q1396763,Q6625963
Q1396763,Q36180
Q1396763,Q5434338
Q1396763,Q18844224
Q1396763,Q1930187
Q1396764,Q6625963
Q1396764,Q36180
Q1397159,Q6625963
Q1397159,Q36180
Q1397159,Q9149093
Q1397305,Q6625963
Q1397305,Q36180
Q1397305,Q1930187
Q1397543,Q6625963
Q1397543,Q36180
Q1397543,Q1930187
Q1397660,Q36180
Q1397660,Q49757
Q1397660,Q214917
Q1397660,Q6625963
Q1397722,Q36180
Q1397722,Q1930187
Q1397722,Q6625963
Q1398498,Q6625963
Q1398498,Q36180
Q1398498,Q214917
Q1398751,Q6625963
Q1398751,Q36180
Q1398751,Q18844224
Q1398751,Q37226
Q1398786,Q36180
Q1398786,Q1930187
Q1398786,Q4853732
Q1398786,Q49757
Q1398786,Q6625963
Q1398786,Q15949613
Q1399133,Q36180
Q1399133,Q1209498
Q1399133,Q18844224
Q1399133,Q6625963
Q1399160,Q169470
Q1399160,Q36180
Q1399160,Q1622272
Q1399160,Q1930187
Q1399160,Q82955
Q1399160,Q6625963
Q1399160,Q11499147
Q1399272,Q36180
Q1399272,Q1622272
Q1399272,Q6625963
Q1399272,Q33999
Q1399272,Q28389
Q1399341,Q333634
Q1399341,Q36180
Q1399341,Q37226
Q1399341,Q6625963
Q1399341,Q4773904
Q1399341,Q2306091
Q1399341,Q82955
Q1399341,Q4964182
Q1399502,Q36180
Q1399502,Q49757
Q1399502,Q214917
Q1399502,Q8178443
Q1399502,Q6625963
Q1399637,Q14467526
Q1399637,Q2421000
Q1399637,Q36180
Q1399637,Q28389
Q1399637,Q6625963
Q1400307,Q1930187
Q1400307,Q6625963
Q1400307,Q482980
Q1400307,Q36180
Q1402991,Q6625963
Q1402991,Q36180
Q1402991,Q2516866
Q1403035,Q6625963
Q1403035,Q214917
Q1403035,Q36180
Q1404768,Q36180
Q1404768,Q6625963
Q1405032,Q6625963
Q1405032,Q36180
Q1405996,Q36180
Q1405996,Q6625963
Q1405996,Q4853732
Q1406489,Q18844224
Q1406489,Q6625963
Q1406489,Q15949613
Q1407898,Q6625963
Q1407898,Q1930187
Q1407898,Q36180
Q1408025,Q49757
Q1408025,Q201788
Q1408025,Q6625963
Q1408025,Q36180
Q1408025,Q1622272
Q1408040,Q2526255
Q1408040,Q28389
Q1408040,Q6625963
Q1408040,Q36180
Q1408040,Q214917
Q1408040,Q3282637
Q1409320,Q33999
Q1409320,Q10800557
Q1409320,Q1314140
Q1409320,Q6625963
Q1409320,Q822146
Q1409320,Q214917
Q1409570,Q6625963
Q1409570,Q28389
Q1409570,Q36180
Q1409989,Q28389
Q1409989,Q6625963
Q1409989,Q36180
Q1409989,Q69423232
Q1410240,Q36180
Q1410240,Q6625963
Q1412142,Q6625963
Q1412142,Q36180
Q1413561,Q36180
Q1413561,Q6625963
Q1413561,Q28389
Q1413561,Q1622272
Q1413561,Q864380
Q1416142,Q36180
Q1416142,Q6625963
Q1416142,Q18844224
Q1417672,Q28389
Q1417672,Q3282637
Q1417672,Q6625963
Q1417672,Q36180
Q1417672,Q578109
Q1417672,Q47541952
Q1417699,Q36180
Q1417699,Q6625963
Q1418536,Q36180
Q1418536,Q6625963
Q1419656,Q18844224
Q1419656,Q6625963
Q1419759,Q6625963
Q1419759,Q36180
Q1419759,Q18844224
Q1420273,Q6625963
Q1420273,Q36180
Q1422252,Q6625963
Q1422252,Q36180
Q1422430,Q6625963
Q1422430,Q36180
Q1422430,Q18844224
Q1422563,Q36180
Q1422563,Q1792450
Q1422563,Q6625963
Q1422563,Q1930187
Q1422563,Q639669
Q1434265,Q193391
Q1434265,Q11774202
Q1434265,Q6625963
Q1434265,Q185351
Q1434265,Q201788
Q1434265,Q36180
Q1434265,Q82955
Q1434539,Q36180
Q1434539,Q11774202
Q1434539,Q6625963
Q1434616,Q1930187
Q1434616,Q36180
Q1434616,Q6625963
Q1434616,Q1607826
Q1434925,Q36180
Q1434925,Q6625963
Q1434925,Q18844224
Q1434925,Q37226
Q1434925,Q4853732
Q1435287,Q6625963
Q1435287,Q333634
Q1435287,Q28389
Q1435287,Q36180
Q1437441,Q28389
Q1437441,Q487596
Q1437441,Q6625963
Q1437441,Q214917
Q1439360,Q36180
Q1439360,Q214917
Q1439360,Q6625963
Q1439360,Q11774202
Q1439406,Q36180
Q1439406,Q6625963
Q1440732,Q6625963
Q1440732,Q36180
Q1440732,Q49757
Q1440805,Q186360
Q1440805,Q49757
Q1440805,Q6625963
Q1440805,Q36180
Q1441447,Q36180
Q1441447,Q6625963
Q1441798,Q1930187
Q1441798,Q6625963
Q1441798,Q36180
Q1441798,Q4263842
Q1441997,Q28389
Q1441997,Q36180
Q1441997,Q6625963
Q1442249,Q36180
Q1442249,Q1930187
Q1442249,Q6625963
Q1442249,Q15949613
Q1442249,Q333634
Q1442249,Q2306091
Q1442249,Q4853732
Q1443018,Q189290
Q1443018,Q6625963
Q1443018,Q1930187
Q1443018,Q36180
Q1443070,Q6625963
Q1443070,Q36180
Q1443070,Q18844224
Q1443099,Q6625963
Q1443099,Q36180
Q1443099,Q1622272
Q1443129,Q33999
Q1443129,Q28389
Q1443129,Q3282637
Q1443129,Q2526255
Q1443129,Q2059704
Q1443129,Q578109
Q1443129,Q36180
Q1443129,Q10800557
Q1443129,Q6625963
Q1443129,Q69423232
Q1443787,Q6625963
Q1443787,Q18844224
Q1443787,Q36180
Q1444002,Q36180
Q1444002,Q1930187
Q1444002,Q18844224
Q1444002,Q4853732
Q1444002,Q12406482
Q1444002,Q6625963
Q1444221,Q488205
Q1444221,Q6625963
Q1444297,Q6625963
Q1444297,Q1930187
Q1444297,Q36180
Q1444297,Q20669622
Q1444345,Q36180
Q1444345,Q6625963
Q1444345,Q18844224
Q1444345,Q5434338
Q1444495,Q36180
Q1444495,Q6625963
Q1444495,Q1622272
Q1445190,Q14972848
Q1445190,Q6625963
Q1445190,Q6673651
Q1445190,Q2504617
Q1445580,Q487596
Q1445580,Q333634
Q1445580,Q214917
Q1445580,Q4263842
Q1445580,Q17337766
Q1445580,Q37226
Q1445580,Q69423232
Q1445580,Q876864
Q1445580,Q6625963
Q1445580,Q36180
Q1445580,Q11892507
Q1445580,Q13570226
Q1445641,Q14467526
Q1445641,Q333634
Q1445641,Q1930187
Q1445641,Q4263842
Q1445641,Q18844224
Q1445641,Q36180
Q1445641,Q6625963
Q1446393,Q1930187
Q1446393,Q6625963
Q1446393,Q36180
Q1446393,Q4263842
Q1446683,Q36180
Q1446683,Q6625963
Q1446683,Q4853732
Q1448642,Q6625963
Q1448642,Q36180
Q1448930,Q33999
Q1448930,Q28389
Q1448930,Q3282637
Q1448930,Q6625963
Q1448930,Q36180
Q1448930,Q2259451
Q1448930,Q10798782
Q1448930,Q18844224
Q1448930,Q10800557
Q1449113,Q36180
Q1449113,Q333634
Q1449113,Q12144794
Q1449113,Q6625963
Q1449113,Q49757
Q1449113,Q11774202
Q1449113,Q37226
Q1449422,Q6625963
Q1449422,Q36180
Q1452295,Q578109
Q1452295,Q28389
Q1452295,Q3282637
Q1452295,Q18844224
Q1452295,Q6625963
Q1452295,Q73306227
Q1452295,Q69423232
Q1452749,Q14467526
Q1452749,Q49757
Q1452749,Q17611899
Q1452749,Q333634
Q1452749,Q6625963
Q1452749,Q36180
Q1452749,Q6430706
Q1452794,Q6625963
Q1452794,Q36180
Q1452794,Q33231
Q1452794,Q1622272
Q1452807,Q49757
Q1452807,Q6625963
Q1452807,Q1234713
Q1452807,Q36180
Q1452807,Q18814623
Q1452807,Q24262594
Q1452807,Q12144794
Q1452813,Q6625963
Q1452813,Q36180
Q1452813,Q1622272
Q1452818,Q36180
Q1452818,Q6625963
Q1452818,Q10669499
Q1452818,Q45199
Q1453258,Q131524
Q1453258,Q519076
Q1453258,Q6625963
Q1453258,Q488111
Q1453258,Q10800557
Q1453258,Q4610556
Q1453423,Q6625963
Q1453423,Q36180
Q1453544,Q6625963
Q1453544,Q822146
Q1453544,Q36180
Q1453687,Q49757
Q1453687,Q36180
Q1453687,Q6625963
Q1453687,Q4853732
Q1453743,Q6625963
Q1453743,Q1930187
Q1453743,Q21550489
Q1453743,Q4964182
Q1456366,Q36180
Q1456366,Q6625963
Q1456539,Q36180
Q1456539,Q6625963
Q1456539,Q49757
Q1456539,Q28389
Q1457862,Q333634
Q1457862,Q36180
Q1457862,Q1622272
Q1457862,Q6625963
Q1458319,Q6625963
Q1458319,Q1930187
Q1458319,Q4263842
Q1458319,Q36180
Q1458612,Q36180
Q1458612,Q6625963
Q1460605,Q947873
Q1460605,Q1930187
Q1460605,Q2722764
Q1460605,Q6625963
Q1460605,Q28389
Q1460605,Q3297652
Q1465790,Q6625963
Q1465790,Q36180
Q1465790,Q1028181
Q1468771,Q1930187
Q1468771,Q6625963
Q1468771,Q36180
Q1468786,Q6625963
Q1468786,Q36180
Q1468786,Q15949613
Q1468786,Q4263842
Q1469672,Q333634
Q1469672,Q214917
Q1469672,Q6625963
Q1469672,Q1028181
Q1469672,Q36180
Q1470827,Q1930187
Q1470827,Q6625963
Q1470827,Q36180
Q1473365,Q14467526
Q1473365,Q333634
Q1473365,Q49757
Q1473365,Q214917
Q1473365,Q36180
Q1473365,Q4263842
Q1473365,Q943995
Q1473365,Q6625963
Q1474002,Q36180
Q1474002,Q6625963
Q1475238,Q6625963
Q1475238,Q11774202
Q1475238,Q36180
Q1475238,Q876864
Q1475327,Q36180
Q1475327,Q214917
Q1475327,Q6625963
Q1475327,Q28389
Q1475327,Q1622272
Q1475826,Q6625963
Q1475826,Q36180
Q1477082,Q36180
Q1477082,Q49757
Q1477082,Q6625963
Q1477082,Q15949613
Q1477910,Q6625963
Q1477910,Q36180
Q1477910,Q4853732
Q1479296,Q1930187
Q1479296,Q201788
Q1479296,Q36180
Q1479296,Q6625963
Q1480556,Q6625963
Q1480556,Q36180
Q1481362,Q49757
Q1481362,Q36180
Q1481362,Q6625963
Q1481362,Q182436
Q1481362,Q214917
Q1481362,Q1930187
Q1483872,Q36180
Q1483872,Q82955
Q1483872,Q6625963
Q1487925,Q36834
Q1487925,Q8178443
Q1487925,Q214917
Q1487925,Q6625963
Q1489518,Q49757
Q1489518,Q36180
Q1489518,Q6625963
Q1490388,Q1028181
Q1490388,Q6625963
Q1490388,Q36180
Q1490603,Q1930187
Q1490603,Q36180
Q1490603,Q1397808
Q1490603,Q42909
Q1490603,Q15812002
Q1490603,Q6625963
Q1491217,Q6625963
Q1491217,Q1622272
Q1491217,Q214917
Q1491217,Q36180
Q1493271,Q6625963
Q1493271,Q36180
Q1494824,Q6625963
Q1494824,Q36180
Q1495313,Q6625963
Q1495313,Q49757
Q1495313,Q36180
Q1496335,Q36180
Q1496335,Q214917
Q1496335,Q6625963
Q1496441,Q1930187
Q1496441,Q36180
Q1496441,Q6625963
Q1496463,Q33999
Q1496463,Q2526255
Q1496463,Q28389
Q1496463,Q36180
Q1496463,Q6625963
Q1496463,Q1622272
Q1496463,Q14467526
Q1496570,Q6625963
Q1496570,Q36180
Q1497733,Q6625963
Q1497733,Q49757
Q1497733,Q36180
Q1499302,Q36180
Q1499302,Q28389
Q1499302,Q6625963
Q1499302,Q23833535
Q1502441,Q1930187
Q1502441,Q333634
Q1502441,Q36180
Q1502441,Q6625963
Q1502891,Q36180
Q1502891,Q1930187
Q1502891,Q482980
Q1502891,Q20669622
Q1502891,Q6625963
Q1505328,Q6625963
Q1505328,Q36180
Q1505328,Q2526255
Q1505328,Q3282637
Q1505328,Q578109
Q1505328,Q28389
Q1505328,Q3387717
Q1505328,Q2059704
Q1506319,Q49757
Q1506319,Q6625963
Q1506319,Q36180
Q1506319,Q333634
Q1506837,Q1930187
Q1506837,Q214917
Q1506837,Q2526255
Q1506837,Q6625963
Q1506837,Q28389
Q1506837,Q36180
Q1506837,Q12406482
Q1506837,Q42909
Q1506962,Q6625963
Q1506962,Q36180
Q1506962,Q28389
Q1506997,Q36180
Q1506997,Q1930187
Q1506997,Q2516852
Q1506997,Q6625963
Q1507305,Q49757
Q1507305,Q6625963
Q1507305,Q8178443
Q1507305,Q36180
Q1507305,Q4263842
Q1507366,Q6625963
Q1507366,Q1930187
Q1507366,Q36180
Q1507366,Q18844224
Q1507366,Q1622272
Q1507770,Q1930187
Q1507770,Q6625963
Q1507770,Q36180
Q1508039,Q36180
Q1508039,Q28389
Q1508039,Q3282637
Q1508039,Q6625963
Q1508039,Q578109
Q1508054,Q201788
Q1508054,Q193391
Q1508054,Q36180
Q1508054,Q6625963
Q1508382,Q82955
Q1508382,Q188094
Q1508382,Q40348
Q1508382,Q201788
Q1508382,Q6625963
Q1508382,Q1622272
Q1508382,Q36180
Q1508382,Q864380
Q1508382,Q18844224
Q1508545,Q6625963
Q1508545,Q36180
Q1508785,Q901402
Q1508785,Q82955
Q1508785,Q36180
Q1508785,Q1622272
Q1508785,Q11774202
Q1508785,Q6625963
Q1508785,Q15949613
Q1508877,Q36180
Q1508877,Q214917
Q1508877,Q6625963
Q1508877,Q12359071
Q1509017,Q1930187
Q1509017,Q6625963
Q1509017,Q36180
Q1509108,Q36180
Q1509108,Q214917
Q1509108,Q49757
Q1509108,Q6625963
Q1509108,Q182436
Q1509898,Q36180
Q1509898,Q1930187
Q1509898,Q49757
Q1509898,Q6625963
Q1510036,Q49757
Q1510036,Q36180
Q1510036,Q214917
Q1510036,Q3400985
Q1510036,Q4263842
Q1510036,Q1930187
Q1510036,Q6625963
Q1515266,Q36180
Q1515266,Q6625963
Q1515266,Q18844224
Q1515266,Q4853732
Q1515450,Q36180
Q1515450,Q6625963
Q1515618,Q49757
Q1515618,Q6625963
Q1515618,Q214917
Q1515618,Q3387717
Q1515618,Q36180
Q1515710,Q36180
Q1515710,Q6625963
Q1515710,Q49757
Q1518033,Q6625963
Q1518033,Q28389
Q1518033,Q1209498
Q1518033,Q36180
Q1518033,Q40348
Q1518051,Q11900058
Q1518051,Q36180
Q1518051,Q39631
Q1518051,Q18844224
Q1518051,Q6625963
Q1518400,Q28389
Q1518400,Q6625963
Q1518400,Q36180
Q1521073,Q28389
Q1521073,Q36180
Q1521073,Q6625963
Q1521073,Q20002503
Q1521073,Q69423232
Q1521073,Q10800557
Q1521073,Q73306227
Q1521073,Q2405480
Q1521332,Q6625963
Q1521332,Q36180
Q1522366,Q6625963
Q1522366,Q644687
Q1522366,Q36180
Q1522366,Q18844224
Q1522366,Q54845077
Q1522742,Q6625963
Q1522742,Q1209498
Q1522742,Q36180
Q1522742,Q40348
Q1522742,Q1930187
Q1522742,Q121594
Q1524017,Q6625963
Q1524017,Q1930187
Q1524029,Q1930187
Q1524029,Q36180
Q1524029,Q6625963
Q1524218,Q36180
Q1524218,Q6625963
Q1524218,Q49757
Q1524574,Q6625963
Q1524574,Q36180
Q1524574,Q6430706
Q1524648,Q36180
Q1524648,Q214917
Q1524648,Q49757
Q1524648,Q6625963
Q1524828,Q28389
Q1524828,Q6625963
Q1524828,Q36180
Q1526851,Q36180
Q1526851,Q18844224
Q1526851,Q6625963
Q1529940,Q6625963
Q1529940,Q18844224
Q1529940,Q4964182
Q1529940,Q49757
Q1530365,Q6625963
Q1530365,Q28389
Q1530365,Q214917
Q1530365,Q4853732
Q1530365,Q36180
Q1530365,Q333634
Q1530365,Q876864
Q1530410,Q49757
Q1530410,Q6625963
Q1530410,Q864380
Q1530410,Q753110
Q1530410,Q36180
Q1530473,Q6625963
Q1530473,Q18844224
Q1530559,Q1930187
Q1530559,Q6625963
Q1530559,Q82955
Q1530559,Q662729
Q1530559,Q947873
Q1530559,Q589298
Q1530559,Q13418253
Q1530559,Q6051619
Q1530559,Q17276321
Q1530559,Q36180
Q1530913,Q6625963
Q1530913,Q1622272
Q1530913,Q36180
Q1532067,Q6625963
Q1532067,Q36180
Q1532656,Q6625963
Q1532656,Q36180
Q1532656,Q1209498
Q1532656,Q40348
Q1534323,Q6625963
Q1534323,Q36180
Q1536854,Q6625963
Q1536854,Q36180
Q1536854,Q1350157
Q1536860,Q6625963
Q1536860,Q36180
Q1540592,Q28389
Q1540592,Q6625963
Q1540592,Q36180
Q1540592,Q11774202
Q1541271,Q36180
Q1541271,Q6625963
Q1541271,Q1930187
Q1541271,Q11774202
Q1541271,Q876864
Q1541271,Q15949613
Q1543221,Q947873
Q1543221,Q578109
Q1543221,Q6625963
Q1544898,Q6625963
Q1544898,Q36180
Q1544958,Q36180
Q1544958,Q6625963
Q1544958,Q18844224
Q1545030,Q6625963
Q1545030,Q36180
Q1545030,Q28389
Q1545030,Q69423232
Q1545030,Q3282637
Q1545030,Q9379869
Q1545386,Q36180
Q1545386,Q6625963
Q1545386,Q1930187
Q1546178,Q6625963
Q1546178,Q15949613
Q1546178,Q18844224
Q1546178,Q36180
Q1553867,Q6625963
Q1553867,Q36180
Q1555435,Q49757
Q1555435,Q6625963
Q1555435,Q36180
Q1555435,Q864380
Q1555931,Q36180
Q1555931,Q6625963
Q1555931,Q28389
Q1556811,Q36180
Q1556811,Q1930187
Q1556811,Q82955
Q1556811,Q4263842
Q1556811,Q6625963
Q1559438,Q6625963
Q1559438,Q49757
Q1559438,Q36180
Q1559438,Q214917
Q1559438,Q11774202
Q1559438,Q33999
Q1559438,Q2259451
Q1559438,Q1607826
Q1559438,Q4964182
Q1561296,Q36180
Q1561296,Q6625963
Q1561296,Q18844224
Q1561616,Q36180
Q1561616,Q6625963
Q1561616,Q214917
Q1561616,Q28389
Q1562225,Q1930187
Q1562225,Q36180
Q1562225,Q6625963
Q1562225,Q15949613
Q1562897,Q36180
Q1562897,Q6625963
Q1562897,Q18844224
Q1562897,Q2516866
Q1562897,Q876864
Q1563125,Q3282637
Q1563125,Q578109
Q1563125,Q28389
Q1563125,Q36180
Q1563125,Q6625963
Q1563125,Q2526255
Q1563351,Q36180
Q1563351,Q28389
Q1563351,Q6625963
Q1563821,Q36180
Q1563821,Q6625963
Q1563821,Q15949613
Q1563821,Q214917
Q1563821,Q482980
Q1563964,Q6625963
Q1563964,Q36180
Q1563964,Q1930187
Q1567034,Q6625963
Q1567034,Q28389
Q1567034,Q578109
Q1567518,Q6625963
Q1567518,Q1930187
Q1567518,Q36180
Q1567518,Q4220892
Q1567739,Q6625963
Q1567739,Q36180
Q1567739,Q214917
Q1567739,Q4164507
Q1568679,Q36180
Q1568679,Q6625963
Q1568679,Q1930187
Q1568679,Q15949613
Q1568679,Q4853732
Q1568956,Q6625963
Q1570571,Q1209498
Q1570571,Q8142883
Q1570571,Q36180
Q1570571,Q214917
Q1570571,Q11774202
Q1570571,Q6625963
Q1571552,Q36180
Q1571552,Q49757
Q1571552,Q3391743
Q1571552,Q6051619
Q1571552,Q6625963
Q1571552,Q37226
Q1571552,Q639669
Q1571552,Q1028181
Q1571552,Q21550489
Q1571552,Q33231
Q1571850,Q36180
Q1571850,Q49757
Q1571850,Q6625963
Q1573270,Q36180
Q1573270,Q6625963
Q1573454,Q36180
Q1573454,Q1930187
Q1573454,Q6625963
Q1574176,Q36180
Q1574176,Q28389
Q1574176,Q2526255
Q1574176,Q6625963
Q1575073,Q6625963
Q1575073,Q36180
Q1578894,Q36180
Q1578894,Q6625963
Q1578894,Q49757
Q1584576,Q36180
Q1584576,Q214917
Q1584576,Q8178443
Q1584576,Q6625963
Q1584951,Q14915627
Q1584951,Q6625963
Q1584951,Q20198542
Q1584951,Q15980158
Q1584951,Q183945
Q1584951,Q36834
Q1584951,Q20669622
Q1584951,Q639669
Q1584951,Q36180
Q1584951,Q49757
Q1585832,Q1930187
Q1585832,Q36180
Q1585832,Q6625963
Q1585832,Q11774202
Q1585875,Q36180
Q1585875,Q6625963
Q1585984,Q36180
Q1585984,Q1930187
Q1585984,Q28389
Q1585984,Q6625963
Q1585984,Q15949613
Q1585984,Q12144794
Q1585984,Q1622272
Q1586159,Q6625963
Q1586159,Q37226
Q1586159,Q36180
Q1586250,Q36180
Q1586250,Q6625963
Q1586250,Q15949613
Q1586451,Q33999
Q1586451,Q6625963
Q1586451,Q36180
Q1586611,Q28389
Q1586611,Q1930187
Q1586611,Q6625963
Q1586611,Q214917
Q1586611,Q36180
Q1588385,Q28389
Q1588385,Q6625963
Q1588385,Q1622272
Q1588385,Q36180
Q1588385,Q3282637
Q1592436,Q1930187
Q1592436,Q6625963
Q1592436,Q201788
Q1592436,Q36180
Q1593961,Q36180
Q1593961,Q6625963
Q1594680,Q6625963
Q1594680,Q201788
Q1594680,Q36180
Q1595809,Q36180
Q1595809,Q6625963
Q1595809,Q214917
Q1595809,Q6430706
Q1595809,Q4263842
Q1595809,Q28389
Q1598125,Q1930187
Q1598125,Q6625963
Q1598125,Q36180
Q1601829,Q186360
Q1601829,Q482980
Q1601829,Q6625963
Q1601829,Q864380
Q1601829,Q36180
Q1601880,Q36180
Q1601880,Q37226
Q1601880,Q1930187
Q1601880,Q6625963
Q1601880,Q49757
Q1601998,Q6625963
Q1601998,Q28692502
Q1601998,Q36180
Q1602297,Q2526255
Q1602297,Q28389
Q1602297,Q36180
Q1602297,Q6625963
Q1604549,Q482980
Q1604549,Q6625963
Q1604549,Q36180
Q1604549,Q278919
Q1606343,Q333634
Q1606343,Q2516866
Q1606343,Q36180
Q1606343,Q1086863
Q1606343,Q18844224
Q1606343,Q36180
Q1606343,Q6625963
Q1606343,Q1930187
Q1606714,Q6625963
Q1606714,Q36180
Q1606714,Q18844224
Q1606880,Q36180
Q1606880,Q6625963
Q1606880,Q4853732
Q1606880,Q37226
Q1606880,Q5434338
Q1607063,Q36180
Q1607063,Q6625963
Q1607236,Q36180
Q1607236,Q6625963
Q1608527,Q11774202
Q1608527,Q4263842
Q1608527,Q6625963
Q1608527,Q14467526
Q1609112,Q36180
Q1609112,Q6625963
Q1612773,Q36180
Q1612773,Q6625963
Q1613614,Q36180
Q1613614,Q6625963
Q1615369,Q40348
Q1615369,Q193391
Q1615369,Q482980
Q1615369,Q1930187
Q1615369,Q36180
Q1615369,Q12406482
Q1615369,Q15949613
Q1615369,Q6625963
Q1615734,Q82955
Q1615734,Q6625963
Q1615734,Q36180
Q1617184,Q1930187
Q1617184,Q4263842
Q1617184,Q36180
Q1617184,Q4964182
Q1617184,Q2306091
Q1617184,Q214917
Q1617184,Q1622272
Q1617184,Q15949613
Q1617184,Q6625963
Q1617365,Q6625963
Q1617365,Q36180
Q1618607,Q36180
Q1618607,Q6625963
Q1619374,Q6625963
Q1619374,Q36180
Q1619374,Q28389
Q1619374,Q3387717
Q1620007,Q36180
Q1620007,Q6625963
Q1620007,Q214917
Q1620007,Q333634
Q1620148,Q11774202
Q1620148,Q333634
Q1620148,Q36180
Q1620148,Q1622272
Q1620148,Q6625963
Q1620233,Q49757
Q1620233,Q36180
Q1620233,Q1086863
Q1620233,Q6625963
Q1620233,Q1930187
Q1620233,Q333634
Q1620306,Q6625963
Q1620306,Q36180
Q1620313,Q6625963
Q1620313,Q36180
Q1620313,Q2722764
Q1620313,Q36834
Q1620313,Q822146
Q1620636,Q49757
Q1620636,Q6625963
Q1620636,Q4220892
Q1620636,Q36180
Q1620636,Q4964182
Q1620971,Q33999
Q1620971,Q6625963
Q1620971,Q2405480
Q1621314,Q6625963
Q1621314,Q36180
Q1621326,Q164236
Q1621326,Q1930187
Q1621326,Q36180
Q1621326,Q6625963
Q1621326,Q11774202
Q1621598,Q40348
Q1621598,Q201788
Q1621598,Q6625963
Q1621598,Q1209498
Q1622795,Q6625963
Q1622795,Q36180
Q1622795,Q42909
Q1623364,Q28389
Q1623364,Q6625963
Q1623364,Q36180
Q1623364,Q214917
Q1626025,Q10497074
Q1626025,Q6625963
Q1626025,Q18814623
Q1626025,Q36180
Q1626025,Q28389
Q1626025,Q18844224
Q1626025,Q4991371
Q1626025,Q21468747
Q1626025,Q17504942
Q1626025,Q15895020
Q1627461,Q36180
Q1627461,Q6625963
Q1627461,Q7042855
Q1627461,Q998550
Q1627887,Q6625963
Q1627887,Q36180
Q1627887,Q18844224
Q1628278,Q169470
Q1628278,Q6625963
Q1628278,Q36180
Q1628278,Q1622272
Q1628278,Q18844224
Q1629792,Q36180
Q1629792,Q1622272
Q1629792,Q6625963
Q1629792,Q16308156
Q1629792,Q4263842
Q1631799,Q6625963
Q1631799,Q36180
Q1633025,Q36180
Q1633025,Q6625963
Q1633025,Q28389
Q1633338,Q6625963
Q1633338,Q36180
Q1633338,Q18844224
Q1633343,Q2516866
Q1633343,Q49757
Q1633343,Q6625963
Q1633343,Q11774202
Q1633343,Q487596
Q1633343,Q333634
Q1633343,Q1622272
Q1633343,Q36180
Q1634009,Q36180
Q1634009,Q6625963
Q1634009,Q18844224
Q1634191,Q36180
Q1634191,Q6625963
Q1634191,Q28389
Q1634191,Q1056391
Q1634842,Q6625963
Q1634842,Q36180
Q1634842,Q1622272
Q1634842,Q18844224
Q1634842,Q16308156
Q1634870,Q6625963
Q1634870,Q947873
Q1634870,Q1930187
Q1635435,Q33999
Q1635435,Q10800557
Q1635435,Q36180
Q1635435,Q2526255
Q1635435,Q6625963
Q1635435,Q28389
Q1635919,Q36180
Q1635919,Q6625963
Q1635919,Q1622272
Q1635919,Q864380
Q1636074,Q36180
Q1636074,Q1028181
Q1636074,Q33231
Q1636074,Q6625963
Q1637205,Q36180
Q1637205,Q6625963
Q1637205,Q1930187
Q1639201,Q36180
Q1639201,Q28389
Q1639201,Q6625963
Q1639223,Q82955
Q1639223,Q6625963
Q1639223,Q9352089
Q1642211,Q36180
Q1642211,Q6625963
Q1642740,Q6625963
Q1642740,Q36180
Q1642740,Q43845
Q1642740,Q864380
Q1642740,Q49757
Q1642740,Q214917
Q1642740,Q215536
Q1642740,Q12144794
Q1642918,Q36180
Q1642918,Q6625963
Q1643790,Q14467526
Q1643790,Q49757
Q1643790,Q36180
Q1643790,Q333634
Q1643790,Q1930187
Q1643790,Q4263842
Q1643790,Q18844224
Q1643790,Q81096
Q1643790,Q6625963
Q1643790,Q15949613
Q1645179,Q28389
Q1645179,Q6625963
Q1645179,Q36180
Q1645179,Q214917
Q1647133,Q1930187
Q1647133,Q6625963
Q1647133,Q36180
Q1647133,Q28389
Q1647133,Q2526255
Q1647940,Q6625963
Q1647940,Q191633
Q1647940,Q822146
Q1647940,Q1028181
Q1648047,Q36180
Q1648047,Q49757
Q1648047,Q28389
Q1648047,Q1930187
Q1648047,Q1622272
Q1648047,Q17010072
Q1648047,Q212948
Q1648047,Q6625963
Q1648047,Q214917
Q1648830,Q36180
Q1648830,Q214917
Q1648830,Q6625963
Q1648830,Q1622272
Q1648830,Q4263842
Q1648830,Q1930187
Q1648986,Q36180
Q1648986,Q39631
Q1648986,Q6625963
Q1648986,Q864380
Q1648986,Q214917
Q1648986,Q1930187
Q1649511,Q36180
Q1649511,Q6625963
Q1652128,Q1930187
Q1652128,Q36180
Q1652128,Q49757
Q1652128,Q6625963
Q1653062,Q36180
Q1653062,Q6625963
Q1653062,Q4853732
Q1655990,Q6625963
Q1655990,Q36180
Q1656572,Q36180
Q1656572,Q49757
Q1656572,Q6625963
Q1656572,Q755070
Q1657241,Q36180
Q1657241,Q6625963
Q1657241,Q49757
Q1657241,Q15949613
Q1657847,Q49757
Q1657847,Q6625963
Q1657847,Q36180
Q1657847,Q214917
Q1657847,Q28389
Q1659012,Q6625963
Q1659739,Q36180
Q1659739,Q6625963
Q1659739,Q1622272
Q1660170,Q82955
Q1660170,Q6625963
Q1660170,Q18939491
Q1660170,Q36180
Q1660382,Q36180
Q1660382,Q6625963
Q1660382,Q28389
Q1662872,Q36180
Q1662872,Q6625963
Q1663385,Q212980
Q1663385,Q6625963
Q1663385,Q36180
Q1669437,Q36180
Q1669437,Q6625963
Q1669437,Q28389
Q1669437,Q18844224
Q1669902,Q36180
Q1669902,Q6625963
Q1669902,Q18844224
Q1670229,Q6625963
Q1670229,Q36180
Q1670229,Q4263842
Q1670229,Q876864
Q1671867,Q6625963
Q1671867,Q36180
Q1671870,Q36180
Q1671870,Q6625963
Q1671870,Q15949613
Q1672502,Q1930187
Q1672502,Q6625963
Q1672502,Q36180
Q1672502,Q2059704
Q1672502,Q10798782
Q1673149,Q177220
Q1673149,Q753110
Q1673149,Q6625963
Q1673532,Q36180
Q1673532,Q6625963
Q1673604,Q36180
Q1673604,Q6625963
Q1673604,Q4853732
Q1673604,Q1930187
Q1673745,Q6625963
Q1673745,Q36180
Q1673745,Q876864
Q1675392,Q49757
Q1675392,Q6625963
Q1675392,Q36180
Q1675392,Q876864
Q1675840,Q333634
Q1675840,Q6625963
Q1675840,Q6051619
Q1675840,Q36180
Q1675887,Q28389
Q1675887,Q6625963
Q1675887,Q49757
Q1675887,Q36180
