entity,P108,country,countryLabel,continent,cultural,hdi
Q42,Q9531,Q145,United Kingdom,Europe,English-speaking,Very high human development
Q42,Q3520623,Q145,United Kingdom,Europe,English-speaking,Very high human development
Q272,Q273819,Q142,France,Europe,Catholic Europe,Very high human development
Q272,Q216047,Q142,France,Europe,Catholic Europe,Very high human development
Q410,Q49115,Q30,United States,North America,English-speaking,Very high human development
Q651,Q153978,Q183,Germany,Europe,Catholic Europe,Very high human development
Q651,Q122453,Q183,Germany,Europe,Catholic Europe,Very high human development
Q651,Q11942,Q39,Switzerland,Europe,Catholic Europe,Very high human development
Q892,Q34433,Q145,United Kingdom,Europe,English-speaking,Very high human development
Q892,Q503424,Q145,United Kingdom,Europe,English-speaking,Very high human development
Q892,Q44996,Q145,United Kingdom,Europe,English-speaking,Very high human development
Q905,Q670482,Q38,Italy,Europe,Catholic Europe,Very high human development
Q905,Q2648854,Q40,Austria,Europe,Catholic Europe,Very high human development
Q1646,Q770596,Q142,France,Europe,Catholic Europe,Very high human development
Q2908,Q2723467,Q142,France,Europe,Catholic Europe,Very high human development
Q4128,Q1137404,Q142,France,Europe,Catholic Europe,Very high human development
Q4128,Q2943625,Q142,France,Europe,Catholic Europe,Very high human development
Q4247,Q503473,Q39,Switzerland,Europe,Catholic Europe,Very high human development
Q4247,Q503473,Q23366230,,{},{},{}
Q4247,Q503473,Q142,France,Europe,Catholic Europe,Very high human development
Q4247,Q503473,Q23366230,,{},{},{}
Q4247,Q503473,Q39,Switzerland,Europe,Catholic Europe,Very high human development
Q6515,Q15208489,Q145,United Kingdom,Europe,English-speaking,Very high human development
Q6519,Q1420500,Q145,United Kingdom,Europe,English-speaking,Very high human development
Q7243,Q4345832,Q34266,,{},{},{}
Q7345,Q1426464,Q30,United States,North America,English-speaking,Very high human development
Q9364,Q926749,Q142,France,Europe,Catholic Europe,Very high human development
Q10731,Q35339,Q30,United States,North America,English-speaking,Very high human development
Q10731,Q130171,Q30,United States,North America,English-speaking,Very high human development
Q12706,Q1024181,Q159,Russia,Europe,Orthodox Europe,{}
Q12706,Q1024181,Q34266,,{},{},{}
Q12706,Q1024181,Q15180,,{},{},{}
Q12807,Q131262,Q38,Italy,Europe,Catholic Europe,Very high human development
Q12807,Q202660,Q142,France,Europe,Catholic Europe,Very high human development
Q12881,Q1065,Q30,United States,North America,English-speaking,Very high human development
Q18391,Q1132126,Q801,Israel,Asia,West & South Asia,Very high human development
Q18391,Q49110,Q30,United States,North America,English-speaking,Very high human development
Q18391,Q762266,Q30,United States,North America,English-speaking,Very high human development
Q18404,Q1137404,Q142,France,Europe,Catholic Europe,Very high human development
Q18404,Q1683235,Q142,France,Europe,Catholic Europe,Very high human development
Q18404,Q3225790,Q142,France,Europe,Catholic Europe,Very high human development
Q18914,Q487804,Q884,South Korea,Asia,West & South Asia,{}
Q19330,Q168756,Q30,United States,North America,English-speaking,Very high human development
Q19526,Q392667,Q30,United States,North America,English-speaking,Very high human development
Q20733,Q655810,Q142,France,Europe,Catholic Europe,Very high human development
Q22665,Q702605,Q188712,,{},{},{}
Q22665,Q11524652,Q17,Japan,Asia,West & South Asia,Very high human development
Q22665,Q1808259,Q17,Japan,Asia,West & South Asia,Very high human development
Q22665,Q9964248,Q188712,,{},{},{}
Q22665,Q11524917,Q17,Japan,Asia,West & South Asia,Very high human development
Q22670,Q154561,Q183,Germany,Europe,Catholic Europe,Very high human development
Q23114,Q16952,Q148,People's Republic of China,Asia,Confucian,{}
Q23441,Q1137404,Q142,France,Europe,Catholic Europe,Very high human development
Q23685,Q621043,Q30,United States,North America,English-speaking,Very high human development
Q31984,Q1780816,Q30,United States,North America,English-speaking,Very high human development
Q31984,Q1706651,Q30,United States,North America,English-speaking,Very high human development
Q34670,Q770596,Q142,France,Europe,Catholic Europe,Very high human development
Q34670,Q2835699,Q262,Algeria,Africa,African-Islamic,High human development
Q34743,Q216273,Q145,United Kingdom,Europe,English-speaking,Very high human development
Q34981,Q49110,Q30,United States,North America,English-speaking,Very high human development
Q35155,Q66,Q30,United States,North America,English-speaking,Very high human development
Q36184,Q742767,Q27,Ireland,Europe,English-speaking,Very high human development
Q36184,Q1661445,Q145,United Kingdom,Europe,English-speaking,Very high human development
Q36591,Q13371,Q30,United States,North America,English-speaking,Very high human development
Q36591,Q49115,Q30,United States,North America,English-speaking,Very high human development
Q36591,Q49205,Q30,United States,North America,English-speaking,Very high human development
Q36951,Q661916,Q28,Hungary,Europe,Catholic Europe,Very high human development
Q37030,Q21578,Q30,United States,North America,English-speaking,Very high human development
Q37030,Q697730,Q183,Germany,Europe,Catholic Europe,Very high human development
Q38049,Q153006,Q183,Germany,Europe,Catholic Europe,Very high human development
Q38049,Q1991332,Q218,Romania,Europe,Catholic Europe,Very high human development
Q38082,Q34433,Q145,United Kingdom,Europe,English-speaking,Very high human development
Q39803,Q21578,Q30,United States,North America,English-speaking,Very high human development
Q39803,Q245247,Q145,United Kingdom,Europe,English-speaking,Very high human development
Q39803,Q5963090,Q419,Peru,South America,Latin America,High human development
Q39803,Q5963866,Q419,Peru,South America,Latin America,High human development
Q39803,Q43452,Q29,Spain,Europe,Catholic Europe,Very high human development
Q39803,Q13371,Q30,United States,North America,English-speaking,Very high human development
Q39829,Q5645975,Q30,United States,North America,English-speaking,Very high human development
Q41488,Q13371,Q30,United States,North America,English-speaking,Very high human development
Q41488,Q1782980,Q1033,Nigeria,Africa,Sub-Saharan Africa,Medium human development
Q41488,Q49115,Q30,United States,North America,English-speaking,Very high human development
Q41488,Q49112,Q30,United States,North America,English-speaking,Very high human development
Q41488,Q2302311,Q30,United States,North America,English-speaking,Very high human development
Q41488,Q621043,Q30,United States,North America,English-speaking,Very high human development
Q41488,Q49210,Q30,United States,North America,English-speaking,Very high human development
Q41488,Q1786078,Q30,United States,North America,English-speaking,Very high human development
Q41488,Q34433,Q145,United Kingdom,Europe,English-speaking,Very high human development
Q41590,Q131252,Q30,United States,North America,English-speaking,Very high human development
Q41590,Q608338,Q218,Romania,Europe,Catholic Europe,Very high human development
Q43293,Q13371,Q30,United States,North America,English-speaking,Very high human development
Q43293,Q37156,Q30,United States,North America,English-speaking,Very high human development
Q43293,Q131252,Q30,United States,North America,English-speaking,Very high human development
Q43293,Q681025,Q30,United States,North America,English-speaking,Very high human development
Q43293,Q5733950,Q414,Argentina,South America,Latin America,Very high human development
Q43293,Q951305,Q258,South Africa,Africa,Sub-Saharan Africa,High human development
Q44219,Q861548,Q30,United States,North America,English-speaking,Very high human development
Q44306,Q621043,Q30,United States,North America,English-speaking,Very high human development
Q44490,Q34433,Q145,United Kingdom,Europe,English-speaking,Very high human development
Q44593,Q49167,Q30,United States,North America,English-speaking,Very high human development
Q47162,Q209842,Q142,France,Europe,Catholic Europe,Very high human development
Q47162,Q1878600,Q142,France,Europe,Catholic Europe,Very high human development
Q47162,Q273631,Q142,France,Europe,Catholic Europe,Very high human development
Q47162,Q83259,Q142,France,Europe,Catholic Europe,Very high human development
Q47484,Q216047,Q142,France,Europe,Catholic Europe,Very high human development
Q47619,Q13371,Q30,United States,North America,English-speaking,Very high human development
Q76632,Q212478,Q27306,,{},{},{}
Q76632,Q212478,Q1206012,,{},{},{}
Q76699,Q50662,Q183,Germany,Europe,Catholic Europe,Very high human development
Q76699,Q152171,Q183,Germany,Europe,Catholic Europe,Very high human development
Q76699,Q152087,Q183,Germany,Europe,Catholic Europe,Very high human development
Q76699,Q11093399,Q30,United States,North America,English-speaking,Very high human development
Q77751,Q49213,Q30,United States,North America,English-speaking,Very high human development
Q77751,Q168756,Q30,United States,North America,English-speaking,Very high human development
Q77751,Q209842,Q142,France,Europe,Catholic Europe,Very high human development
Q77751,Q1377,Q215,Slovenia,Europe,Catholic Europe,Very high human development
Q77751,Q578023,Q142,France,Europe,Catholic Europe,Very high human development
Q78386,Q154804,Q183,Germany,Europe,Catholic Europe,Very high human development
Q78644,Q1065,Q30,United States,North America,English-speaking,Very high human development
Q80095,Q21578,Q30,United States,North America,English-speaking,Very high human development
Q80095,Q153006,Q183,Germany,Europe,Catholic Europe,Very high human development
Q80900,Q683580,Q148,People's Republic of China,Asia,Confucian,{}
Q81071,Q47287,Q30,United States,North America,English-speaking,Very high human development
Q81438,Q4974820,Q30,United States,North America,English-speaking,Very high human development
Q81438,Q4974903,Q30,United States,North America,English-speaking,Very high human development
Q81447,Q168751,Q30,United States,North America,English-speaking,Very high human development
Q81796,Q216273,Q145,United Kingdom,Europe,English-speaking,Very high human development
Q82006,Q192775,Q145,United Kingdom,Europe,English-speaking,Very high human development
Q82032,Q34433,Q145,United Kingdom,Europe,English-speaking,Very high human development
Q82104,Q658626,Q30,United States,North America,English-speaking,Very high human development
Q82217,Q1138384,Q30,United States,North America,English-speaking,Very high human development
Q83059,Q49210,Q30,United States,North America,English-speaking,Very high human development
Q83059,Q131252,Q30,United States,North America,English-speaking,Very high human development
Q89891,Q165980,Q40,Austria,Europe,Catholic Europe,Very high human development
Q90009,Q168756,Q30,United States,North America,English-speaking,Very high human development
Q90009,Q995265,Q30,United States,North America,English-speaking,Very high human development
Q90009,Q616591,Q30,United States,North America,English-speaking,Very high human development
Q91059,Q762266,Q30,United States,North America,English-speaking,Very high human development
Q91059,Q49210,Q30,United States,North America,English-speaking,Very high human development
Q92562,Q216047,Q142,France,Europe,Catholic Europe,Very high human development
Q92562,Q3210026,Q142,France,Europe,Catholic Europe,Very high human development
Q92562,Q2082831,Q142,France,Europe,Catholic Europe,Very high human development
Q92562,Q496011,Q142,France,Europe,Catholic Europe,Very high human development
Q92849,Q151510,Q183,Germany,Europe,Catholic Europe,Very high human development
Q92849,Q498526,Q30,United States,North America,English-speaking,Very high human development
Q92849,Q6149540,Q30,United States,North America,English-speaking,Very high human development
Q93166,Q273518,Q142,France,Europe,Catholic Europe,Very high human development
Q49001,Q740308,Q30,United States,North America,English-speaking,Very high human development
Q49061,Q49041,Q30,United States,North America,English-speaking,Very high human development
Q49065,Q49166,Q30,United States,North America,English-speaking,Very high human development
Q50764,Q909176,Q142,France,Europe,Catholic Europe,Very high human development
Q55993,Q11474767,Q17,Japan,Asia,West & South Asia,Very high human development
Q57387,Q446987,Q183,Germany,Europe,Catholic Europe,Very high human development
Q57477,Q161982,Q183,Germany,Europe,Catholic Europe,Very high human development
Q58612,Q49210,Q30,United States,North America,English-speaking,Very high human development
Q58612,Q168756,Q30,United States,North America,English-speaking,Very high human development
Q58612,Q174158,Q801,Israel,Asia,West & South Asia,Very high human development
Q58811,Q315658,Q36,Poland,Europe,Catholic Europe,Very high human development
Q58836,Q455014,Q1206012,,{},{},{}
Q60753,Q43250,Q7318,,{},{},{}
Q64397,Q1326230,Q17,Japan,Asia,West & South Asia,Very high human development
Q66207,Q2649559,Q148499,,{},{},{}
Q66207,Q2649559,Q38872,,{},{},{}
Q69139,Q616905,Q183,Germany,Europe,Catholic Europe,Very high human development
Q71378,Q50662,Q183,Germany,Europe,Catholic Europe,Very high human development
Q71624,Q284992,Q183,Germany,Europe,Catholic Europe,Very high human development
Q72334,Q21578,Q30,United States,North America,English-speaking,Very high human development
Q72541,Q24543,Q29,Spain,Europe,Catholic Europe,Very high human development
Q75612,Q49109,Q30,United States,North America,English-speaking,Very high human development
Q93514,Q481576,Q183,Germany,Europe,Catholic Europe,Very high human development
Q93959,Q690639,Q40,Austria,Europe,Catholic Europe,Very high human development
Q96426,Q2516721,Q16957,,{},{},{}
Q96426,Q2516721,Q183,Germany,Europe,Catholic Europe,Very high human development
Q102034,Q245247,Q145,United Kingdom,Europe,English-speaking,Very high human development
Q102669,Q203453,Q183,Germany,Europe,Catholic Europe,Very high human development
Q103114,Q691207,Q145,United Kingdom,Europe,English-speaking,Very high human development
Q103114,Q3315187,Q142,France,Europe,Catholic Europe,Very high human development
Q103114,Q193582,Q142,France,Europe,Catholic Europe,Very high human development
Q106366,Q13142918,Q183,Germany,Europe,Catholic Europe,Very high human development
Q106606,Q153978,Q183,Germany,Europe,Catholic Europe,Very high human development
Q106740,Q2905612,Q145,United Kingdom,Europe,English-speaking,Very high human development
Q113233,Q5149662,Q30,United States,North America,English-speaking,Very high human development
Q115683,Q610190,Q145,United Kingdom,Europe,English-speaking,Very high human development
Q116055,Q3551825,Q39,Switzerland,Europe,Catholic Europe,Very high human development
Q116288,Q13371,Q30,United States,North America,English-speaking,Very high human development
Q118969,Q5896900,Q30,United States,North America,English-speaking,Very high human development
Q118973,Q1622152,Q39,Switzerland,Europe,Catholic Europe,Very high human development
Q118973,Q40313234,Q39,Switzerland,Europe,Catholic Europe,Very high human development
Q120085,Q1329873,Q30,United States,North America,English-speaking,Very high human development
Q120085,Q3550711,Q30,United States,North America,English-speaking,Very high human development
Q120085,Q1542536,Q30,United States,North America,English-speaking,Very high human development
Q121778,Q49110,Q30,United States,North America,English-speaking,Very high human development
Q121778,Q621043,Q30,United States,North America,English-speaking,Very high human development
Q124527,Q47596,Q30,United States,North America,English-speaking,Very high human development
Q127079,Q49109,Q30,United States,North America,English-speaking,Very high human development
Q127332,Q23930603,Q31,Belgium,Europe,Catholic Europe,Very high human development
Q127539,Q1476738,Q142,France,Europe,Catholic Europe,Very high human development
Q128560,Q184560,Q145,United Kingdom,Europe,English-speaking,Very high human development
Q128560,Q216047,Q142,France,Europe,Catholic Europe,Very high human development
Q128560,Q50008,Q145,United Kingdom,Europe,English-speaking,Very high human development
Q129478,Q1897630,Q30,United States,North America,English-speaking,Very high human development
Q130141,Q661916,Q28,Hungary,Europe,Catholic Europe,Very high human development
Q130780,Q1161297,Q145,United Kingdom,Europe,English-speaking,Very high human development
Q130780,Q168751,Q30,United States,North America,English-speaking,Very high human development
Q132524,Q27621,Q159,Russia,Europe,Orthodox Europe,{}
Q132524,Q27621,Q15180,,{},{},{}
Q132524,Q27621,Q34266,,{},{},{}
Q132589,Q1811146,Q29,Spain,Europe,Catholic Europe,Very high human development
Q133054,Q49204,Q30,United States,North America,English-speaking,Very high human development
Q134262,Q599316,Q30,United States,North America,English-speaking,Very high human development
Q134456,Q910073,Q17,Japan,Asia,West & South Asia,Very high human development
Q134456,Q4099167,Q17,Japan,Asia,West & South Asia,Very high human development
Q134798,Q21578,Q30,United States,North America,English-speaking,Very high human development
Q134798,Q49120,Q30,United States,North America,English-speaking,Very high human development
Q134942,Q184560,Q145,United Kingdom,Europe,English-speaking,Very high human development
Q140052,Q49210,Q30,United States,North America,English-speaking,Very high human development
Q144391,Q1145306,Q668,India,Asia,Indosphere,Medium human development
Q149489,Q49114,Q30,United States,North America,English-speaking,Very high human development
Q149489,Q3100195,Q30,United States,North America,English-speaking,Very high human development
Q151164,Q770596,Q142,France,Europe,Catholic Europe,Very high human development
Q151403,Q160302,Q145,United Kingdom,Europe,English-speaking,Very high human development
Q151403,Q4767906,Q145,United Kingdom,Europe,English-speaking,Very high human development
Q151403,Q6415615,Q145,United Kingdom,Europe,English-speaking,Very high human development
Q151820,Q38130,Q39,Switzerland,Europe,Catholic Europe,Very high human development
Q151872,Q737332,Q801,Israel,Asia,West & South Asia,Very high human development
Q152513,Q13371,Q30,United States,North America,English-speaking,Very high human development
Q152824,Q1051840,Q30,United States,North America,English-speaking,Very high human development
Q153248,Q13717,Q142,France,Europe,Catholic Europe,Very high human development
Q153701,Q842909,Q30,United States,North America,English-speaking,Very high human development
Q154691,Q49114,Q30,United States,North America,English-speaking,Very high human development
Q154691,Q21578,Q30,United States,North America,English-speaking,Very high human development
Q154691,Q13371,Q30,United States,North America,English-speaking,Very high human development
Q154691,Q49088,Q30,United States,North America,English-speaking,Very high human development
Q154691,Q49117,Q30,United States,North America,English-speaking,Very high human development
Q155087,Q13371,Q30,United States,North America,English-speaking,Very high human development
Q155087,Q131252,Q30,United States,North America,English-speaking,Very high human development
Q155106,Q54829,Q29,Spain,Europe,Catholic Europe,Very high human development
Q155845,Q49114,Q30,United States,North America,English-speaking,Very high human development
Q155845,Q927304,Q1033,Nigeria,Africa,Sub-Saharan Africa,Medium human development
Q155845,Q49109,Q30,United States,North America,English-speaking,Very high human development
Q157271,Q158158,Q183,Germany,Europe,Catholic Europe,Very high human development
Q157271,Q154561,Q183,Germany,Europe,Catholic Europe,Very high human development
Q157271,Q54096,Q183,Germany,Europe,Catholic Europe,Very high human development
Q158060,Q599316,Q30,United States,North America,English-speaking,Very high human development
Q158060,Q1730032,Q30,United States,North America,English-speaking,Very high human development
Q158060,Q761534,Q30,United States,North America,English-speaking,Very high human development
Q158060,Q49117,Q30,United States,North America,English-speaking,Very high human development
Q158060,Q4572296,Q30,United States,North America,English-speaking,Very high human development
Q159876,Q1235608,Q142,France,Europe,Catholic Europe,Very high human development
Q159876,Q49088,Q30,United States,North America,English-speaking,Very high human development
Q161842,Q204181,Q191,Estonia,Europe,Protestant Europe,Very high human development
Q162740,Q371267,Q403,Serbia,Europe,Orthodox Europe,Very high human development
Q163118,Q1051840,Q30,United States,North America,English-speaking,Very high human development
Q164401,Q193727,Q30,United States,North America,English-speaking,Very high human development
Q164401,Q3826570,Q30,United States,North America,English-speaking,Very high human development
Q164401,Q11700,Q30,United States,North America,English-speaking,Very high human development
Q164401,Q3826570,Q30,United States,North America,English-speaking,Very high human development
Q168004,Q55044,Q183,Germany,Europe,Catholic Europe,Very high human development
Q168431,Q658626,Q30,United States,North America,English-speaking,Very high human development
Q170509,Q13371,Q30,United States,North America,English-speaking,Very high human development
Q172140,Q131252,Q30,United States,North America,English-speaking,Very high human development
Q172140,Q35794,Q145,United Kingdom,Europe,English-speaking,Very high human development
Q176558,Q49167,Q30,United States,North America,English-speaking,Very high human development
Q176558,Q284777,Q30,United States,North America,English-speaking,Very high human development
Q176909,Q1521725,Q30,United States,North America,English-speaking,Very high human development
Q177300,Q151510,Q183,Germany,Europe,Catholic Europe,Very high human development
Q178225,Q1068258,Q27,Ireland,Europe,English-speaking,Very high human development
Q180223,Q13371,Q30,United States,North America,English-speaking,Very high human development
Q180223,Q1335573,Q30,United States,North America,English-speaking,Very high human development
Q180626,Q197543,Q148,People's Republic of China,Asia,Confucian,{}
Q180903,Q7842,Q17,Japan,Asia,West & South Asia,Very high human development
Q180903,Q11602375,Q17,Japan,Asia,West & South Asia,Very high human development
Q180903,Q11525952,Q17,Japan,Asia,West & South Asia,Very high human development
Q180903,Q46492,Q17,Japan,Asia,West & South Asia,Very high human development
Q180903,Q11524791,Q17,Japan,Asia,West & South Asia,Very high human development
Q180903,Q5348581,Q17,Japan,Asia,West & South Asia,Very high human development
Q180903,Q5365568,Q17,Japan,Asia,West & South Asia,Very high human development
Q180903,Q444649,Q17,Japan,Asia,West & South Asia,Very high human development
Q181573,Q4146827,Q15180,,{},{},{}
Q181659,Q766145,Q30,United States,North America,English-speaking,Very high human development
Q181667,Q4811069,Q30,United States,North America,English-speaking,Very high human development
Q181677,Q5127510,Q30,United States,North America,English-speaking,Very high human development
Q181920,Q1190812,Q30,United States,North America,English-speaking,Very high human development
Q182788,Q494170,Q30,United States,North America,English-speaking,Very high human development
Q182788,Q2495945,Q30,United States,North America,English-speaking,Very high human development
Q182788,Q4745121,Q30,United States,North America,English-speaking,Very high human development
Q183492,Q640694,Q16,Canada,North America,English-speaking,Very high human development
Q183492,Q391028,Q16,Canada,North America,English-speaking,Very high human development
Q183492,Q15277924,Q16,Canada,North America,English-speaking,Very high human development
Q183492,Q849751,Q16,Canada,North America,English-speaking,Very high human development
Q183492,Q49210,Q30,United States,North America,English-speaking,Very high human development
Q183492,Q326342,Q16,Canada,North America,English-speaking,Very high human development
Q183713,Q216047,Q142,France,Europe,Catholic Europe,Very high human development
Q184535,Q221645,Q34,Sweden,Europe,Protestant Europe,Very high human development
Q185085,Q308963,Q29,Spain,Europe,Catholic Europe,Very high human development
Q185714,Q349055,Q30,United States,North America,English-speaking,Very high human development
Q185714,Q1075339,Q30,United States,North America,English-speaking,Very high human development
Q185860,Q174710,Q30,United States,North America,English-speaking,Very high human development
Q186221,Q926749,Q142,France,Europe,Catholic Europe,Very high human development
Q186630,Q194223,Q414,Argentina,South America,Latin America,Very high human development
Q186630,Q784171,Q414,Argentina,South America,Latin America,Very high human development
Q187019,Q21578,Q30,United States,North America,English-speaking,Very high human development
Q187019,Q49117,Q30,United States,North America,English-speaking,Very high human development
Q187019,Q1446181,Q30,United States,North America,English-speaking,Very high human development
Q187019,Q182973,Q30,United States,North America,English-speaking,Very high human development
Q187085,Q216273,Q145,United Kingdom,Europe,English-speaking,Very high human development
Q188093,Q2867694,Q30,United States,North America,English-speaking,Very high human development
Q188176,Q2975783,Q30,United States,North America,English-speaking,Very high human development
Q188286,Q193727,Q30,United States,North America,English-speaking,Very high human development
Q188286,Q6905671,Q30,United States,North America,English-speaking,Very high human development
Q188286,Q1470544,Q30,United States,North America,English-speaking,Very high human development
Q188286,Q182973,Q30,United States,North America,English-speaking,Very high human development
Q188388,Q168756,Q30,United States,North America,English-speaking,Very high human development
Q189042,Q2060678,Q155,Brazil,South America,Latin America,High human development
Q190220,Q34433,Q145,United Kingdom,Europe,English-speaking,Very high human development
Q190379,Q193196,Q145,United Kingdom,Europe,English-speaking,Very high human development
Q192912,Q9531,Q145,United Kingdom,Europe,English-speaking,Very high human development
Q193156,Q168000,Q30,United States,North America,English-speaking,Very high human development
Q197155,Q168756,Q30,United States,North America,English-speaking,Very high human development
Q201732,Q34433,Q145,United Kingdom,Europe,English-speaking,Very high human development
Q201858,Q1567585,Q30,United States,North America,English-speaking,Very high human development
Q201858,Q1066835,Q30,United States,North America,English-speaking,Very high human development
Q203460,Q13371,Q30,United States,North America,English-speaking,Very high human development
Q203460,Q838330,Q30,United States,North America,English-speaking,Very high human development
Q203460,Q41506,Q30,United States,North America,English-speaking,Very high human development
Q203623,Q586904,Q155,Brazil,South America,Latin America,High human development
Q204168,Q29052,Q30,United States,North America,English-speaking,Very high human development
Q204168,Q838330,Q30,United States,North America,English-speaking,Very high human development
Q204168,Q230492,Q30,United States,North America,English-speaking,Very high human development
Q204868,Q1379834,Q159,Russia,Europe,Orthodox Europe,{}
Q204868,Q1379834,Q34266,,{},{},{}
Q204868,Q1379834,Q15180,,{},{},{}
Q208101,Q739627,Q30,United States,North America,English-speaking,Very high human development
Q208101,Q49117,Q30,United States,North America,English-speaking,Very high human development
Q208869,Q762266,Q30,United States,North America,English-speaking,Very high human development
Q209641,Q210175,Q145,United Kingdom,Europe,English-speaking,Very high human development
Q209641,Q184560,Q145,United Kingdom,Europe,English-speaking,Very high human development
Q209641,Q192088,Q145,United Kingdom,Europe,English-speaking,Very high human development
Q210059,Q49109,Q30,United States,North America,English-speaking,Very high human development
Q210798,Q1518496,Q142,France,Europe,Catholic Europe,Very high human development
Q211029,Q13371,Q30,United States,North America,English-speaking,Very high human development
Q212097,Q1781394,Q30,United States,North America,English-speaking,Very high human development
Q213806,Q49114,Q30,United States,North America,English-speaking,Very high human development
Q213806,Q49112,Q30,United States,North America,English-speaking,Very high human development
Q213806,Q681025,Q30,United States,North America,English-speaking,Very high human development
Q213806,Q49088,Q30,United States,North America,English-speaking,Very high human development
Q214642,Q49088,Q30,United States,North America,English-speaking,Very high human development
Q214677,Q188413,Q30,United States,North America,English-speaking,Very high human development
Q214677,Q211374,Q30,United States,North America,English-speaking,Very high human development
Q214677,Q762195,Q30,United States,North America,English-speaking,Very high human development
Q214677,Q1507987,Q30,United States,North America,English-speaking,Very high human development
Q215436,Q21578,Q30,United States,North America,English-speaking,Very high human development
Q215436,Q49088,Q30,United States,North America,English-speaking,Very high human development
Q215868,Q49205,Q30,United States,North America,English-speaking,Very high human development
Q216127,Q835662,Q183,Germany,Europe,Catholic Europe,Very high human development
Q216266,Q770596,Q142,France,Europe,Catholic Europe,Very high human development
Q216266,Q49210,Q30,United States,North America,English-speaking,Very high human development
Q216266,Q777403,Q30,United States,North America,English-speaking,Very high human development
Q216478,Q63437767,Q40,Austria,Europe,Catholic Europe,Very high human development
Q216478,Q63437767,Q28513,,{},{},{}
Q216692,Q186285,Q35,Denmark,Europe,Protestant Europe,Very high human development
Q217495,Q34433,Q145,United Kingdom,Europe,English-speaking,Very high human development
Q217495,Q1819342,Q145,United Kingdom,Europe,English-speaking,Very high human development
Q217557,Q21578,Q30,United States,North America,English-speaking,Very high human development
Q217557,Q1320232,Q30,United States,North America,English-speaking,Very high human development
Q217557,Q2065769,Q16,Canada,North America,English-speaking,Very high human development
Q217619,Q21578,Q30,United States,North America,English-speaking,Very high human development
Q217619,Q681025,Q30,United States,North America,English-speaking,Very high human development
Q217619,Q49088,Q30,United States,North America,English-speaking,Very high human development
Q217619,Q223429,Q145,United Kingdom,Europe,English-speaking,Very high human development
Q218679,Q216047,Q142,France,Europe,Catholic Europe,Very high human development
Q219862,Q617433,Q30,United States,North America,English-speaking,Very high human development
Q220078,Q1420500,Q145,United Kingdom,Europe,English-speaking,Very high human development
Q224029,Q1389508,Q142,France,Europe,Catholic Europe,Very high human development
Q224029,Q216047,Q142,France,Europe,Catholic Europe,Very high human development
Q224029,Q16536228,Q142,France,Europe,Catholic Europe,Very high human development
Q227395,Q153978,Q183,Germany,Europe,Catholic Europe,Very high human development
Q227395,Q707272,Q183,Germany,Europe,Catholic Europe,Very high human development
Q228801,Q49112,Q30,United States,North America,English-speaking,Very high human development
Q229996,Q1347679,Q30,United States,North America,English-speaking,Very high human development
Q230141,Q49167,Q30,United States,North America,English-speaking,Very high human development
Q232109,Q126399,Q30,United States,North America,English-speaking,Very high human development
Q232417,Q193196,Q145,United Kingdom,Europe,English-speaking,Very high human development
Q232417,Q15208489,Q145,United Kingdom,Europe,English-speaking,Very high human development
Q233566,Q1321046,Q30,United States,North America,English-speaking,Very high human development
Q233891,Q126399,Q30,United States,North America,English-speaking,Very high human development
Q234030,Q6246889,Q30,United States,North America,English-speaking,Very high human development
Q234289,Q192964,Q43,Turkey,Asia,West & South Asia,{}
Q234519,Q823917,Q145,United Kingdom,Europe,English-speaking,Very high human development
Q234519,Q1045828,Q145,United Kingdom,Europe,English-speaking,Very high human development
Q234663,Q3888017,Q29,Spain,Europe,Catholic Europe,Very high human development
Q234663,Q3212039,Q29,Spain,Europe,Catholic Europe,Very high human development
Q234663,Q9008651,Q29,Spain,Europe,Catholic Europe,Very high human development
Q234718,Q823917,Q145,United Kingdom,Europe,English-speaking,Very high human development
Q235731,Q287072,Q142,France,Europe,Catholic Europe,Very high human development
Q235731,Q1842995,Q142,France,Europe,Catholic Europe,Very high human development
Q236916,Q2368617,Q43,Turkey,Asia,West & South Asia,{}
Q236916,Q1548769,Q43,Turkey,Asia,West & South Asia,{}
Q237087,Q280413,Q142,France,Europe,Catholic Europe,Very high human development
Q237087,Q391083,Q142,France,Europe,Catholic Europe,Very high human development
Q237416,Q675848,Q224,Croatia,Europe,Catholic Europe,Very high human development
Q237420,Q14692455,Q30,United States,North America,English-speaking,Very high human development
Q237687,Q1432632,Q145,United Kingdom,Europe,English-speaking,Very high human development
Q237687,Q734266,Q145,United Kingdom,Europe,English-speaking,Very high human development
Q237833,Q13371,Q30,United States,North America,English-speaking,Very high human development
Q238331,Q174710,Q30,United States,North America,English-speaking,Very high human development
Q238514,Q168751,Q30,United States,North America,English-speaking,Very high human development
Q239656,Q489696,Q884,South Korea,Asia,West & South Asia,{}
Q240212,Q2413375,Q145,United Kingdom,Europe,English-speaking,Very high human development
Q240212,Q458393,Q145,United Kingdom,Europe,English-speaking,Very high human development
Q240212,Q3695910,Q145,United Kingdom,Europe,English-speaking,Very high human development
Q240647,Q939607,Q145,United Kingdom,Europe,English-speaking,Very high human development
Q241215,Q2598870,Q30,United States,North America,English-speaking,Very high human development
Q241248,Q49088,Q30,United States,North America,English-speaking,Very high human development
Q242530,Q4614,Q30,United States,North America,English-speaking,Very high human development
Q246722,Q224802,Q159,Russia,Europe,Orthodox Europe,{}
Q246722,Q224802,Q15180,,{},{},{}
Q247473,Q81162,Q145,United Kingdom,Europe,English-speaking,Very high human development
Q248244,Q815432,Q17,Japan,Asia,West & South Asia,Very high human development
Q249197,Q130879,Q145,United Kingdom,Europe,English-speaking,Very high human development
Q249197,Q184560,Q145,United Kingdom,Europe,English-speaking,Very high human development
Q249197,Q3403347,Q145,United Kingdom,Europe,English-speaking,Very high human development
Q249197,Q165862,Q145,United Kingdom,Europe,English-speaking,Very high human development
Q250637,Q196559,Q189,Iceland,Europe,Protestant Europe,Very high human development
Q253926,Q15142,Q30,United States,North America,English-speaking,Very high human development
Q253926,Q1516684,Q145,United Kingdom,Europe,English-speaking,Very high human development
Q253926,Q182973,Q30,United States,North America,English-speaking,Very high human development
Q254032,Q189441,Q36,Poland,Europe,Catholic Europe,Very high human development
Q254635,Q1859178,Q145,United Kingdom,Europe,English-speaking,Very high human development
Q258753,Q193727,Q30,United States,North America,English-speaking,Very high human development
Q258753,Q737835,Q794,Iran,Asia,African-Islamic,{}
Q259543,Q49115,Q30,United States,North America,English-speaking,Very high human development
Q259956,Q391028,Q16,Canada,North America,English-speaking,Very high human development
Q259956,Q472167,Q16,Canada,North America,English-speaking,Very high human development
Q259956,Q1191833,Q16,Canada,North America,English-speaking,Very high human development
Q260011,Q49124,Q30,United States,North America,English-speaking,Very high human development
Q262561,Q601669,Q30,United States,North America,English-speaking,Very high human development
Q262712,Q7270829,Q30,United States,North America,English-speaking,Very high human development
Q263201,Q503419,Q30,United States,North America,English-speaking,Very high human development
Q263552,Q1857293,Q155,Brazil,South America,Latin America,High human development
Q263552,Q586904,Q155,Brazil,South America,Latin America,High human development
Q263648,Q1676726,Q30,United States,North America,English-speaking,Very high human development
Q263807,Q737835,Q794,Iran,Asia,African-Islamic,{}
Q265270,Q219563,Q30,United States,North America,English-speaking,Very high human development
Q265270,Q7270850,Q30,United States,North America,English-speaking,Very high human development
Q265270,Q863813,Q30,United States,North America,English-speaking,Very high human development
Q265270,Q736674,Q30,United States,North America,English-speaking,Very high human development
Q266802,Q167733,Q30,United States,North America,English-speaking,Very high human development
Q266816,Q270145,Q419,Peru,South America,Latin America,High human development
Q266816,Q3551806,Q419,Peru,South America,Latin America,High human development
Q267769,Q661916,Q28,Hungary,Europe,Catholic Europe,Very high human development
Q268024,Q165862,Q145,United Kingdom,Europe,English-speaking,Very high human development
Q268147,Q49109,Q30,United States,North America,English-speaking,Very high human development
Q268495,Q49108,Q30,United States,North America,English-speaking,Very high human development
Q268495,Q1140542,Q30,United States,North America,English-speaking,Very high human development
Q268495,Q49204,Q30,United States,North America,English-speaking,Very high human development
Q269927,Q49088,Q30,United States,North America,English-speaking,Very high human development
Q270487,Q1752117,Q145,United Kingdom,Europe,English-speaking,Very high human development
Q270648,Q9531,Q145,United Kingdom,Europe,English-speaking,Very high human development
Q270715,Q915866,Q30,United States,North America,English-speaking,Very high human development
Q270715,Q502044,Q30,United States,North America,English-speaking,Very high human development
Q270739,Q230492,Q30,United States,North America,English-speaking,Very high human development
Q270739,Q503419,Q30,United States,North America,English-speaking,Very high human development
Q271931,Q1623314,Q30,United States,North America,English-speaking,Very high human development
Q271961,Q1569226,Q142,France,Europe,Catholic Europe,Very high human development
Q272194,Q15142,Q30,United States,North America,English-speaking,Very high human development
Q272492,Q670897,Q30,United States,North America,English-speaking,Very high human development
Q272610,Q1196057,Q30,United States,North America,English-speaking,Very high human development
Q272638,Q49115,Q30,United States,North America,English-speaking,Very high human development
Q272811,Q49088,Q30,United States,North America,English-speaking,Very high human development
Q272855,Q41621906,Q145,United Kingdom,Europe,English-speaking,Very high human development
Q273001,Q503419,Q30,United States,North America,English-speaking,Very high human development
Q273196,Q201492,Q16,Canada,North America,English-speaking,Very high human development
Q273210,Q1140542,Q30,United States,North America,English-speaking,Very high human development
Q273210,Q1706859,Q30,United States,North America,English-speaking,Very high human development
Q273210,Q49165,Q30,United States,North America,English-speaking,Very high human development
Q273385,Q6608367,Q30,United States,North America,English-speaking,Very high human development
Q273938,Q49210,Q30,United States,North America,English-speaking,Very high human development
Q273938,Q49088,Q30,United States,North America,English-speaking,Very high human development
Q274319,Q762266,Q30,United States,North America,English-speaking,Very high human development
Q274348,Q50009,Q29,Spain,Europe,Catholic Europe,Very high human development
Q274404,Q1751060,Q38,Italy,Europe,Catholic Europe,Very high human development
Q274404,Q202660,Q142,France,Europe,Catholic Europe,Very high human development
Q274500,Q777403,Q30,United States,North America,English-speaking,Very high human development
Q274766,Q60861806,Q36,Poland,Europe,Catholic Europe,Very high human development
Q275601,Q13371,Q30,United States,North America,English-speaking,Very high human development
Q275601,Q5126318,Q30,United States,North America,English-speaking,Very high human development
Q278872,Q865528,Q145,United Kingdom,Europe,English-speaking,Very high human development
Q278872,Q216273,Q145,United Kingdom,Europe,English-speaking,Very high human development
Q279550,Q815352,Q30,United States,North America,English-speaking,Very high human development
Q282859,Q46492,Q17,Japan,Asia,West & South Asia,Very high human development
Q283659,Q284392,Q30,United States,North America,English-speaking,Very high human development
Q283659,Q7603624,Q30,United States,North America,English-speaking,Very high human development
Q285084,Q848958,Q17,Japan,Asia,West & South Asia,Very high human development
Q287460,Q1045828,Q145,United Kingdom,Europe,English-speaking,Very high human development
Q287762,Q661916,Q28,Hungary,Europe,Catholic Europe,Very high human development
Q287898,Q861548,Q30,United States,North America,English-speaking,Very high human development
Q288501,Q168756,Q30,United States,North America,English-speaking,Very high human development
Q289054,Q681250,Q39,Switzerland,Europe,Catholic Europe,Very high human development
Q290633,Q49167,Q30,United States,North America,English-speaking,Very high human development
Q291285,Q1060421,Q30,United States,North America,English-speaking,Very high human development
Q291672,Q1430113,Q142,France,Europe,Catholic Europe,Very high human development
Q293236,Q371625,Q30,United States,North America,English-speaking,Very high human development
Q293259,Q1791958,Q17,Japan,Asia,West & South Asia,Very high human development
Q295406,Q2824618,Q30,United States,North America,English-speaking,Very high human development
Q295589,Q85329,Q38,Italy,Europe,Catholic Europe,Very high human development
Q295589,Q2558766,Q38,Italy,Europe,Catholic Europe,Very high human development
Q295589,Q923353,Q38,Italy,Europe,Catholic Europe,Very high human development
Q297736,Q235034,Q30,United States,North America,English-speaking,Very high human development
Q298051,Q568554,Q142,France,Europe,Catholic Europe,Very high human development
Q298051,Q24933118,Q142,France,Europe,Catholic Europe,Very high human development
Q298051,Q3268696,Q142,France,Europe,Catholic Europe,Very high human development
Q298051,Q22926283,Q142,France,Europe,Catholic Europe,Very high human development
Q298221,Q1191344,Q30,United States,North America,English-speaking,Very high human development
Q298221,Q1338618,Q30,United States,North America,English-speaking,Very high human development
Q298221,Q2902978,Q30,United States,North America,English-speaking,Very high human development
Q298221,Q1783178,Q30,United States,North America,English-speaking,Very high human development
Q298221,Q235034,Q30,United States,North America,English-speaking,Very high human development
Q298221,Q326342,Q16,Canada,North America,English-speaking,Very high human development
Q298221,Q201492,Q16,Canada,North America,English-speaking,Very high human development
Q298221,Q2822407,Q30,United States,North America,English-speaking,Very high human development
Q298221,Q43241744,Q16,Canada,North America,English-speaking,Very high human development
Q298221,Q16203756,Q30,United States,North America,English-speaking,Very high human development
Q298224,Q49114,Q30,United States,North America,English-speaking,Very high human development
Q298224,Q746079,Q117,Ghana,Africa,Sub-Saharan Africa,Medium human development
Q299161,Q34433,Q145,United Kingdom,Europe,English-speaking,Very high human development
Q299965,Q49210,Q30,United States,North America,English-speaking,Very high human development
Q302296,Q3211049,Q31,Belgium,Europe,Catholic Europe,Very high human development
Q302296,Q1989659,Q31,Belgium,Europe,Catholic Europe,Very high human development
Q302910,Q649998,Q114,Kenya,Africa,Sub-Saharan Africa,Medium human development
Q302910,Q49210,Q30,United States,North America,English-speaking,Very high human development
Q302910,Q868421,Q30,United States,North America,English-speaking,Very high human development
Q302910,Q309350,Q30,United States,North America,English-speaking,Very high human development
Q302910,Q49112,Q30,United States,North America,English-speaking,Very high human development
Q302910,Q49210,Q30,United States,North America,English-speaking,Very high human development
Q304874,Q217741,Q30,United States,North America,English-speaking,Very high human development
Q304874,Q777403,Q30,United States,North America,English-speaking,Very high human development
Q308021,Q1155944,Q142,France,Europe,Catholic Europe,Very high human development
Q308021,Q1394262,Q142,France,Europe,Catholic Europe,Very high human development
Q309716,Q503473,Q39,Switzerland,Europe,Catholic Europe,Very high human development
Q309716,Q503473,Q23366230,,{},{},{}
Q309716,Q503473,Q142,France,Europe,Catholic Europe,Very high human development
Q309716,Q503473,Q23366230,,{},{},{}
Q309716,Q503473,Q39,Switzerland,Europe,Catholic Europe,Very high human development
Q309716,Q1198571,Q142,France,Europe,Catholic Europe,Very high human development
Q309716,Q230899,Q145,United Kingdom,Europe,English-speaking,Very high human development
Q309850,Q1279835,Q30,United States,North America,English-speaking,Very high human development
Q309974,Q216047,Q142,France,Europe,Catholic Europe,Very high human development
Q310111,Q1026932,Q30,United States,North America,English-speaking,Very high human development
Q310176,Q230899,Q145,United Kingdom,Europe,English-speaking,Very high human development
Q310257,Q371625,Q30,United States,North America,English-speaking,Very high human development
Q310379,Q1140542,Q30,United States,North America,English-speaking,Very high human development
Q310562,Q3551621,Q142,France,Europe,Catholic Europe,Very high human development
Q310562,Q157575,Q142,France,Europe,Catholic Europe,Very high human development
Q311005,Q681250,Q39,Switzerland,Europe,Catholic Europe,Very high human development
Q311005,Q1194988,Q142,France,Europe,Catholic Europe,Very high human development
Q311005,Q83259,Q142,France,Europe,Catholic Europe,Very high human development
Q311005,Q2496149,Q142,France,Europe,Catholic Europe,Very high human development
Q311145,Q16142982,Q155,Brazil,South America,Latin America,High human development
Q311167,Q219694,Q29,Spain,Europe,Catholic Europe,Very high human development
Q311167,Q21578,Q30,United States,North America,English-speaking,Very high human development
Q311167,Q49210,Q30,United States,North America,English-speaking,Very high human development
Q311476,Q1504847,Q34,Sweden,Europe,Protestant Europe,Very high human development
Q311476,Q971383,Q34,Sweden,Europe,Protestant Europe,Very high human development
Q311476,Q174710,Q30,United States,North America,English-speaking,Very high human development
Q311592,Q4116998,Q29,Spain,Europe,Catholic Europe,Very high human development
Q311684,Q34433,Q145,United Kingdom,Europe,English-speaking,Very high human development
Q311684,Q13371,Q30,United States,North America,English-speaking,Very high human development
Q311684,Q180865,Q16,Canada,North America,English-speaking,Very high human development
Q311684,Q391028,Q16,Canada,North America,English-speaking,Very high human development
Q311684,Q174570,Q145,United Kingdom,Europe,English-speaking,Very high human development
Q311684,Q170027,Q145,United Kingdom,Europe,English-speaking,Very high human development
Q311684,Q156598,Q55,Netherlands,Europe,Protestant Europe,Very high human development
Q311684,Q757391,Q28,Hungary,Europe,Catholic Europe,Very high human development
Q311684,Q757391,Q40,Austria,Europe,Catholic Europe,Very high human development
Q311684,Q156598,Q55,Netherlands,Europe,Protestant Europe,Very high human development
Q311744,Q13371,Q30,United States,North America,English-speaking,Very high human development
Q311854,Q216047,Q142,France,Europe,Catholic Europe,Very high human development
Q312405,Q913861,Q30,United States,North America,English-speaking,Very high human development
Q312632,Q1772052,Q30,United States,North America,English-speaking,Very high human development
Q312720,Q49112,Q30,United States,North America,English-speaking,Very high human development
Q312720,Q1521725,Q30,United States,North America,English-speaking,Very high human development
Q312720,Q182973,Q30,United States,North America,English-speaking,Very high human development
Q312720,Q7571407,Q30,United States,North America,English-speaking,Very high human development
Q312720,Q29052,Q30,United States,North America,English-speaking,Very high human development
Q312747,Q2303432,Q29,Spain,Europe,Catholic Europe,Very high human development
Q312747,Q633561,Q29,Spain,Europe,Catholic Europe,Very high human development
Q312853,Q885836,Q30,United States,North America,English-speaking,Very high human development
Q312995,Q681250,Q39,Switzerland,Europe,Catholic Europe,Very high human development
Q313001,Q168756,Q30,United States,North America,English-speaking,Very high human development
Q313001,Q223429,Q145,United Kingdom,Europe,English-speaking,Very high human development
Q313193,Q188515,Q30,United States,North America,English-speaking,Very high human development
Q313246,Q558922,Q30,United States,North America,English-speaking,Very high human development
Q313246,Q1335573,Q30,United States,North America,English-speaking,Very high human development
Q313246,Q7227384,Q30,United States,North America,English-speaking,Very high human development
Q313254,Q1446181,Q30,United States,North America,English-speaking,Very high human development
Q313289,Q501758,Q30,United States,North America,English-speaking,Very high human development
Q313461,Q1975614,Q399,Armenia,Asia,Orthodox Europe,Very high human development
Q313461,Q548391,Q399,Armenia,Asia,Orthodox Europe,Very high human development
Q313589,Q510029,Q219060,Palestine,Asia,African-Islamic,{}
Q313589,Q12192828,Q846,Qatar,{},{},Very high human development
Q313593,Q1144262,Q16,Canada,North America,English-speaking,Very high human development
Q313739,Q1193547,Q30,United States,North America,English-speaking,Very high human development
Q313739,Q1446181,Q30,United States,North America,English-speaking,Very high human development
Q313739,Q116485,Q30,United States,North America,English-speaking,Very high human development
Q314256,Q49210,Q30,United States,North America,English-speaking,Very high human development
Q314972,Q19905,Q142,France,Europe,Catholic Europe,Very high human development
Q315167,Q220144,Q145,United Kingdom,Europe,English-speaking,Very high human development
Q315167,Q604470,Q148,People's Republic of China,Asia,Confucian,{}
Q315167,Q170027,Q145,United Kingdom,Europe,English-speaking,Very high human development
Q315185,Q1411222,Q30,United States,North America,English-speaking,Very high human development
Q315343,Q21578,Q30,United States,North America,English-speaking,Very high human development
Q315343,Q13371,Q30,United States,North America,English-speaking,Very high human development
Q315683,Q193727,Q30,United States,North America,English-speaking,Very high human development
Q315683,Q681025,Q30,United States,North America,English-speaking,Very high human development
Q315683,Q49110,Q30,United States,North America,English-speaking,Very high human development
Q315683,Q739627,Q30,United States,North America,English-speaking,Very high human development
Q316048,Q193196,Q145,United Kingdom,Europe,English-speaking,Very high human development
Q316048,Q81162,Q145,United Kingdom,Europe,English-speaking,Very high human development
Q316048,Q1472358,Q30,United States,North America,English-speaking,Very high human development
Q316217,Q1153094,Q17,Japan,Asia,West & South Asia,Very high human development
Q316381,Q10604257,Q34,Sweden,Europe,Protestant Europe,Very high human development
Q316381,Q389458,Q34,Sweden,Europe,Protestant Europe,Very high human development
Q316884,Q43452,Q29,Spain,Europe,Catholic Europe,Very high human development
Q317877,Q1516684,Q145,United Kingdom,Europe,English-speaking,Very high human development
Q317877,Q3511498,Q1033,Nigeria,Africa,Sub-Saharan Africa,Medium human development
Q318026,Q3291276,Q142,France,Europe,Catholic Europe,Very high human development
Q318212,Q46492,Q17,Japan,Asia,West & South Asia,Very high human development
Q318399,Q638098,Q145,United Kingdom,Europe,English-speaking,Very high human development
Q318431,Q160302,Q145,United Kingdom,Europe,English-speaking,Very high human development
Q318440,Q1137404,Q142,France,Europe,Catholic Europe,Very high human development
Q319196,Q865528,Q145,United Kingdom,Europe,English-speaking,Very high human development
Q319447,Q49167,Q30,United States,North America,English-speaking,Very high human development
Q319829,Q13371,Q30,United States,North America,English-speaking,Very high human development
Q320358,Q326342,Q16,Canada,North America,English-speaking,Very high human development
Q320884,Q217305,Q30,United States,North America,English-speaking,Very high human development
Q321066,Q7809,Q142,France,Europe,Catholic Europe,Very high human development
Q321071,Q13371,Q30,United States,North America,English-speaking,Very high human development
Q321372,Q37008,Q230,Georgia,Asia,Orthodox Europe,Very high human development
Q322871,Q35794,Q145,United Kingdom,Europe,English-speaking,Very high human development
Q323166,Q658626,Q30,United States,North America,English-speaking,Very high human development
Q325936,Q2503809,Q145,United Kingdom,Europe,English-speaking,Very high human development
Q326773,Q49088,Q30,United States,North America,English-speaking,Very high human development
Q326773,Q41506,Q30,United States,North America,English-speaking,Very high human development
Q326773,Q2495907,Q30,United States,North America,English-speaking,Very high human development
Q326987,Q1323040,Q17,Japan,Asia,West & South Asia,Very high human development
Q327958,Q2974879,Q145,United Kingdom,Europe,English-speaking,Very high human development
Q328627,Q49108,Q30,United States,North America,English-speaking,Very high human development
Q328745,Q9531,Q145,United Kingdom,Europe,English-speaking,Very high human development
Q328765,Q194445,Q79,Egypt,Africa,African-Islamic,High human development
Q330527,Q658626,Q30,United States,North America,English-speaking,Very high human development
Q332975,Q11409000,Q17,Japan,Asia,West & South Asia,Very high human development
Q333575,Q49167,Q30,United States,North America,English-speaking,Very high human development
Q334086,Q16952,Q148,People's Republic of China,Asia,Confucian,{}
Q335080,Q1142226,Q17,Japan,Asia,West & South Asia,Very high human development
Q335232,Q49210,Q30,United States,North America,English-speaking,Very high human development
Q336125,Q13371,Q30,United States,North America,English-speaking,Very high human development
Q336125,Q762266,Q30,United States,North America,English-speaking,Very high human development
Q336151,Q168515,Q30,United States,North America,English-speaking,Very high human development
Q336151,Q49110,Q30,United States,North America,English-speaking,Very high human development
Q336151,Q182973,Q30,United States,North America,English-speaking,Very high human development
Q336467,Q1378320,Q30,United States,North America,English-speaking,Very high human development
Q338153,Q58211956,Q145,United Kingdom,Europe,English-speaking,Very high human development
Q339050,Q1169487,Q1033,Nigeria,Africa,Sub-Saharan Africa,Medium human development
Q339050,Q16734211,Q1033,Nigeria,Africa,Sub-Saharan Africa,Medium human development
Q344616,Q179036,Q30,United States,North America,English-speaking,Very high human development
Q344616,Q178848,Q30,United States,North America,English-speaking,Very high human development
Q347461,Q49108,Q30,United States,North America,English-speaking,Very high human development
Q347912,Q100992881,Q408,Australia,Australia,English-speaking,Very high human development
Q348117,Q83389,Q43,Turkey,Asia,West & South Asia,{}
Q350165,Q9531,Q145,United Kingdom,Europe,English-speaking,Very high human development
Q350364,Q499451,Q30,United States,North America,English-speaking,Very high human development
Q350734,Q1202039,Q145,United Kingdom,Europe,English-speaking,Very high human development
Q351168,Q9531,Q145,United Kingdom,Europe,English-speaking,Very high human development
Q351221,Q1057890,Q408,Australia,Australia,English-speaking,Very high human development
Q351222,Q131252,Q30,United States,North America,English-speaking,Very high human development
Q351222,Q1472358,Q30,United States,North America,English-speaking,Very high human development
Q351222,Q189441,Q36,Poland,Europe,Catholic Europe,Very high human development
Q351222,Q414245,Q36,Poland,Europe,Catholic Europe,Very high human development
Q351547,Q861888,Q30,United States,North America,English-speaking,Very high human development
Q351547,Q817902,Q30,United States,North America,English-speaking,Very high human development
Q352059,Q21578,Q30,United States,North America,English-speaking,Very high human development
Q352107,Q193727,Q30,United States,North America,English-speaking,Very high human development
Q352346,Q270222,Q30,United States,North America,English-speaking,Very high human development
Q352528,Q34433,Q145,United Kingdom,Europe,English-speaking,Very high human development
Q352729,Q35794,Q145,United Kingdom,Europe,English-speaking,Very high human development
Q352729,Q499510,Q145,United Kingdom,Europe,English-speaking,Very high human development
Q352729,Q738236,Q334,Singapore,Asia,Confucian,Very high human development
Q353238,Q35794,Q145,United Kingdom,Europe,English-speaking,Very high human development
Q353774,Q174710,Q30,United States,North America,English-speaking,Very high human development
Q353869,Q1472358,Q30,United States,North America,English-speaking,Very high human development
Q353893,Q217305,Q30,United States,North America,English-speaking,Very high human development
Q353915,Q992830,Q30,United States,North America,English-speaking,Very high human development
Q353915,Q174710,Q30,United States,North America,English-speaking,Very high human development
Q353915,Q65379,Q30,United States,North America,English-speaking,Very high human development
Q353915,Q7419339,Q30,United States,North America,English-speaking,Very high human development
Q353915,Q845768,Q30,United States,North America,English-speaking,Very high human development
Q353915,Q1193547,Q30,United States,North America,English-speaking,Very high human development
Q353915,Q49117,Q30,United States,North America,English-speaking,Very high human development
Q353915,Q49088,Q30,United States,North America,English-speaking,Very high human development
Q354755,Q2067315,Q38,Italy,Europe,Catholic Europe,Very high human development
Q354783,Q681025,Q30,United States,North America,English-speaking,Very high human development
Q354783,Q969850,Q30,United States,North America,English-speaking,Very high human development
Q354783,Q1256981,Q30,United States,North America,English-speaking,Very high human development
Q355531,Q7227384,Q30,United States,North America,English-speaking,Very high human development
Q356639,Q13220673,Q145,United Kingdom,Europe,English-speaking,Very high human development
Q356960,Q815432,Q17,Japan,Asia,West & South Asia,Very high human development
Q357108,Q21578,Q30,United States,North America,English-speaking,Very high human development
Q357929,Q487556,Q408,Australia,Australia,English-speaking,Very high human development
Q357929,Q1816202,Q145,United Kingdom,Europe,English-speaking,Very high human development
Q358312,Q868421,Q30,United States,North America,English-speaking,Very high human development
Q358312,Q622664,Q30,United States,North America,English-speaking,Very high human development
Q359548,Q49210,Q30,United States,North America,English-speaking,Very high human development
Q359548,Q49112,Q30,United States,North America,English-speaking,Very high human development
Q361653,Q7739685,Q30,United States,North America,English-speaking,Very high human development
Q361653,Q5544356,Q30,United States,North America,English-speaking,Very high human development
Q361653,Q1783608,Q30,United States,North America,English-speaking,Very high human development
Q361653,Q13371,Q30,United States,North America,English-speaking,Very high human development
Q361653,Q6724738,Q30,United States,North America,English-speaking,Very high human development
Q364901,Q160302,Q145,United Kingdom,Europe,English-speaking,Very high human development
Q366575,Q1861687,Q30,United States,North America,English-speaking,Very high human development
Q369957,Q173959,Q79,Egypt,Africa,African-Islamic,High human development
Q371011,Q3091754,Q145,United Kingdom,Europe,English-speaking,Very high human development
Q371011,Q1414861,Q145,United Kingdom,Europe,English-speaking,Very high human development
Q371080,Q1323040,Q17,Japan,Asia,West & South Asia,Very high human development
Q371930,Q1400092,Q30,United States,North America,English-speaking,Very high human development
Q371930,Q7932485,Q30,United States,North America,English-speaking,Very high human development
Q372182,Q865528,Q145,United Kingdom,Europe,English-speaking,Very high human development
Q372182,Q788375,Q145,United Kingdom,Europe,English-speaking,Very high human development
Q374817,Q11547900,Q17,Japan,Asia,West & South Asia,Very high human development
Q378098,Q37230,Q30,United States,North America,English-speaking,Very high human development
Q378116,Q3268712,Q142,France,Europe,Catholic Europe,Very high human development
Q378309,Q20508793,Q34266,,{},{},{}
Q378309,Q6930144,Q34266,,{},{},{}
Q378309,Q13050639,Q399,Armenia,Asia,Orthodox Europe,Very high human development
Q378309,Q537375,Q132856,,{},{},{}
Q378309,Q8038509,Q399,Armenia,Asia,Orthodox Europe,Very high human development
Q378878,Q601669,Q30,United States,North America,English-speaking,Very high human development
Q379923,Q788022,Q70972,,{},{},{}
Q379949,Q13709,Q142,France,Europe,Catholic Europe,Very high human development
Q379949,Q216047,Q142,France,Europe,Catholic Europe,Very high human development
Q379949,Q3202605,Q142,France,Europe,Catholic Europe,Very high human development
Q379960,Q1067935,Q16,Canada,North America,English-speaking,Very high human development
Q380229,Q375606,Q145,United Kingdom,Europe,English-speaking,Very high human development
Q380265,Q11200740,Q17,Japan,Asia,West & South Asia,Very high human development
Q382101,Q7698859,Q1029,Mozambique,Africa,Sub-Saharan Africa,Low human development
Q382101,Q7698859,Q889394,,{},{},{}
Q382101,Q1583268,Q1029,Mozambique,Africa,Sub-Saharan Africa,Low human development
Q382101,Q399641,Q1029,Mozambique,Africa,Sub-Saharan Africa,Low human development
Q435262,Q1045828,Q145,United Kingdom,Europe,English-speaking,Very high human development
Q435278,Q464767,Q30,United States,North America,English-speaking,Very high human development
Q435902,Q1256981,Q30,United States,North America,English-speaking,Very high human development
Q435902,Q1190812,Q30,United States,North America,English-speaking,Very high human development
Q435902,Q1438597,Q30,United States,North America,English-speaking,Very high human development
Q435902,Q168756,Q30,United States,North America,English-speaking,Very high human development
Q435902,Q174710,Q30,United States,North America,English-speaking,Very high human development
Q436801,Q540751,Q145,United Kingdom,Europe,English-speaking,Very high human development
Q437123,Q681250,Q39,Switzerland,Europe,Catholic Europe,Very high human development
Q437771,Q850730,Q55,Netherlands,Europe,Protestant Europe,Very high human development
Q437811,Q1323040,Q17,Japan,Asia,West & South Asia,Very high human development
Q437811,Q700130,Q188712,,{},{},{}
Q437811,Q11658699,Q188712,,{},{},{}
Q437811,Q11559275,Q188712,,{},{},{}
Q438164,Q681025,Q30,United States,North America,English-speaking,Very high human development
Q438164,Q15142,Q30,United States,North America,English-speaking,Very high human development
Q438164,Q1420239,Q30,United States,North America,English-speaking,Very high human development
Q440100,Q7227384,Q30,United States,North America,English-speaking,Very high human development
Q440528,Q1194988,Q142,France,Europe,Catholic Europe,Very high human development
Q441056,Q49210,Q30,United States,North America,English-speaking,Very high human development
Q441067,Q1136919,Q30,United States,North America,English-speaking,Very high human development
Q443235,Q1026941,Q30,United States,North America,English-speaking,Very high human development
Q443404,Q1583390,Q1008,Ivory Coast,Africa,Sub-Saharan Africa,{}
Q444730,Q188413,Q30,United States,North America,English-speaking,Very high human development
Q446517,Q499451,Q30,United States,North America,English-speaking,Very high human development
Q446517,Q170027,Q145,United Kingdom,Europe,English-speaking,Very high human development
Q446517,Q1760791,Q145,United Kingdom,Europe,English-speaking,Very high human development
Q446517,Q1869028,Q145,United Kingdom,Europe,English-speaking,Very high human development
Q446943,Q210175,Q145,United Kingdom,Europe,English-speaking,Very high human development
Q447025,Q611723,Q16,Canada,North America,English-speaking,Very high human development
Q447244,Q3115193,Q30,United States,North America,English-speaking,Very high human development
Q447630,Q7940945,Q145,United Kingdom,Europe,English-speaking,Very high human development
Q448707,Q4997906,Q17,Japan,Asia,West & South Asia,Very high human development
Q449279,Q168756,Q30,United States,North America,English-speaking,Very high human development
Q449640,Q1340362,Q142,France,Europe,Catholic Europe,Very high human development
Q450690,Q49088,Q30,United States,North America,English-speaking,Very high human development
Q450875,Q1805085,Q30,United States,North America,English-speaking,Very high human development
Q451136,Q41506,Q30,United States,North America,English-speaking,Very high human development
Q452145,Q13371,Q30,United States,North America,English-speaking,Very high human development
Q452145,Q49206,Q30,United States,North America,English-speaking,Very high human development
Q452145,Q213439,Q30,United States,North America,English-speaking,Very high human development
Q452404,Q1785291,Q30,United States,North America,English-speaking,Very high human development
Q452742,Q999763,Q142,France,Europe,Catholic Europe,Very high human development
Q452742,Q19908,Q142,France,Europe,Catholic Europe,Very high human development
Q452761,Q499451,Q30,United States,North America,English-speaking,Very high human development
Q452761,Q1760438,Q30,United States,North America,English-speaking,Very high human development
Q452761,Q1191335,Q30,United States,North America,English-speaking,Very high human development
Q453288,Q21578,Q30,United States,North America,English-speaking,Very high human development
Q453288,Q13371,Q30,United States,North America,English-speaking,Very high human development
Q453288,Q503473,Q39,Switzerland,Europe,Catholic Europe,Very high human development
Q453288,Q503473,Q23366230,,{},{},{}
Q453288,Q503473,Q142,France,Europe,Catholic Europe,Very high human development
Q453288,Q503473,Q23366230,,{},{},{}
Q453288,Q503473,Q39,Switzerland,Europe,Catholic Europe,Very high human development
Q453288,Q180089,Q145,United Kingdom,Europe,English-speaking,Very high human development
Q453288,Q49166,Q30,United States,North America,English-speaking,Very high human development
Q453384,Q217305,Q30,United States,North America,English-speaking,Very high human development
Q453537,Q174710,Q30,United States,North America,English-speaking,Very high human development
Q453537,Q622664,Q30,United States,North America,English-speaking,Very high human development
Q453665,Q219555,Q30,United States,North America,English-speaking,Very high human development
Q453665,Q55263908,Q30,United States,North America,English-speaking,Very high human development
Q453665,Q16995038,Q30,United States,North America,English-speaking,Very high human development
Q453665,Q131531112,Q30,United States,North America,English-speaking,Very high human development
Q453665,Q14706949,Q30,United States,North America,English-speaking,Very high human development
Q453932,Q877925,Q145,United Kingdom,Europe,English-speaking,Very high human development
Q454836,Q3444679,Q30,United States,North America,English-speaking,Very high human development
Q454888,Q46492,Q17,Japan,Asia,West & South Asia,Very high human development
Q455410,Q5028646,Q20,Norway,Europe,Protestant Europe,Very high human development
Q455410,Q11992440,Q20,Norway,Europe,Protestant Europe,Very high human development
Q456212,Q740308,Q30,United States,North America,English-speaking,Very high human development
Q456762,Q784171,Q414,Argentina,South America,Latin America,Very high human development
Q456914,Q219615,Q29,Spain,Europe,Catholic Europe,Very high human development
Q456958,Q49109,Q30,United States,North America,English-speaking,Very high human development
Q457338,Q5739389,Q414,Argentina,South America,Latin America,Very high human development
Q457608,Q332498,Q30,United States,North America,English-speaking,Very high human development
Q457608,Q117452640,Q30,United States,North America,English-speaking,Very high human development
Q458224,Q1188786,Q17,Japan,Asia,West & South Asia,Very high human development
Q458336,Q1138384,Q30,United States,North America,English-speaking,Very high human development
Q458390,Q13371,Q30,United States,North America,English-speaking,Very high human development
Q458390,Q3344093,Q30,United States,North America,English-speaking,Very high human development
Q460088,Q129421,Q30,United States,North America,English-speaking,Very high human development
Q460088,Q21578,Q30,United States,North America,English-speaking,Very high human development
Q460323,Q1190812,Q30,United States,North America,English-speaking,Very high human development
Q460414,Q461761,Q16,Canada,North America,English-speaking,Very high human development
Q460425,Q49165,Q30,United States,North America,English-speaking,Very high human development
Q460490,Q784171,Q414,Argentina,South America,Latin America,Very high human development
Q460613,Q46492,Q17,Japan,Asia,West & South Asia,Very high human development
Q461320,Q6452072,Q17,Japan,Asia,West & South Asia,Very high human development
Q461320,Q495330,Q17,Japan,Asia,West & South Asia,Very high human development
Q461638,Q127990,Q408,Australia,Australia,English-speaking,Very high human development
Q461638,Q734764,Q408,Australia,Australia,English-speaking,Very high human development
Q461675,Q170027,Q145,United Kingdom,Europe,English-speaking,Very high human development
Q461690,Q309350,Q30,United States,North America,English-speaking,Very high human development
Q461845,Q7842,Q17,Japan,Asia,West & South Asia,Very high human development
Q461845,Q1153094,Q17,Japan,Asia,West & South Asia,Very high human development
Q461902,Q1145497,Q408,Australia,Australia,English-speaking,Very high human development
Q462649,Q174710,Q30,United States,North America,English-speaking,Very high human development
Q462649,Q209842,Q142,France,Europe,Catholic Europe,Very high human development
Q462953,Q1091287,Q17,Japan,Asia,West & South Asia,Very high human development
Q463279,Q1270831,Q30,United States,North America,English-speaking,Very high human development
Q463299,Q1507630,Q414,Argentina,South America,Latin America,Very high human development
Q463299,Q6464780,Q414,Argentina,South America,Latin America,Very high human development
Q463319,Q1699029,Q183,Germany,Europe,Catholic Europe,Very high human development
Q463319,Q1128593,Q30,United States,North America,English-speaking,Very high human development
Q463319,Q1128593,Q30,United States,North America,English-speaking,Very high human development
Q463319,Q1700617,Q30,United States,North America,English-speaking,Very high human development
Q463319,Q6603941,Q30,United States,North America,English-speaking,Very high human development
Q463319,Q1446181,Q30,United States,North America,English-speaking,Very high human development
Q463975,Q1075339,Q30,United States,North America,English-speaking,Very high human development
Q464397,Q859363,Q142,France,Europe,Catholic Europe,Very high human development
Q464656,Q1004175,Q142,France,Europe,Catholic Europe,Very high human development
Q464976,Q210175,Q145,United Kingdom,Europe,English-speaking,Very high human development
Q465181,Q740308,Q30,United States,North America,English-speaking,Very high human development
Q465208,Q49110,Q30,United States,North America,English-speaking,Very high human development
Q465208,Q49208,Q30,United States,North America,English-speaking,Very high human development
Q465208,Q21578,Q30,United States,North America,English-speaking,Very high human development
Q465237,Q501758,Q30,United States,North America,English-speaking,Very high human development
Q465242,Q167733,Q30,United States,North America,English-speaking,Very high human development
Q465421,Q4294676,Q155,Brazil,South America,Latin America,High human development
Q466782,Q1423960,Q801,Israel,Asia,West & South Asia,Very high human development
Q469135,Q180865,Q16,Canada,North America,English-speaking,Very high human development
Q470871,Q2975783,Q30,United States,North America,English-speaking,Very high human development
Q472352,Q1045828,Q145,United Kingdom,Europe,English-speaking,Very high human development
Q472352,Q4805801,Q668,India,Asia,Indosphere,Medium human development
Q472613,Q4173330,Q142,France,Europe,Catholic Europe,Very high human development
Q473289,Q5329446,Q30,United States,North America,English-speaking,Very high human development
Q477210,Q74544552,Q155,Brazil,South America,Latin America,High human development
Q478450,Q966540,Q30,United States,North America,English-speaking,Very high human development
Q478450,Q49087,Q30,United States,North America,English-speaking,Very high human development
Q382604,Q2321391,Q145,United Kingdom,Europe,English-speaking,Very high human development
Q383177,Q13709,Q142,France,Europe,Catholic Europe,Very high human development
Q383177,Q13717,Q142,France,Europe,Catholic Europe,Very high human development
Q385747,Q46492,Q17,Japan,Asia,West & South Asia,Very high human development
Q386244,Q49088,Q30,United States,North America,English-speaking,Very high human development
Q386285,Q15142,Q30,United States,North America,English-speaking,Very high human development
Q386285,Q617433,Q30,United States,North America,English-speaking,Very high human development
Q386285,Q913861,Q30,United States,North America,English-speaking,Very high human development
Q386622,Q1324001,Q96,Mexico,North America,Latin America,High human development
Q389946,Q868421,Q30,United States,North America,English-speaking,Very high human development
Q394628,Q35794,Q145,United Kingdom,Europe,English-speaking,Very high human development
Q399446,Q633561,Q29,Spain,Europe,Catholic Europe,Very high human development
Q402664,Q49108,Q30,United States,North America,English-speaking,Very high human development
Q402664,Q4048631,Q30,United States,North America,English-speaking,Very high human development
Q405234,Q3139207,Q17,Japan,Asia,West & South Asia,Very high human development
Q405295,Q1333399,Q145,United Kingdom,Europe,English-speaking,Very high human development
Q405532,Q4614,Q30,United States,North America,English-speaking,Very high human development
Q405532,Q174710,Q30,United States,North America,English-speaking,Very high human development
Q408758,Q9531,Q145,United Kingdom,Europe,English-speaking,Very high human development
Q418584,Q274486,Q17,Japan,Asia,West & South Asia,Very high human development
Q418584,Q1582272,Q17,Japan,Asia,West & South Asia,Very high human development
Q426582,Q4957928,Q30,United States,North America,English-speaking,Very high human development
Q428160,Q1431686,Q31,Belgium,Europe,Catholic Europe,Very high human development
Q428215,Q9531,Q145,United Kingdom,Europe,English-speaking,Very high human development
Q428215,Q153770,Q183,Germany,Europe,Catholic Europe,Very high human development
Q429011,Q777403,Q30,United States,North America,English-speaking,Very high human development
Q429011,Q49119,Q30,United States,North America,English-speaking,Very high human development
Q432362,Q1146254,Q145,United Kingdom,Europe,English-speaking,Very high human development
Q432728,Q7842,Q17,Japan,Asia,West & South Asia,Very high human development
Q433291,Q2647037,Q30,United States,North America,English-speaking,Very high human development
Q433708,Q2392351,Q145,United Kingdom,Europe,English-speaking,Very high human development
Q433994,Q167733,Q30,United States,North America,English-speaking,Very high human development
Q434138,Q1140241,Q30,United States,North America,English-speaking,Very high human development
Q434138,Q5576249,Q30,United States,North America,English-speaking,Very high human development
Q434160,Q503424,Q145,United Kingdom,Europe,English-speaking,Very high human development
Q434160,Q865528,Q145,United Kingdom,Europe,English-speaking,Very high human development
Q434160,Q235034,Q30,United States,North America,English-speaking,Very high human development
Q434164,Q230492,Q30,United States,North America,English-speaking,Very high human development
Q484947,Q1783603,Q30,United States,North America,English-speaking,Very high human development
Q490802,Q761660,Q35,Denmark,Europe,Protestant Europe,Very high human development
Q490802,Q373133,Q35,Denmark,Europe,Protestant Europe,Very high human development
Q493123,Q15143,Q30,United States,North America,English-speaking,Very high human development
Q495754,Q617433,Q30,United States,North America,English-speaking,Very high human development
Q495754,Q41506,Q30,United States,North America,English-speaking,Very high human development
Q500546,Q1780816,Q30,United States,North America,English-speaking,Very high human development
Q503497,Q861548,Q30,United States,North America,English-speaking,Very high human development
Q503497,Q634396,Q30,United States,North America,English-speaking,Very high human development
Q504923,Q503419,Q30,United States,North America,English-speaking,Very high human development
Q504923,Q131252,Q30,United States,North America,English-speaking,Very high human development
Q504923,Q955764,Q30,United States,North America,English-speaking,Very high human development
Q505164,Q168000,Q30,United States,North America,English-speaking,Very high human development
Q505753,Q309331,Q30,United States,North America,English-speaking,Very high human development
Q505932,Q2503809,Q145,United Kingdom,Europe,English-speaking,Very high human development
Q506069,Q777403,Q30,United States,North America,English-speaking,Very high human development
Q506410,Q1202039,Q145,United Kingdom,Europe,English-speaking,Very high human development
Q506410,Q1045828,Q145,United Kingdom,Europe,English-speaking,Very high human development
Q506410,Q1474019,Q145,United Kingdom,Europe,English-speaking,Very high human development
Q506430,Q487556,Q408,Australia,Australia,English-speaking,Very high human development
Q506582,Q230492,Q30,United States,North America,English-speaking,Very high human development
Q506958,Q4614,Q30,United States,North America,English-speaking,Very high human development
Q508473,Q43250,Q7318,,{},{},{}
Q508632,Q616067,Q142,France,Europe,Catholic Europe,Very high human development
Q508632,Q2983698,Q142,France,Europe,Catholic Europe,Very high human development
Q509662,Q21578,Q30,United States,North America,English-speaking,Very high human development
Q509844,Q793867,Q30,United States,North America,English-speaking,Very high human development
Q510034,Q621043,Q30,United States,North America,English-speaking,Very high human development
Q510034,Q48340,Q30,United States,North America,English-speaking,Very high human development
Q510320,Q738236,Q334,Singapore,Asia,Confucian,Very high human development
Q513150,Q1665033,Q159,Russia,Europe,Orthodox Europe,{}
Q513150,Q1665033,Q15180,,{},{},{}
Q514027,Q180865,Q16,Canada,North America,English-speaking,Very high human development
Q516530,Q1431686,Q31,Belgium,Europe,Catholic Europe,Very high human development
Q516530,Q690672,Q31,Belgium,Europe,Catholic Europe,Very high human development
Q518325,Q7921694,Q30,United States,North America,English-speaking,Very high human development
Q518455,Q499451,Q30,United States,North America,English-speaking,Very high human development
Q518805,Q5126318,Q30,United States,North America,English-speaking,Very high human development
Q518858,Q1537759,Q30,United States,North America,English-speaking,Very high human development
Q519082,Q371820,Q30,United States,North America,English-speaking,Very high human development
Q519574,Q946366,Q159,Russia,Europe,Orthodox Europe,{}
Q519590,Q1066835,Q30,United States,North America,English-speaking,Very high human development
Q520733,Q681025,Q30,United States,North America,English-speaking,Very high human development
Q523105,Q1515763,Q30,United States,North America,English-speaking,Very high human development
Q523653,Q263064,Q30,United States,North America,English-speaking,Very high human development
Q525760,Q1516684,Q145,United Kingdom,Europe,English-speaking,Very high human development
Q526555,Q735267,Q30,United States,North America,English-speaking,Very high human development
Q528593,Q182973,Q30,United States,North America,English-speaking,Very high human development
Q529082,Q193727,Q30,United States,North America,English-speaking,Very high human development
Q529082,Q503415,Q30,United States,North America,English-speaking,Very high human development
Q529082,Q49165,Q30,United States,North America,English-speaking,Very high human development
Q530321,Q1049657,Q145,United Kingdom,Europe,English-speaking,Very high human development
Q530588,Q815432,Q17,Japan,Asia,West & South Asia,Very high human development
Q531194,Q194445,Q79,Egypt,Africa,African-Islamic,High human development
Q531606,Q691283,Q145,United Kingdom,Europe,English-speaking,Very high human development
Q531606,Q3197003,Q145,United Kingdom,Europe,English-speaking,Very high human development
Q531606,Q5133190,Q145,United Kingdom,Europe,English-speaking,Very high human development
Q531606,Q2654767,Q145,United Kingdom,Europe,English-speaking,Very high human development
Q533256,Q21578,Q30,United States,North America,English-speaking,Very high human development
Q533256,Q41506,Q30,United States,North America,English-speaking,Very high human development
Q533505,Q49210,Q30,United States,North America,English-speaking,Very high human development
Q533505,Q1360303,Q30,United States,North America,English-speaking,Very high human development
Q533778,Q1256981,Q30,United States,North America,English-speaking,Very high human development
Q533971,Q37156,Q30,United States,North America,English-speaking,Very high human development
Q534258,Q216273,Q145,United Kingdom,Europe,English-speaking,Very high human development
Q535211,Q762266,Q30,United States,North America,English-speaking,Very high human development
Q535812,Q49112,Q30,United States,North America,English-speaking,Very high human development
Q535856,Q670897,Q30,United States,North America,English-speaking,Very high human development
Q538638,Q193510,Q38,Italy,Europe,Catholic Europe,Very high human development
Q539418,Q49167,Q30,United States,North America,English-speaking,Very high human development
Q540787,Q173496,Q30,United States,North America,English-speaking,Very high human development
Q542257,Q2723670,Q79,Egypt,Africa,African-Islamic,High human development
Q542410,Q170027,Q145,United Kingdom,Europe,English-speaking,Very high human development
Q542410,Q904416,Q145,United Kingdom,Europe,English-speaking,Very high human development
Q543625,Q795988,Q16,Canada,North America,English-speaking,Very high human development
Q544611,Q4614,Q30,United States,North America,English-speaking,Very high human development
Q544611,Q49088,Q30,United States,North America,English-speaking,Very high human development
Q544611,Q49110,Q30,United States,North America,English-speaking,Very high human development
Q544611,Q1048898,Q30,United States,North America,English-speaking,Very high human development
Q544900,Q1278253,Q30,United States,North America,English-speaking,Very high human development
Q544975,Q373933,Q30,United States,North America,English-speaking,Very high human development
Q545375,Q180865,Q16,Canada,North America,English-speaking,Very high human development
Q545781,Q168756,Q30,United States,North America,English-speaking,Very high human development
Q545781,Q1472358,Q30,United States,North America,English-speaking,Very high human development
Q545781,Q49210,Q30,United States,North America,English-speaking,Very high human development
Q545781,Q599316,Q30,United States,North America,English-speaking,Very high human development
Q545781,Q49114,Q30,United States,North America,English-speaking,Very high human development
Q545781,Q1420239,Q30,United States,North America,English-speaking,Very high human development
Q545781,Q617433,Q30,United States,North America,English-speaking,Very high human development
Q545781,Q4119316,Q30,United States,North America,English-speaking,Very high human development
Q545781,Q5126318,Q30,United States,North America,English-speaking,Very high human development
Q546275,Q1070333,Q30,United States,North America,English-speaking,Very high human development
Q546569,Q487556,Q408,Australia,Australia,English-speaking,Very high human development
Q546569,Q492467,Q664,New Zealand,Australia,English-speaking,Very high human development
Q546569,Q319078,Q408,Australia,Australia,English-speaking,Very high human development
Q547794,Q895401,Q30,United States,North America,English-speaking,Very high human development
Q547794,Q49088,Q30,United States,North America,English-speaking,Very high human development
Q547794,Q1138384,Q30,United States,North America,English-speaking,Very high human development
Q547914,Q662801,Q30,United States,North America,English-speaking,Very high human development
Q548140,Q219563,Q30,United States,North America,English-speaking,Very high human development
Q548140,Q161562,Q30,United States,North America,English-speaking,Very high human development
Q548140,Q60763750,Q30,United States,North America,English-speaking,Very high human development
Q548156,Q1797768,Q30,United States,North America,English-speaking,Very high human development
Q548201,Q49112,Q30,United States,North America,English-speaking,Very high human development
Q548222,Q391028,Q16,Canada,North America,English-speaking,Very high human development
Q548237,Q3258959,Q16,Canada,North America,English-speaking,Very high human development
Q548998,Q7813909,Q17,Japan,Asia,West & South Asia,Very high human development
Q550819,Q37548,Q30,United States,North America,English-speaking,Very high human development
Q550926,Q193727,Q30,United States,North America,English-speaking,Very high human development
Q551570,Q678095,Q142,France,Europe,Catholic Europe,Very high human development
Q551710,Q4614,Q30,United States,North America,English-speaking,Very high human development
Q551772,Q909176,Q142,France,Europe,Catholic Europe,Very high human development
Q551783,Q17490944,Q41,Greece,Europe,Orthodox Europe,Very high human development
Q551794,Q738258,Q30,United States,North America,English-speaking,Very high human development
Q552067,Q131252,Q30,United States,North America,English-speaking,Very high human development
Q552067,Q49088,Q30,United States,North America,English-speaking,Very high human development
Q552067,Q49165,Q30,United States,North America,English-speaking,Very high human development
Q552356,Q7842,Q17,Japan,Asia,West & South Asia,Very high human development
Q552356,Q1031145,Q17,Japan,Asia,West & South Asia,Very high human development
Q552356,Q3180921,Q17,Japan,Asia,West & South Asia,Very high human development
Q552356,Q1153094,Q17,Japan,Asia,West & South Asia,Very high human development
Q554685,Q975461,Q822,Lebanon,Asia,African-Islamic,High human development
Q555319,Q186285,Q35,Denmark,Europe,Protestant Europe,Very high human development
Q558425,Q658626,Q30,United States,North America,English-speaking,Very high human development
Q558430,Q1075116,Q30,United States,North America,English-speaking,Very high human development
Q558570,Q7414,Q30,United States,North America,English-speaking,Very high human development
Q559631,Q492467,Q664,New Zealand,Australia,English-speaking,Very high human development
Q559631,Q1814435,Q408,Australia,Australia,English-speaking,Very high human development
Q560315,Q216047,Q142,France,Europe,Catholic Europe,Very high human development
Q560371,Q152087,Q183,Germany,Europe,Catholic Europe,Very high human development
Q560733,Q49115,Q30,United States,North America,English-speaking,Very high human development
Q561650,Q221653,Q55,Netherlands,Europe,Protestant Europe,Very high human development
Q561833,Q1075104,Q145,United Kingdom,Europe,English-speaking,Very high human development
Q561833,Q222738,Q96,Mexico,North America,Latin America,High human development
Q561833,Q503415,Q30,United States,North America,English-speaking,Very high human development
Q562556,Q501461,Q142,France,Europe,Catholic Europe,Very high human development
Q562556,Q601888,Q142,France,Europe,Catholic Europe,Very high human development
Q562874,Q658626,Q30,United States,North America,English-speaking,Very high human development
Q565234,Q679134,Q183,Germany,Europe,Catholic Europe,Very high human development
Q565580,Q498407,Q211,Latvia,Europe,Catholic Europe,Very high human development
Q565580,Q185246,Q34,Sweden,Europe,Protestant Europe,Very high human development
Q572741,Q21578,Q30,United States,North America,English-speaking,Very high human development
Q572741,Q13371,Q30,United States,North America,English-speaking,Very high human development
Q572741,Q49115,Q30,United States,North America,English-speaking,Very high human development
Q572741,Q168751,Q30,United States,North America,English-speaking,Very high human development
Q572741,Q49210,Q30,United States,North America,English-speaking,Very high human development
Q572741,Q168751,Q30,United States,North America,English-speaking,Very high human development
Q572741,Q49112,Q30,United States,North America,English-speaking,Very high human development
Q572741,Q2303765,Q117,Ghana,Africa,Sub-Saharan Africa,Medium human development
Q577180,Q1062129,Q17,Japan,Asia,West & South Asia,Very high human development
Q578011,Q5440463,Q30,United States,North America,English-speaking,Very high human development
Q579475,Q168751,Q30,United States,North America,English-speaking,Very high human development
Q579475,Q1623314,Q30,United States,North America,English-speaking,Very high human development
Q583527,Q46492,Q17,Japan,Asia,West & South Asia,Very high human development
Q583783,Q183412,Q145,United Kingdom,Europe,English-speaking,Very high human development
Q583783,Q183412,Q30,United States,North America,English-speaking,Very high human development
Q583783,Q56760250,Q30,United States,North America,English-speaking,Very high human development
Q583783,Q14289857,Q30,United States,North America,English-speaking,Very high human development
Q595717,Q1474157,Q30,United States,North America,English-speaking,Very high human development
Q595717,Q621043,Q30,United States,North America,English-speaking,Very high human development
Q595917,Q972553,Q96,Mexico,North America,Latin America,High human development
Q596018,Q3578133,Q16,Canada,North America,English-speaking,Very high human development
Q598494,Q49088,Q30,United States,North America,English-speaking,Very high human development
Q598771,Q4760155,Q717,Venezuela,South America,Latin America,{}
Q599358,Q30293372,Q16,Canada,North America,English-speaking,Very high human development
Q599358,Q3551709,Q16,Canada,North America,English-speaking,Very high human development
Q601307,Q951305,Q258,South Africa,Africa,Sub-Saharan Africa,High human development
Q601709,Q493141,Q963,Botswana,Africa,Sub-Saharan Africa,High human development
Q610522,Q777403,Q30,United States,North America,English-speaking,Very high human development
Q611672,Q2302280,Q30,United States,North America,English-speaking,Very high human development
Q611828,Q1045828,Q145,United Kingdom,Europe,English-speaking,Very high human development
Q612005,Q1025113,Q29,Spain,Europe,Catholic Europe,Very high human development
Q612005,Q2638120,Q29,Spain,Europe,Catholic Europe,Very high human development
Q612005,Q5836016,Q29,Spain,Europe,Catholic Europe,Very high human development
Q613846,Q4411514,Q33,Finland,Europe,Catholic Europe,Very high human development
Q615960,Q3551634,Q17,Japan,Asia,West & South Asia,Very high human development
Q615960,Q1062129,Q17,Japan,Asia,West & South Asia,Very high human development
Q623737,Q487804,Q884,South Korea,Asia,West & South Asia,{}
Q623974,Q41114,Q884,South Korea,Asia,West & South Asia,{}
Q624211,Q491511,Q884,South Korea,Asia,West & South Asia,{}
Q624211,Q39988,Q884,South Korea,Asia,West & South Asia,{}
Q628479,Q9531,Q145,United Kingdom,Europe,English-speaking,Very high human development
Q630446,Q1797768,Q30,United States,North America,English-speaking,Very high human development
Q634950,Q546118,Q142,France,Europe,Catholic Europe,Very high human development
Q634950,Q2473125,Q142,France,Europe,Catholic Europe,Very high human development
Q634950,Q280413,Q142,France,Europe,Catholic Europe,Very high human development
Q638179,Q457281,Q30,United States,North America,English-speaking,Very high human development
Q638179,Q4878755,Q30,United States,North America,English-speaking,Very high human development
Q640352,Q13709,Q142,France,Europe,Catholic Europe,Very high human development
Q640352,Q1880717,Q142,France,Europe,Catholic Europe,Very high human development
Q642060,Q3278478,Q142,France,Europe,Catholic Europe,Very high human development
Q642060,Q1809792,Q142,France,Europe,Catholic Europe,Very high human development
Q642060,Q216047,Q142,France,Europe,Catholic Europe,Very high human development
Q643408,Q12461,Q142,France,Europe,Catholic Europe,Very high human development
Q643904,Q833822,Q183,Germany,Europe,Catholic Europe,Very high human development
Q645362,Q13371,Q30,United States,North America,English-speaking,Very high human development
Q645362,Q230492,Q30,United States,North America,English-speaking,Very high human development
Q645362,Q2415975,Q30,United States,North America,English-speaking,Very high human development
Q656292,Q2322256,Q155,Brazil,South America,Latin America,High human development
Q659027,Q168751,Q30,United States,North America,English-speaking,Very high human development
Q659027,Q214341,Q55,Netherlands,Europe,Protestant Europe,Very high human development
Q659027,Q232141,Q298,Chile,South America,Latin America,Very high human development
Q660069,Q2383462,Q142,France,Europe,Catholic Europe,Very high human development
Q660646,Q392189,Q16,Canada,North America,English-speaking,Very high human development
Q665144,Q21578,Q30,United States,North America,English-speaking,Very high human development
Q668511,Q1067471,Q16,Canada,North America,English-speaking,Very high human development
Q672816,Q209344,Q38,Italy,Europe,Catholic Europe,Very high human development
Q673217,Q459026,Q142,France,Europe,Catholic Europe,Very high human development
Q673217,Q116485,Q30,United States,North America,English-speaking,Very high human development
Q675396,Q5436243,Q30,United States,North America,English-speaking,Very high human development
Q676455,Q232141,Q298,Chile,South America,Latin America,Very high human development
Q676455,Q6156725,Q298,Chile,South America,Latin America,Very high human development
Q676455,Q199948,Q298,Chile,South America,Latin America,Very high human development
Q676455,Q2745472,Q298,Chile,South America,Latin America,Very high human development
Q676455,Q4294926,Q298,Chile,South America,Latin America,Very high human development
Q676455,Q1324321,Q298,Chile,South America,Latin America,Very high human development
Q682467,Q178848,Q30,United States,North America,English-speaking,Very high human development
Q682767,Q1206658,Q30,United States,North America,English-speaking,Very high human development
Q688739,Q49114,Q30,United States,North America,English-speaking,Very high human development
Q688739,Q15142,Q30,United States,North America,English-speaking,Very high human development
Q688739,Q49117,Q30,United States,North America,English-speaking,Very high human development
Q688739,Q1326975,Q30,United States,North America,English-speaking,Very high human development
Q689828,Q1349150,Q711,Mongolia,Asia,West & South Asia,High human development
Q690103,Q49087,Q30,United States,North America,English-speaking,Very high human development
Q690304,Q222738,Q96,Mexico,North America,Latin America,High human development
Q690304,Q459506,Q145,United Kingdom,Europe,English-speaking,Very high human development
Q690304,Q1808814,Q96,Mexico,North America,Latin America,High human development
Q691796,Q1145306,Q668,India,Asia,Indosphere,Medium human development
Q692219,Q13371,Q30,United States,North America,English-speaking,Very high human development
Q702268,Q49109,Q30,United States,North America,English-speaking,Very high human development
Q702468,Q34433,Q145,United Kingdom,Europe,English-speaking,Very high human development
Q702468,Q9531,Q145,United Kingdom,Europe,English-speaking,Very high human development
Q702468,Q1944285,Q142,France,Europe,Catholic Europe,Very high human development
Q704294,Q27597,Q38,Italy,Europe,Catholic Europe,Very high human development
Q704294,Q540273,Q38,Italy,Europe,Catholic Europe,Very high human development
Q704553,Q49208,Q30,United States,North America,English-speaking,Very high human development
Q706196,Q11524791,Q17,Japan,Asia,West & South Asia,Very high human development
Q706196,Q274486,Q17,Japan,Asia,West & South Asia,Very high human development
Q706258,Q6788138,Q17,Japan,Asia,West & South Asia,Very high human development
Q706445,Q185246,Q34,Sweden,Europe,Protestant Europe,Very high human development
Q706785,Q2082831,Q142,France,Europe,Catholic Europe,Very high human development
Q706785,Q106259324,Q142,France,Europe,Catholic Europe,Very high human development
Q706785,Q2361734,Q142,France,Europe,Catholic Europe,Very high human development
Q706785,Q3099751,Q39,Switzerland,Europe,Catholic Europe,Very high human development
Q706785,Q501154,Q39,Switzerland,Europe,Catholic Europe,Very high human development
Q706856,Q3091754,Q145,United Kingdom,Europe,English-speaking,Very high human development
Q708581,Q875637,Q30,United States,North America,English-speaking,Very high human development
Q710876,Q21578,Q30,United States,North America,English-speaking,Very high human development
Q710876,Q912375,Q17,Japan,Asia,West & South Asia,Very high human development
Q710876,Q587326,Q17,Japan,Asia,West & South Asia,Very high human development
Q711479,Q1326230,Q17,Japan,Asia,West & South Asia,Very high human development
Q711701,Q658626,Q30,United States,North America,English-speaking,Very high human development
Q711926,Q1026827,Q30,United States,North America,English-speaking,Very high human development
Q712555,Q1689439,Q16,Canada,North America,English-speaking,Very high human development
Q712741,Q841581,Q219,Bulgaria,Europe,{},Very high human development
Q712791,Q37230,Q30,United States,North America,English-speaking,Very high human development
Q712791,Q658626,Q30,United States,North America,English-speaking,Very high human development
Q713824,Q632891,Q16,Canada,North America,English-speaking,Very high human development
Q714153,Q49210,Q30,United States,North America,English-speaking,Very high human development
Q714153,Q49088,Q30,United States,North America,English-speaking,Very high human development
Q714250,Q2094177,Q30,United States,North America,English-speaking,Very high human development
Q715505,Q52413,Q30,United States,North America,English-speaking,Very high human development
Q715796,Q182973,Q30,United States,North America,English-speaking,Very high human development
Q717878,Q975461,Q822,Lebanon,Asia,African-Islamic,High human development
Q717936,Q1030755,Q17,Japan,Asia,West & South Asia,Very high human development
Q718665,Q188413,Q30,United States,North America,English-speaking,Very high human development
Q719735,Q287076,Q29,Spain,Europe,Catholic Europe,Very high human development
Q719735,Q5908242,Q29,Spain,Europe,Catholic Europe,Very high human development
Q720182,Q23548,Q30,United States,North America,English-speaking,Very high human development
Q720435,Q47287,Q30,United States,North America,English-speaking,Very high human development
Q721345,Q2002619,Q145,United Kingdom,Europe,English-speaking,Very high human development
Q722103,Q34433,Q145,United Kingdom,Europe,English-speaking,Very high human development
Q723200,Q9531,Q145,United Kingdom,Europe,English-speaking,Very high human development
Q723621,Q1137404,Q142,France,Europe,Catholic Europe,Very high human development
Q723761,Q200601,Q419,Peru,South America,Latin America,High human development
Q723839,Q16373469,Q12560,,{},{},{}
Q723839,Q1474624,Q399,Armenia,Asia,Orthodox Europe,Very high human development
Q723839,Q469482,Q822,Lebanon,Asia,African-Islamic,High human development
Q723839,Q5074226,Q399,Armenia,Asia,Orthodox Europe,Very high human development
Q723839,Q168756,Q30,United States,North America,English-speaking,Very high human development
Q724672,Q219317,Q38,Italy,Europe,Catholic Europe,Very high human development
Q724672,Q499911,Q38,Italy,Europe,Catholic Europe,Very high human development
Q724672,Q955609,Q38,Italy,Europe,Catholic Europe,Very high human development
Q725395,Q126399,Q30,United States,North America,English-speaking,Very high human development
Q726581,Q678095,Q142,France,Europe,Catholic Europe,Very high human development
Q726581,Q1431686,Q31,Belgium,Europe,Catholic Europe,Very high human development
Q726581,Q639033,Q45,Portugal,Europe,Catholic Europe,Very high human development
Q726865,Q49213,Q30,United States,North America,English-speaking,Very high human development
Q727705,Q615873,Q30,United States,North America,English-speaking,Very high human development
Q727705,Q217439,Q30,United States,North America,English-speaking,Very high human development
Q729117,Q21578,Q30,United States,North America,English-speaking,Very high human development
Q729121,Q748106,Q145,United Kingdom,Europe,English-speaking,Very high human development
Q730223,Q9592,Q237,Vatican City,{},{},{}
Q732980,Q461761,Q16,Canada,North America,English-speaking,Very high human development
Q734092,Q1394262,Q142,France,Europe,Catholic Europe,Very high human development
Q734278,Q865528,Q145,United Kingdom,Europe,English-speaking,Very high human development
Q736123,Q131252,Q30,United States,North America,English-speaking,Very high human development
Q736447,Q49112,Q30,United States,North America,English-speaking,Very high human development
Q736570,Q263064,Q30,United States,North America,English-speaking,Very high human development
Q736570,Q168756,Q30,United States,North America,English-speaking,Very high human development
Q736570,Q503419,Q30,United States,North America,English-speaking,Very high human development
Q736900,Q4294438,Q45,Portugal,Europe,Catholic Europe,Very high human development
Q736900,Q170027,Q145,United Kingdom,Europe,English-speaking,Very high human development
Q738114,Q309350,Q30,United States,North America,English-speaking,Very high human development
Q738114,Q21578,Q30,United States,North America,English-speaking,Very high human development
Q739385,Q861548,Q30,United States,North America,English-speaking,Very high human development
Q740928,Q1075339,Q30,United States,North America,English-speaking,Very high human development
Q741508,Q189325,Q30,United States,North America,English-speaking,Very high human development
Q744956,Q675848,Q224,Croatia,Europe,Catholic Europe,Very high human development
Q747284,Q4173330,Q142,France,Europe,Catholic Europe,Very high human development
Q749560,Q216047,Q142,France,Europe,Catholic Europe,Very high human development
Q751234,Q1783178,Q30,United States,North America,English-speaking,Very high human development
Q759024,Q391028,Q16,Canada,North America,English-speaking,Very high human development
Q762719,Q326519,Q29,Spain,Europe,Catholic Europe,Very high human development
Q763218,Q41506,Q30,United States,North America,English-speaking,Very high human development
Q763218,Q1256981,Q30,United States,North America,English-speaking,Very high human development
Q764889,Q959279,Q79,Egypt,Africa,African-Islamic,High human development
Q765423,Q495388,Q30,United States,North America,English-speaking,Very high human development
Q765755,Q1065,Q30,United States,North America,English-speaking,Very high human development
Q766235,Q46492,Q17,Japan,Asia,West & South Asia,Very high human development
Q766723,Q499451,Q30,United States,North America,English-speaking,Very high human development
Q766723,Q49119,Q30,United States,North America,English-speaking,Very high human development
Q766723,Q1927705,Q30,United States,North America,English-speaking,Very high human development
Q766723,Q49088,Q30,United States,North America,English-speaking,Very high human development
Q766723,Q167733,Q30,United States,North America,English-speaking,Very high human development
Q767118,Q601888,Q142,France,Europe,Catholic Europe,Very high human development
Q767437,Q125738883,Q31,Belgium,Europe,Catholic Europe,Very high human development
Q768776,Q5149662,Q30,United States,North America,English-speaking,Very high human development
Q771270,Q160302,Q145,United Kingdom,Europe,English-speaking,Very high human development
Q773042,Q1044328,Q142,France,Europe,Catholic Europe,Very high human development
Q773042,Q2608774,Q142,France,Europe,Catholic Europe,Very high human development
Q773828,Q3551751,Q30,United States,North America,English-speaking,Very high human development
Q773828,Q11148,Q145,United Kingdom,Europe,English-speaking,Very high human development
Q777354,Q160229,Q29,Spain,Europe,Catholic Europe,Very high human development
Q777354,Q1275336,Q29,Spain,Europe,Catholic Europe,Very high human development
Q786616,Q7566890,Q30,United States,North America,English-speaking,Very high human development
Q792956,Q1410332,Q1013,Lesotho,{},{},Medium human development
Q792956,Q49165,Q30,United States,North America,English-speaking,Very high human development
Q792956,Q838330,Q30,United States,North America,English-speaking,Very high human development
Q792956,Q1252739,Q142,France,Europe,Catholic Europe,Very high human development
Q794087,Q861548,Q30,United States,North America,English-speaking,Very high human development
Q794087,Q10176,Q142,France,Europe,Catholic Europe,Very high human development
Q797649,Q599316,Q30,United States,North America,English-speaking,Very high human development
Q797649,Q49088,Q30,United States,North America,English-speaking,Very high human development
Q816553,Q49088,Q30,United States,North America,English-speaking,Very high human development
Q817443,Q49165,Q30,United States,North America,English-speaking,Very high human development
Q822971,Q1435379,Q155,Brazil,South America,Latin America,High human development
Q827708,Q1277776,Q30,United States,North America,English-speaking,Very high human development
Q827708,Q1783178,Q30,United States,North America,English-speaking,Very high human development
Q827708,Q5146845,Q30,United States,North America,English-speaking,Very high human development
Q843699,Q1188786,Q17,Japan,Asia,West & South Asia,Very high human development
Q845622,Q1191132,Q17,Japan,Asia,West & South Asia,Very high human development
Q845622,Q1152942,Q17,Japan,Asia,West & South Asia,Very high human development
Q857714,Q118434145,Q218,Romania,Europe,Catholic Europe,Very high human development
Q860169,Q193563,Q142,France,Europe,Catholic Europe,Very high human development
Q862364,Q492467,Q664,New Zealand,Australia,English-speaking,Very high human development
Q867852,Q1044328,Q142,France,Europe,Catholic Europe,Very high human development
Q867852,Q601888,Q142,France,Europe,Catholic Europe,Very high human development
Q872066,Q41506,Q30,United States,North America,English-speaking,Very high human development
Q872066,Q8190769,Q17,Japan,Asia,West & South Asia,Very high human development
Q879237,Q1169370,Q145,United Kingdom,Europe,English-speaking,Very high human development
Q879237,Q1146254,Q145,United Kingdom,Europe,English-speaking,Very high human development
Q879237,Q27087082,Q145,United Kingdom,Europe,English-speaking,Very high human development
Q879550,Q520185,Q183,Germany,Europe,Catholic Europe,Very high human development
Q896817,Q193727,Q30,United States,North America,English-speaking,Very high human development
Q896817,Q1140542,Q30,United States,North America,English-speaking,Very high human development
Q896817,Q15142,Q30,United States,North America,English-speaking,Very high human development
Q908573,Q46492,Q17,Japan,Asia,West & South Asia,Very high human development
Q912791,Q174710,Q30,United States,North America,English-speaking,Very high human development
Q912801,Q49210,Q30,United States,North America,English-speaking,Very high human development
Q919448,Q1468161,Q30,United States,North America,English-speaking,Very high human development
Q919448,Q1553390,Q30,United States,North America,English-speaking,Very high human development
Q919448,Q608427,Q30,United States,North America,English-speaking,Very high human development
Q919448,Q20714256,Q30,United States,North America,English-speaking,Very high human development
Q919835,Q270532,Q145,United Kingdom,Europe,English-speaking,Very high human development
Q920901,Q1256981,Q30,United States,North America,English-speaking,Very high human development
Q921435,Q969850,Q30,United States,North America,English-speaking,Very high human development
Q921584,Q7842,Q17,Japan,Asia,West & South Asia,Very high human development
Q921584,Q609375,Q17,Japan,Asia,West & South Asia,Very high human development
Q921584,Q587326,Q17,Japan,Asia,West & South Asia,Very high human development
Q921584,Q274486,Q17,Japan,Asia,West & South Asia,Very high human development
Q921584,Q11301667,Q17,Japan,Asia,West & South Asia,Very high human development
Q921808,Q49120,Q30,United States,North America,English-speaking,Very high human development
Q922795,Q182973,Q30,United States,North America,English-speaking,Very high human development
Q923499,Q315658,Q36,Poland,Europe,Catholic Europe,Very high human development
Q925520,Q1472358,Q30,United States,North America,English-speaking,Very high human development
Q926034,Q1141980,Q17,Japan,Asia,West & South Asia,Very high human development
Q934682,Q1044328,Q142,France,Europe,Catholic Europe,Very high human development
Q934682,Q770596,Q142,France,Europe,Catholic Europe,Very high human development
Q937000,Q193727,Q30,United States,North America,English-speaking,Very high human development
Q937000,Q168751,Q30,United States,North America,English-speaking,Very high human development
Q937232,Q556098,Q30,United States,North America,English-speaking,Very high human development
Q937610,Q503419,Q30,United States,North America,English-speaking,Very high human development
Q937835,Q762195,Q30,United States,North America,English-speaking,Very high human development
Q940958,Q230899,Q145,United Kingdom,Europe,English-speaking,Very high human development
Q942627,Q432637,Q30,United States,North America,English-speaking,Very high human development
Q943273,Q861548,Q30,United States,North America,English-speaking,Very high human development
Q943273,Q590643,Q30,United States,North America,English-speaking,Very high human development
Q943567,Q1051840,Q30,United States,North America,English-speaking,Very high human development
Q944894,Q815432,Q17,Japan,Asia,West & South Asia,Very high human development
Q946031,Q2557355,Q16,Canada,North America,English-speaking,Very high human development
Q946031,Q168756,Q30,United States,North America,English-speaking,Very high human development
Q946031,Q1780816,Q30,United States,North America,English-speaking,Very high human development
Q946031,Q392189,Q16,Canada,North America,English-speaking,Very high human development
Q946031,Q1067935,Q16,Canada,North America,English-speaking,Very high human development
Q947012,Q6801309,Q16,Canada,North America,English-speaking,Very high human development
Q947012,Q567899,Q668,India,Asia,Indosphere,Medium human development
Q947012,Q238101,Q30,United States,North America,English-speaking,Very high human development
Q949281,Q1137404,Q142,France,Europe,Catholic Europe,Very high human development
Q951714,Q15568,Q148,People's Republic of China,Asia,Confucian,{}
Q951714,Q15568,Q1054923,,{},{},{}
Q951714,Q15568,Q701967,,{},{},{}
Q953288,Q761534,Q30,United States,North America,English-speaking,Very high human development
Q954383,Q13371,Q30,United States,North America,English-speaking,Very high human development
Q954383,Q788375,Q145,United Kingdom,Europe,English-speaking,Very high human development
Q954383,Q35794,Q145,United Kingdom,Europe,English-speaking,Very high human development
Q963015,Q217623,Q145,United Kingdom,Europe,English-speaking,Very high human development
Q963015,Q210534,Q145,United Kingdom,Europe,English-speaking,Very high human development
Q964255,Q49213,Q30,United States,North America,English-speaking,Very high human development
Q964255,Q5671855,Q30,United States,North America,English-speaking,Very high human development
Q964255,Q762392,Q30,United States,North America,English-speaking,Very high human development
Q964255,Q1543201,Q30,United States,North America,English-speaking,Very high human development
Q964255,Q1193678,Q30,United States,North America,English-speaking,Very high human development
Q964255,Q1131475,Q30,United States,North America,English-speaking,Very high human development
Q964255,Q1070755,Q30,United States,North America,English-speaking,Very high human development
Q964255,Q3189994,Q30,United States,North America,English-speaking,Very high human development
Q964776,Q496011,Q142,France,Europe,Catholic Europe,Very high human development
Q964776,Q3433450,Q142,France,Europe,Catholic Europe,Very high human development
Q965935,Q3268957,Q142,France,Europe,Catholic Europe,Very high human development
Q966228,Q681250,Q39,Switzerland,Europe,Catholic Europe,Very high human development
Q966228,Q678095,Q142,France,Europe,Catholic Europe,Very high human development
Q966228,Q1446181,Q30,United States,North America,English-speaking,Very high human development
Q966340,Q5440463,Q30,United States,North America,English-speaking,Very high human development
Q968565,Q739627,Q30,United States,North America,English-speaking,Very high human development
Q969099,Q1458113,Q16,Canada,North America,English-speaking,Very high human development
Q970421,Q495330,Q17,Japan,Asia,West & South Asia,Very high human development
Q973500,Q11148,Q145,United Kingdom,Europe,English-speaking,Very high human development
Q973500,Q886181,Q145,United Kingdom,Europe,English-speaking,Very high human development
Q973500,Q9684,Q30,United States,North America,English-speaking,Very high human development
Q973500,Q1426223,Q30,United States,North America,English-speaking,Very high human development
Q973500,Q795598,Q145,United Kingdom,Europe,English-speaking,Very high human development
Q973500,Q166032,Q30,United States,North America,English-speaking,Very high human development
Q973500,Q217623,Q145,United Kingdom,Europe,English-speaking,Very high human development
Q973500,Q666494,Q145,United Kingdom,Europe,English-speaking,Very high human development
Q974114,Q661056,Q142,France,Europe,Catholic Europe,Very high human development
Q974539,Q223429,Q145,United Kingdom,Europe,English-speaking,Very high human development
Q974539,Q1045828,Q145,United Kingdom,Europe,English-speaking,Very high human development
Q974539,Q1474019,Q145,United Kingdom,Europe,English-speaking,Very high human development
Q974539,Q867530,Q145,United Kingdom,Europe,English-speaking,Very high human development
Q975273,Q11631629,Q17,Japan,Asia,West & South Asia,Very high human development
Q975273,Q11371350,Q188712,,{},{},{}
Q977462,Q1122926,Q45,Portugal,Europe,Catholic Europe,Very high human development
Q979076,Q213439,Q30,United States,North America,English-speaking,Very high human development
Q979465,Q1805085,Q30,United States,North America,English-speaking,Very high human development
Q982039,Q1137404,Q142,France,Europe,Catholic Europe,Very high human development
Q982133,Q762266,Q30,United States,North America,English-speaking,Very high human development
Q982133,Q1760438,Q30,United States,North America,English-speaking,Very high human development
Q982361,Q216047,Q142,France,Europe,Catholic Europe,Very high human development
Q982880,Q777403,Q30,United States,North America,English-speaking,Very high human development
Q982880,Q12070051,Q30,United States,North America,English-speaking,Very high human development
Q983109,Q15142,Q30,United States,North America,English-speaking,Very high human development
Q983109,Q1706859,Q30,United States,North America,English-speaking,Very high human development
Q983228,Q492467,Q664,New Zealand,Australia,English-speaking,Very high human development
Q983544,Q168756,Q30,United States,North America,English-speaking,Very high human development
Q983544,Q1026804,Q30,United States,North America,English-speaking,Very high human development
Q983881,Q5090151,Q145,United Kingdom,Europe,English-speaking,Very high human development
Q983881,Q1566255,Q145,United Kingdom,Europe,English-speaking,Very high human development
Q984415,Q1809286,Q30,United States,North America,English-speaking,Very high human development
Q986753,Q46492,Q17,Japan,Asia,West & South Asia,Very high human development
Q992969,Q49088,Q30,United States,North America,English-speaking,Very high human development
Q992969,Q129421,Q30,United States,North America,English-speaking,Very high human development
Q996720,Q6365534,Q17,Japan,Asia,West & South Asia,Very high human development
Q1002882,Q1303297,Q28,Hungary,Europe,Catholic Europe,Very high human development
Q1026532,Q49109,Q30,United States,North America,English-speaking,Very high human development
Q1031167,Q201603,Q16,Canada,North America,English-speaking,Very high human development
Q1031167,Q1067471,Q16,Canada,North America,English-speaking,Very high human development
Q1031167,Q7448540,Q16,Canada,North America,English-speaking,Very high human development
Q1031167,Q1191833,Q16,Canada,North America,English-speaking,Very high human development
Q1031167,Q640694,Q16,Canada,North America,English-speaking,Very high human development
Q1036535,Q221645,Q34,Sweden,Europe,Protestant Europe,Very high human development
Q1038466,Q336264,Q17,Japan,Asia,West & South Asia,Very high human development
Q1041625,Q5945760,Q29,Spain,Europe,Catholic Europe,Very high human development
Q1044175,Q7603625,Q30,United States,North America,English-speaking,Very high human development
Q1044412,Q820887,Q38,Italy,Europe,Catholic Europe,Very high human development
Q1044447,Q391028,Q16,Canada,North America,English-speaking,Very high human development
Q1044447,Q201603,Q16,Canada,North America,English-speaking,Very high human development
Q1046243,Q49088,Q30,United States,North America,English-speaking,Very high human development
Q1049526,Q6424307,Q17,Japan,Asia,West & South Asia,Very high human development
Q1053363,Q3376774,Q35,Denmark,Europe,Protestant Europe,Very high human development
Q1054731,Q20509417,Q12560,,{},{},{}
Q1054731,Q5639547,Q30,United States,North America,English-speaking,Very high human development
Q1054731,Q13050685,Q142,France,Europe,Catholic Europe,Very high human development
Q1054731,Q13050685,Q127861,,{},{},{}
Q1059718,Q1153515,Q17,Japan,Asia,West & South Asia,Very high human development
Q1064052,Q1225116,Q142,France,Europe,Catholic Europe,Very high human development
Q1064052,Q621534,Q142,France,Europe,Catholic Europe,Very high human development
Q1064052,Q19908,Q142,France,Europe,Catholic Europe,Very high human development
Q1064252,Q58211956,Q145,United Kingdom,Europe,English-speaking,Very high human development
Q1064421,Q587326,Q17,Japan,Asia,West & South Asia,Very high human development
Q1064421,Q1057199,Q17,Japan,Asia,West & South Asia,Very high human development
Q1064421,Q274486,Q17,Japan,Asia,West & South Asia,Very high human development
Q1065901,Q219563,Q30,United States,North America,English-speaking,Very high human development
Q1068950,Q1036845,Q17,Japan,Asia,West & South Asia,Very high human development
Q1068950,Q1148541,Q17,Japan,Asia,West & South Asia,Very high human development
Q1069448,Q1148541,Q17,Japan,Asia,West & South Asia,Very high human development
Q1071789,Q1250779,Q159,Russia,Europe,Orthodox Europe,{}
Q1071789,Q1250779,Q15180,,{},{},{}
Q1072659,Q1054754,Q17,Japan,Asia,West & South Asia,Very high human development
Q1076935,Q1075148,Q30,United States,North America,English-speaking,Very high human development
Q1076935,Q309350,Q30,United States,North America,English-speaking,Very high human development
Q1077554,Q178824,Q30,United States,North America,English-speaking,Very high human development
Q1079854,Q273819,Q142,France,Europe,Catholic Europe,Very high human development
Q1079854,Q3579660,Q235,Monaco,Europe,Catholic Europe,Others
Q1087887,Q11575035,Q17,Japan,Asia,West & South Asia,Very high human development
Q1091150,Q863813,Q30,United States,North America,English-speaking,Very high human development
Q1093783,Q815432,Q17,Japan,Asia,West & South Asia,Very high human development
Q1093783,Q11512335,Q188712,,{},{},{}
Q1093783,Q11448570,Q17,Japan,Asia,West & South Asia,Very high human development
Q1093783,Q11463708,Q188712,,{},{},{}
Q1093783,Q274486,Q17,Japan,Asia,West & South Asia,Very high human development
Q1097274,Q7201238,Q30,United States,North America,English-speaking,Very high human development
Q1097274,Q503419,Q30,United States,North America,English-speaking,Very high human development
Q1097274,Q23548,Q30,United States,North America,English-speaking,Very high human development
Q1101228,Q37156,Q30,United States,North America,English-speaking,Very high human development
Q1114444,Q1067935,Q16,Canada,North America,English-speaking,Very high human development
Q1115121,Q498526,Q30,United States,North America,English-speaking,Very high human development
Q1118750,Q738258,Q30,United States,North America,English-speaking,Very high human development
Q1119823,Q661916,Q28,Hungary,Europe,Catholic Europe,Very high human development
Q1134053,Q218506,Q34,Sweden,Europe,Protestant Europe,Very high human development
Q1135505,Q7842,Q17,Japan,Asia,West & South Asia,Very high human development
Q1135505,Q336264,Q17,Japan,Asia,West & South Asia,Very high human development
Q1135505,Q1062568,Q17,Japan,Asia,West & South Asia,Very high human development
Q1135505,Q534845,Q17,Japan,Asia,West & South Asia,Very high human development
Q1138553,Q1134606,Q664,New Zealand,Australia,English-speaking,Very high human development
Q1140408,Q1343885,Q96,Mexico,North America,Latin America,High human development
Q1140408,Q913861,Q30,United States,North America,English-speaking,Very high human development
Q1140408,Q622664,Q30,United States,North America,English-speaking,Very high human development
Q1140408,Q1472358,Q30,United States,North America,English-speaking,Very high human development
Q1142761,Q7850263,Q17,Japan,Asia,West & South Asia,Very high human development
Q1142761,Q11442370,Q17,Japan,Asia,West & South Asia,Very high human development
Q1142761,Q917195,Q17,Japan,Asia,West & South Asia,Very high human development
Q1154316,Q689462,Q96,Mexico,North America,Latin America,High human development
Q1154316,Q7894245,Q96,Mexico,North America,Latin America,High human development
Q1154316,Q222738,Q96,Mexico,North America,Latin America,High human development
Q1154316,Q650982,Q1037,Rwanda,Africa,Sub-Saharan Africa,Medium human development
Q1156074,Q4176238,Q399,Armenia,Asia,Orthodox Europe,Very high human development
Q1158494,Q319078,Q408,Australia,Australia,English-speaking,Very high human development
Q1159871,Q131308465,Q30,United States,North America,English-speaking,Very high human development
Q1165426,Q1075148,Q30,United States,North America,English-speaking,Very high human development
Q1165505,Q391028,Q16,Canada,North America,English-speaking,Very high human development
Q1165624,Q13371,Q30,United States,North America,English-speaking,Very high human development
Q1165731,Q1848657,Q30,United States,North America,English-speaking,Very high human development
Q1165735,Q1330634,Q155,Brazil,South America,Latin America,High human development
Q1173398,Q332498,Q30,United States,North America,English-speaking,Very high human development
Q1174351,Q574606,Q31,Belgium,Europe,Catholic Europe,Very high human development
Q1174351,Q1665313,Q36,Poland,Europe,Catholic Europe,Very high human development
Q1175150,Q21578,Q30,United States,North America,English-speaking,Very high human development
Q1175150,Q501758,Q30,United States,North America,English-speaking,Very high human development
Q1175967,Q2931559,Q16,Canada,North America,English-speaking,Very high human development
Q1175967,Q660276,Q16,Canada,North America,English-speaking,Very high human development
Q1176199,Q245247,Q145,United Kingdom,Europe,English-speaking,Very high human development
Q1176847,Q49116,Q30,United States,North America,English-speaking,Very high human development
Q1176950,Q861548,Q30,United States,North America,English-speaking,Very high human development
Q1176950,Q1887879,Q30,United States,North America,English-speaking,Very high human development
Q1187562,Q50009,Q29,Spain,Europe,Catholic Europe,Very high human development
Q1190926,Q15142,Q30,United States,North America,English-speaking,Very high human development
Q1208781,Q9531,Q145,United Kingdom,Europe,English-speaking,Very high human development
Q1208993,Q174710,Q30,United States,North America,English-speaking,Very high human development
Q1215270,Q216047,Q142,France,Europe,Catholic Europe,Very high human development
Q1215270,Q678095,Q142,France,Europe,Catholic Europe,Very high human development
Q1215723,Q955609,Q38,Italy,Europe,Catholic Europe,Very high human development
Q1215723,Q2119752,Q38,Italy,Europe,Catholic Europe,Very high human development
Q1233018,Q1818020,Q145,United Kingdom,Europe,English-speaking,Very high human development
Q1234248,Q216047,Q142,France,Europe,Catholic Europe,Very high human development
Q1235251,Q219317,Q38,Italy,Europe,Catholic Europe,Very high human development
Q1237856,Q1440784,Q142,France,Europe,Catholic Europe,Very high human development
Q1237856,Q273819,Q142,France,Europe,Catholic Europe,Very high human development
Q1238574,Q19908,Q142,France,Europe,Catholic Europe,Very high human development
Q1238618,Q574606,Q31,Belgium,Europe,Catholic Europe,Very high human development
Q1239670,Q1420038,Q16,Canada,North America,English-speaking,Very high human development
Q1239798,Q29052,Q30,United States,North America,English-speaking,Very high human development
Q1241451,Q2723670,Q79,Egypt,Africa,African-Islamic,High human development
Q1241759,Q230492,Q30,United States,North America,English-speaking,Very high human development
Q1241759,Q49204,Q30,United States,North America,English-speaking,Very high human development
Q1241759,Q1378320,Q30,United States,North America,English-speaking,Very high human development
Q1242948,Q193727,Q30,United States,North America,English-speaking,Very high human development
Q1243441,Q13371,Q30,United States,North America,English-speaking,Very high human development
Q1243441,Q49088,Q30,United States,North America,English-speaking,Very high human development
Q1243441,Q49117,Q30,United States,North America,English-speaking,Very high human development
Q1251926,Q49167,Q30,United States,North America,English-speaking,Very high human development
Q1251926,Q617433,Q30,United States,North America,English-speaking,Very high human development
Q1251971,Q538452,Q218,Romania,Europe,Catholic Europe,Very high human development
Q1256957,Q1221,Q30,United States,North America,English-speaking,Very high human development
Q1256957,Q779,Q30,United States,North America,English-speaking,Very high human development
Q1270441,Q11005,Q145,United Kingdom,Europe,English-speaking,Very high human development
Q1270441,Q11005,Q174193,,{},{},{}
Q1277641,Q1191335,Q30,United States,North America,English-speaking,Very high human development
Q1277990,Q624560,Q30,United States,North America,English-speaking,Very high human development
Q1280035,Q1780816,Q30,United States,North America,English-speaking,Very high human development
Q1282338,Q49114,Q30,United States,North America,English-speaking,Very high human development
Q1282338,Q182973,Q30,United States,North America,English-speaking,Very high human development
Q1292087,Q168756,Q30,United States,North America,English-speaking,Very high human development
Q1292432,Q270222,Q30,United States,North America,English-speaking,Very high human development
Q1292826,Q575662,Q30,United States,North America,English-speaking,Very high human development
Q1293447,Q762266,Q30,United States,North America,English-speaking,Very high human development
Q1294553,Q21578,Q30,United States,North America,English-speaking,Very high human development
Q1308340,Q7842,Q17,Japan,Asia,West & South Asia,Very high human development
Q1308340,Q1143235,Q17,Japan,Asia,West & South Asia,Very high human development
Q1308340,Q909176,Q142,France,Europe,Catholic Europe,Very high human development
Q1309970,Q13717,Q142,France,Europe,Catholic Europe,Very high human development
Q1309970,Q1194988,Q142,France,Europe,Catholic Europe,Very high human development
Q1312287,Q1458113,Q16,Canada,North America,English-speaking,Very high human development
Q1315862,Q661916,Q28,Hungary,Europe,Catholic Europe,Very high human development
Q1316586,Q661916,Q28,Hungary,Europe,Catholic Europe,Very high human development
Q1324172,Q1856423,Q77,Uruguay,South America,Latin America,Very high human development
Q1324878,Q1256981,Q30,United States,North America,English-speaking,Very high human development
Q1325374,Q854654,Q17,Japan,Asia,West & South Asia,Very high human development
Q1325374,Q6360885,Q17,Japan,Asia,West & South Asia,Very high human development
Q1325374,Q858343,Q17,Japan,Asia,West & South Asia,Very high human development
Q1325821,Q216047,Q142,France,Europe,Catholic Europe,Very high human development
Q1325821,Q1230298,Q142,France,Europe,Catholic Europe,Very high human development
Q1332266,Q2924461,Q30,United States,North America,English-speaking,Very high human development
Q1332266,Q207922,Q30,United States,North America,English-speaking,Very high human development
Q1332266,Q1721601,Q30,United States,North America,English-speaking,Very high human development
Q1334139,Q21578,Q30,United States,North America,English-speaking,Very high human development
Q1334139,Q49088,Q30,United States,North America,English-speaking,Very high human development
Q1334139,Q1446181,Q30,United States,North America,English-speaking,Very high human development
Q1337482,Q1323040,Q17,Japan,Asia,West & South Asia,Very high human development
Q1337504,Q238101,Q30,United States,North America,English-speaking,Very high human development
Q1337504,Q49204,Q30,United States,North America,English-speaking,Very high human development
Q1338016,Q46492,Q17,Japan,Asia,West & South Asia,Very high human development
Q1338016,Q274486,Q17,Japan,Asia,West & South Asia,Very high human development
Q1339944,Q587326,Q17,Japan,Asia,West & South Asia,Very high human development
Q1340511,Q168751,Q30,United States,North America,English-speaking,Very high human development
Q1340677,Q217365,Q30,United States,North America,English-speaking,Very high human development
Q1340677,Q189325,Q30,United States,North America,English-speaking,Very high human development
Q1340677,Q15455598,Q30,United States,North America,English-speaking,Very high human development
Q1340677,Q161562,Q30,United States,North America,English-speaking,Very high human development
Q1343486,Q49213,Q30,United States,North America,English-speaking,Very high human development
Q1343550,Q7842,Q17,Japan,Asia,West & South Asia,Very high human development
Q1343550,Q1062129,Q17,Japan,Asia,West & South Asia,Very high human development
Q1343550,Q1191132,Q17,Japan,Asia,West & South Asia,Very high human development
Q1343804,Q34433,Q145,United Kingdom,Europe,English-speaking,Very high human development
Q1343804,Q1432632,Q145,United Kingdom,Europe,English-speaking,Very high human development
Q1343944,Q13371,Q30,United States,North America,English-speaking,Very high human development
Q1343944,Q230492,Q30,United States,North America,English-speaking,Very high human development
Q1344078,Q1143289,Q30,United States,North America,English-speaking,Very high human development
Q1344078,Q41506,Q30,United States,North America,English-speaking,Very high human development
Q1344217,Q201815,Q30,United States,North America,English-speaking,Very high human development
Q1347301,Q4888646,Q30,United States,North America,English-speaking,Very high human development
Q1348153,Q2321391,Q145,United Kingdom,Europe,English-speaking,Very high human development
Q1348334,Q859363,Q142,France,Europe,Catholic Europe,Very high human development
Q1348768,Q168756,Q30,United States,North America,English-speaking,Very high human development
Q1349245,Q4614,Q30,United States,North America,English-speaking,Very high human development
Q1356272,Q168756,Q30,United States,North America,English-speaking,Very high human development
Q1360009,Q49116,Q30,United States,North America,English-speaking,Very high human development
Q1364205,Q7231582,Q30,United States,North America,English-speaking,Very high human development
Q1364205,Q7164015,Q30,United States,North America,English-speaking,Very high human development
Q1364205,Q49088,Q30,United States,North America,English-speaking,Very high human development
Q1364205,Q2093794,Q30,United States,North America,English-speaking,Very high human development
Q1366068,Q46492,Q17,Japan,Asia,West & South Asia,Very high human development
Q1369211,Q730179,Q17,Japan,Asia,West & South Asia,Very high human development
Q1371409,Q494170,Q30,United States,North America,English-speaking,Very high human development
Q1371409,Q7956571,Q30,United States,North America,English-speaking,Very high human development
Q1371409,Q837222,Q30,United States,North America,English-speaking,Very high human development
Q1371409,Q876158,Q30,United States,North America,English-speaking,Very high human development
Q1371409,Q49210,Q30,United States,North America,English-speaking,Very high human development
Q1372850,Q49213,Q30,United States,North America,English-speaking,Very high human development
Q1372993,Q1045828,Q145,United Kingdom,Europe,English-speaking,Very high human development
Q1372993,Q573954,Q27,Ireland,Europe,English-speaking,Very high human development
Q1372993,Q1202039,Q145,United Kingdom,Europe,English-speaking,Very high human development
Q1373060,Q168756,Q30,United States,North America,English-speaking,Very high human development
Q1374243,Q49088,Q30,United States,North America,English-speaking,Very high human development
Q1374243,Q49210,Q30,United States,North America,English-speaking,Very high human development
Q1377013,Q1024426,Q30,United States,North America,English-speaking,Very high human development
Q1377013,Q501758,Q30,United States,North America,English-speaking,Very high human development
Q1377013,Q842909,Q30,United States,North America,English-speaking,Very high human development
Q1379791,Q373133,Q35,Denmark,Europe,Protestant Europe,Very high human development
Q1379791,Q176375,Q35,Denmark,Europe,Protestant Europe,Very high human development
Q1381985,Q1320232,Q30,United States,North America,English-speaking,Very high human development
Q1384905,Q6360883,Q17,Japan,Asia,West & South Asia,Very high human development
Q1387642,Q161982,Q183,Germany,Europe,Catholic Europe,Very high human development
Q1390604,Q21578,Q30,United States,North America,English-speaking,Very high human development
Q1393036,Q13709,Q142,France,Europe,Catholic Europe,Very high human development
Q1393069,Q3579239,Q142,France,Europe,Catholic Europe,Very high human development
Q1393069,Q273819,Q142,France,Europe,Catholic Europe,Very high human development
Q1393069,Q1569226,Q142,France,Europe,Catholic Europe,Very high human development
Q1394609,Q1781094,Q30,United States,North America,English-speaking,Very high human development
Q1395688,Q5646966,Q17,Japan,Asia,West & South Asia,Very high human development
Q1396387,Q773802,Q30,United States,North America,English-speaking,Very high human development
Q1396387,Q532494,Q30,United States,North America,English-speaking,Very high human development
Q1396764,Q11547900,Q17,Japan,Asia,West & South Asia,Very high human development
Q1396764,Q11422734,Q188712,,{},{},{}
Q1399160,Q861888,Q30,United States,North America,English-speaking,Very high human development
Q1399160,Q184478,Q30,United States,North America,English-speaking,Very high human development
Q1399160,Q379848,Q30,United States,North America,English-speaking,Very high human development
Q1408025,Q640652,Q30,United States,North America,English-speaking,Very high human development
Q1413561,Q49119,Q30,United States,North America,English-speaking,Very high human development
Q1413561,Q4614,Q30,United States,North America,English-speaking,Very high human development
Q1413561,Q217741,Q30,United States,North America,English-speaking,Very high human development
Q1413561,Q238101,Q30,United States,North America,English-speaking,Very high human development
Q1413561,Q235034,Q30,United States,North America,English-speaking,Very high human development
Q1413561,Q670897,Q30,United States,North America,English-speaking,Very high human development
Q1413561,Q1256981,Q30,United States,North America,English-speaking,Very high human development
Q1413561,Q1026827,Q30,United States,North America,English-speaking,Very high human development
Q1434925,Q49212,Q30,United States,North America,English-speaking,Very high human development
Q1442249,Q222738,Q96,Mexico,North America,Latin America,High human development
Q1443099,Q182973,Q30,United States,North America,English-speaking,Very high human development
Q1443787,Q49206,Q30,United States,North America,English-speaking,Very high human development
Q1445641,Q1504847,Q34,Sweden,Europe,Protestant Europe,Very high human development
Q1452749,Q49112,Q30,United States,North America,English-speaking,Very high human development
Q1452749,Q49210,Q30,United States,North America,English-speaking,Very high human development
Q1452807,Q1426464,Q30,United States,North America,English-speaking,Very high human development
Q1452813,Q1191335,Q30,United States,North America,English-speaking,Very high human development
Q1457862,Q386203,Q17,Japan,Asia,West & South Asia,Very high human development
Q1457862,Q11524880,Q17,Japan,Asia,West & South Asia,Very high human development
Q1457862,Q1073666,Q17,Japan,Asia,West & South Asia,Very high human development
Q1457862,Q46492,Q17,Japan,Asia,West & South Asia,Very high human development
Q1457862,Q274486,Q17,Japan,Asia,West & South Asia,Very high human development
Q1473365,Q2221774,Q17,Japan,Asia,West & South Asia,Very high human development
Q1474002,Q534845,Q17,Japan,Asia,West & South Asia,Very high human development
Q1474002,Q46492,Q17,Japan,Asia,West & South Asia,Very high human development
Q1475327,Q49210,Q30,United States,North America,English-speaking,Very high human development
Q1477910,Q815432,Q17,Japan,Asia,West & South Asia,Very high human development
Q1480556,Q274486,Q17,Japan,Asia,West & South Asia,Very high human development
Q1496463,Q2067315,Q38,Italy,Europe,Catholic Europe,Very high human development
Q1505328,Q3091754,Q145,United Kingdom,Europe,English-speaking,Very high human development
Q1507305,Q180865,Q16,Canada,North America,English-speaking,Very high human development
Q1507305,Q168751,Q30,United States,North America,English-speaking,Very high human development
Q1507366,Q49210,Q30,United States,North America,English-speaking,Very high human development
Q1508382,Q213439,Q30,United States,North America,English-speaking,Very high human development
Q1510036,Q168756,Q30,United States,North America,English-speaking,Very high human development
Q1510036,Q1190812,Q30,United States,North America,English-speaking,Very high human development
Q1518051,Q21009175,Q142,France,Europe,Catholic Europe,Very high human development
Q1522742,Q1143289,Q30,United States,North America,English-speaking,Very high human development
Q1529940,Q238101,Q30,United States,North America,English-speaking,Very high human development
Q1530473,Q1193547,Q30,United States,North America,English-speaking,Very high human development
Q1530913,Q49088,Q30,United States,North America,English-speaking,Very high human development
Q1544958,Q761534,Q30,United States,North America,English-speaking,Very high human development
Q1573454,Q1329873,Q30,United States,North America,English-speaking,Very high human development
Q1573454,Q217305,Q30,United States,North America,English-speaking,Very high human development
Q1586451,Q501758,Q30,United States,North America,English-speaking,Very high human development
Q1588385,Q1785291,Q30,United States,North America,English-speaking,Very high human development
Q1595809,Q46492,Q17,Japan,Asia,West & South Asia,Very high human development
Q1606714,Q34433,Q145,United Kingdom,Europe,English-speaking,Very high human development
Q1606714,Q168751,Q30,United States,North America,English-speaking,Very high human development
Q1608527,Q131252,Q30,United States,North America,English-speaking,Very high human development
Q1608527,Q202660,Q142,France,Europe,Catholic Europe,Very high human development
Q1615369,Q2529982,Q30,United States,North America,English-speaking,Very high human development
Q1618607,Q179200,Q30,United States,North America,English-speaking,Very high human development
Q1620148,Q1064270,Q17,Japan,Asia,West & South Asia,Very high human development
Q1620148,Q11524880,Q17,Japan,Asia,West & South Asia,Very high human development
Q1620148,Q46492,Q17,Japan,Asia,West & South Asia,Very high human development
Q1620148,Q336264,Q17,Japan,Asia,West & South Asia,Very high human development
Q1620306,Q3315480,Q188712,,{},{},{}
Q1620636,Q7842,Q17,Japan,Asia,West & South Asia,Very high human development
Q1620636,Q197720,Q17,Japan,Asia,West & South Asia,Very high human development
Q1621314,Q49115,Q30,United States,North America,English-speaking,Very high human development
Q1621314,Q49088,Q30,United States,North America,English-speaking,Very high human development
Q1622795,Q9684,Q30,United States,North America,English-speaking,Very high human development
Q1622795,Q2668654,Q30,United States,North America,English-speaking,Very high human development
Q1622795,Q7711656,Q30,United States,North America,English-speaking,Very high human development
Q1628278,Q21578,Q30,United States,North America,English-speaking,Very high human development
Q1628278,Q13371,Q30,United States,North America,English-speaking,Very high human development
Q1628278,Q2159219,Q30,United States,North America,English-speaking,Very high human development
Q1628278,Q995265,Q30,United States,North America,English-speaking,Very high human development
Q1628278,Q75478,Q30,United States,North America,English-speaking,Very high human development
Q1629792,Q503424,Q145,United Kingdom,Europe,English-speaking,Very high human development
Q1629792,Q15574,Q408,Australia,Australia,English-speaking,Very high human development
Q1629792,Q15574,Q174193,,{},{},{}
Q1633343,Q1334582,Q31,Belgium,Europe,Catholic Europe,Very high human development
Q1633343,Q1687719,Q142,France,Europe,Catholic Europe,Very high human development
Q1633343,Q2823584,Q142,France,Europe,Catholic Europe,Very high human development
Q1634842,Q49207,Q30,United States,North America,English-speaking,Very high human development
Q1634842,Q5491762,Q30,United States,North America,English-speaking,Very high human development
Q1648047,Q265866,Q414,Argentina,South America,Latin America,Very high human development
Q1648047,Q194223,Q414,Argentina,South America,Latin America,Very high human development
Q1648830,Q4614,Q30,United States,North America,English-speaking,Very high human development
Q1649511,Q1446181,Q30,United States,North America,English-speaking,Very high human development
Q1655990,Q1446181,Q30,United States,North America,English-speaking,Very high human development
Q1659739,Q1079140,Q30,United States,North America,English-speaking,Very high human development
Q1659739,Q2065769,Q16,Canada,North America,English-speaking,Very high human development
