entity,P19,country,countryLabel,continent,cultural,hdi
Q42,Q350,Q145,United Kingdom,Europe,English-speaking,Very high human development
Q42,Q350,Q161885,,{},{},{}
Q42,Q350,Q179876,,{},{},{}
Q42,Q350,Q174193,,{},{},{}
Q42,Q350,Q145,United Kingdom,Europe,English-speaking,Very high human development
Q272,Q270230,Q142,France,Europe,Catholic Europe,Very high human development
Q410,Q18419,Q30,United States,North America,English-speaking,Very high human development
Q448,Q203293,Q142,France,Europe,Catholic Europe,Very high human development
Q502,Q1289,Q142,France,Europe,Catholic Europe,Very high human development
Q504,Q90,Q142,France,Europe,Catholic Europe,Very high human development
Q504,Q90,Q70972,,{},{},{}
Q504,Q90,Q146246,,{},{},{}
Q504,Q90,Q2748708,,{},{},{}
Q504,Q90,Q142,France,Europe,Catholic Europe,Very high human development
Q504,Q90,Q71084,,{},{},{}
Q504,Q90,Q58296,,{},{},{}
Q504,Q3449906,Q142,France,Europe,Catholic Europe,Very high human development
Q535,Q37776,Q142,France,Europe,Catholic Europe,Very high human development
Q563,Q202368,Q142,France,Europe,Catholic Europe,Very high human development
Q651,Q622,Q183,Germany,Europe,Catholic Europe,Very high human development
Q651,Q622,Q159631,,{},{},{}
Q651,Q622,Q12548,,{},{},{}
Q835,Q1899,Q212,Ukraine,Europe,Orthodox Europe,High human development
Q835,Q1899,Q15180,,{},{},{}
Q835,Q1899,Q243610,,{},{},{}
Q835,Q1899,Q139319,,{},{},{}
Q835,Q1899,Q34266,,{},{},{}
Q835,Q1899,Q186096,,{},{},{}
Q835,Q1899,Q172107,,{},{},{}
Q835,Q1899,Q49683,,{},{},{}
Q835,Q1899,Q79965,,{},{},{}
Q835,Q1899,Q1108445,,{},{},{}
Q835,Q1899,Q1508143,,{},{},{}
Q835,Q1899,Q46315,,{},{},{}
Q835,Q1899,Q15180,,{},{},{}
Q835,Q1899,Q15180,,{},{},{}
Q892,Q37701,Q258,South Africa,Africa,Sub-Saharan Africa,High human development
Q905,Q1085,Q213,Czech Republic,Europe,Orthodox Europe,{}
Q905,Q1085,Q33946,,{},{},{}
Q905,Q1085,Q28513,,{},{},{}
Q905,Q1085,Q131964,,{},{},{}
Q905,Q1085,Q42585,,{},{},{}
Q905,Q1085,Q2162698,,{},{},{}
Q905,Q1085,Q33946,,{},{},{}
Q905,Q1085,Q152750,,{},{},{}
Q905,Q1085,Q39193,,{},{},{}
Q905,Q1085,Q12548,,{},{},{}
Q920,Q2282220,Q55,Netherlands,Europe,Protestant Europe,Very high human development
Q927,Q9920,Q55,Netherlands,Europe,Protestant Europe,Very high human development
Q984,Q2389938,Q408,Australia,Australia,English-speaking,Very high human development
Q991,Q4281399,Q159,Russia,Europe,Orthodox Europe,{}
Q991,Q4281399,Q34266,,{},{},{}
Q991,Q4281399,Q15180,,{},{},{}
Q991,Q649,Q11750528,,{},{},{}
Q991,Q649,Q170770,,{},{},{}
Q991,Q649,Q186096,,{},{},{}
Q991,Q649,Q34266,,{},{},{}
Q991,Q649,Q139319,,{},{},{}
Q991,Q649,Q2305208,,{},{},{}
Q991,Q649,Q15180,,{},{},{}
Q991,Q649,Q159,Russia,Europe,Orthodox Europe,{}
Q1064,Q490,Q38,Italy,Europe,Catholic Europe,Very high human development
Q1064,Q490,Q172579,,{},{},{}
Q1064,Q490,Q131964,,{},{},{}
Q1064,Q490,Q165154,,{},{},{}
Q1064,Q490,Q223936,,{},{},{}
Q1064,Q490,Q723118,,{},{},{}
Q1064,Q490,Q213353,,{},{},{}
Q1064,Q490,Q729481,,{},{},{}
Q1064,Q490,Q153529,,{},{},{}
Q1064,Q490,Q15890801,,{},{},{}
Q1064,Q490,Q80702,,{},{},{}
Q1276,Q340,Q16,Canada,North America,English-speaking,Very high human development
Q1316,Q165444,Q796,Iraq,Asia,African-Islamic,Medium human development
Q1379,Q1297,Q30,United States,North America,English-speaking,Very high human development
Q1403,Q13678,Q38,Italy,Europe,Catholic Europe,Very high human development
Q1512,Q23436,Q145,United Kingdom,Europe,English-speaking,Very high human development
Q1512,Q23436,Q174193,,{},{},{}
Q1512,Q23436,Q161885,,{},{},{}
Q1512,Q23436,Q230791,,{},{},{}
Q1646,Q660042,Q142,France,Europe,Catholic Europe,Very high human development
Q2754,Q1085,Q213,Czech Republic,Europe,Orthodox Europe,{}
Q2754,Q1085,Q33946,,{},{},{}
Q2754,Q1085,Q28513,,{},{},{}
Q2754,Q1085,Q131964,,{},{},{}
Q2754,Q1085,Q42585,,{},{},{}
Q2754,Q1085,Q2162698,,{},{},{}
Q2754,Q1085,Q33946,,{},{},{}
Q2754,Q1085,Q152750,,{},{},{}
Q2754,Q1085,Q39193,,{},{},{}
Q2754,Q1085,Q12548,,{},{},{}
Q2908,Q3344,Q142,France,Europe,Catholic Europe,Very high human development
Q2908,Q456,Q142,France,Europe,Catholic Europe,Very high human development
Q2908,Q456,Q17167,,{},{},{}
Q2908,Q456,Q2277,,{},{},{}
Q2908,Q456,Q42834,,{},{},{}
Q2908,Q456,Q13590051,,{},{},{}
Q2908,Q456,Q146246,,{},{},{}
Q2908,Q456,Q46370,,{},{},{}
Q2908,Q456,Q70972,,{},{},{}
Q2908,Q456,Q58296,,{},{},{}
Q2908,Q456,Q71084,,{},{},{}
Q2908,Q456,Q142,France,Europe,Catholic Europe,Very high human development
Q2908,Q456,Q69808,,{},{},{}
Q3102,Q23229,Q145,United Kingdom,Europe,English-speaking,Very high human development
Q3816,Q90,Q142,France,Europe,Catholic Europe,Very high human development
Q3816,Q90,Q70972,,{},{},{}
Q3816,Q90,Q146246,,{},{},{}
Q3816,Q90,Q2748708,,{},{},{}
Q3816,Q90,Q142,France,Europe,Catholic Europe,Very high human development
Q3816,Q90,Q71084,,{},{},{}
Q3816,Q90,Q58296,,{},{},{}
Q3816,Q2845758,Q142,France,Europe,Catholic Europe,Very high human development
Q4025,Q491128,Q30,United States,North America,English-speaking,Very high human development
Q4128,Q194420,Q142,France,Europe,Catholic Europe,Very high human development
Q4137,Q649,Q11750528,,{},{},{}
Q4137,Q649,Q170770,,{},{},{}
Q4137,Q649,Q186096,,{},{},{}
Q4137,Q649,Q34266,,{},{},{}
Q4137,Q649,Q139319,,{},{},{}
Q4137,Q649,Q2305208,,{},{},{}
Q4137,Q649,Q15180,,{},{},{}
Q4137,Q649,Q159,Russia,Europe,Orthodox Europe,{}
Q4247,Q71,Q39,Switzerland,Europe,Catholic Europe,Very high human development
Q4247,Q71,Q23366230,,{},{},{}
Q4247,Q71,Q142,France,Europe,Catholic Europe,Very high human development
Q4247,Q71,Q23366230,,{},{},{}
Q4302,Q5489,Q142,France,Europe,Catholic Europe,Very high human development
Q4487,Q1489,Q96,Mexico,North America,Latin America,High human development
Q4731,Q84,Q2277,,{},{},{}
Q4731,Q84,Q110888,,{},{},{}
Q4731,Q84,Q105092,,{},{},{}
Q4731,Q84,Q105313,,{},{},{}
Q4731,Q84,Q179876,,{},{},{}
Q4731,Q84,Q161885,,{},{},{}
Q4731,Q84,Q174193,,{},{},{}
Q4731,Q84,Q145,United Kingdom,Europe,English-speaking,Very high human development
Q4985,Q11299,Q30,United States,North America,English-speaking,Very high human development
Q4985,Q60,Q30,United States,North America,English-speaking,Very high human development
Q5673,Q25331,Q35,Denmark,Europe,Protestant Europe,Very high human development
Q5682,Q46940,Q29,Spain,Europe,Catholic Europe,Very high human development
Q5686,Q1803681,Q145,United Kingdom,Europe,English-speaking,Very high human development
Q5686,Q72259,Q145,United Kingdom,Europe,English-speaking,Very high human development
Q5686,Q72259,Q174193,,{},{},{}
Q5686,Q72259,Q161885,,{},{},{}
Q5686,Q72259,Q179876,,{},{},{}
Q5878,Q624492,Q739,Colombia,South America,Latin America,High human development
Q5879,Q1794,Q146246,,{},{},{}
Q5879,Q1794,Q153080,,{},{},{}
Q5879,Q1794,Q12548,,{},{},{}
Q5879,Q1794,Q704312,,{},{},{}
Q5879,Q1794,Q704300,,{},{},{}
Q5879,Q1794,Q151624,,{},{},{}
Q5879,Q1794,Q27306,,{},{},{}
Q5879,Q1794,Q1206012,,{},{},{}
Q5879,Q1794,Q41304,,{},{},{}
Q5879,Q1794,Q7318,,{},{},{}
Q5879,Q1794,Q2415901,,{},{},{}
Q5879,Q1794,Q713750,,{},{},{}
Q5879,Q1794,Q183,Germany,Europe,Catholic Europe,Very high human development
Q6050,Q259463,Q142,France,Europe,Catholic Europe,Very high human development
Q6512,Q1748,Q35,Denmark,Europe,Protestant Europe,Very high human development
Q6512,Q1748,Q756617,,{},{},{}
Q6515,Q1336356,Q148,People's Republic of China,Asia,Confucian,{}
Q6515,Q24831157,Q8733,,{},{},{}
Q6515,Q107619098,Q148,People's Republic of China,Asia,Confucian,{}
Q6519,Q286881,Q40,Austria,Europe,Catholic Europe,Very high human development
Q6527,Q71,Q39,Switzerland,Europe,Catholic Europe,Very high human development
Q6527,Q71,Q23366230,,{},{},{}
Q6527,Q71,Q142,France,Europe,Catholic Europe,Very high human development
Q6527,Q71,Q23366230,,{},{},{}
Q6538,Q216173,Q216173,,{},{},{}
Q6538,Q1792,Q36,Poland,Europe,Catholic Europe,Very high human development
Q6538,Q1792,Q1206012,,{},{},{}
Q6538,Q1792,Q216173,,{},{},{}
Q6538,Q1792,Q27306,,{},{},{}
Q6538,Q1792,Q901974,,{},{},{}
Q6538,Q1792,Q27306,,{},{},{}
Q6538,Q1792,Q172107,,{},{},{}
Q6538,Q1792,Q1649871,,{},{},{}
Q6538,Q1792,Q156020,,{},{},{}
Q6538,Q1792,Q1649871,,{},{},{}
Q6538,Q1792,Q156020,,{},{},{}
Q6538,Q1792,Q696640,,{},{},{}
Q6882,Q2528857,Q27,Ireland,Europe,English-speaking,Very high human development
Q6882,Q2528857,Q31747,,{},{},{}
Q6882,Q2528857,Q174193,,{},{},{}
Q6882,Q1761,Q174193,,{},{},{}
Q6882,Q1761,Q215530,,{},{},{}
Q6882,Q1761,Q27,Ireland,Europe,English-speaking,Very high human development
Q6882,Q1761,Q31747,,{},{},{}
Q6882,Q1761,Q844250,,{},{},{}
Q6950,Q16552,Q30,United States,North America,English-speaking,Very high human development
Q7176,Q12185628,Q79,Egypt,Africa,African-Islamic,High human development
Q7197,Q90,Q142,France,Europe,Catholic Europe,Very high human development
Q7197,Q90,Q70972,,{},{},{}
Q7197,Q90,Q146246,,{},{},{}
Q7197,Q90,Q2748708,,{},{},{}
Q7197,Q90,Q142,France,Europe,Catholic Europe,Very high human development
Q7197,Q90,Q71084,,{},{},{}
Q7197,Q90,Q58296,,{},{},{}
Q7197,Q245546,Q142,France,Europe,Catholic Europe,Very high human development
Q7199,Q194420,Q142,France,Europe,Catholic Europe,Very high human development
Q7200,Q649,Q11750528,,{},{},{}
Q7200,Q649,Q170770,,{},{},{}
Q7200,Q649,Q186096,,{},{},{}
Q7200,Q649,Q34266,,{},{},{}
Q7200,Q649,Q139319,,{},{},{}
Q7200,Q649,Q2305208,,{},{},{}
Q7200,Q649,Q15180,,{},{},{}
Q7200,Q649,Q159,Russia,Europe,Orthodox Europe,{}
Q7241,Q1348,Q668,India,Asia,Indosphere,Medium human development
Q7241,Q1348,Q129286,,{},{},{}
Q7241,Q1348,Q2001966,,{},{},{}
Q7243,Q749556,Q159,Russia,Europe,Orthodox Europe,{}
Q7243,Q749556,Q34266,,{},{},{}
Q7243,Q749556,Q2305208,,{},{},{}
Q7245,Q537803,Q30,United States,North America,English-speaking,Very high human development
Q7345,Q990504,Q30,United States,North America,English-speaking,Very high human development
Q7724,Q1754,Q34,Sweden,Europe,Protestant Europe,Very high human development
Q7724,Q1754,Q62623,,{},{},{}
Q7724,Q1754,Q62589,,{},{},{}
Q7728,Q13649,Q38,Italy,Europe,Catholic Europe,Very high human development
Q7841,Q184154,Q142,France,Europe,Catholic Europe,Very high human development
Q7934,Q199797,Q30,United States,North America,English-speaking,Very high human development
Q8312,Q60,Q30,United States,North America,English-speaking,Very high human development
Q8998,Q651101,Q148,People's Republic of China,Asia,Confucian,{}
Q9327,Q183557,Q142,France,Europe,Catholic Europe,Very high human development
Q9327,Q629137,Q142,France,Europe,Catholic Europe,Very high human development
Q9364,Q90,Q142,France,Europe,Catholic Europe,Very high human development
Q9364,Q90,Q70972,,{},{},{}
Q9364,Q90,Q146246,,{},{},{}
Q9364,Q90,Q2748708,,{},{},{}
Q9364,Q90,Q142,France,Europe,Catholic Europe,Very high human development
Q9364,Q90,Q71084,,{},{},{}
Q9364,Q90,Q58296,,{},{},{}
Q9711,Q288,Q142,France,Europe,Catholic Europe,Very high human development
Q9711,Q288,Q46370,,{},{},{}
Q9711,Q288,Q146246,,{},{},{}
Q10731,Q490385,Q30,United States,North America,English-speaking,Very high human development
Q12706,Q891,Q159,Russia,Europe,Orthodox Europe,{}
Q12706,Q891,Q15180,,{},{},{}
Q12706,Q891,Q2305208,,{},{},{}
Q12706,Q891,Q139319,,{},{},{}
Q12706,Q891,Q34266,,{},{},{}
Q12706,Q891,Q186096,,{},{},{}
Q12706,Q891,Q170770,,{},{},{}
Q12706,Q891,Q4318679,,{},{},{}
Q12706,Q891,Q4145111,,{},{},{}
Q12706,Q891,Q83546,,{},{},{}
Q12706,Q891,Q4445623,,{},{},{}
Q12773,Q81581,Q28,Hungary,Europe,Catholic Europe,Very high human development
Q12807,Q6088,Q38,Italy,Europe,Catholic Europe,Very high human development
Q12881,Q8678,Q155,Brazil,South America,Latin America,High human development
Q12903,Q1349146,Q17,Japan,Asia,West & South Asia,Very high human development
Q13012,Q1792063,Q155,Brazil,South America,Latin America,High human development
Q13914,Q15695,Q29,Spain,Europe,Catholic Europe,Very high human development
Q14063,Q391294,Q31,Belgium,Europe,Catholic Europe,Very high human development
Q15809,Q438,Q215,Slovenia,Europe,Catholic Europe,Very high human development
Q15975,Q1859459,Q142,France,Europe,Catholic Europe,Very high human development
Q16285,Q664156,Q77,Uruguay,South America,Latin America,Very high human development
Q16297,Q3344587,Q16,Canada,North America,English-speaking,Very high human development
Q16297,Q340,Q16,Canada,North America,English-speaking,Very high human development
Q16400,Q404873,Q148,People's Republic of China,Asia,Confucian,{}
Q16867,Q100,Q30,United States,North America,English-speaking,Very high human development
Q16867,Q100,Q2079909,,{},{},{}
Q16867,Q100,Q1191350,,{},{},{}
Q16873,Q1335,Q77,Uruguay,South America,Latin America,Very high human development
Q18143,Q1335554,Q148,People's Republic of China,Asia,Confucian,{}
Q18227,Q65,Q30,United States,North America,English-speaking,Very high human development
Q18349,Q71699,Q17,Japan,Asia,West & South Asia,Very high human development
Q18391,Q334874,Q218,Romania,Europe,Catholic Europe,Very high human development
Q18391,Q334874,Q218,Romania,Europe,Catholic Europe,Very high human development
Q18391,Q334874,Q516160,,{},{},{}
Q18391,Q334874,Q28513,,{},{},{}
Q18391,Q334874,Q131964,,{},{},{}
Q18391,Q334874,Q153136,,{},{},{}
Q18391,Q334874,Q655621,,{},{},{}
Q18391,Q334874,Q625380,,{},{},{}
Q18391,Q334874,Q842794,,{},{},{}
Q18391,Q334874,Q2685298,,{},{},{}
Q18391,Q334874,Q203493,,{},{},{}
Q18391,Q334874,Q600018,,{},{},{}
Q18391,Q334874,Q16056854,,{},{},{}
Q18404,Q191415,Q142,France,Europe,Catholic Europe,Very high human development
Q18445,Q1826,Q928,Philippines,Asia,West & South Asia,High human development
Q18456,Q1085,Q213,Czech Republic,Europe,Orthodox Europe,{}
Q18456,Q1085,Q33946,,{},{},{}
Q18456,Q1085,Q28513,,{},{},{}
Q18456,Q1085,Q131964,,{},{},{}
Q18456,Q1085,Q42585,,{},{},{}
Q18456,Q1085,Q2162698,,{},{},{}
Q18456,Q1085,Q33946,,{},{},{}
Q18456,Q1085,Q152750,,{},{},{}
Q18456,Q1085,Q39193,,{},{},{}
Q18456,Q1085,Q12548,,{},{},{}
Q18914,Q196271,Q423,North Korea,{},{},{}
Q18914,Q196271,Q503585,,{},{},{}
Q19330,Q49240,Q30,United States,North America,English-speaking,Very high human development
Q19526,Q38022,Q30,United States,North America,English-speaking,Very high human development
Q20733,Q90,Q142,France,Europe,Catholic Europe,Very high human development
Q20733,Q90,Q70972,,{},{},{}
Q20733,Q90,Q146246,,{},{},{}
Q20733,Q90,Q2748708,,{},{},{}
Q20733,Q90,Q142,France,Europe,Catholic Europe,Very high human development
Q20733,Q90,Q71084,,{},{},{}
Q20733,Q90,Q58296,,{},{},{}
Q22665,Q11412526,Q17,Japan,Asia,West & South Asia,Very high human development
Q22670,Q61890,Q183,Germany,Europe,Catholic Europe,Very high human development
Q22670,Q61890,Q12548,,{},{},{}
Q22714,Q20073,Q183,Germany,Europe,Catholic Europe,Very high human development
Q23114,Q42666,Q148,People's Republic of China,Asia,Confucian,{}
Q23434,Q331397,Q30,United States,North America,English-speaking,Very high human development
Q23441,Q844701,Q142,France,Europe,Catholic Europe,Very high human development
Q23685,Q6548118,Q30,United States,North America,English-speaking,Very high human development
Q23685,Q608527,Q30,United States,North America,English-speaking,Very high human development
Q24261,Q37836,Q30,United States,North America,English-speaking,Very high human development
Q24632,Q4093,Q145,United Kingdom,Europe,English-speaking,Very high human development
Q24632,Q4093,Q174193,,{},{},{}
Q24632,Q4093,Q161885,,{},{},{}
Q24632,Q4093,Q230791,,{},{},{}
Q24632,Q4093,Q145,United Kingdom,Europe,English-speaking,Very high human development
Q25120,Q1891,Q38,Italy,Europe,Catholic Europe,Very high human development
Q25120,Q1891,Q170174,,{},{},{}
Q25120,Q1891,Q12548,,{},{},{}
Q25120,Q1891,Q2577303,,{},{},{}
Q25161,Q1244613,Q145,United Kingdom,Europe,English-speaking,Very high human development
Q25161,Q1244613,Q174193,,{},{},{}
Q25885,Q12333683,Q35,Denmark,Europe,Protestant Europe,Very high human development
Q25973,Q487921,Q183,Germany,Europe,Catholic Europe,Very high human development
Q26116,Q1985830,Q30,United States,North America,English-speaking,Very high human development
Q26412,Q4457522,Q159,Russia,Europe,Orthodox Europe,{}
Q26993,Q21159,Q183,Germany,Europe,Catholic Europe,Very high human development
Q26993,Q21159,Q27306,,{},{},{}
Q26993,Q21159,Q26167,,{},{},{}
Q28480,Q1085,Q213,Czech Republic,Europe,Orthodox Europe,{}
Q28480,Q1085,Q33946,,{},{},{}
Q28480,Q1085,Q28513,,{},{},{}
Q28480,Q1085,Q131964,,{},{},{}
Q28480,Q1085,Q42585,,{},{},{}
Q28480,Q1085,Q2162698,,{},{},{}
Q28480,Q1085,Q33946,,{},{},{}
Q28480,Q1085,Q152750,,{},{},{}
Q28480,Q1085,Q39193,,{},{},{}
Q28480,Q1085,Q12548,,{},{},{}
Q28494,Q4024,Q183,Germany,Europe,Catholic Europe,Very high human development
Q28494,Q4024,Q16957,,{},{},{}
Q28494,Q4024,Q27306,,{},{},{}
Q28494,Q4024,Q43287,,{},{},{}
Q28494,Q4024,Q41304,,{},{},{}
Q28494,Q4024,Q7318,,{},{},{}
Q28494,Q4024,Q55300,,{},{},{}
Q28494,Q4024,Q36,Poland,Europe,Catholic Europe,Very high human development
Q29344,Q65,Q30,United States,North America,English-speaking,Very high human development
Q29621,Q1202211,Q30,United States,North America,English-speaking,Very high human development
Q30875,Q1761,Q174193,,{},{},{}
Q30875,Q1761,Q215530,,{},{},{}
Q30875,Q1761,Q27,Ireland,Europe,English-speaking,Very high human development
Q30875,Q1761,Q31747,,{},{},{}
Q30875,Q1761,Q844250,,{},{},{}
Q31215,Q649214,Q28,Hungary,Europe,Catholic Europe,Very high human development
Q31215,Q649214,Q28513,,{},{},{}
Q31220,Q494733,Q183,Germany,Europe,Catholic Europe,Very high human development
Q31231,Q812,Q30,United States,North America,English-speaking,Very high human development
Q31984,Q24861,Q30,United States,North America,English-speaking,Very high human development
Q32529,Q13498,Q38,Italy,Europe,Catholic Europe,Very high human development
Q32529,Q13498,Q173065,,{},{},{}
Q32529,Q13498,Q180393,,{},{},{}
Q32661,Q277162,Q145,United Kingdom,Europe,English-speaking,Very high human development
Q32661,Q84,Q2277,,{},{},{}
Q32661,Q84,Q110888,,{},{},{}
Q32661,Q84,Q105092,,{},{},{}
Q32661,Q84,Q105313,,{},{},{}
Q32661,Q84,Q179876,,{},{},{}
Q32661,Q84,Q161885,,{},{},{}
Q32661,Q84,Q174193,,{},{},{}
Q32661,Q84,Q145,United Kingdom,Europe,English-speaking,Very high human development
Q33055,Q8686,Q148,People's Republic of China,Asia,Confucian,{}
Q33055,Q8686,Q13426199,,{},{},{}
Q33055,Q8686,Q696242,,{},{},{}
Q33055,Q8686,Q708865,,{},{},{}
Q33055,Q8686,Q4375948,,{},{},{}
Q33055,Q8686,Q13426199,,{},{},{}
Q33055,Q8686,Q148,People's Republic of China,Asia,Confucian,{}
Q33476,Q694800,Q142,France,Europe,Catholic Europe,Very high human development
Q33977,Q12191,Q142,France,Europe,Catholic Europe,Very high human development
Q34190,Q3160539,Q145,United Kingdom,Europe,English-speaking,Very high human development
Q34474,Q153676,Q159,Russia,Europe,Orthodox Europe,{}
Q34474,Q153676,Q34266,,{},{},{}
Q34474,Q153676,Q15180,,{},{},{}
Q34660,Q1025095,Q145,United Kingdom,Europe,English-speaking,Very high human development
Q34660,Q666295,Q145,United Kingdom,Europe,English-speaking,Very high human development
Q34670,Q1924629,Q262,Algeria,Africa,African-Islamic,High human development
Q34670,Q1924629,Q142,France,Europe,Catholic Europe,Very high human development
Q34743,Q1156,Q668,India,Asia,Indosphere,Medium human development
Q34743,Q1156,Q200464,,{},{},{}
Q34743,Q1156,Q179876,,{},{},{}
Q34743,Q1156,Q2001966,,{},{},{}
Q34743,Q1156,Q129286,,{},{},{}
Q34782,Q34739,Q30,United States,North America,English-speaking,Very high human development
Q34970,Q2736112,Q145,United Kingdom,Europe,English-speaking,Very high human development
Q34981,Q1010621,Q159,Russia,Europe,Orthodox Europe,{}
Q34981,Q1010621,Q2305208,,{},{},{}
Q34981,Q1010621,Q15180,,{},{},{}
Q34981,Q1010621,Q34266,,{},{},{}
Q34981,Q1010621,Q186096,,{},{},{}
Q35064,Q209055,Q145,United Kingdom,Europe,English-speaking,Very high human development
Q35064,Q85743288,Q145,United Kingdom,Europe,English-speaking,Very high human development
Q35155,Q1006668,Q30,United States,North America,English-speaking,Very high human development
Q35610,Q23436,Q145,United Kingdom,Europe,English-speaking,Very high human development
Q35610,Q23436,Q174193,,{},{},{}
Q35610,Q23436,Q161885,,{},{},{}
Q35610,Q23436,Q230791,,{},{},{}
Q36184,Q2328356,Q27,Ireland,Europe,English-speaking,Very high human development
Q36322,Q1231836,Q145,United Kingdom,Europe,English-speaking,Very high human development
Q36322,Q1231836,Q161885,,{},{},{}
Q36322,Q1231836,Q145,United Kingdom,Europe,English-speaking,Very high human development
Q36591,Q656,Q159,Russia,Europe,Orthodox Europe,{}
Q36591,Q656,Q15180,,{},{},{}
Q36591,Q656,Q2305208,,{},{},{}
Q36591,Q656,Q34266,,{},{},{}
Q36591,Q656,Q139319,,{},{},{}
Q36591,Q656,Q186096,,{},{},{}
Q36951,Q25409,Q214,Slovakia,Europe,{},Very high human development
Q36951,Q25409,Q33946,,{},{},{}
Q36951,Q25409,Q600018,,{},{},{}
Q36951,Q25409,Q33946,,{},{},{}
Q36951,Q25409,Q516160,,{},{},{}
Q36951,Q25409,Q28513,,{},{},{}
Q36951,Q25409,Q131964,,{},{},{}
Q36951,Q25409,Q153136,,{},{},{}
Q36951,Q25409,Q7245120,,{},{},{}
Q36951,Q25409,Q153136,,{},{},{}
Q36951,Q25409,Q171150,,{},{},{}
Q37030,Q2843,Q183,Germany,Europe,Catholic Europe,Very high human development
Q37030,Q2843,Q12548,,{},{},{}
Q37060,Q793814,Q45,Portugal,Europe,Catholic Europe,Very high human development
Q37060,Q1012522,Q45,Portugal,Europe,Catholic Europe,Very high human development
Q37327,Q1761,Q174193,,{},{},{}
Q37327,Q1761,Q215530,,{},{},{}
Q37327,Q1761,Q27,Ireland,Europe,English-speaking,Very high human development
Q37327,Q1761,Q31747,,{},{},{}
Q37327,Q1761,Q844250,,{},{},{}
Q37327,Q1843815,Q27,Ireland,Europe,English-speaking,Very high human development
Q38049,Q939009,Q218,Romania,Europe,Catholic Europe,Very high human development
Q38049,Q939009,Q2685298,,{},{},{}
Q38082,Q990170,Q145,United Kingdom,Europe,English-speaking,Very high human development
Q38337,Q213883,Q142,France,Europe,Catholic Europe,Very high human development
Q38392,Q1779875,Q30,United States,North America,English-speaking,Very high human development
Q38849,Q1155010,Q17,Japan,Asia,West & South Asia,Very high human development
Q39212,Q488125,Q30,United States,North America,English-speaking,Very high human development
Q39803,Q159273,Q419,Peru,South America,Latin America,High human development
Q39829,Q49201,Q30,United States,North America,English-speaking,Very high human development
Q39987,Q88,Q30,United States,North America,English-speaking,Very high human development
Q40479,Q4697475,Q145,United Kingdom,Europe,English-speaking,Very high human development
Q40826,Q113438,Q20,Norway,Europe,Protestant Europe,Very high human development
Q40826,Q488395,Q20,Norway,Europe,Protestant Europe,Very high human development
Q40826,Q1292655,Q20,Norway,Europe,Protestant Europe,Very high human development
Q40874,Q180078,Q794,Iran,Asia,African-Islamic,{}
Q40909,Q5953682,Q145,United Kingdom,Europe,English-speaking,Very high human development
Q40909,Q84,Q2277,,{},{},{}
Q40909,Q84,Q110888,,{},{},{}
Q40909,Q84,Q105092,,{},{},{}
Q40909,Q84,Q105313,,{},{},{}
Q40909,Q84,Q179876,,{},{},{}
Q40909,Q84,Q161885,,{},{},{}
Q40909,Q84,Q174193,,{},{},{}
Q40909,Q84,Q145,United Kingdom,Europe,English-speaking,Very high human development
Q40946,Q1619586,Q145,United Kingdom,Europe,English-speaking,Very high human development
Q40946,Q84,Q2277,,{},{},{}
Q40946,Q84,Q110888,,{},{},{}
Q40946,Q84,Q105092,,{},{},{}
Q40946,Q84,Q105313,,{},{},{}
Q40946,Q84,Q179876,,{},{},{}
Q40946,Q84,Q161885,,{},{},{}
Q40946,Q84,Q174193,,{},{},{}
Q40946,Q84,Q145,United Kingdom,Europe,English-speaking,Very high human development
Q41042,Q84,Q2277,,{},{},{}
Q41042,Q84,Q110888,,{},{},{}
Q41042,Q84,Q105092,,{},{},{}
Q41042,Q84,Q105313,,{},{},{}
Q41042,Q84,Q179876,,{},{},{}
Q41042,Q84,Q161885,,{},{},{}
Q41042,Q84,Q174193,,{},{},{}
Q41042,Q84,Q145,United Kingdom,Europe,English-speaking,Very high human development
Q41130,Q61306,Q96,Mexico,North America,Latin America,High human development
Q41166,Q1761,Q174193,,{},{},{}
Q41166,Q1761,Q215530,,{},{},{}
Q41166,Q1761,Q27,Ireland,Europe,English-speaking,Very high human development
Q41166,Q1761,Q31747,,{},{},{}
Q41166,Q1761,Q844250,,{},{},{}
Q41223,Q649,Q11750528,,{},{},{}
Q41223,Q649,Q170770,,{},{},{}
Q41223,Q649,Q186096,,{},{},{}
Q41223,Q649,Q34266,,{},{},{}
Q41223,Q649,Q139319,,{},{},{}
Q41223,Q649,Q2305208,,{},{},{}
Q41223,Q649,Q15180,,{},{},{}
Q41223,Q649,Q159,Russia,Europe,Orthodox Europe,{}
Q41488,Q836657,Q1033,Nigeria,Africa,Sub-Saharan Africa,Medium human development
Q41502,Q2750458,Q36,Poland,Europe,Catholic Europe,Very high human development
Q41590,Q19660,Q389004,,{},{},{}
Q41590,Q19660,Q958291,,{},{},{}
Q41590,Q19660,Q203493,,{},{},{}
Q41590,Q19660,Q2685298,,{},{},{}
Q41590,Q19660,Q842794,,{},{},{}
Q41590,Q19660,Q218,Romania,Europe,Catholic Europe,Very high human development
Q42037,Q33959,Q142,France,Europe,Catholic Europe,Very high human development
Q42037,Q33959,Q165154,,{},{},{}
Q42037,Q33959,Q142,France,Europe,Catholic Europe,Very high human development
Q42037,Q33959,Q165154,,{},{},{}
Q42398,Q4242055,Q159,Russia,Europe,Orthodox Europe,{}
Q42398,Q4242055,Q34266,,{},{},{}
Q42398,Q4242055,Q15180,,{},{},{}
Q42443,Q90,Q142,France,Europe,Catholic Europe,Very high human development
Q42443,Q90,Q70972,,{},{},{}
Q42443,Q90,Q146246,,{},{},{}
Q42443,Q90,Q2748708,,{},{},{}
Q42443,Q90,Q142,France,Europe,Catholic Europe,Very high human development
Q42443,Q90,Q71084,,{},{},{}
Q42443,Q90,Q58296,,{},{},{}
Q42511,Q122892,Q145,United Kingdom,Europe,English-speaking,Very high human development
Q42544,Q84,Q2277,,{},{},{}
Q42544,Q84,Q110888,,{},{},{}
Q42544,Q84,Q105092,,{},{},{}
Q42544,Q84,Q105313,,{},{},{}
Q42544,Q84,Q179876,,{},{},{}
Q42544,Q84,Q161885,,{},{},{}
Q42544,Q84,Q174193,,{},{},{}
Q42544,Q84,Q145,United Kingdom,Europe,English-speaking,Very high human development
Q42747,Q365,Q183,Germany,Europe,Catholic Europe,Very high human development
Q42747,Q365,Q7318,,{},{},{}
Q42747,Q365,Q41304,,{},{},{}
Q42747,Q365,Q43287,,{},{},{}
Q42747,Q365,Q27306,,{},{},{}
Q42747,Q365,Q71084,,{},{},{}
Q42747,Q365,Q12548,,{},{},{}
Q42747,Q365,Q7904317,,{},{},{}
Q42747,Q365,Q153080,,{},{},{}
Q42747,Q365,Q146246,,{},{},{}
Q42747,Q365,Q2415901,,{},{},{}
Q42747,Q365,Q713750,,{},{},{}
Q42747,Q365,Q42834,,{},{},{}
Q42747,Q365,Q2277,,{},{},{}
Q42747,Q365,Q183,Germany,Europe,Catholic Europe,Very high human development
Q42831,Q3118,Q159,Russia,Europe,Orthodox Europe,{}
Q42831,Q3118,Q15180,,{},{},{}
Q42831,Q3118,Q2305208,,{},{},{}
Q42831,Q3118,Q139319,,{},{},{}
Q42831,Q3118,Q34266,,{},{},{}
Q42831,Q3118,Q186096,,{},{},{}
Q43227,Q23077,Q145,United Kingdom,Europe,English-speaking,Very high human development
Q43293,Q5465,Q258,South Africa,Africa,Sub-Saharan Africa,High human development
Q43293,Q5465,Q193619,,{},{},{}
Q43293,Q5465,Q370736,,{},{},{}
Q43444,Q30974,Q142,France,Europe,Catholic Europe,Very high human development
Q43523,Q1001231,Q36,Poland,Europe,Catholic Europe,Very high human development
Q43523,Q1001231,Q183,Germany,Europe,Catholic Europe,Very high human development
Q43523,Q1001231,Q27306,,{},{},{}
Q43730,Q68256,Q39,Switzerland,Europe,Catholic Europe,Very high human development
Q43736,Q35765,Q17,Japan,Asia,West & South Asia,Very high human development
Q44183,Q943517,Q145,United Kingdom,Europe,English-speaking,Very high human development
Q44219,Q174224,Q30,United States,North America,English-speaking,Very high human development
Q44306,Q1156,Q668,India,Asia,Indosphere,Medium human development
Q44306,Q1156,Q200464,,{},{},{}
Q44306,Q1156,Q179876,,{},{},{}
Q44306,Q1156,Q2001966,,{},{},{}
Q44306,Q1156,Q129286,,{},{},{}
Q44331,Q1741,Q40,Austria,Europe,Catholic Europe,Very high human development
Q44331,Q1741,Q518101,,{},{},{}
Q44331,Q1741,Q28513,,{},{},{}
Q44331,Q1741,Q268970,,{},{},{}
Q44331,Q1741,Q131964,,{},{},{}
Q44331,Q1741,Q176495,,{},{},{}
Q44331,Q1741,Q7318,,{},{},{}
Q44331,Q1741,Q153136,,{},{},{}
Q44331,Q1741,Q699964,,{},{},{}
Q44331,Q1741,Q3624335,,{},{},{}
Q44331,Q1741,Q283627,,{},{},{}
Q44331,Q1741,Q47261,,{},{},{}
Q44331,Q1741,Q596239,,{},{},{}
Q44336,Q9799,Q55,Netherlands,Europe,Protestant Europe,Very high human development
Q44490,Q84,Q2277,,{},{},{}
Q44490,Q84,Q110888,,{},{},{}
Q44490,Q84,Q105092,,{},{},{}
Q44490,Q84,Q105313,,{},{},{}
Q44490,Q84,Q179876,,{},{},{}
Q44490,Q84,Q161885,,{},{},{}
Q44490,Q84,Q174193,,{},{},{}
Q44490,Q84,Q145,United Kingdom,Europe,English-speaking,Very high human development
Q44519,Q10728500,Q34,Sweden,Europe,Protestant Europe,Very high human development
Q44520,Q2406502,Q145,United Kingdom,Europe,English-speaking,Very high human development
Q44540,Q127744,Q183,Germany,Europe,Catholic Europe,Very high human development
Q44593,Q1444575,Q754,Trinidad and Tobago,South America,Latin America,Very high human development
Q45124,Q489890,Q265,Uzbekistan,Asia,West & South Asia,High human development
Q45124,Q489890,Q15180,,{},{},{}
Q45221,Q1726,Q183,Germany,Europe,Catholic Europe,Very high human development
Q45221,Q1726,Q713750,,{},{},{}
Q45221,Q1726,Q2415901,,{},{},{}
Q45221,Q1726,Q7318,,{},{},{}
Q45221,Q1726,Q41304,,{},{},{}
Q45221,Q1726,Q43287,,{},{},{}
Q45221,Q1726,Q154195,,{},{},{}
Q45221,Q1726,Q256961,,{},{},{}
Q45221,Q1726,Q47261,,{},{},{}
Q45765,Q62,Q30,United States,North America,English-speaking,Very high human development
Q46248,Q812906,Q145,United Kingdom,Europe,English-speaking,Very high human development
Q46599,Q649,Q11750528,,{},{},{}
Q46599,Q649,Q170770,,{},{},{}
Q46599,Q649,Q186096,,{},{},{}
Q46599,Q649,Q34266,,{},{},{}
Q46599,Q649,Q139319,,{},{},{}
Q46599,Q649,Q2305208,,{},{},{}
Q46599,Q649,Q15180,,{},{},{}
Q46599,Q649,Q159,Russia,Europe,Orthodox Europe,{}
Q47087,Q1020217,Q145,United Kingdom,Europe,English-speaking,Very high human development
Q47152,Q149573,Q145,United Kingdom,Europe,English-speaking,Very high human development
Q47162,Q213294,Q142,France,Europe,Catholic Europe,Very high human development
Q47243,Q492868,Q40,Austria,Europe,Catholic Europe,Very high human development
Q47243,Q1741,Q40,Austria,Europe,Catholic Europe,Very high human development
Q47243,Q1741,Q518101,,{},{},{}
Q47243,Q1741,Q28513,,{},{},{}
Q47243,Q1741,Q268970,,{},{},{}
Q47243,Q1741,Q131964,,{},{},{}
Q47243,Q1741,Q176495,,{},{},{}
Q47243,Q1741,Q7318,,{},{},{}
Q47243,Q1741,Q153136,,{},{},{}
Q47243,Q1741,Q699964,,{},{},{}
Q47243,Q1741,Q3624335,,{},{},{}
Q47243,Q1741,Q283627,,{},{},{}
Q47243,Q1741,Q47261,,{},{},{}
Q47243,Q1741,Q596239,,{},{},{}
Q47293,Q2916,Q183,Germany,Europe,Catholic Europe,Very high human development
Q47293,Q2916,Q27306,,{},{},{}
Q47293,Q2916,Q164079,,{},{},{}
Q47293,Q2916,Q706018,,{},{},{}
Q47293,Q2916,Q477035,,{},{},{}
Q47293,Q2916,Q164092,,{},{},{}
Q47293,Q2916,Q183,Germany,Europe,Catholic Europe,Very high human development
Q47484,Q90,Q142,France,Europe,Catholic Europe,Very high human development
Q47484,Q90,Q70972,,{},{},{}
Q47484,Q90,Q146246,,{},{},{}
Q47484,Q90,Q2748708,,{},{},{}
Q47484,Q90,Q142,France,Europe,Catholic Europe,Very high human development
Q47484,Q90,Q71084,,{},{},{}
Q47484,Q90,Q58296,,{},{},{}
Q47561,Q3033849,Q83286,,{},{},{}
Q47561,Q3033849,Q225,Bosnia and Herzegovina,Europe,Orthodox Europe,Very high human development
Q47561,Q3033849,Q28513,,{},{},{}
Q47561,Q3033849,Q12560,,{},{},{}
Q47619,Q761408,Q258,South Africa,Africa,Sub-Saharan Africa,High human development
Q47755,Q1781,Q28,Hungary,Europe,Catholic Europe,Very high human development
Q47755,Q1781,Q600018,,{},{},{}
Q47755,Q1781,Q16985296,,{},{},{}
Q47755,Q1781,Q243652,,{},{},{}
Q47755,Q1781,Q516160,,{},{},{}
Q47755,Q1781,Q28513,,{},{},{}
Q47755,Q1781,Q516160,,{},{},{}
Q47755,Q1781,Q940741,,{},{},{}
Q47755,Q1781,Q16410,,{},{},{}
Q48559,Q81788,Q79,Egypt,Africa,African-Islamic,High human development
Q76003,Q2966,Q183,Germany,Europe,Catholic Europe,Very high human development
Q76003,Q2966,Q713750,,{},{},{}
Q76003,Q2966,Q2415901,,{},{},{}
Q76003,Q2966,Q7318,,{},{},{}
Q76003,Q2966,Q41304,,{},{},{}
Q76003,Q2966,Q43287,,{},{},{}
Q76003,Q2966,Q186320,,{},{},{}
Q76003,Q2966,Q637238,,{},{},{}
Q76003,Q2966,Q22880,,{},{},{}
Q76003,Q2966,Q703265,,{},{},{}
Q76003,Q2966,Q22880,,{},{},{}
Q76003,Q2966,Q690821,,{},{},{}
Q76189,Q3130,Q408,Australia,Australia,English-speaking,Very high human development
Q76258,Q1726,Q183,Germany,Europe,Catholic Europe,Very high human development
Q76258,Q1726,Q713750,,{},{},{}
Q76258,Q1726,Q2415901,,{},{},{}
Q76258,Q1726,Q7318,,{},{},{}
Q76258,Q1726,Q41304,,{},{},{}
Q76258,Q1726,Q43287,,{},{},{}
Q76258,Q1726,Q154195,,{},{},{}
Q76258,Q1726,Q256961,,{},{},{}
Q76258,Q1726,Q47261,,{},{},{}
Q76370,Q82724,Q183,Germany,Europe,Catholic Europe,Very high human development
Q76370,Q82724,Q43287,,{},{},{}
Q76409,Q490058,Q183,Germany,Europe,Catholic Europe,Very high human development
Q76409,Q490058,Q713750,,{},{},{}
Q76409,Q490058,Q41304,,{},{},{}
Q76409,Q490058,Q7318,,{},{},{}
Q76409,Q490058,Q142,France,Europe,Catholic Europe,Very high human development
Q76480,Q2843,Q183,Germany,Europe,Catholic Europe,Very high human development
Q76480,Q2843,Q12548,,{},{},{}
Q76483,Q1085,Q213,Czech Republic,Europe,Orthodox Europe,{}
Q76483,Q1085,Q33946,,{},{},{}
Q76483,Q1085,Q28513,,{},{},{}
Q76483,Q1085,Q131964,,{},{},{}
Q76483,Q1085,Q42585,,{},{},{}
Q76483,Q1085,Q2162698,,{},{},{}
Q76483,Q1085,Q33946,,{},{},{}
Q76483,Q1085,Q152750,,{},{},{}
Q76483,Q1085,Q39193,,{},{},{}
Q76483,Q1085,Q12548,,{},{},{}
Q76487,Q64,Q148499,,{},{},{}
Q76487,Q64,Q157367,,{},{},{}
Q76487,Q64,Q27306,,{},{},{}
Q76487,Q64,Q150981,,{},{},{}
Q76487,Q64,Q43287,,{},{},{}
Q76487,Q64,Q41304,,{},{},{}
Q76487,Q64,Q7318,,{},{},{}
Q76487,Q64,Q55300,,{},{},{}
Q76487,Q64,Q16957,,{},{},{}
Q76487,Q64,Q183,Germany,Europe,Catholic Europe,Very high human development
Q76487,Q64,Q713750,,{},{},{}
Q76492,Q50986,Q183,Germany,Europe,Catholic Europe,Very high human development
Q76534,Q2795,Q183,Germany,Europe,Catholic Europe,Very high human development
Q76534,Q2795,Q156199,,{},{},{}
Q76539,Q4098,Q12548,,{},{},{}
Q76539,Q4098,Q34,Sweden,Europe,Protestant Europe,Very high human development
Q76539,Q4098,Q27306,,{},{},{}
Q76539,Q4098,Q43287,,{},{},{}
Q76539,Q4098,Q183,Germany,Europe,Catholic Europe,Very high human development
Q76546,Q1731,Q183,Germany,Europe,Catholic Europe,Very high human development
Q76546,Q1731,Q156199,,{},{},{}
Q76546,Q1731,Q153015,,{},{},{}
Q76546,Q1731,Q1206012,,{},{},{}
Q76546,Q1731,Q55300,,{},{},{}
Q76546,Q1731,Q16957,,{},{},{}
Q76546,Q1731,Q12548,,{},{},{}
Q76546,Q1731,Q170180,,{},{},{}
Q76546,Q1731,Q150981,,{},{},{}
Q76632,Q16085,Q183,Germany,Europe,Catholic Europe,Very high human development
Q76699,Q2112,Q183,Germany,Europe,Catholic Europe,Very high human development
Q76699,Q2112,Q1206012,,{},{},{}
Q76699,Q2112,Q713750,,{},{},{}
Q76755,Q64,Q148499,,{},{},{}
Q76755,Q64,Q157367,,{},{},{}
Q76755,Q64,Q27306,,{},{},{}
Q76755,Q64,Q150981,,{},{},{}
Q76755,Q64,Q43287,,{},{},{}
Q76755,Q64,Q41304,,{},{},{}
Q76755,Q64,Q7318,,{},{},{}
Q76755,Q64,Q55300,,{},{},{}
Q76755,Q64,Q16957,,{},{},{}
Q76755,Q64,Q183,Germany,Europe,Catholic Europe,Very high human development
Q76755,Q64,Q713750,,{},{},{}
Q76949,Q3766,Q858,Syria,Asia,African-Islamic,{}
Q76949,Q3766,Q625649,,{},{},{}
Q76949,Q3766,Q220594,,{},{},{}
Q76949,Q3766,Q2277,,{},{},{}
Q76949,Q3766,Q12544,,{},{},{}
Q76949,Q3766,Q12490507,,{},{},{}
Q76949,Q3766,Q8575586,,{},{},{}
Q76949,Q3766,Q12536,,{},{},{}
Q76949,Q3766,Q3708094,,{},{},{}
Q76949,Q3766,Q2294218,,{},{},{}
Q76949,Q3766,Q189545,,{},{},{}
Q76949,Q3766,Q180114,,{},{},{}
Q76949,Q3766,Q282428,,{},{},{}
Q76949,Q3766,Q12560,,{},{},{}
Q76949,Q3766,Q139708,,{},{},{}
Q77037,Q2079,Q156199,,{},{},{}
Q77037,Q2079,Q153015,,{},{},{}
Q77037,Q2079,Q150981,,{},{},{}
Q77037,Q2079,Q1206012,,{},{},{}
Q77037,Q2079,Q55300,,{},{},{}
Q77037,Q2079,Q16957,,{},{},{}
Q77037,Q2079,Q183,Germany,Europe,Catholic Europe,Very high human development
Q77037,Q2079,Q41304,,{},{},{}
Q77037,Q2079,Q7318,,{},{},{}
Q77079,Q495778,Q183,Germany,Europe,Catholic Europe,Very high human development
Q77087,Q1726,Q183,Germany,Europe,Catholic Europe,Very high human development
Q77087,Q1726,Q713750,,{},{},{}
Q77087,Q1726,Q2415901,,{},{},{}
Q77087,Q1726,Q7318,,{},{},{}
Q77087,Q1726,Q41304,,{},{},{}
Q77087,Q1726,Q43287,,{},{},{}
Q77087,Q1726,Q154195,,{},{},{}
Q77087,Q1726,Q256961,,{},{},{}
Q77087,Q1726,Q47261,,{},{},{}
Q77204,Q6640660,Q36,Poland,Europe,Catholic Europe,Very high human development
Q77204,Q6640660,Q183,Germany,Europe,Catholic Europe,Very high human development
Q77206,Q103892,Q36,Poland,Europe,Catholic Europe,Very high human development
Q77206,Q103892,Q183,Germany,Europe,Catholic Europe,Very high human development
Q77206,Q8063563,Q36,Poland,Europe,Catholic Europe,Very high human development
Q77208,Q105084,Q36,Poland,Europe,Catholic Europe,Very high human development
Q77208,Q105084,Q7318,,{},{},{}
Q77208,Q105084,Q41304,,{},{},{}
Q77208,Q105084,Q43287,,{},{},{}
Q77208,Q105084,Q27306,,{},{},{}
Q77208,Q105084,Q153136,,{},{},{}
Q77208,Q105084,Q42585,,{},{},{}
Q77208,Q105084,Q577867,,{},{},{}
Q77208,Q105084,Q36,Poland,Europe,Catholic Europe,Very high human development
Q77226,Q3075,Q183,Germany,Europe,Catholic Europe,Very high human development
Q77226,Q3075,Q713750,,{},{},{}
Q77226,Q3075,Q2415901,,{},{},{}
Q77226,Q3075,Q154195,,{},{},{}
Q77319,Q239266,Q225,Bosnia and Herzegovina,Europe,Orthodox Europe,Very high human development
Q77489,Q1731,Q183,Germany,Europe,Catholic Europe,Very high human development
Q77489,Q1731,Q156199,,{},{},{}
Q77489,Q1731,Q153015,,{},{},{}
Q77489,Q1731,Q1206012,,{},{},{}
Q77489,Q1731,Q55300,,{},{},{}
Q77489,Q1731,Q16957,,{},{},{}
Q77489,Q1731,Q12548,,{},{},{}
Q77489,Q1731,Q170180,,{},{},{}
Q77489,Q1731,Q150981,,{},{},{}
Q77497,Q6161475,Q36,Poland,Europe,Catholic Europe,Very high human development
Q77549,Q365,Q183,Germany,Europe,Catholic Europe,Very high human development
Q77549,Q365,Q7318,,{},{},{}
Q77549,Q365,Q41304,,{},{},{}
Q77549,Q365,Q43287,,{},{},{}
Q77549,Q365,Q27306,,{},{},{}
Q77549,Q365,Q71084,,{},{},{}
Q77549,Q365,Q12548,,{},{},{}
Q77549,Q365,Q7904317,,{},{},{}
Q77549,Q365,Q153080,,{},{},{}
Q77549,Q365,Q146246,,{},{},{}
Q77549,Q365,Q2415901,,{},{},{}
Q77549,Q365,Q713750,,{},{},{}
Q77549,Q365,Q42834,,{},{},{}
Q77549,Q365,Q2277,,{},{},{}
Q77549,Q365,Q183,Germany,Europe,Catholic Europe,Very high human development
Q77728,Q1022,Q183,Germany,Europe,Catholic Europe,Very high human development
Q77728,Q1022,Q7318,,{},{},{}
Q77728,Q1022,Q41304,,{},{},{}
Q77728,Q1022,Q43287,,{},{},{}
Q77728,Q1022,Q159631,,{},{},{}
Q77728,Q1022,Q2172530,,{},{},{}
Q77728,Q1022,Q2227570,,{},{},{}
Q77733,Q3923,Q34762,,{},{},{}
Q77733,Q3923,Q154195,,{},{},{}
Q77733,Q3923,Q1206012,,{},{},{}
Q77733,Q3923,Q183,Germany,Europe,Catholic Europe,Very high human development
Q77751,Q20076,Q183,Germany,Europe,Catholic Europe,Very high human development
Q77751,Q20076,Q16957,,{},{},{}
Q77751,Q20076,Q55300,,{},{},{}
Q77751,Q20076,Q7318,,{},{},{}
Q77751,Q20076,Q41304,,{},{},{}
Q77751,Q20076,Q43287,,{},{},{}
Q77751,Q20076,Q153015,,{},{},{}
Q77751,Q20076,Q156199,,{},{},{}
Q77751,Q20076,Q170180,,{},{},{}
Q77753,Q1715,Q183,Germany,Europe,Catholic Europe,Very high human development
Q77753,Q1715,Q713750,,{},{},{}
Q77753,Q1715,Q2415901,,{},{},{}
Q77753,Q1715,Q27306,,{},{},{}
Q77753,Q1715,Q164079,,{},{},{}
Q77753,Q1715,Q706018,,{},{},{}
Q77753,Q1715,Q153943,,{},{},{}
Q77753,Q1715,Q565812,,{},{},{}
Q77753,Q1715,Q1206012,,{},{},{}
Q78003,Q1794,Q146246,,{},{},{}
Q78003,Q1794,Q153080,,{},{},{}
Q78003,Q1794,Q12548,,{},{},{}
Q78003,Q1794,Q704312,,{},{},{}
Q78003,Q1794,Q704300,,{},{},{}
Q78003,Q1794,Q151624,,{},{},{}
Q78003,Q1794,Q27306,,{},{},{}
Q78003,Q1794,Q1206012,,{},{},{}
Q78003,Q1794,Q41304,,{},{},{}
Q78003,Q1794,Q7318,,{},{},{}
Q78003,Q1794,Q2415901,,{},{},{}
Q78003,Q1794,Q713750,,{},{},{}
Q78003,Q1794,Q183,Germany,Europe,Catholic Europe,Very high human development
Q78386,Q225334,Q183,Germany,Europe,Catholic Europe,Very high human development
Q78487,Q41753,Q40,Austria,Europe,Catholic Europe,Very high human development
Q78491,Q1741,Q40,Austria,Europe,Catholic Europe,Very high human development
Q78491,Q1741,Q518101,,{},{},{}
Q78491,Q1741,Q28513,,{},{},{}
Q78491,Q1741,Q268970,,{},{},{}
Q78491,Q1741,Q131964,,{},{},{}
Q78491,Q1741,Q176495,,{},{},{}
Q78491,Q1741,Q7318,,{},{},{}
Q78491,Q1741,Q153136,,{},{},{}
Q78491,Q1741,Q699964,,{},{},{}
Q78491,Q1741,Q3624335,,{},{},{}
Q78491,Q1741,Q283627,,{},{},{}
Q78491,Q1741,Q47261,,{},{},{}
Q78491,Q1741,Q596239,,{},{},{}
Q78494,Q1781,Q28,Hungary,Europe,Catholic Europe,Very high human development
Q78494,Q1781,Q600018,,{},{},{}
Q78494,Q1781,Q16985296,,{},{},{}
Q78494,Q1781,Q243652,,{},{},{}
Q78494,Q1781,Q516160,,{},{},{}
Q78494,Q1781,Q28513,,{},{},{}
Q78494,Q1781,Q516160,,{},{},{}
Q78494,Q1781,Q940741,,{},{},{}
Q78494,Q1781,Q16410,,{},{},{}
Q78511,Q1741,Q40,Austria,Europe,Catholic Europe,Very high human development
Q78511,Q1741,Q518101,,{},{},{}
Q78511,Q1741,Q28513,,{},{},{}
Q78511,Q1741,Q268970,,{},{},{}
Q78511,Q1741,Q131964,,{},{},{}
Q78511,Q1741,Q176495,,{},{},{}
Q78511,Q1741,Q7318,,{},{},{}
Q78511,Q1741,Q153136,,{},{},{}
Q78511,Q1741,Q699964,,{},{},{}
Q78511,Q1741,Q3624335,,{},{},{}
Q78511,Q1741,Q283627,,{},{},{}
Q78511,Q1741,Q47261,,{},{},{}
Q78511,Q1741,Q596239,,{},{},{}
Q78644,Q865586,Q1045,Somalia,Africa,Sub-Saharan Africa,Low human development
Q79025,Q23436,Q145,United Kingdom,Europe,English-speaking,Very high human development
Q79025,Q23436,Q174193,,{},{},{}
Q79025,Q23436,Q161885,,{},{},{}
Q79025,Q23436,Q230791,,{},{},{}
Q79089,Q681775,Q40,Austria,Europe,Catholic Europe,Very high human development
Q79153,Q12046374,Q213,Czech Republic,Europe,Orthodox Europe,{}
Q79153,Q1023824,Q213,Czech Republic,Europe,Orthodox Europe,{}
Q79904,Q60,Q30,United States,North America,English-speaking,Very high human development
Q80064,Q160173,Q219,Bulgaria,Europe,{},Very high human development
Q80064,Q160173,Q121932,,{},{},{}
Q80064,Q160173,Q147909,,{},{},{}
Q80064,Q160173,Q815731,,{},{},{}
Q80064,Q160173,Q12560,,{},{},{}
Q80095,Q8081696,Q17,Japan,Asia,West & South Asia,Very high human development
Q80137,Q2406502,Q145,United Kingdom,Europe,English-speaking,Very high human development
Q80137,Q17534538,Q145,United Kingdom,Europe,English-speaking,Very high human development
Q80321,Q1764,Q189,Iceland,Europe,Protestant Europe,Very high human development
Q80596,Q60,Q30,United States,North America,English-speaking,Very high human development
Q80889,Q204957,Q35,Denmark,Europe,Protestant Europe,Very high human development
Q80900,Q2485801,Q30,United States,North America,English-speaking,Very high human development
Q81071,Q28271,Q30,United States,North America,English-speaking,Very high human development
Q81438,Q3461211,Q30,United States,North America,English-speaking,Very high human development
Q81438,Q18438,Q30,United States,North America,English-speaking,Very high human development
Q81447,Q909146,Q145,United Kingdom,Europe,English-speaking,Very high human development
Q81447,Q909146,Q174193,,{},{},{}
Q81685,Q1479,Q142,France,Europe,Catholic Europe,Very high human development
Q81731,Q751907,Q132869361,,{},{},{}
Q81796,Q1011603,Q145,United Kingdom,Europe,English-speaking,Very high human development
Q82006,Q84,Q2277,,{},{},{}
Q82006,Q84,Q110888,,{},{},{}
Q82006,Q84,Q105092,,{},{},{}
Q82006,Q84,Q105313,,{},{},{}
Q82006,Q84,Q179876,,{},{},{}
Q82006,Q84,Q161885,,{},{},{}
Q82006,Q84,Q174193,,{},{},{}
Q82006,Q84,Q145,United Kingdom,Europe,English-speaking,Very high human development
Q82032,Q39121,Q145,United Kingdom,Europe,English-speaking,Very high human development
Q82075,Q34217,Q145,United Kingdom,Europe,English-speaking,Very high human development
Q82075,Q34217,Q174193,,{},{},{}
Q82075,Q34217,Q161885,,{},{},{}
Q82075,Q34217,Q179876,,{},{},{}
Q82104,Q124184,Q145,United Kingdom,Europe,English-speaking,Very high human development
Q82217,Q944044,Q30,United States,North America,English-speaking,Very high human development
Q82248,Q2321706,Q145,United Kingdom,Europe,English-speaking,Very high human development
Q82248,Q84,Q2277,,{},{},{}
Q82248,Q84,Q110888,,{},{},{}
Q82248,Q84,Q105092,,{},{},{}
Q82248,Q84,Q105313,,{},{},{}
Q82248,Q84,Q179876,,{},{},{}
Q82248,Q84,Q161885,,{},{},{}
Q82248,Q84,Q174193,,{},{},{}
Q82248,Q84,Q145,United Kingdom,Europe,English-speaking,Very high human development
Q82349,Q829,Q30,United States,North America,English-speaking,Very high human development
Q82925,Q4455727,Q212,Ukraine,Europe,Orthodox Europe,High human development
Q82925,Q158799,Q212,Ukraine,Europe,Orthodox Europe,High human development
Q82925,Q158799,Q34266,,{},{},{}
Q83059,Q1474128,Q16,Canada,North America,English-speaking,Very high human development
Q83158,Q463951,Q142,France,Europe,Catholic Europe,Very high human development
Q83321,Q641,Q38,Italy,Europe,Catholic Europe,Very high human development
Q83321,Q641,Q131964,,{},{},{}
Q83321,Q641,Q223936,,{},{},{}
Q83321,Q641,Q131964,,{},{},{}
Q83321,Q641,Q153136,,{},{},{}
Q83321,Q641,Q142,France,Europe,Catholic Europe,Very high human development
Q83321,Q641,Q4948,,{},{},{}
Q83566,Q2868,Q419,Peru,South America,Latin America,High human development
Q84011,Q1773,Q211,Latvia,Europe,Catholic Europe,Very high human development
Q84011,Q1773,Q15180,,{},{},{}
Q84011,Q1773,Q156031,,{},{},{}
Q84011,Q1773,Q15180,,{},{},{}
Q84011,Q1773,Q2369784,,{},{},{}
Q84011,Q1773,Q376778,,{},{},{}
Q84011,Q1773,Q2305208,,{},{},{}
Q84011,Q1773,Q139319,,{},{},{}
Q84011,Q1773,Q34266,,{},{},{}
Q84011,Q1773,Q186096,,{},{},{}
Q84011,Q1773,Q215443,,{},{},{}
Q84011,Q1773,Q172107,,{},{},{}
Q84011,Q1773,Q12548,,{},{},{}
Q84011,Q1773,Q2458532,,{},{},{}
Q85361,Q56037,Q16957,,{},{},{}
Q85463,Q34713,Q40,Austria,Europe,Catholic Europe,Very high human development
Q85463,Q34713,Q131964,,{},{},{}
Q85463,Q34713,Q154195,,{},{},{}
Q85463,Q34713,Q131964,,{},{},{}
Q85463,Q34713,Q28513,,{},{},{}
Q85463,Q34713,Q518101,,{},{},{}
Q85463,Q34713,Q176495,,{},{},{}
Q85463,Q34713,Q7318,,{},{},{}
Q85590,Q1085,Q213,Czech Republic,Europe,Orthodox Europe,{}
Q85590,Q1085,Q33946,,{},{},{}
Q85590,Q1085,Q28513,,{},{},{}
Q85590,Q1085,Q131964,,{},{},{}
Q85590,Q1085,Q42585,,{},{},{}
Q85590,Q1085,Q2162698,,{},{},{}
Q85590,Q1085,Q33946,,{},{},{}
Q85590,Q1085,Q152750,,{},{},{}
Q85590,Q1085,Q39193,,{},{},{}
Q85590,Q1085,Q12548,,{},{},{}
Q85756,Q1799,Q577867,,{},{},{}
Q85756,Q1799,Q568638,,{},{},{}
Q85756,Q1799,Q325725,,{},{},{}
Q85756,Q1799,Q42585,,{},{},{}
Q85756,Q1799,Q171150,,{},{},{}
Q85756,Q1799,Q686971,,{},{},{}
Q85756,Q1799,Q27306,,{},{},{}
Q85756,Q1799,Q1206012,,{},{},{}
Q85756,Q1799,Q211274,,{},{},{}
Q85756,Q1799,Q36,Poland,Europe,Catholic Europe,Very high human development
Q86232,Q1741,Q40,Austria,Europe,Catholic Europe,Very high human development
Q86232,Q1741,Q518101,,{},{},{}
Q86232,Q1741,Q28513,,{},{},{}
Q86232,Q1741,Q268970,,{},{},{}
Q86232,Q1741,Q131964,,{},{},{}
Q86232,Q1741,Q176495,,{},{},{}
Q86232,Q1741,Q7318,,{},{},{}
Q86232,Q1741,Q153136,,{},{},{}
Q86232,Q1741,Q699964,,{},{},{}
Q86232,Q1741,Q3624335,,{},{},{}
Q86232,Q1741,Q283627,,{},{},{}
Q86232,Q1741,Q47261,,{},{},{}
Q86232,Q1741,Q596239,,{},{},{}
Q86407,Q1794,Q146246,,{},{},{}
Q86407,Q1794,Q153080,,{},{},{}
Q86407,Q1794,Q12548,,{},{},{}
Q86407,Q1794,Q704312,,{},{},{}
Q86407,Q1794,Q704300,,{},{},{}
Q86407,Q1794,Q151624,,{},{},{}
Q86407,Q1794,Q27306,,{},{},{}
Q86407,Q1794,Q1206012,,{},{},{}
Q86407,Q1794,Q41304,,{},{},{}
Q86407,Q1794,Q7318,,{},{},{}
Q86407,Q1794,Q2415901,,{},{},{}
Q86407,Q1794,Q713750,,{},{},{}
Q86407,Q1794,Q183,Germany,Europe,Catholic Europe,Very high human development
Q86487,Q1741,Q40,Austria,Europe,Catholic Europe,Very high human development
Q86487,Q1741,Q518101,,{},{},{}
Q86487,Q1741,Q28513,,{},{},{}
Q86487,Q1741,Q268970,,{},{},{}
Q86487,Q1741,Q131964,,{},{},{}
Q86487,Q1741,Q176495,,{},{},{}
Q86487,Q1741,Q7318,,{},{},{}
Q86487,Q1741,Q153136,,{},{},{}
Q86487,Q1741,Q699964,,{},{},{}
Q86487,Q1741,Q3624335,,{},{},{}
Q86487,Q1741,Q283627,,{},{},{}
Q86487,Q1741,Q47261,,{},{},{}
Q86487,Q1741,Q596239,,{},{},{}
Q86983,Q470445,Q213,Czech Republic,Europe,Orthodox Europe,{}
Q86994,Q56037,Q16957,,{},{},{}
Q87120,Q47164,Q30,United States,North America,English-speaking,Very high human development
Q87487,Q876179,Q183,Germany,Europe,Catholic Europe,Very high human development
Q87487,Q8762,Q183,Germany,Europe,Catholic Europe,Very high human development
Q88252,Q1085,Q213,Czech Republic,Europe,Orthodox Europe,{}
Q88252,Q1085,Q33946,,{},{},{}
Q88252,Q1085,Q28513,,{},{},{}
Q88252,Q1085,Q131964,,{},{},{}
Q88252,Q1085,Q42585,,{},{},{}
Q88252,Q1085,Q2162698,,{},{},{}
Q88252,Q1085,Q33946,,{},{},{}
Q88252,Q1085,Q152750,,{},{},{}
Q88252,Q1085,Q39193,,{},{},{}
Q88252,Q1085,Q12548,,{},{},{}
Q88984,Q486450,Q40,Austria,Europe,Catholic Europe,Very high human development
Q88984,Q486450,Q28513,,{},{},{}
Q88984,Q486450,Q131964,,{},{},{}
Q89261,Q1741,Q40,Austria,Europe,Catholic Europe,Very high human development
Q89261,Q1741,Q518101,,{},{},{}
Q89261,Q1741,Q28513,,{},{},{}
Q89261,Q1741,Q268970,,{},{},{}
Q89261,Q1741,Q131964,,{},{},{}
Q89261,Q1741,Q176495,,{},{},{}
Q89261,Q1741,Q7318,,{},{},{}
Q89261,Q1741,Q153136,,{},{},{}
Q89261,Q1741,Q699964,,{},{},{}
Q89261,Q1741,Q3624335,,{},{},{}
Q89261,Q1741,Q283627,,{},{},{}
Q89261,Q1741,Q47261,,{},{},{}
Q89261,Q1741,Q596239,,{},{},{}
Q89265,Q1741,Q40,Austria,Europe,Catholic Europe,Very high human development
Q89265,Q1741,Q518101,,{},{},{}
Q89265,Q1741,Q28513,,{},{},{}
Q89265,Q1741,Q268970,,{},{},{}
Q89265,Q1741,Q131964,,{},{},{}
Q89265,Q1741,Q176495,,{},{},{}
Q89265,Q1741,Q7318,,{},{},{}
Q89265,Q1741,Q153136,,{},{},{}
Q89265,Q1741,Q699964,,{},{},{}
Q89265,Q1741,Q3624335,,{},{},{}
Q89265,Q1741,Q283627,,{},{},{}
Q89265,Q1741,Q47261,,{},{},{}
Q89265,Q1741,Q596239,,{},{},{}
Q89560,Q1741,Q40,Austria,Europe,Catholic Europe,Very high human development
Q89560,Q1741,Q518101,,{},{},{}
Q89560,Q1741,Q28513,,{},{},{}
Q89560,Q1741,Q268970,,{},{},{}
Q89560,Q1741,Q131964,,{},{},{}
Q89560,Q1741,Q176495,,{},{},{}
Q89560,Q1741,Q7318,,{},{},{}
Q89560,Q1741,Q153136,,{},{},{}
Q89560,Q1741,Q699964,,{},{},{}
Q89560,Q1741,Q3624335,,{},{},{}
Q89560,Q1741,Q283627,,{},{},{}
Q89560,Q1741,Q47261,,{},{},{}
Q89560,Q1741,Q596239,,{},{},{}
Q89891,Q34404,Q30,United States,North America,English-speaking,Very high human development
Q89992,Q5671,Q159,Russia,Europe,Orthodox Europe,{}
Q89992,Q5671,Q15180,,{},{},{}
Q90009,Q1741,Q40,Austria,Europe,Catholic Europe,Very high human development
Q90009,Q1741,Q518101,,{},{},{}
Q90009,Q1741,Q28513,,{},{},{}
Q90009,Q1741,Q268970,,{},{},{}
Q90009,Q1741,Q131964,,{},{},{}
Q90009,Q1741,Q176495,,{},{},{}
Q90009,Q1741,Q7318,,{},{},{}
Q90009,Q1741,Q153136,,{},{},{}
Q90009,Q1741,Q699964,,{},{},{}
Q90009,Q1741,Q3624335,,{},{},{}
Q90009,Q1741,Q283627,,{},{},{}
Q90009,Q1741,Q47261,,{},{},{}
Q90009,Q1741,Q596239,,{},{},{}
Q90217,Q259086,Q40,Austria,Europe,Catholic Europe,Very high human development
Q90238,Q72259,Q145,United Kingdom,Europe,English-speaking,Very high human development
Q90238,Q72259,Q174193,,{},{},{}
Q90238,Q72259,Q161885,,{},{},{}
Q90238,Q72259,Q179876,,{},{},{}
Q90459,Q7033,Q183,Germany,Europe,Catholic Europe,Very high human development
Q90929,Q3806,Q183,Germany,Europe,Catholic Europe,Very high human development
Q91059,Q1794,Q146246,,{},{},{}
Q91059,Q1794,Q153080,,{},{},{}
Q91059,Q1794,Q12548,,{},{},{}
Q91059,Q1794,Q704312,,{},{},{}
Q91059,Q1794,Q704300,,{},{},{}
Q91059,Q1794,Q151624,,{},{},{}
Q91059,Q1794,Q27306,,{},{},{}
Q91059,Q1794,Q1206012,,{},{},{}
Q91059,Q1794,Q41304,,{},{},{}
Q91059,Q1794,Q7318,,{},{},{}
Q91059,Q1794,Q2415901,,{},{},{}
Q91059,Q1794,Q713750,,{},{},{}
Q91059,Q1794,Q183,Germany,Europe,Catholic Europe,Very high human development
Q91288,Q555053,Q36,Poland,Europe,Catholic Europe,Very high human development
Q91589,Q14819,Q183,Germany,Europe,Catholic Europe,Very high human development
Q91589,Q14819,Q16957,,{},{},{}
Q92129,Q1726,Q183,Germany,Europe,Catholic Europe,Very high human development
Q92129,Q1726,Q713750,,{},{},{}
Q92129,Q1726,Q2415901,,{},{},{}
Q92129,Q1726,Q7318,,{},{},{}
Q92129,Q1726,Q41304,,{},{},{}
Q92129,Q1726,Q43287,,{},{},{}
Q92129,Q1726,Q154195,,{},{},{}
Q92129,Q1726,Q256961,,{},{},{}
Q92129,Q1726,Q47261,,{},{},{}
Q92162,Q46849,Q183,Germany,Europe,Catholic Europe,Very high human development
Q92162,Q157462,Q183,Germany,Europe,Catholic Europe,Very high human development
Q92162,Q157462,Q561204,,{},{},{}
Q92562,Q230127,Q142,France,Europe,Catholic Europe,Very high human development
Q92775,Q34217,Q145,United Kingdom,Europe,English-speaking,Very high human development
Q92775,Q34217,Q174193,,{},{},{}
Q92775,Q34217,Q161885,,{},{},{}
Q92775,Q34217,Q179876,,{},{},{}
Q92849,Q43668,Q30,United States,North America,English-speaking,Very high human development
Q93166,Q14960,Q213,Czech Republic,Europe,Orthodox Europe,{}
Q93166,Q14960,Q33946,,{},{},{}
Q93166,Q14960,Q152750,,{},{},{}
Q93166,Q14960,Q33946,,{},{},{}
Q93166,Q14960,Q28513,,{},{},{}
Q93166,Q14960,Q131964,,{},{},{}
Q93166,Q14960,Q153136,,{},{},{}
Q93166,Q14960,Q686971,,{},{},{}
Q93166,Q599929,Q213,Czech Republic,Europe,Orthodox Europe,{}
Q93166,Q14960,Q213,Czech Republic,Europe,Orthodox Europe,{}
Q93166,Q14960,Q33946,,{},{},{}
Q93166,Q14960,Q152750,,{},{},{}
Q93166,Q14960,Q33946,,{},{},{}
Q93166,Q14960,Q28513,,{},{},{}
Q93166,Q14960,Q131964,,{},{},{}
Q93166,Q14960,Q153136,,{},{},{}
Q93166,Q14960,Q686971,,{},{},{}
Q49001,Q60,Q30,United States,North America,English-speaking,Very high human development
Q49017,Q34217,Q145,United Kingdom,Europe,English-speaking,Very high human development
Q49017,Q34217,Q174193,,{},{},{}
Q49017,Q34217,Q161885,,{},{},{}
Q49017,Q34217,Q179876,,{},{},{}
Q49017,Q2404781,Q145,United Kingdom,Europe,English-speaking,Very high human development
Q49061,Q38453,Q30,United States,North America,English-speaking,Very high human development
Q49065,Q100,Q30,United States,North America,English-speaking,Very high human development
Q49065,Q100,Q2079909,,{},{},{}
Q49065,Q100,Q1191350,,{},{},{}
Q49072,Q18426,Q30,United States,North America,English-speaking,Very high human development
Q49478,Q90,Q142,France,Europe,Catholic Europe,Very high human development
Q49478,Q90,Q70972,,{},{},{}
Q49478,Q90,Q146246,,{},{},{}
Q49478,Q90,Q2748708,,{},{},{}
Q49478,Q90,Q142,France,Europe,Catholic Europe,Very high human development
Q49478,Q90,Q71084,,{},{},{}
Q49478,Q90,Q58296,,{},{},{}
Q49637,Q90,Q142,France,Europe,Catholic Europe,Very high human development
Q49637,Q90,Q70972,,{},{},{}
Q49637,Q90,Q146246,,{},{},{}
Q49637,Q90,Q2748708,,{},{},{}
Q49637,Q90,Q142,France,Europe,Catholic Europe,Very high human development
Q49637,Q90,Q71084,,{},{},{}
Q49637,Q90,Q58296,,{},{},{}
Q49767,Q163108,Q142,France,Europe,Catholic Europe,Very high human development
Q50038,Q7473516,Q17,Japan,Asia,West & South Asia,Very high human development
Q50713,Q200126,Q142,France,Europe,Catholic Europe,Very high human development
Q50764,Q157713,Q142,France,Europe,Catholic Europe,Very high human development
Q51107,Q288,Q142,France,Europe,Catholic Europe,Very high human development
Q51107,Q288,Q46370,,{},{},{}
Q51107,Q288,Q146246,,{},{},{}
Q51513,Q1741,Q40,Austria,Europe,Catholic Europe,Very high human development
Q51513,Q1741,Q518101,,{},{},{}
Q51513,Q1741,Q28513,,{},{},{}
Q51513,Q1741,Q268970,,{},{},{}
Q51513,Q1741,Q131964,,{},{},{}
Q51513,Q1741,Q176495,,{},{},{}
Q51513,Q1741,Q7318,,{},{},{}
Q51513,Q1741,Q153136,,{},{},{}
Q51513,Q1741,Q699964,,{},{},{}
Q51513,Q1741,Q3624335,,{},{},{}
Q51513,Q1741,Q283627,,{},{},{}
Q51513,Q1741,Q47261,,{},{},{}
Q51513,Q1741,Q596239,,{},{},{}
Q52045,Q715,Q183,Germany,Europe,Catholic Europe,Very high human development
Q52045,Q715,Q159631,,{},{},{}
Q52045,Q715,Q2172530,,{},{},{}
Q52045,Q715,Q12548,,{},{},{}
Q52045,Q715,Q1206012,,{},{},{}
Q52255,Q1761,Q174193,,{},{},{}
Q52255,Q1761,Q215530,,{},{},{}
Q52255,Q1761,Q27,Ireland,Europe,English-speaking,Very high human development
Q52255,Q1761,Q31747,,{},{},{}
Q52255,Q1761,Q844250,,{},{},{}
Q53672,Q23240,Q145,United Kingdom,Europe,English-speaking,Very high human development
Q53672,Q990775,Q145,United Kingdom,Europe,English-speaking,Very high human development
Q54543,Q49220,Q30,United States,North America,English-speaking,Very high human development
Q54545,Q1085,Q213,Czech Republic,Europe,Orthodox Europe,{}
Q54545,Q1085,Q33946,,{},{},{}
Q54545,Q1085,Q28513,,{},{},{}
Q54545,Q1085,Q131964,,{},{},{}
Q54545,Q1085,Q42585,,{},{},{}
Q54545,Q1085,Q2162698,,{},{},{}
Q54545,Q1085,Q33946,,{},{},{}
Q54545,Q1085,Q152750,,{},{},{}
Q54545,Q1085,Q39193,,{},{},{}
Q54545,Q1085,Q12548,,{},{},{}
Q55211,Q3616,Q794,Iran,Asia,African-Islamic,{}
Q55428,Q190002,Q27,Ireland,Europe,English-speaking,Very high human development
Q55767,Q10715638,Q34,Sweden,Europe,Protestant Europe,Very high human development
Q55773,Q1191,Q668,India,Asia,Indosphere,Medium human development
Q55993,Q11615368,Q17,Japan,Asia,West & South Asia,Very high human development
Q57236,Q1794,Q146246,,{},{},{}
Q57236,Q1794,Q153080,,{},{},{}
Q57236,Q1794,Q12548,,{},{},{}
Q57236,Q1794,Q704312,,{},{},{}
Q57236,Q1794,Q704300,,{},{},{}
Q57236,Q1794,Q151624,,{},{},{}
Q57236,Q1794,Q27306,,{},{},{}
Q57236,Q1794,Q1206012,,{},{},{}
Q57236,Q1794,Q41304,,{},{},{}
Q57236,Q1794,Q7318,,{},{},{}
Q57236,Q1794,Q2415901,,{},{},{}
Q57236,Q1794,Q713750,,{},{},{}
Q57236,Q1794,Q183,Germany,Europe,Catholic Europe,Very high human development
Q57239,Q64,Q148499,,{},{},{}
Q57239,Q64,Q157367,,{},{},{}
Q57239,Q64,Q27306,,{},{},{}
Q57239,Q64,Q150981,,{},{},{}
Q57239,Q64,Q43287,,{},{},{}
Q57239,Q64,Q41304,,{},{},{}
Q57239,Q64,Q7318,,{},{},{}
Q57239,Q64,Q55300,,{},{},{}
Q57239,Q64,Q16957,,{},{},{}
Q57239,Q64,Q183,Germany,Europe,Catholic Europe,Very high human development
Q57239,Q64,Q713750,,{},{},{}
Q57277,Q565732,Q183,Germany,Europe,Catholic Europe,Very high human development
Q57307,Q883579,Q183,Germany,Europe,Catholic Europe,Very high human development
Q57382,Q104731,Q36,Poland,Europe,Catholic Europe,Very high human development
Q57382,Q104731,Q27306,,{},{},{}
Q57382,Q104731,Q43287,,{},{},{}
Q57382,Q104731,Q41304,,{},{},{}
Q57382,Q104731,Q7318,,{},{},{}
Q57382,Q104731,Q157367,,{},{},{}
Q57382,Q104731,Q148499,,{},{},{}
Q57382,Q104731,Q156020,,{},{},{}
Q57382,Q104731,Q686971,,{},{},{}
Q57382,Q104731,Q148499,,{},{},{}
Q57382,Q104731,Q1900717,,{},{},{}
Q57387,Q522272,Q183,Germany,Europe,Catholic Europe,Very high human development
Q57389,Q393,Q27306,,{},{},{}
Q57389,Q393,Q161036,,{},{},{}
Q57389,Q393,Q36,Poland,Europe,Catholic Europe,Very high human development
Q57389,Q393,Q215443,,{},{},{}
Q57389,Q393,Q696640,,{},{},{}
Q57393,Q1720,Q183,Germany,Europe,Catholic Europe,Very high human development
Q57393,Q1720,Q7318,,{},{},{}
Q57393,Q1720,Q41304,,{},{},{}
Q57393,Q1720,Q43287,,{},{},{}
Q57393,Q1720,Q20135,,{},{},{}
Q57393,Q1720,Q142,France,Europe,Catholic Europe,Very high human development
Q57393,Q1720,Q27306,,{},{},{}
Q57393,Q1720,Q706691,,{},{},{}
Q57393,Q1720,Q284667,,{},{},{}
Q57393,Q1720,Q12548,,{},{},{}
Q57393,Q1720,Q284667,,{},{},{}
Q57477,Q1726,Q183,Germany,Europe,Catholic Europe,Very high human development
Q57477,Q1726,Q713750,,{},{},{}
Q57477,Q1726,Q2415901,,{},{},{}
Q57477,Q1726,Q7318,,{},{},{}
Q57477,Q1726,Q41304,,{},{},{}
Q57477,Q1726,Q43287,,{},{},{}
Q57477,Q1726,Q154195,,{},{},{}
Q57477,Q1726,Q256961,,{},{},{}
Q57477,Q1726,Q47261,,{},{},{}
Q57629,Q2242466,Q183,Germany,Europe,Catholic Europe,Very high human development
Q57629,Q3967,Q183,Germany,Europe,Catholic Europe,Very high human development
Q58057,Q1726,Q183,Germany,Europe,Catholic Europe,Very high human development
Q58057,Q1726,Q713750,,{},{},{}
Q58057,Q1726,Q2415901,,{},{},{}
Q58057,Q1726,Q7318,,{},{},{}
Q58057,Q1726,Q41304,,{},{},{}
Q58057,Q1726,Q43287,,{},{},{}
Q58057,Q1726,Q154195,,{},{},{}
Q58057,Q1726,Q256961,,{},{},{}
Q58057,Q1726,Q47261,,{},{},{}
Q58612,Q2999,Q183,Germany,Europe,Catholic Europe,Very high human development
Q58612,Q2999,Q713750,,{},{},{}
Q58612,Q2999,Q21041975,,{},{},{}
Q58811,Q79322,Q36,Poland,Europe,Catholic Europe,Very high human development
Q58811,Q79322,Q183,Germany,Europe,Catholic Europe,Very high human development
Q58811,Q79322,Q27306,,{},{},{}
Q58836,Q1799,Q577867,,{},{},{}
Q58836,Q1799,Q568638,,{},{},{}
Q58836,Q1799,Q325725,,{},{},{}
Q58836,Q1799,Q42585,,{},{},{}
Q58836,Q1799,Q171150,,{},{},{}
Q58836,Q1799,Q686971,,{},{},{}
Q58836,Q1799,Q27306,,{},{},{}
Q58836,Q1799,Q1206012,,{},{},{}
Q58836,Q1799,Q211274,,{},{},{}
Q58836,Q1799,Q36,Poland,Europe,Catholic Europe,Very high human development
Q59076,Q84509943,Q142,France,Europe,Catholic Europe,Very high human development
Q59152,Q54066,Q30,United States,North America,English-speaking,Very high human development
Q59441,Q65,Q30,United States,North America,English-speaking,Very high human development
Q59896,Q84,Q2277,,{},{},{}
Q59896,Q84,Q110888,,{},{},{}
Q59896,Q84,Q105092,,{},{},{}
Q59896,Q84,Q105313,,{},{},{}
Q59896,Q84,Q179876,,{},{},{}
Q59896,Q84,Q161885,,{},{},{}
Q59896,Q84,Q174193,,{},{},{}
Q59896,Q84,Q145,United Kingdom,Europe,English-speaking,Very high human development
Q60369,Q3075,Q183,Germany,Europe,Catholic Europe,Very high human development
Q60369,Q3075,Q713750,,{},{},{}
Q60369,Q3075,Q2415901,,{},{},{}
Q60369,Q3075,Q154195,,{},{},{}
Q60647,Q58757,Q183,Germany,Europe,Catholic Europe,Very high human development
Q60753,Q365,Q183,Germany,Europe,Catholic Europe,Very high human development
Q60753,Q365,Q7318,,{},{},{}
Q60753,Q365,Q41304,,{},{},{}
Q60753,Q365,Q43287,,{},{},{}
Q60753,Q365,Q27306,,{},{},{}
Q60753,Q365,Q71084,,{},{},{}
Q60753,Q365,Q12548,,{},{},{}
Q60753,Q365,Q7904317,,{},{},{}
Q60753,Q365,Q153080,,{},{},{}
Q60753,Q365,Q146246,,{},{},{}
Q60753,Q365,Q2415901,,{},{},{}
Q60753,Q365,Q713750,,{},{},{}
Q60753,Q365,Q42834,,{},{},{}
Q60753,Q365,Q2277,,{},{},{}
Q60753,Q365,Q183,Germany,Europe,Catholic Europe,Very high human development
Q60785,Q2773,Q183,Germany,Europe,Catholic Europe,Very high human development
Q60785,Q2773,Q713750,,{},{},{}
Q60785,Q2773,Q2415901,,{},{},{}
Q60785,Q2773,Q7318,,{},{},{}
Q60785,Q2773,Q41304,,{},{},{}
Q60785,Q2773,Q43287,,{},{},{}
Q60785,Q2773,Q151624,,{},{},{}
Q60785,Q2773,Q830084,,{},{},{}
Q60785,Q2773,Q153943,,{},{},{}
Q60785,Q2773,Q830084,,{},{},{}
Q60851,Q1726,Q183,Germany,Europe,Catholic Europe,Very high human development
Q60851,Q1726,Q713750,,{},{},{}
Q60851,Q1726,Q2415901,,{},{},{}
Q60851,Q1726,Q7318,,{},{},{}
Q60851,Q1726,Q41304,,{},{},{}
Q60851,Q1726,Q43287,,{},{},{}
Q60851,Q1726,Q154195,,{},{},{}
Q60851,Q1726,Q256961,,{},{},{}
Q60851,Q1726,Q47261,,{},{},{}
Q60953,Q268,Q36,Poland,Europe,Catholic Europe,Very high human development
Q60953,Q268,Q27306,,{},{},{}
Q60955,Q15986,Q183,Germany,Europe,Catholic Europe,Very high human development
Q61198,Q652078,Q145,United Kingdom,Europe,English-speaking,Very high human development
Q61220,Q365,Q183,Germany,Europe,Catholic Europe,Very high human development
Q61220,Q365,Q7318,,{},{},{}
Q61220,Q365,Q41304,,{},{},{}
Q61220,Q365,Q43287,,{},{},{}
Q61220,Q365,Q27306,,{},{},{}
Q61220,Q365,Q71084,,{},{},{}
Q61220,Q365,Q12548,,{},{},{}
Q61220,Q365,Q7904317,,{},{},{}
Q61220,Q365,Q153080,,{},{},{}
Q61220,Q365,Q146246,,{},{},{}
Q61220,Q365,Q2415901,,{},{},{}
Q61220,Q365,Q713750,,{},{},{}
Q61220,Q365,Q42834,,{},{},{}
Q61220,Q365,Q2277,,{},{},{}
Q61220,Q365,Q183,Germany,Europe,Catholic Europe,Very high human development
Q61522,Q3130,Q408,Australia,Australia,English-speaking,Very high human development
Q61601,Q147934,Q36,Poland,Europe,Catholic Europe,Very high human development
Q61627,Q161887,Q36,Poland,Europe,Catholic Europe,Very high human development
Q61629,Q1055,Q12548,,{},{},{}
Q61629,Q1055,Q1055,,{},{},{}
Q61629,Q1055,Q71084,,{},{},{}
Q61629,Q1055,Q151624,,{},{},{}
Q61629,Q1055,Q150981,,{},{},{}
Q61629,Q1055,Q43287,,{},{},{}
Q61629,Q1055,Q41304,,{},{},{}
Q61629,Q1055,Q7318,,{},{},{}
Q61629,Q1055,Q2415901,,{},{},{}
Q61629,Q1055,Q713750,,{},{},{}
Q61629,Q1055,Q183,Germany,Europe,Catholic Europe,Very high human development
Q62365,Q1040,Q183,Germany,Europe,Catholic Europe,Very high human development
Q62365,Q1040,Q713750,,{},{},{}
Q62365,Q1040,Q43287,,{},{},{}
Q62365,Q1040,Q186320,,{},{},{}
Q62559,Q5057722,Q218,Romania,Europe,Catholic Europe,Very high human development
Q62753,Q64,Q148499,,{},{},{}
Q62753,Q64,Q157367,,{},{},{}
Q62753,Q64,Q27306,,{},{},{}
Q62753,Q64,Q150981,,{},{},{}
Q62753,Q64,Q43287,,{},{},{}
Q62753,Q64,Q41304,,{},{},{}
Q62753,Q64,Q7318,,{},{},{}
Q62753,Q64,Q55300,,{},{},{}
Q62753,Q64,Q16957,,{},{},{}
Q62753,Q64,Q183,Germany,Europe,Catholic Europe,Very high human development
Q62753,Q64,Q713750,,{},{},{}
Q62892,Q1731,Q183,Germany,Europe,Catholic Europe,Very high human development
Q62892,Q1731,Q156199,,{},{},{}
Q62892,Q1731,Q153015,,{},{},{}
Q62892,Q1731,Q1206012,,{},{},{}
Q62892,Q1731,Q55300,,{},{},{}
Q62892,Q1731,Q16957,,{},{},{}
Q62892,Q1731,Q12548,,{},{},{}
Q62892,Q1731,Q170180,,{},{},{}
Q62892,Q1731,Q150981,,{},{},{}
Q62950,Q490665,Q183,Germany,Europe,Catholic Europe,Very high human development
Q63011,Q8686,Q148,People's Republic of China,Asia,Confucian,{}
Q63011,Q8686,Q13426199,,{},{},{}
Q63011,Q8686,Q696242,,{},{},{}
Q63011,Q8686,Q708865,,{},{},{}
Q63011,Q8686,Q4375948,,{},{},{}
Q63011,Q8686,Q13426199,,{},{},{}
Q63011,Q8686,Q148,People's Republic of China,Asia,Confucian,{}
Q63837,Q899751,Q36,Poland,Europe,Catholic Europe,Very high human development
Q64069,Q65,Q30,United States,North America,English-speaking,Very high human development
Q64248,Q4098,Q12548,,{},{},{}
Q64248,Q4098,Q34,Sweden,Europe,Protestant Europe,Very high human development
Q64248,Q4098,Q27306,,{},{},{}
Q64248,Q4098,Q43287,,{},{},{}
Q64248,Q4098,Q183,Germany,Europe,Catholic Europe,Very high human development
Q64397,Q745120,Q30,United States,North America,English-speaking,Very high human development
Q64577,Q639241,Q36,Poland,Europe,Catholic Europe,Very high human development
Q65504,Q2092533,Q212,Ukraine,Europe,Orthodox Europe,High human development
Q65504,Q2092533,Q131964,,{},{},{}
Q65504,Q2092533,Q28513,,{},{},{}
Q66207,Q1733,Q183,Germany,Europe,Catholic Europe,Very high human development
Q66207,Q1733,Q16957,,{},{},{}
Q66207,Q1733,Q55300,,{},{},{}
Q66207,Q1733,Q2415901,,{},{},{}
Q66207,Q1733,Q7318,,{},{},{}
Q66207,Q1733,Q41304,,{},{},{}
Q66207,Q1733,Q43287,,{},{},{}
Q66207,Q1733,Q27306,,{},{},{}
Q66207,Q1733,Q153943,,{},{},{}
Q66207,Q1733,Q27306,,{},{},{}
Q66207,Q1733,Q157367,,{},{},{}
Q66207,Q1733,Q12548,,{},{},{}
Q66213,Q1731,Q183,Germany,Europe,Catholic Europe,Very high human development
Q66213,Q1731,Q156199,,{},{},{}
Q66213,Q1731,Q153015,,{},{},{}
Q66213,Q1731,Q1206012,,{},{},{}
Q66213,Q1731,Q55300,,{},{},{}
Q66213,Q1731,Q16957,,{},{},{}
Q66213,Q1731,Q12548,,{},{},{}
Q66213,Q1731,Q170180,,{},{},{}
Q66213,Q1731,Q150981,,{},{},{}
Q66248,Q2119,Q183,Germany,Europe,Catholic Europe,Very high human development
Q66248,Q2119,Q43287,,{},{},{}
Q66248,Q2119,Q2415901,,{},{},{}
Q66248,Q2119,Q713750,,{},{},{}
Q66248,Q2119,Q7318,,{},{},{}
Q66248,Q2119,Q41304,,{},{},{}
Q66248,Q2119,Q186320,,{},{},{}
Q66248,Q2119,Q154741,,{},{},{}
Q66248,Q2119,Q22880,,{},{},{}
Q66248,Q2119,Q637238,,{},{},{}
Q66426,Q518356,Q183,Germany,Europe,Catholic Europe,Very high human development
Q66950,Q16096,Q183,Germany,Europe,Catholic Europe,Very high human development
Q67423,Q501661,Q183,Germany,Europe,Catholic Europe,Very high human development
Q67423,Q501661,Q35,Denmark,Europe,Protestant Europe,Very high human development
Q67504,Q1794,Q146246,,{},{},{}
Q67504,Q1794,Q153080,,{},{},{}
Q67504,Q1794,Q12548,,{},{},{}
Q67504,Q1794,Q704312,,{},{},{}
Q67504,Q1794,Q704300,,{},{},{}
Q67504,Q1794,Q151624,,{},{},{}
Q67504,Q1794,Q27306,,{},{},{}
Q67504,Q1794,Q1206012,,{},{},{}
Q67504,Q1794,Q41304,,{},{},{}
Q67504,Q1794,Q7318,,{},{},{}
Q67504,Q1794,Q2415901,,{},{},{}
Q67504,Q1794,Q713750,,{},{},{}
Q67504,Q1794,Q183,Germany,Europe,Catholic Europe,Very high human development
Q68036,Q662479,Q183,Germany,Europe,Catholic Europe,Very high human development
Q69139,Q4062,Q183,Germany,Europe,Catholic Europe,Very high human development
Q69339,Q54140,Q30,United States,North America,English-speaking,Very high human development
Q69973,Q1726,Q183,Germany,Europe,Catholic Europe,Very high human development
Q69973,Q1726,Q713750,,{},{},{}
Q69973,Q1726,Q2415901,,{},{},{}
Q69973,Q1726,Q7318,,{},{},{}
Q69973,Q1726,Q41304,,{},{},{}
Q69973,Q1726,Q43287,,{},{},{}
Q69973,Q1726,Q154195,,{},{},{}
Q69973,Q1726,Q256961,,{},{},{}
Q69973,Q1726,Q47261,,{},{},{}
Q70988,Q1553547,Q183,Germany,Europe,Catholic Europe,Very high human development
Q70988,Q64,Q148499,,{},{},{}
Q70988,Q64,Q157367,,{},{},{}
Q70988,Q64,Q27306,,{},{},{}
Q70988,Q64,Q150981,,{},{},{}
Q70988,Q64,Q43287,,{},{},{}
Q70988,Q64,Q41304,,{},{},{}
Q70988,Q64,Q7318,,{},{},{}
Q70988,Q64,Q55300,,{},{},{}
Q70988,Q64,Q16957,,{},{},{}
Q70988,Q64,Q183,Germany,Europe,Catholic Europe,Very high human development
Q70988,Q64,Q713750,,{},{},{}
Q71309,Q3104,Q183,Germany,Europe,Catholic Europe,Very high human development
Q71309,Q3104,Q713750,,{},{},{}
Q71309,Q3104,Q1794352,,{},{},{}
Q71309,Q3104,Q12548,,{},{},{}
Q71309,Q3104,Q153080,,{},{},{}
Q71309,Q3104,Q142,France,Europe,Catholic Europe,Very high human development
Q71309,Q3104,Q27306,,{},{},{}
Q71309,Q3104,Q43287,,{},{},{}
Q71309,Q3104,Q41304,,{},{},{}
Q71309,Q3104,Q7318,,{},{},{}
Q71309,Q3104,Q2415901,,{},{},{}
Q71378,Q3616,Q794,Iran,Asia,African-Islamic,{}
Q71618,Q3955,Q183,Germany,Europe,Catholic Europe,Very high human development
Q71618,Q3955,Q155570,,{},{},{}
Q71618,Q3955,Q43287,,{},{},{}
Q71618,Q3955,Q41304,,{},{},{}
Q71618,Q3955,Q7318,,{},{},{}
Q71618,Q3955,Q315667,,{},{},{}
Q71618,Q3955,Q156199,,{},{},{}
Q71624,Q365,Q183,Germany,Europe,Catholic Europe,Very high human development
Q71624,Q365,Q7318,,{},{},{}
Q71624,Q365,Q41304,,{},{},{}
Q71624,Q365,Q43287,,{},{},{}
Q71624,Q365,Q27306,,{},{},{}
Q71624,Q365,Q71084,,{},{},{}
Q71624,Q365,Q12548,,{},{},{}
Q71624,Q365,Q7904317,,{},{},{}
Q71624,Q365,Q153080,,{},{},{}
Q71624,Q365,Q146246,,{},{},{}
Q71624,Q365,Q2415901,,{},{},{}
Q71624,Q365,Q713750,,{},{},{}
Q71624,Q365,Q42834,,{},{},{}
Q71624,Q365,Q2277,,{},{},{}
Q71624,Q365,Q183,Germany,Europe,Catholic Europe,Very high human development
Q71640,Q56037,Q16957,,{},{},{}
Q71714,Q1055,Q12548,,{},{},{}
Q71714,Q1055,Q1055,,{},{},{}
Q71714,Q1055,Q71084,,{},{},{}
Q71714,Q1055,Q151624,,{},{},{}
Q71714,Q1055,Q150981,,{},{},{}
Q71714,Q1055,Q43287,,{},{},{}
Q71714,Q1055,Q41304,,{},{},{}
Q71714,Q1055,Q7318,,{},{},{}
Q71714,Q1055,Q2415901,,{},{},{}
Q71714,Q1055,Q713750,,{},{},{}
Q71714,Q1055,Q183,Germany,Europe,Catholic Europe,Very high human development
Q72334,Q609698,Q30,United States,North America,English-speaking,Very high human development
Q72541,Q1492,Q29,Spain,Europe,Catholic Europe,Very high human development
Q72653,Q60,Q30,United States,North America,English-speaking,Very high human development
Q72705,Q162049,Q183,Germany,Europe,Catholic Europe,Very high human development
Q72705,Q162049,Q43287,,{},{},{}
Q72833,Q220,Q38,Italy,Europe,Catholic Europe,Very high human development
Q72833,Q220,Q170174,,{},{},{}
Q72833,Q220,Q3755547,,{},{},{}
Q72833,Q220,Q583038,,{},{},{}
Q72833,Q220,Q12544,,{},{},{}
Q72833,Q220,Q172579,,{},{},{}
Q72833,Q220,Q201038,,{},{},{}
Q72833,Q220,Q17167,,{},{},{}
Q72833,Q220,Q2277,,{},{},{}
Q72833,Q220,Q42834,,{},{},{}
Q72833,Q220,Q237,Vatican City,{},{},{}
Q72867,Q4093,Q145,United Kingdom,Europe,English-speaking,Very high human development
Q72867,Q4093,Q174193,,{},{},{}
Q72867,Q4093,Q161885,,{},{},{}
Q72867,Q4093,Q230791,,{},{},{}
Q72867,Q4093,Q145,United Kingdom,Europe,English-speaking,Very high human development
Q73176,Q1761,Q174193,,{},{},{}
Q73176,Q1761,Q215530,,{},{},{}
Q73176,Q1761,Q27,Ireland,Europe,English-speaking,Very high human development
Q73176,Q1761,Q31747,,{},{},{}
Q73176,Q1761,Q844250,,{},{},{}
Q73418,Q955089,Q27,Ireland,Europe,English-speaking,Very high human development
Q73506,Q1761,Q174193,,{},{},{}
Q73506,Q1761,Q215530,,{},{},{}
Q73506,Q1761,Q27,Ireland,Europe,English-speaking,Very high human development
Q73506,Q1761,Q31747,,{},{},{}
Q73506,Q1761,Q844250,,{},{},{}
Q74465,Q328649,Q183,Germany,Europe,Catholic Europe,Very high human development
Q75059,Q184154,Q142,France,Europe,Catholic Europe,Very high human development
Q75612,Q2093413,Q36,Poland,Europe,Catholic Europe,Very high human development
Q75612,Q609246,Q36,Poland,Europe,Catholic Europe,Very high human development
Q75649,Q2805,Q183,Germany,Europe,Catholic Europe,Very high human development
Q75733,Q243139,Q183,Germany,Europe,Catholic Europe,Very high human development
Q75868,Q66013,Q36,Poland,Europe,Catholic Europe,Very high human development
Q75868,Q66013,Q1206012,,{},{},{}
Q75868,Q66013,Q27306,,{},{},{}
Q75868,Q66013,Q42585,,{},{},{}
Q75868,Q66013,Q684501,,{},{},{}
Q75868,Q66013,Q684501,,{},{},{}
Q75889,Q525720,Q183,Germany,Europe,Catholic Europe,Very high human development
Q93343,Q177544,Q145,United Kingdom,Europe,English-speaking,Very high human development
Q93354,Q28848,Q30,United States,North America,English-speaking,Very high human development
Q93450,Q1085,Q213,Czech Republic,Europe,Orthodox Europe,{}
Q93450,Q1085,Q33946,,{},{},{}
Q93450,Q1085,Q28513,,{},{},{}
Q93450,Q1085,Q131964,,{},{},{}
Q93450,Q1085,Q42585,,{},{},{}
Q93450,Q1085,Q2162698,,{},{},{}
Q93450,Q1085,Q33946,,{},{},{}
Q93450,Q1085,Q152750,,{},{},{}
Q93450,Q1085,Q39193,,{},{},{}
Q93450,Q1085,Q12548,,{},{},{}
Q93514,Q1741,Q40,Austria,Europe,Catholic Europe,Very high human development
Q93514,Q1741,Q518101,,{},{},{}
Q93514,Q1741,Q28513,,{},{},{}
Q93514,Q1741,Q268970,,{},{},{}
Q93514,Q1741,Q131964,,{},{},{}
Q93514,Q1741,Q176495,,{},{},{}
Q93514,Q1741,Q7318,,{},{},{}
Q93514,Q1741,Q153136,,{},{},{}
Q93514,Q1741,Q699964,,{},{},{}
Q93514,Q1741,Q3624335,,{},{},{}
Q93514,Q1741,Q283627,,{},{},{}
Q93514,Q1741,Q47261,,{},{},{}
Q93514,Q1741,Q596239,,{},{},{}
Q93525,Q30764762,Q213,Czech Republic,Europe,Orthodox Europe,{}
Q93525,Q520742,Q213,Czech Republic,Europe,Orthodox Europe,{}
Q93525,Q10857871,Q213,Czech Republic,Europe,Orthodox Europe,{}
Q93620,Q65,Q30,United States,North America,English-speaking,Very high human development
Q93718,Q1741,Q40,Austria,Europe,Catholic Europe,Very high human development
Q93718,Q1741,Q518101,,{},{},{}
Q93718,Q1741,Q28513,,{},{},{}
Q93718,Q1741,Q268970,,{},{},{}
Q93718,Q1741,Q131964,,{},{},{}
Q93718,Q1741,Q176495,,{},{},{}
Q93718,Q1741,Q7318,,{},{},{}
Q93718,Q1741,Q153136,,{},{},{}
Q93718,Q1741,Q699964,,{},{},{}
Q93718,Q1741,Q3624335,,{},{},{}
Q93718,Q1741,Q283627,,{},{},{}
Q93718,Q1741,Q47261,,{},{},{}
Q93718,Q1741,Q596239,,{},{},{}
Q93797,Q1567437,Q40,Austria,Europe,Catholic Europe,Very high human development
Q93797,Q27835519,Q40,Austria,Europe,Catholic Europe,Very high human development
Q93959,Q702095,Q40,Austria,Europe,Catholic Europe,Very high human development
Q94186,Q1737,Q40,Austria,Europe,Catholic Europe,Very high human development
Q94273,Q13298,Q40,Austria,Europe,Catholic Europe,Very high human development
Q94273,Q13298,Q596239,,{},{},{}
Q94273,Q13298,Q7318,,{},{},{}
Q94273,Q13298,Q176495,,{},{},{}
Q94273,Q13298,Q518101,,{},{},{}
Q94273,Q13298,Q268970,,{},{},{}
Q94273,Q13298,Q28513,,{},{},{}
Q94273,Q13298,Q131964,,{},{},{}
Q94273,Q13298,Q153136,,{},{},{}
Q94280,Q18419,Q30,United States,North America,English-speaking,Very high human development
Q94480,Q1741,Q40,Austria,Europe,Catholic Europe,Very high human development
Q94480,Q1741,Q518101,,{},{},{}
Q94480,Q1741,Q28513,,{},{},{}
Q94480,Q1741,Q268970,,{},{},{}
Q94480,Q1741,Q131964,,{},{},{}
Q94480,Q1741,Q176495,,{},{},{}
Q94480,Q1741,Q7318,,{},{},{}
Q94480,Q1741,Q153136,,{},{},{}
Q94480,Q1741,Q699964,,{},{},{}
Q94480,Q1741,Q3624335,,{},{},{}
Q94480,Q1741,Q283627,,{},{},{}
Q94480,Q1741,Q47261,,{},{},{}
Q94480,Q1741,Q596239,,{},{},{}
Q95207,Q1055,Q12548,,{},{},{}
Q95207,Q1055,Q1055,,{},{},{}
Q95207,Q1055,Q71084,,{},{},{}
Q95207,Q1055,Q151624,,{},{},{}
Q95207,Q1055,Q150981,,{},{},{}
Q95207,Q1055,Q43287,,{},{},{}
Q95207,Q1055,Q41304,,{},{},{}
Q95207,Q1055,Q7318,,{},{},{}
Q95207,Q1055,Q2415901,,{},{},{}
Q95207,Q1055,Q713750,,{},{},{}
Q95207,Q1055,Q183,Germany,Europe,Catholic Europe,Very high human development
Q95231,Q525632,Q183,Germany,Europe,Catholic Europe,Very high human development
Q95443,Q64,Q148499,,{},{},{}
Q95443,Q64,Q157367,,{},{},{}
Q95443,Q64,Q27306,,{},{},{}
Q95443,Q64,Q150981,,{},{},{}
Q95443,Q64,Q43287,,{},{},{}
Q95443,Q64,Q41304,,{},{},{}
Q95443,Q64,Q7318,,{},{},{}
Q95443,Q64,Q55300,,{},{},{}
Q95443,Q64,Q16957,,{},{},{}
Q95443,Q64,Q183,Germany,Europe,Catholic Europe,Very high human development
Q95443,Q64,Q713750,,{},{},{}
Q96087,Q193001,Q218,Romania,Europe,Catholic Europe,Very high human development
Q96087,Q193001,Q28513,,{},{},{}
Q96087,Q193001,Q131964,,{},{},{}
Q96087,Q193001,Q153136,,{},{},{}
Q96087,Q193001,Q655621,,{},{},{}
Q96087,Q193001,Q625380,,{},{},{}
Q96087,Q193001,Q842794,,{},{},{}
Q96087,Q193001,Q2685298,,{},{},{}
Q96087,Q193001,Q203493,,{},{},{}
Q96087,Q193001,Q600018,,{},{},{}
Q96087,Q193001,Q516160,,{},{},{}
Q96087,Q193001,Q16056854,,{},{},{}
Q96426,Q1645667,Q183,Germany,Europe,Catholic Europe,Very high human development
Q96453,Q64,Q148499,,{},{},{}
Q96453,Q64,Q157367,,{},{},{}
Q96453,Q64,Q27306,,{},{},{}
Q96453,Q64,Q150981,,{},{},{}
Q96453,Q64,Q43287,,{},{},{}
Q96453,Q64,Q41304,,{},{},{}
Q96453,Q64,Q7318,,{},{},{}
Q96453,Q64,Q55300,,{},{},{}
Q96453,Q64,Q16957,,{},{},{}
Q96453,Q64,Q183,Germany,Europe,Catholic Europe,Very high human development
Q96453,Q64,Q713750,,{},{},{}
Q96688,Q83404,Q203493,,{},{},{}
Q96688,Q83404,Q28513,,{},{},{}
Q96688,Q83404,Q131964,,{},{},{}
Q96688,Q83404,Q153136,,{},{},{}
Q96688,Q83404,Q12560,,{},{},{}
Q96688,Q83404,Q625380,,{},{},{}
Q96688,Q83404,Q15102440,,{},{},{}
Q96688,Q83404,Q156513,,{},{},{}
Q96688,Q83404,Q2685298,,{},{},{}
Q96688,Q83404,Q842794,,{},{},{}
Q96688,Q83404,Q218,Romania,Europe,Catholic Europe,Very high human development
Q96688,Q83404,Q516160,,{},{},{}
Q96688,Q83404,Q655621,,{},{},{}
Q96688,Q83404,Q16056854,,{},{},{}
Q96817,Q2795,Q183,Germany,Europe,Catholic Europe,Very high human development
Q96817,Q2795,Q156199,,{},{},{}
Q96912,Q704495,Q1206012,,{},{},{}
Q97142,Q2451202,Q183,Germany,Europe,Catholic Europe,Very high human development
Q97142,Q39,Q39,Switzerland,Europe,Catholic Europe,Very high human development
Q97477,Q2871,Q183,Germany,Europe,Catholic Europe,Very high human development
Q98444,Q393,Q27306,,{},{},{}
Q98444,Q393,Q161036,,{},{},{}
Q98444,Q393,Q36,Poland,Europe,Catholic Europe,Very high human development
Q98444,Q393,Q215443,,{},{},{}
Q98444,Q393,Q696640,,{},{},{}
Q98929,Q1799,Q577867,,{},{},{}
Q98929,Q1799,Q568638,,{},{},{}
Q98929,Q1799,Q325725,,{},{},{}
Q98929,Q1799,Q42585,,{},{},{}
Q98929,Q1799,Q171150,,{},{},{}
Q98929,Q1799,Q686971,,{},{},{}
Q98929,Q1799,Q27306,,{},{},{}
Q98929,Q1799,Q1206012,,{},{},{}
Q98929,Q1799,Q211274,,{},{},{}
Q98929,Q1799,Q36,Poland,Europe,Catholic Europe,Very high human development
Q100035,Q4024,Q183,Germany,Europe,Catholic Europe,Very high human development
Q100035,Q4024,Q16957,,{},{},{}
Q100035,Q4024,Q27306,,{},{},{}
Q100035,Q4024,Q43287,,{},{},{}
Q100035,Q4024,Q41304,,{},{},{}
Q100035,Q4024,Q7318,,{},{},{}
Q100035,Q4024,Q55300,,{},{},{}
Q100035,Q4024,Q36,Poland,Europe,Catholic Europe,Very high human development
Q101529,Q498078,Q183,Germany,Europe,Catholic Europe,Very high human development
Q101529,Q498078,Q7318,,{},{},{}
Q101529,Q498078,Q183,Germany,Europe,Catholic Europe,Very high human development
Q101638,Q123219,Q145,United Kingdom,Europe,English-speaking,Very high human development
Q101638,Q84,Q2277,,{},{},{}
Q101638,Q84,Q110888,,{},{},{}
Q101638,Q84,Q105092,,{},{},{}
Q101638,Q84,Q105313,,{},{},{}
Q101638,Q84,Q179876,,{},{},{}
Q101638,Q84,Q161885,,{},{},{}
Q101638,Q84,Q174193,,{},{},{}
Q101638,Q84,Q145,United Kingdom,Europe,English-speaking,Very high human development
Q101871,Q1640443,Q408,Australia,Australia,English-speaking,Very high human development
Q101878,Q20312,Q183,Germany,Europe,Catholic Europe,Very high human development
Q102034,Q588817,Q668,India,Asia,Indosphere,Medium human development
Q102513,Q755403,Q30,United States,North America,English-speaking,Very high human development
Q102669,Q105084,Q36,Poland,Europe,Catholic Europe,Very high human development
Q102669,Q105084,Q7318,,{},{},{}
Q102669,Q105084,Q41304,,{},{},{}
Q102669,Q105084,Q43287,,{},{},{}
Q102669,Q105084,Q27306,,{},{},{}
Q102669,Q105084,Q153136,,{},{},{}
Q102669,Q105084,Q42585,,{},{},{}
Q102669,Q105084,Q577867,,{},{},{}
Q102669,Q105084,Q36,Poland,Europe,Catholic Europe,Very high human development
Q102852,Q1726,Q183,Germany,Europe,Catholic Europe,Very high human development
Q102852,Q1726,Q713750,,{},{},{}
Q102852,Q1726,Q2415901,,{},{},{}
Q102852,Q1726,Q7318,,{},{},{}
Q102852,Q1726,Q41304,,{},{},{}
Q102852,Q1726,Q43287,,{},{},{}
Q102852,Q1726,Q154195,,{},{},{}
Q102852,Q1726,Q256961,,{},{},{}
Q102852,Q1726,Q47261,,{},{},{}
Q103035,Q184481,Q183,Germany,Europe,Catholic Europe,Very high human development
Q103114,Q249884,Q142,France,Europe,Catholic Europe,Very high human development
Q103797,Q14813,Q183,Germany,Europe,Catholic Europe,Very high human development
Q104081,Q18419,Q30,United States,North America,English-speaking,Very high human development
Q105118,Q1297,Q30,United States,North America,English-speaking,Very high human development
Q105163,Q64,Q148499,,{},{},{}
Q105163,Q64,Q157367,,{},{},{}
Q105163,Q64,Q27306,,{},{},{}
Q105163,Q64,Q150981,,{},{},{}
Q105163,Q64,Q43287,,{},{},{}
Q105163,Q64,Q41304,,{},{},{}
Q105163,Q64,Q7318,,{},{},{}
Q105163,Q64,Q55300,,{},{},{}
Q105163,Q64,Q16957,,{},{},{}
Q105163,Q64,Q183,Germany,Europe,Catholic Europe,Very high human development
Q105163,Q64,Q713750,,{},{},{}
Q105167,Q5092,Q30,United States,North America,English-speaking,Very high human development
Q105756,Q237896,Q30,United States,North America,English-speaking,Very high human development
Q105994,Q19834493,Q183,Germany,Europe,Catholic Europe,Very high human development
Q106018,Q184481,Q183,Germany,Europe,Catholic Europe,Very high human development
Q106073,Q2973,Q183,Germany,Europe,Catholic Europe,Very high human development
Q106073,Q2973,Q43287,,{},{},{}
Q106073,Q2973,Q41304,,{},{},{}
Q106073,Q2973,Q7318,,{},{},{}
Q106073,Q2973,Q2415901,,{},{},{}
Q106073,Q2973,Q713750,,{},{},{}
Q106073,Q2973,Q20135,,{},{},{}
Q106083,Q9248,Q34266,,{},{},{}
Q106083,Q9248,Q2630860,,{},{},{}
Q106083,Q9248,Q330756,,{},{},{}
Q106083,Q9248,Q206411,,{},{},{}
Q106083,Q9248,Q131337,,{},{},{}
Q106083,Q9248,Q227,Azerbaijan,Asia,West & South Asia,High human development
Q106285,Q490453,Q183,Germany,Europe,Catholic Europe,Very high human development
Q106366,Q1724,Q183,Germany,Europe,Catholic Europe,Very high human development
Q106465,Q61455,Q30,United States,North America,English-speaking,Very high human development
Q106606,Q2066,Q183,Germany,Europe,Catholic Europe,Very high human development
Q106606,Q2066,Q43287,,{},{},{}
Q106606,Q2066,Q41304,,{},{},{}
Q106606,Q2066,Q1206012,,{},{},{}
Q106606,Q2066,Q7318,,{},{},{}
Q106606,Q2066,Q2415901,,{},{},{}
Q106606,Q2066,Q27306,,{},{},{}
Q106606,Q2066,Q249428,,{},{},{}
Q106606,Q2066,Q12548,,{},{},{}
Q106740,Q34217,Q145,United Kingdom,Europe,English-speaking,Very high human development
Q106740,Q34217,Q174193,,{},{},{}
Q106740,Q34217,Q161885,,{},{},{}
Q106740,Q34217,Q179876,,{},{},{}
Q106795,Q1726,Q183,Germany,Europe,Catholic Europe,Very high human development
Q106795,Q1726,Q713750,,{},{},{}
Q106795,Q1726,Q2415901,,{},{},{}
Q106795,Q1726,Q7318,,{},{},{}
Q106795,Q1726,Q41304,,{},{},{}
Q106795,Q1726,Q43287,,{},{},{}
Q106795,Q1726,Q154195,,{},{},{}
Q106795,Q1726,Q256961,,{},{},{}
Q106795,Q1726,Q47261,,{},{},{}
Q107002,Q149556,Q145,United Kingdom,Europe,English-speaking,Very high human development
Q107002,Q84,Q2277,,{},{},{}
Q107002,Q84,Q110888,,{},{},{}
Q107002,Q84,Q105092,,{},{},{}
Q107002,Q84,Q105313,,{},{},{}
Q107002,Q84,Q179876,,{},{},{}
Q107002,Q84,Q161885,,{},{},{}
Q107002,Q84,Q174193,,{},{},{}
Q107002,Q84,Q145,United Kingdom,Europe,English-speaking,Very high human development
Q108206,Q1520099,Q145,United Kingdom,Europe,English-speaking,Very high human development
Q108611,Q1799,Q577867,,{},{},{}
Q108611,Q1799,Q568638,,{},{},{}
Q108611,Q1799,Q325725,,{},{},{}
Q108611,Q1799,Q42585,,{},{},{}
Q108611,Q1799,Q171150,,{},{},{}
Q108611,Q1799,Q686971,,{},{},{}
Q108611,Q1799,Q27306,,{},{},{}
Q108611,Q1799,Q1206012,,{},{},{}
Q108611,Q1799,Q211274,,{},{},{}
Q108611,Q1799,Q36,Poland,Europe,Catholic Europe,Very high human development
Q108941,Q127856,Q30,United States,North America,English-speaking,Very high human development
Q108941,Q30,Q30,United States,North America,English-speaking,Very high human development
Q110197,Q3874,Q183,Germany,Europe,Catholic Europe,Very high human development
Q110197,Q3874,Q7318,,{},{},{}
Q110506,Q1731,Q183,Germany,Europe,Catholic Europe,Very high human development
Q110506,Q1731,Q156199,,{},{},{}
Q110506,Q1731,Q153015,,{},{},{}
Q110506,Q1731,Q1206012,,{},{},{}
Q110506,Q1731,Q55300,,{},{},{}
Q110506,Q1731,Q16957,,{},{},{}
Q110506,Q1731,Q12548,,{},{},{}
Q110506,Q1731,Q170180,,{},{},{}
Q110506,Q1731,Q150981,,{},{},{}
Q111619,Q84,Q2277,,{},{},{}
Q111619,Q84,Q110888,,{},{},{}
Q111619,Q84,Q105092,,{},{},{}
Q111619,Q84,Q105313,,{},{},{}
Q111619,Q84,Q179876,,{},{},{}
Q111619,Q84,Q161885,,{},{},{}
Q111619,Q84,Q174193,,{},{},{}
Q111619,Q84,Q145,United Kingdom,Europe,English-speaking,Very high human development
Q111673,Q393,Q27306,,{},{},{}
Q111673,Q393,Q161036,,{},{},{}
Q111673,Q393,Q36,Poland,Europe,Catholic Europe,Very high human development
Q111673,Q393,Q215443,,{},{},{}
Q111673,Q393,Q696640,,{},{},{}
Q112169,Q2249399,Q213,Czech Republic,Europe,Orthodox Europe,{}
Q112391,Q251231,Q40,Austria,Europe,Catholic Europe,Very high human development
Q113233,Q953719,Q30,United States,North America,English-speaking,Very high human development
Q113265,Q104400,Q20,Norway,Europe,Protestant Europe,Very high human development
Q113265,Q585,Q20,Norway,Europe,Protestant Europe,Very high human development
Q113265,Q585,Q62589,,{},{},{}
Q113265,Q585,Q2597352,,{},{},{}
Q113265,Q585,Q62651,,{},{},{}
Q113433,Q251325,Q40,Austria,Europe,Catholic Europe,Very high human development
Q113554,Q60,Q30,United States,North America,English-speaking,Very high human development
Q113681,Q84,Q2277,,{},{},{}
Q113681,Q84,Q110888,,{},{},{}
Q113681,Q84,Q105092,,{},{},{}
Q113681,Q84,Q105313,,{},{},{}
Q113681,Q84,Q179876,,{},{},{}
Q113681,Q84,Q161885,,{},{},{}
Q113681,Q84,Q174193,,{},{},{}
Q113681,Q84,Q145,United Kingdom,Europe,English-speaking,Very high human development
Q113964,Q34713,Q40,Austria,Europe,Catholic Europe,Very high human development
Q113964,Q34713,Q131964,,{},{},{}
Q113964,Q34713,Q154195,,{},{},{}
Q113964,Q34713,Q131964,,{},{},{}
Q113964,Q34713,Q28513,,{},{},{}
Q113964,Q34713,Q518101,,{},{},{}
Q113964,Q34713,Q176495,,{},{},{}
Q113964,Q34713,Q7318,,{},{},{}
Q113974,Q699612,Q40,Austria,Europe,Catholic Europe,Very high human development
Q114509,Q65,Q30,United States,North America,English-speaking,Very high human development
Q115243,Q3820,Q822,Lebanon,Asia,African-Islamic,High human development
Q115243,Q3820,Q108865218,,{},{},{}
Q115243,Q3820,Q108865226,,{},{},{}
Q115243,Q3820,Q7075820,,{},{},{}
Q115243,Q3820,Q12560,,{},{},{}
Q115483,Q72,Q39,Switzerland,Europe,Catholic Europe,Very high human development
Q115483,Q72,Q435583,,{},{},{}
Q115483,Q72,Q206696,,{},{},{}
Q115483,Q72,Q39,Switzerland,Europe,Catholic Europe,Very high human development
Q115674,Q37836,Q30,United States,North America,English-speaking,Very high human development
Q115683,Q160173,Q219,Bulgaria,Europe,{},Very high human development
Q115683,Q160173,Q121932,,{},{},{}
Q115683,Q160173,Q147909,,{},{},{}
Q115683,Q160173,Q815731,,{},{},{}
Q115683,Q160173,Q12560,,{},{},{}
Q115754,Q90,Q142,France,Europe,Catholic Europe,Very high human development
Q115754,Q90,Q70972,,{},{},{}
Q115754,Q90,Q146246,,{},{},{}
Q115754,Q90,Q2748708,,{},{},{}
Q115754,Q90,Q142,France,Europe,Catholic Europe,Very high human development
Q115754,Q90,Q71084,,{},{},{}
Q115754,Q90,Q58296,,{},{},{}
Q116055,Q2841,Q739,Colombia,South America,Latin America,High human development
Q116055,Q2841,Q630882,,{},{},{}
Q116055,Q2841,Q3591854,,{},{},{}
Q116133,Q23276,Q145,United Kingdom,Europe,English-speaking,Very high human development
Q116133,Q23276,Q174193,,{},{},{}
Q116133,Q23276,Q161885,,{},{},{}
Q116133,Q23276,Q179876,,{},{},{}
Q116258,Q71,Q39,Switzerland,Europe,Catholic Europe,Very high human development
Q116258,Q71,Q23366230,,{},{},{}
Q116258,Q71,Q142,France,Europe,Catholic Europe,Very high human development
Q116258,Q71,Q23366230,,{},{},{}
Q116288,Q8684,Q884,South Korea,Asia,West & South Asia,{}
Q116288,Q8684,Q503585,,{},{},{}
Q116692,Q534536,Q30,United States,North America,English-speaking,Very high human development
Q117425,Q44989,Q30,United States,North America,English-speaking,Very high human development
Q117455,Q72,Q39,Switzerland,Europe,Catholic Europe,Very high human development
Q117455,Q72,Q435583,,{},{},{}
Q117455,Q72,Q206696,,{},{},{}
Q117455,Q72,Q39,Switzerland,Europe,Catholic Europe,Very high human development
Q117664,Q72,Q39,Switzerland,Europe,Catholic Europe,Very high human development
Q117664,Q72,Q435583,,{},{},{}
Q117664,Q72,Q206696,,{},{},{}
Q117664,Q72,Q39,Switzerland,Europe,Catholic Europe,Very high human development
Q117913,Q669539,Q142,France,Europe,Catholic Europe,Very high human development
Q118057,Q656350,Q36,Poland,Europe,Catholic Europe,Very high human development
Q118969,Q65,Q30,United States,North America,English-speaking,Very high human development
Q118973,Q68978,Q39,Switzerland,Europe,Catholic Europe,Very high human development
Q119101,Q1040,Q183,Germany,Europe,Catholic Europe,Very high human development
Q119101,Q1040,Q713750,,{},{},{}
Q119101,Q1040,Q43287,,{},{},{}
Q119101,Q1040,Q186320,,{},{},{}
Q119142,Q90,Q142,France,Europe,Catholic Europe,Very high human development
Q119142,Q90,Q70972,,{},{},{}
Q119142,Q90,Q146246,,{},{},{}
Q119142,Q90,Q2748708,,{},{},{}
Q119142,Q90,Q142,France,Europe,Catholic Europe,Very high human development
Q119142,Q90,Q71084,,{},{},{}
Q119142,Q90,Q58296,,{},{},{}
Q119358,Q40623,Q183,Germany,Europe,Catholic Europe,Very high human development
Q119563,Q51609,Q298,Chile,South America,Latin America,Very high human development
Q120085,Q38022,Q30,United States,North America,English-speaking,Very high human development
Q120432,Q60,Q30,United States,North America,English-speaking,Very high human development
Q120578,Q17127899,Q30,United States,North America,English-speaking,Very high human development
Q120946,Q72,Q39,Switzerland,Europe,Catholic Europe,Very high human development
Q120946,Q72,Q435583,,{},{},{}
Q120946,Q72,Q206696,,{},{},{}
Q120946,Q72,Q39,Switzerland,Europe,Catholic Europe,Very high human development
Q121060,Q84,Q2277,,{},{},{}
Q121060,Q84,Q110888,,{},{},{}
Q121060,Q84,Q105092,,{},{},{}
Q121060,Q84,Q105313,,{},{},{}
Q121060,Q84,Q179876,,{},{},{}
Q121060,Q84,Q161885,,{},{},{}
Q121060,Q84,Q174193,,{},{},{}
Q121060,Q84,Q145,United Kingdom,Europe,English-speaking,Very high human development
Q121180,Q2248969,Q36,Poland,Europe,Catholic Europe,Very high human development
Q121778,Q28996,Q148,People's Republic of China,Asia,Confucian,{}
Q121778,Q28996,Q13426199,,{},{},{}
Q121778,Q28996,Q148,People's Republic of China,Asia,Confucian,{}
Q121899,Q61,Q30,United States,North America,English-speaking,Very high human development
Q122020,Q16555,Q30,United States,North America,English-speaking,Very high human development
Q122358,Q68283,Q39,Switzerland,Europe,Catholic Europe,Very high human development
Q122370,Q72,Q39,Switzerland,Europe,Catholic Europe,Very high human development
Q122370,Q72,Q435583,,{},{},{}
Q122370,Q72,Q206696,,{},{},{}
Q122370,Q72,Q39,Switzerland,Europe,Catholic Europe,Very high human development
Q122591,Q42810,Q142,France,Europe,Catholic Europe,Very high human development
Q122644,Q1297,Q30,United States,North America,English-speaking,Very high human development
Q122743,Q248062,Q183,Germany,Europe,Catholic Europe,Very high human development
Q122939,Q7033,Q183,Germany,Europe,Catholic Europe,Very high human development
Q123053,Q66338,Q39,Switzerland,Europe,Catholic Europe,Very high human development
Q123080,Q68124,Q39,Switzerland,Europe,Catholic Europe,Very high human development
Q123117,Q69168,Q39,Switzerland,Europe,Catholic Europe,Very high human development
Q123269,Q31487,Q36,Poland,Europe,Catholic Europe,Very high human development
Q123269,Q31487,Q156111,,{},{},{}
Q123269,Q31487,Q207272,,{},{},{}
Q123269,Q31487,Q688918,,{},{},{}
Q123269,Q31487,Q501303,,{},{},{}
Q123269,Q31487,Q152115,,{},{},{}
Q123269,Q31487,Q131964,,{},{},{}
Q123269,Q31487,Q153136,,{},{},{}
Q123269,Q31487,Q172107,,{},{},{}
Q123269,Q31487,Q1649871,,{},{},{}
Q123269,Q31487,Q577867,,{},{},{}
Q123269,Q31487,Q11750541,,{},{},{}
Q123283,Q65288,Q39,Switzerland,Europe,Catholic Europe,Very high human development
Q123332,Q70685,Q39,Switzerland,Europe,Catholic Europe,Very high human development
Q123386,Q2131198,Q55,Netherlands,Europe,Protestant Europe,Very high human development
Q123389,Q71,Q39,Switzerland,Europe,Catholic Europe,Very high human development
Q123389,Q71,Q23366230,,{},{},{}
Q123389,Q71,Q142,France,Europe,Catholic Europe,Very high human development
Q123389,Q71,Q23366230,,{},{},{}
Q123392,Q65,Q30,United States,North America,English-speaking,Very high human development
Q123402,Q71,Q39,Switzerland,Europe,Catholic Europe,Very high human development
Q123402,Q71,Q23366230,,{},{},{}
Q123402,Q71,Q142,France,Europe,Catholic Europe,Very high human development
Q123402,Q71,Q23366230,,{},{},{}
Q123421,Q69216,Q39,Switzerland,Europe,Catholic Europe,Very high human development
Q123469,Q996590,Q30,United States,North America,English-speaking,Very high human development
Q123491,Q688539,Q39,Switzerland,Europe,Catholic Europe,Very high human development
Q123740,Q807,Q39,Switzerland,Europe,Catholic Europe,Very high human development
Q123867,Q3145819,Q142,France,Europe,Catholic Europe,Very high human development
Q123867,Q90,Q142,France,Europe,Catholic Europe,Very high human development
Q123867,Q90,Q70972,,{},{},{}
Q123867,Q90,Q146246,,{},{},{}
Q123867,Q90,Q2748708,,{},{},{}
Q123867,Q90,Q142,France,Europe,Catholic Europe,Very high human development
Q123867,Q90,Q71084,,{},{},{}
Q123867,Q90,Q58296,,{},{},{}
Q124262,Q83404,Q203493,,{},{},{}
Q124262,Q83404,Q28513,,{},{},{}
Q124262,Q83404,Q131964,,{},{},{}
Q124262,Q83404,Q153136,,{},{},{}
Q124262,Q83404,Q12560,,{},{},{}
Q124262,Q83404,Q625380,,{},{},{}
Q124262,Q83404,Q15102440,,{},{},{}
Q124262,Q83404,Q156513,,{},{},{}
Q124262,Q83404,Q2685298,,{},{},{}
Q124262,Q83404,Q842794,,{},{},{}
Q124262,Q83404,Q218,Romania,Europe,Catholic Europe,Very high human development
Q124262,Q83404,Q516160,,{},{},{}
Q124262,Q83404,Q655621,,{},{},{}
Q124262,Q83404,Q16056854,,{},{},{}
Q124372,Q65309,Q39,Switzerland,Europe,Catholic Europe,Very high human development
Q124527,Q16567,Q30,United States,North America,English-speaking,Very high human development
Q124633,Q1378026,Q30,United States,North America,English-speaking,Very high human development
Q124735,Q84,Q2277,,{},{},{}
Q124735,Q84,Q110888,,{},{},{}
Q124735,Q84,Q105092,,{},{},{}
Q124735,Q84,Q105313,,{},{},{}
Q124735,Q84,Q179876,,{},{},{}
Q124735,Q84,Q161885,,{},{},{}
Q124735,Q84,Q174193,,{},{},{}
Q124735,Q84,Q145,United Kingdom,Europe,English-speaking,Very high human development
Q124847,Q71,Q39,Switzerland,Europe,Catholic Europe,Very high human development
Q124847,Q71,Q23366230,,{},{},{}
Q124847,Q71,Q142,France,Europe,Catholic Europe,Very high human development
Q124847,Q71,Q23366230,,{},{},{}
Q125175,Q43195,Q39,Switzerland,Europe,Catholic Europe,Very high human development
Q125364,Q64,Q148499,,{},{},{}
Q125364,Q64,Q157367,,{},{},{}
Q125364,Q64,Q27306,,{},{},{}
Q125364,Q64,Q150981,,{},{},{}
Q125364,Q64,Q43287,,{},{},{}
Q125364,Q64,Q41304,,{},{},{}
Q125364,Q64,Q7318,,{},{},{}
Q125364,Q64,Q55300,,{},{},{}
Q125364,Q64,Q16957,,{},{},{}
Q125364,Q64,Q183,Germany,Europe,Catholic Europe,Very high human development
Q125364,Q64,Q713750,,{},{},{}
Q125484,Q1022,Q183,Germany,Europe,Catholic Europe,Very high human development
Q125484,Q1022,Q7318,,{},{},{}
Q125484,Q1022,Q41304,,{},{},{}
Q125484,Q1022,Q43287,,{},{},{}
Q125484,Q1022,Q159631,,{},{},{}
Q125484,Q1022,Q2172530,,{},{},{}
Q125484,Q1022,Q2227570,,{},{},{}
Q125598,Q69233,Q39,Switzerland,Europe,Catholic Europe,Very high human development
Q125780,Q388603,Q43,Turkey,Asia,West & South Asia,{}
Q125970,Q490520,Q17,Japan,Asia,West & South Asia,Very high human development
Q126029,Q16073,Q183,Germany,Europe,Catholic Europe,Very high human development
Q126377,Q26476,Q34,Sweden,Europe,Protestant Europe,Very high human development
Q126687,Q1731,Q183,Germany,Europe,Catholic Europe,Very high human development
Q126687,Q1731,Q156199,,{},{},{}
Q126687,Q1731,Q153015,,{},{},{}
Q126687,Q1731,Q1206012,,{},{},{}
Q126687,Q1731,Q55300,,{},{},{}
Q126687,Q1731,Q16957,,{},{},{}
Q126687,Q1731,Q12548,,{},{},{}
Q126687,Q1731,Q170180,,{},{},{}
Q126687,Q1731,Q150981,,{},{},{}
Q126941,Q138391,Q30,United States,North America,English-speaking,Very high human development
Q127079,Q981859,Q30,United States,North America,English-speaking,Very high human development
Q127332,Q2406502,Q145,United Kingdom,Europe,English-speaking,Very high human development
Q127539,Q38380,Q142,France,Europe,Catholic Europe,Very high human development
Q127539,Q38380,Q70972,,{},{},{}
Q127539,Q38380,Q70972,,{},{},{}
Q127539,Q38380,Q46370,,{},{},{}
Q128560,Q19784,Q145,United Kingdom,Europe,English-speaking,Very high human development
Q128653,Q17216614,Q17,Japan,Asia,West & South Asia,Very high human development
Q128714,Q1781,Q28,Hungary,Europe,Catholic Europe,Very high human development
Q128714,Q1781,Q600018,,{},{},{}
Q128714,Q1781,Q16985296,,{},{},{}
Q128714,Q1781,Q243652,,{},{},{}
Q128714,Q1781,Q516160,,{},{},{}
Q128714,Q1781,Q28513,,{},{},{}
Q128714,Q1781,Q516160,,{},{},{}
Q128714,Q1781,Q940741,,{},{},{}
Q128714,Q1781,Q16410,,{},{},{}
Q128790,Q3992,Q31,Belgium,Europe,Catholic Europe,Very high human development
Q128790,Q3992,Q58296,,{},{},{}
Q128790,Q3992,Q71084,,{},{},{}
Q128790,Q3992,Q12548,,{},{},{}
Q128790,Q3992,Q146246,,{},{},{}
Q128790,Q3992,Q468902,,{},{},{}
Q128790,Q3992,Q6673921,,{},{},{}
Q128790,Q3992,Q153080,,{},{},{}
Q128790,Q3992,Q175211,,{},{},{}
Q128837,Q34647,Q258,South Africa,Africa,Sub-Saharan Africa,High human development
Q129187,Q84,Q2277,,{},{},{}
Q129187,Q84,Q110888,,{},{},{}
Q129187,Q84,Q105092,,{},{},{}
Q129187,Q84,Q105313,,{},{},{}
Q129187,Q84,Q179876,,{},{},{}
Q129187,Q84,Q161885,,{},{},{}
Q129187,Q84,Q174193,,{},{},{}
Q129187,Q84,Q145,United Kingdom,Europe,English-speaking,Very high human development
Q129371,Q41819,Q30,United States,North America,English-speaking,Very high human development
Q129478,Q60,Q30,United States,North America,English-speaking,Very high human development
Q129851,Q1296,Q31,Belgium,Europe,Catholic Europe,Very high human development
Q129851,Q1296,Q15864,,{},{},{}
Q129851,Q1296,Q142,France,Europe,Catholic Europe,Very high human development
Q129851,Q1296,Q700283,,{},{},{}
Q129851,Q1296,Q622783,,{},{},{}
Q129851,Q1296,Q1031430,,{},{},{}
Q129851,Q1296,Q157109,,{},{},{}
Q129851,Q1296,Q157070,,{},{},{}
Q130141,Q516344,Q28,Hungary,Europe,Catholic Europe,Very high human development
Q130385,Q48326,Q17,Japan,Asia,West & South Asia,Very high human development
Q130779,Q578289,Q30,United States,North America,English-speaking,Very high human development
Q130780,Q213180,Q145,United Kingdom,Europe,English-speaking,Very high human development
Q130786,Q2658770,Q159,Russia,Europe,Orthodox Europe,{}
Q130786,Q2658770,Q34266,,{},{},{}
Q130786,Q2658770,Q15180,,{},{},{}
Q131018,Q1137180,Q142,France,Europe,Catholic Europe,Very high human development
Q131018,Q194138,Q142,France,Europe,Catholic Europe,Very high human development
Q131326,Q586179,Q34,Sweden,Europe,Protestant Europe,Very high human development
Q131333,Q175632,Q145,United Kingdom,Europe,English-speaking,Very high human development
Q131333,Q175632,Q174193,,{},{},{}
Q131333,Q175632,Q161885,,{},{},{}
Q131487,Q12333683,Q35,Denmark,Europe,Protestant Europe,Very high human development
Q131549,Q3915,Q1019,Madagascar,{},{},Low human development
Q132111,Q179691,Q17,Japan,Asia,West & South Asia,Very high human development
Q132138,Q23436,Q145,United Kingdom,Europe,English-speaking,Very high human development
Q132138,Q23436,Q174193,,{},{},{}
Q132138,Q23436,Q161885,,{},{},{}
Q132138,Q23436,Q230791,,{},{},{}
Q132162,Q18432,Q30,United States,North America,English-speaking,Very high human development
Q132524,Q656,Q159,Russia,Europe,Orthodox Europe,{}
Q132524,Q656,Q15180,,{},{},{}
Q132524,Q656,Q2305208,,{},{},{}
Q132524,Q656,Q34266,,{},{},{}
Q132524,Q656,Q139319,,{},{},{}
Q132524,Q656,Q186096,,{},{},{}
Q132589,Q3332445,Q29,Spain,Europe,Catholic Europe,Very high human development
Q132695,Q675653,Q34,Sweden,Europe,Protestant Europe,Very high human development
Q132695,Q10541678,Q34,Sweden,Europe,Protestant Europe,Very high human development
Q132723,Q996656,Q33,Finland,Europe,Catholic Europe,Very high human development
Q132805,Q503331,Q145,United Kingdom,Europe,English-speaking,Very high human development
Q133042,Q849109,Q212,Ukraine,Europe,Orthodox Europe,High human development
Q133042,Q849109,Q15180,,{},{},{}
Q133042,Q849109,Q156111,,{},{},{}
Q133042,Q849109,Q15180,,{},{},{}
Q133042,Q849109,Q207272,,{},{},{}
Q133042,Q849109,Q243610,,{},{},{}
Q133042,Q849109,Q457167,,{},{},{}
Q133042,Q849109,Q28513,,{},{},{}
Q133042,Q849109,Q131964,,{},{},{}
Q133042,Q849109,Q34266,,{},{},{}
Q133042,Q849109,Q131964,,{},{},{}
Q133042,Q849109,Q153136,,{},{},{}
Q133042,Q849109,Q172107,,{},{},{}
Q133042,Q849109,Q1649871,,{},{},{}
Q133054,Q100,Q30,United States,North America,English-speaking,Very high human development
Q133054,Q100,Q2079909,,{},{},{}
Q133054,Q100,Q1191350,,{},{},{}
Q133562,Q30,Q30,United States,North America,English-speaking,Very high human development
Q133869,Q8851,Q29,Spain,Europe,Catholic Europe,Very high human development
Q134180,Q34404,Q30,United States,North America,English-speaking,Very high human development
Q134262,Q985648,Q30,United States,North America,English-speaking,Very high human development
Q134456,Q7473516,Q17,Japan,Asia,West & South Asia,Very high human development
Q134477,Q60,Q30,United States,North America,English-speaking,Very high human development
Q134798,Q1197771,Q17,Japan,Asia,West & South Asia,Very high human development
Q134798,Q34600,Q17,Japan,Asia,West & South Asia,Very high human development
Q134898,Q1647,Q224,Croatia,Europe,Catholic Europe,Very high human development
Q134898,Q1647,Q191077,,{},{},{}
Q134898,Q1647,Q83286,,{},{},{}
Q134898,Q1647,Q246373,,{},{},{}
Q134898,Q1647,Q172579,,{},{},{}
Q134898,Q1647,Q548114,,{},{},{}
Q134898,Q1647,Q1423581,,{},{},{}
Q134898,Q1647,Q28513,,{},{},{}
Q134942,Q270230,Q142,France,Europe,Catholic Europe,Very high human development
Q137679,Q62,Q30,United States,North America,English-speaking,Very high human development
Q137819,Q90,Q142,France,Europe,Catholic Europe,Very high human development
Q137819,Q90,Q70972,,{},{},{}
Q137819,Q90,Q146246,,{},{},{}
Q137819,Q90,Q2748708,,{},{},{}
Q137819,Q90,Q142,France,Europe,Catholic Europe,Very high human development
Q137819,Q90,Q71084,,{},{},{}
Q137819,Q90,Q58296,,{},{},{}
Q137819,Q2845758,Q142,France,Europe,Catholic Europe,Very high human development
Q138882,Q23661,Q664,New Zealand,Australia,English-speaking,Very high human development
Q139348,Q1007845,Q30,United States,North America,English-speaking,Very high human development
Q139506,Q738869,Q145,United Kingdom,Europe,English-speaking,Very high human development
Q139739,Q408536,Q145,United Kingdom,Europe,English-speaking,Very high human development
Q140052,Q84,Q2277,,{},{},{}
Q140052,Q84,Q110888,,{},{},{}
Q140052,Q84,Q105092,,{},{},{}
Q140052,Q84,Q105313,,{},{},{}
Q140052,Q84,Q179876,,{},{},{}
Q140052,Q84,Q161885,,{},{},{}
Q140052,Q84,Q174193,,{},{},{}
Q140052,Q84,Q145,United Kingdom,Europe,English-speaking,Very high human development
Q140193,Q1297,Q30,United States,North America,English-speaking,Very high human development
Q140201,Q8686,Q148,People's Republic of China,Asia,Confucian,{}
Q140201,Q8686,Q13426199,,{},{},{}
Q140201,Q8686,Q696242,,{},{},{}
Q140201,Q8686,Q708865,,{},{},{}
Q140201,Q8686,Q4375948,,{},{},{}
Q140201,Q8686,Q13426199,,{},{},{}
Q140201,Q8686,Q148,People's Republic of China,Asia,Confucian,{}
Q140201,Q2170587,Q13426199,,{},{},{}
Q140201,Q2170587,Q8733,,{},{},{}
Q141649,Q485172,Q30,United States,North America,English-speaking,Very high human development
Q142106,Q84,Q2277,,{},{},{}
Q142106,Q84,Q110888,,{},{},{}
Q142106,Q84,Q105092,,{},{},{}
Q142106,Q84,Q105313,,{},{},{}
Q142106,Q84,Q179876,,{},{},{}
Q142106,Q84,Q161885,,{},{},{}
Q142106,Q84,Q174193,,{},{},{}
Q142106,Q84,Q145,United Kingdom,Europe,English-speaking,Very high human development
Q142383,Q49218,Q30,United States,North America,English-speaking,Very high human development
Q142444,Q7398017,Q17,Japan,Asia,West & South Asia,Very high human development
Q144090,Q984834,Q30,United States,North America,English-speaking,Very high human development
Q144391,Q1354,Q902,Bangladesh,Asia,Indosphere,Medium human development
Q144391,Q1354,Q843,Pakistan,Asia,Indosphere,Low human development
Q144391,Q1354,Q2006542,,{},{},{}
Q144391,Q1354,Q129286,,{},{},{}
Q144391,Q1354,Q2001966,,{},{},{}
Q144439,Q924103,Q36,Poland,Europe,Catholic Europe,Very high human development
Q144439,Q924103,Q34266,,{},{},{}
Q146763,Q146811,Q30,United States,North America,English-speaking,Very high human development
Q148234,Q1297,Q30,United States,North America,English-speaking,Very high human development
Q149489,Q60,Q30,United States,North America,English-speaking,Very high human development
Q149499,Q87,Q79,Egypt,Africa,African-Islamic,High human development
Q149499,Q87,Q2277,,{},{},{}
Q150471,Q4120832,Q38872,,{},{},{}
Q150471,Q4120832,Q43287,,{},{},{}
Q150471,Q4120832,Q7318,,{},{},{}
Q150471,Q4120832,Q15180,,{},{},{}
Q150471,Q4120832,Q34266,,{},{},{}
Q150471,Q1829,Q156020,,{},{},{}
Q150471,Q1829,Q153091,,{},{},{}
Q150471,Q1829,Q27306,,{},{},{}
Q150471,Q1829,Q7318,,{},{},{}
Q150471,Q1829,Q15180,,{},{},{}
Q150471,Q1829,Q159,Russia,Europe,Orthodox Europe,{}
Q150943,Q486168,Q30,United States,North America,English-speaking,Very high human development
Q151164,Q90,Q142,France,Europe,Catholic Europe,Very high human development
Q151164,Q90,Q70972,,{},{},{}
Q151164,Q90,Q146246,,{},{},{}
Q151164,Q90,Q2748708,,{},{},{}
Q151164,Q90,Q142,France,Europe,Catholic Europe,Very high human development
Q151164,Q90,Q71084,,{},{},{}
Q151164,Q90,Q58296,,{},{},{}
Q151164,Q200126,Q142,France,Europe,Catholic Europe,Very high human development
Q151403,Q1015818,Q145,United Kingdom,Europe,English-speaking,Very high human development
Q151403,Q1015818,Q174193,,{},{},{}
Q151403,Q1015818,Q161885,,{},{},{}
Q151403,Q1015818,Q230791,,{},{},{}
Q151720,Q183584,Q148,People's Republic of China,Asia,Confucian,{}
Q151820,Q189715,Q142,France,Europe,Catholic Europe,Very high human development
Q151872,Q1218,Q48685,,{},{},{}
Q151872,Q1218,Q496922,,{},{},{}
Q151872,Q1218,Q15843470,,{},{},{}
Q151872,Q1218,Q12544,,{},{},{}
Q151872,Q1218,Q12407080,,{},{},{}
Q151872,Q1218,Q55502,,{},{},{}
Q151872,Q1218,Q180114,,{},{},{}
Q151872,Q1218,Q55502,,{},{},{}
Q151872,Q1218,Q180114,,{},{},{}
Q151872,Q1218,Q282428,,{},{},{}
Q151872,Q1218,Q12560,,{},{},{}
Q151872,Q1218,Q7075820,,{},{},{}
Q151872,Q1218,Q193714,,{},{},{}
Q151872,Q1218,Q801,Israel,Asia,West & South Asia,Very high human development
Q151872,Q1218,Q810,Jordan,Asia,African-Islamic,High human development
Q151872,Q1218,Q219060,Palestine,Asia,African-Islamic,{}
Q152513,Q49201,Q30,United States,North America,English-speaking,Very high human development
Q152690,Q659895,Q27,Ireland,Europe,English-speaking,Very high human development
Q152824,Q60,Q30,United States,North America,English-speaking,Very high human development
Q152843,Q84,Q2277,,{},{},{}
Q152843,Q84,Q110888,,{},{},{}
Q152843,Q84,Q105092,,{},{},{}
Q152843,Q84,Q105313,,{},{},{}
Q152843,Q84,Q179876,,{},{},{}
Q152843,Q84,Q161885,,{},{},{}
Q152843,Q84,Q174193,,{},{},{}
Q152843,Q84,Q145,United Kingdom,Europe,English-speaking,Very high human development
Q153177,Q172,Q16,Canada,North America,English-speaking,Very high human development
Q153248,Q2681546,Q180573,,{},{},{}
Q153670,Q495,Q38,Italy,Europe,Catholic Europe,Very high human development
Q153670,Q495,Q165154,,{},{},{}
Q153670,Q495,Q426025,,{},{},{}
Q153670,Q495,Q1232887,,{},{},{}
Q153670,Q495,Q426488,,{},{},{}
Q153670,Q495,Q704484,,{},{},{}
Q153670,Q495,Q31929,,{},{},{}
Q153670,Q495,Q854415,,{},{},{}
Q153701,Q18389,Q30,United States,North America,English-speaking,Very high human development
Q154691,Q3306,Q804,Panama,North America,Latin America,Very high human development
Q154756,Q1747267,Q241,Cuba,North America,Latin America,High human development
Q155087,Q43788,Q30,United States,North America,English-speaking,Very high human development
Q155106,Q162615,Q29,Spain,Europe,Catholic Europe,Very high human development
Q155286,Q408,Q408,Australia,Australia,English-speaking,Very high human development
Q155845,Q7080027,Q1033,Nigeria,Africa,Sub-Saharan Africa,Medium human development
Q155855,Q1818270,Q213,Czech Republic,Europe,Orthodox Europe,{}
Q157004,Q2807,Q29,Spain,Europe,Catholic Europe,Very high human development
Q157271,Q1715,Q183,Germany,Europe,Catholic Europe,Very high human development
Q157271,Q1715,Q713750,,{},{},{}
Q157271,Q1715,Q2415901,,{},{},{}
Q157271,Q1715,Q27306,,{},{},{}
Q157271,Q1715,Q164079,,{},{},{}
Q157271,Q1715,Q706018,,{},{},{}
Q157271,Q1715,Q153943,,{},{},{}
Q157271,Q1715,Q565812,,{},{},{}
Q157271,Q1715,Q1206012,,{},{},{}
Q157303,Q204622,Q142,France,Europe,Catholic Europe,Very high human development
Q157322,Q216,Q37,Lithuania,Europe,Catholic Europe,Very high human development
Q157322,Q216,Q15180,,{},{},{}
Q157322,Q216,Q156031,,{},{},{}
Q157322,Q216,Q15180,,{},{},{}
Q157322,Q216,Q37,Lithuania,Europe,Catholic Europe,Very high human development
Q157322,Q216,Q15180,,{},{},{}
Q157322,Q216,Q36,Poland,Europe,Catholic Europe,Very high human development
Q157322,Q216,Q37,Lithuania,Europe,Catholic Europe,Very high human development
Q157322,Q216,Q34266,,{},{},{}
Q157322,Q216,Q570767,,{},{},{}
Q157322,Q216,Q172107,,{},{},{}
Q157322,Q216,Q49683,,{},{},{}
Q157322,Q216,Q76236,,{},{},{}
Q157322,Q216,Q80211,,{},{},{}
Q157322,Q216,Q523380,,{},{},{}
Q157322,Q216,Q15180,,{},{},{}
Q157326,Q8356,Q29,Spain,Europe,Catholic Europe,Very high human development
Q157326,Q8356,Q175276,,{},{},{}
Q157326,Q8356,Q217196,,{},{},{}
Q157970,Q1741,Q40,Austria,Europe,Catholic Europe,Very high human development
Q157970,Q1741,Q518101,,{},{},{}
Q157970,Q1741,Q28513,,{},{},{}
Q157970,Q1741,Q268970,,{},{},{}
Q157970,Q1741,Q131964,,{},{},{}
Q157970,Q1741,Q176495,,{},{},{}
Q157970,Q1741,Q7318,,{},{},{}
Q157970,Q1741,Q153136,,{},{},{}
Q157970,Q1741,Q699964,,{},{},{}
Q157970,Q1741,Q3624335,,{},{},{}
Q157970,Q1741,Q283627,,{},{},{}
Q157970,Q1741,Q47261,,{},{},{}
Q157970,Q1741,Q596239,,{},{},{}
Q158060,Q1144518,Q30,United States,North America,English-speaking,Very high human development
Q158394,Q36600,Q55,Netherlands,Europe,Protestant Europe,Very high human development
Q158394,Q36600,Q212278,,{},{},{}
Q158394,Q36600,Q71084,,{},{},{}
Q158394,Q36600,Q188553,,{},{},{}
Q158394,Q36600,Q170072,,{},{},{}
Q158394,Q36600,Q80702,,{},{},{}
Q158394,Q36600,Q1031430,,{},{},{}
Q158394,Q36600,Q762943,,{},{},{}
Q158878,Q205119,Q419,Peru,South America,Latin America,High human development
Q158997,Q1640912,Q30,United States,North America,English-speaking,Very high human development
Q159552,Q3413045,Q35,Denmark,Europe,Protestant Europe,Very high human development
Q159876,Q178385,Q219,Bulgaria,Europe,{},Very high human development
Q159876,Q178385,Q121932,,{},{},{}
Q159876,Q178385,Q147909,,{},{},{}
Q159876,Q178385,Q815731,,{},{},{}
Q159876,Q178385,Q459780,,{},{},{}
Q159876,Q178385,Q12560,,{},{},{}
Q160219,Q33486,Q30,United States,North America,English-speaking,Very high human development
Q160263,Q1218,Q48685,,{},{},{}
Q160263,Q1218,Q496922,,{},{},{}
Q160263,Q1218,Q15843470,,{},{},{}
Q160263,Q1218,Q12544,,{},{},{}
Q160263,Q1218,Q12407080,,{},{},{}
Q160263,Q1218,Q55502,,{},{},{}
Q160263,Q1218,Q180114,,{},{},{}
Q160263,Q1218,Q55502,,{},{},{}
Q160263,Q1218,Q180114,,{},{},{}
Q160263,Q1218,Q282428,,{},{},{}
Q160263,Q1218,Q12560,,{},{},{}
Q160263,Q1218,Q7075820,,{},{},{}
Q160263,Q1218,Q193714,,{},{},{}
Q160263,Q1218,Q801,Israel,Asia,West & South Asia,Very high human development
Q160263,Q1218,Q810,Jordan,Asia,African-Islamic,High human development
Q160263,Q1218,Q219060,Palestine,Asia,African-Islamic,{}
Q160534,Q49162,Q30,United States,North America,English-speaking,Very high human development
Q160783,Q275118,Q142,France,Europe,Catholic Europe,Very high human development
Q161819,Q2003600,Q145,United Kingdom,Europe,English-speaking,Very high human development
Q161842,Q1770,Q191,Estonia,Europe,Protestant Europe,Very high human development
Q161842,Q1770,Q15180,,{},{},{}
Q161842,Q1770,Q156031,,{},{},{}
Q161842,Q1770,Q15180,,{},{},{}
Q161842,Q1770,Q191,Estonia,Europe,Protestant Europe,Very high human development
Q161842,Q1770,Q139319,,{},{},{}
Q161842,Q1770,Q34266,,{},{},{}
Q161842,Q1770,Q34,Sweden,Europe,Protestant Europe,Very high human development
Q161842,Q1770,Q29140,,{},{},{}
Q161842,Q1770,Q35,Denmark,Europe,Protestant Europe,Very high human development
Q161842,Q1770,Q157605,,{},{},{}
Q161842,Q1770,Q35,Denmark,Europe,Protestant Europe,Very high human development
Q161955,Q1115228,Q142,France,Europe,Catholic Europe,Very high human development
Q162136,Q28230,Q35,Denmark,Europe,Protestant Europe,Very high human development
Q162511,Q484678,Q30,United States,North America,English-speaking,Very high human development
Q162740,Q1088758,Q403,Serbia,Europe,Orthodox Europe,Very high human development
Q162778,Q16899166,Q790,Haiti,North America,Latin America,Medium human development
Q162917,Q23482,Q142,France,Europe,Catholic Europe,Very high human development
Q163069,Q84,Q2277,,{},{},{}
Q163069,Q84,Q110888,,{},{},{}
Q163069,Q84,Q105092,,{},{},{}
Q163069,Q84,Q105313,,{},{},{}
Q163069,Q84,Q179876,,{},{},{}
Q163069,Q84,Q161885,,{},{},{}
Q163069,Q84,Q174193,,{},{},{}
Q163069,Q84,Q145,United Kingdom,Europe,English-speaking,Very high human development
Q163118,Q239,Q31,Belgium,Europe,Catholic Europe,Very high human development
Q163118,Q111901161,Q660393,,{},{},{}
Q163118,Q111901161,Q159856,,{},{},{}
Q163118,Q111901161,Q26234049,,{},{},{}
Q163118,Q111901161,Q58296,,{},{},{}
Q163118,Q111901161,Q71084,,{},{},{}
Q163118,Q111901161,Q2536329,,{},{},{}
Q163118,Q111901161,Q15864,,{},{},{}
Q163118,Q111901161,Q31,Belgium,Europe,Catholic Europe,Very high human development
Q163557,Q1085,Q213,Czech Republic,Europe,Orthodox Europe,{}
Q163557,Q1085,Q33946,,{},{},{}
Q163557,Q1085,Q28513,,{},{},{}
Q163557,Q1085,Q131964,,{},{},{}
Q163557,Q1085,Q42585,,{},{},{}
Q163557,Q1085,Q2162698,,{},{},{}
Q163557,Q1085,Q33946,,{},{},{}
Q163557,Q1085,Q152750,,{},{},{}
Q163557,Q1085,Q39193,,{},{},{}
Q163557,Q1085,Q12548,,{},{},{}
Q163747,Q210205,Q28,Hungary,Europe,Catholic Europe,Very high human development
Q163747,Q210205,Q28513,,{},{},{}
Q163747,Q210205,Q171150,,{},{},{}
Q163747,Q1781,Q28,Hungary,Europe,Catholic Europe,Very high human development
Q163747,Q1781,Q600018,,{},{},{}
Q163747,Q1781,Q16985296,,{},{},{}
Q163747,Q1781,Q243652,,{},{},{}
Q163747,Q1781,Q516160,,{},{},{}
Q163747,Q1781,Q28513,,{},{},{}
Q163747,Q1781,Q516160,,{},{},{}
Q163747,Q1781,Q940741,,{},{},{}
Q163747,Q1781,Q16410,,{},{},{}
Q164401,Q1952,Q16,Canada,North America,English-speaking,Very high human development
Q164401,Q7962713,Q16,Canada,North America,English-speaking,Very high human development
Q164967,Q2868,Q419,Peru,South America,Latin America,High human development
Q165357,Q1085,Q213,Czech Republic,Europe,Orthodox Europe,{}
Q165357,Q1085,Q33946,,{},{},{}
Q165357,Q1085,Q28513,,{},{},{}
Q165357,Q1085,Q131964,,{},{},{}
Q165357,Q1085,Q42585,,{},{},{}
Q165357,Q1085,Q2162698,,{},{},{}
Q165357,Q1085,Q33946,,{},{},{}
Q165357,Q1085,Q152750,,{},{},{}
Q165357,Q1085,Q39193,,{},{},{}
Q165357,Q1085,Q12548,,{},{},{}
Q165801,Q311975,Q145,United Kingdom,Europe,English-speaking,Very high human development
Q166351,Q47716,Q30,United States,North America,English-speaking,Very high human development
Q166590,Q992586,Q414,Argentina,South America,Latin America,Very high human development
Q167289,Q60,Q30,United States,North America,English-speaking,Very high human development
Q167768,Q1348,Q668,India,Asia,Indosphere,Medium human development
Q167768,Q1348,Q129286,,{},{},{}
Q167768,Q1348,Q2001966,,{},{},{}
Q167821,Q679753,Q30,United States,North America,English-speaking,Very high human development
Q167856,Q1550922,Q30,United States,North America,English-speaking,Very high human development
Q168004,Q1718,Q183,Germany,Europe,Catholic Europe,Very high human development
Q168040,Q48320,Q17,Japan,Asia,West & South Asia,Very high human development
Q168040,Q192859,Q31,Belgium,Europe,Catholic Europe,Very high human development
Q168269,Q1297,Q30,United States,North America,English-speaking,Very high human development
Q168431,Q50122,Q38,Italy,Europe,Catholic Europe,Very high human development
Q168441,Q1899,Q212,Ukraine,Europe,Orthodox Europe,High human development
Q168441,Q1899,Q15180,,{},{},{}
Q168441,Q1899,Q243610,,{},{},{}
Q168441,Q1899,Q139319,,{},{},{}
Q168441,Q1899,Q34266,,{},{},{}
Q168441,Q1899,Q186096,,{},{},{}
Q168441,Q1899,Q172107,,{},{},{}
Q168441,Q1899,Q49683,,{},{},{}
Q168441,Q1899,Q79965,,{},{},{}
Q168441,Q1899,Q1108445,,{},{},{}
Q168441,Q1899,Q1508143,,{},{},{}
Q168441,Q1899,Q46315,,{},{},{}
Q168441,Q1899,Q15180,,{},{},{}
Q168441,Q1899,Q15180,,{},{},{}
Q169566,Q18383,Q30,United States,North America,English-speaking,Very high human development
Q170509,Q60,Q30,United States,North America,English-speaking,Very high human development
Q170512,Q11936307,Q262,Algeria,Africa,African-Islamic,High human development
Q170512,Q11936307,Q142,France,Europe,Catholic Europe,Very high human development
Q171091,Q1297,Q30,United States,North America,English-speaking,Very high human development
Q171672,Q2887,Q298,Chile,South America,Latin America,Very high human development
Q171672,Q2887,Q763808,,{},{},{}
Q171672,Q2887,Q7145245,,{},{},{}
Q171672,Q2887,Q763808,,{},{},{}
Q171730,Q1377540,Q142,France,Europe,Catholic Europe,Very high human development
Q172140,Q1297,Q30,United States,North America,English-speaking,Very high human development
Q172684,Q546635,Q145,United Kingdom,Europe,English-speaking,Very high human development
Q173540,Q23556,Q30,United States,North America,English-speaking,Very high human development
Q174152,Q79980,Q668,India,Asia,Indosphere,Medium human development
Q174152,Q79980,Q129286,,{},{},{}
Q174152,Q79980,Q33296,,{},{},{}
Q174181,Q24826,Q145,United Kingdom,Europe,English-speaking,Very high human development
Q175204,Q767011,Q29,Spain,Europe,Catholic Europe,Very high human development
Q175205,Q2275932,Q30,United States,North America,English-speaking,Very high human development
Q175392,Q117,Q200464,,{},{},{}
Q175392,Q117,Q117,Ghana,Africa,Sub-Saharan Africa,Medium human development
Q176049,Q271395,Q30,United States,North America,English-speaking,Very high human development
Q176246,Q172455,Q142,France,Europe,Catholic Europe,Very high human development
Q176405,Q1563,Q241,Cuba,North America,Latin America,High human development
Q176405,Q1563,Q80702,,{},{},{}
Q176558,Q1342,Q30,United States,North America,English-speaking,Very high human development
Q176579,Q1055394,Q17,Japan,Asia,West & South Asia,Very high human development
Q176668,Q1048292,Q403,Serbia,Europe,Orthodox Europe,Very high human development
Q176736,Q40120,Q38,Italy,Europe,Catholic Europe,Very high human development
Q176896,Q3461706,Q16,Canada,North America,English-speaking,Very high human development
Q176909,Q79867,Q30,United States,North America,English-speaking,Very high human development
Q177300,Q71724,Q142,France,Europe,Catholic Europe,Very high human development
Q177411,Q234274,Q142,France,Europe,Catholic Europe,Very high human development
Q177565,Q7003,Q142,France,Europe,Catholic Europe,Very high human development
Q178100,Q1761,Q174193,,{},{},{}
Q178100,Q1761,Q215530,,{},{},{}
Q178100,Q1761,Q27,Ireland,Europe,English-speaking,Very high human development
Q178100,Q1761,Q31747,,{},{},{}
Q178100,Q1761,Q844250,,{},{},{}
Q178225,Q1906588,Q27,Ireland,Europe,English-speaking,Very high human development
Q178403,Q1018540,Q145,United Kingdom,Europe,English-speaking,Very high human development
Q178403,Q23436,Q145,United Kingdom,Europe,English-speaking,Very high human development
Q178403,Q23436,Q174193,,{},{},{}
Q178403,Q23436,Q161885,,{},{},{}
Q178403,Q23436,Q230791,,{},{},{}
Q178602,Q84,Q2277,,{},{},{}
Q178602,Q84,Q110888,,{},{},{}
Q178602,Q84,Q105092,,{},{},{}
Q178602,Q84,Q105313,,{},{},{}
Q178602,Q84,Q179876,,{},{},{}
Q178602,Q84,Q161885,,{},{},{}
Q178602,Q84,Q174193,,{},{},{}
Q178602,Q84,Q145,United Kingdom,Europe,English-speaking,Very high human development
Q179059,Q212088,Q145,United Kingdom,Europe,English-speaking,Very high human development
Q179065,Q1563,Q241,Cuba,North America,Latin America,High human development
Q179065,Q1563,Q80702,,{},{},{}
Q179463,Q389495,Q17,Japan,Asia,West & South Asia,Very high human development
Q179680,Q90,Q142,France,Europe,Catholic Europe,Very high human development
Q179680,Q90,Q70972,,{},{},{}
Q179680,Q90,Q146246,,{},{},{}
Q179680,Q90,Q2748708,,{},{},{}
Q179680,Q90,Q142,France,Europe,Catholic Europe,Very high human development
Q179680,Q90,Q71084,,{},{},{}
Q179680,Q90,Q58296,,{},{},{}
Q179695,Q173690,Q222,Albania,Europe,Catholic Europe,Very high human development
Q180038,Q185352,Q142,France,Europe,Catholic Europe,Very high human development
Q180223,Q60,Q30,United States,North America,English-speaking,Very high human development
Q180251,Q18426,Q30,United States,North America,English-speaking,Very high human development
Q180339,Q617,Q38,Italy,Europe,Catholic Europe,Very high human development
Q180339,Q617,Q131964,,{},{},{}
Q180339,Q617,Q223936,,{},{},{}
Q180339,Q617,Q131964,,{},{},{}
Q180339,Q617,Q153136,,{},{},{}
Q180339,Q617,Q4948,,{},{},{}
Q180373,Q576671,Q30,United States,North America,English-speaking,Very high human development
Q180377,Q1297,Q30,United States,North America,English-speaking,Very high human development
Q180626,Q286266,Q148,People's Republic of China,Asia,Confucian,{}
Q180680,Q29245,Q145,United Kingdom,Europe,English-speaking,Very high human development
Q180903,Q11419038,Q17,Japan,Asia,West & South Asia,Very high human development
Q180962,Q995231,Q30,United States,North America,English-speaking,Very high human development
Q181034,Q5083,Q30,United States,North America,English-speaking,Very high human development
Q181082,Q100,Q30,United States,North America,English-speaking,Very high human development
Q181082,Q100,Q2079909,,{},{},{}
Q181082,Q100,Q1191350,,{},{},{}
Q181573,Q40811,Q230,Georgia,Asia,Orthodox Europe,Very high human development
Q181573,Q40811,Q12544,,{},{},{}
Q181573,Q40811,Q325493,,{},{},{}
Q181573,Q40811,Q154667,,{},{},{}
Q181573,Q40811,Q1069959,,{},{},{}
Q181573,Q40811,Q12560,,{},{},{}
Q181573,Q40811,Q34266,,{},{},{}
Q181573,Q40811,Q139319,,{},{},{}
Q181573,Q40811,Q330756,,{},{},{}
Q181573,Q40811,Q245160,,{},{},{}
Q181573,Q40811,Q307041,,{},{},{}
Q181573,Q40811,Q55659450,,{},{},{}
Q181573,Q40811,Q545205,,{},{},{}
Q181573,Q40811,Q15180,,{},{},{}
Q181573,Q40811,Q230,Georgia,Asia,Orthodox Europe,Very high human development
Q181573,Q40811,Q31354462,,{},{},{}
Q181659,Q484678,Q30,United States,North America,English-speaking,Very high human development
Q181667,Q60,Q30,United States,North America,English-speaking,Very high human development
Q181677,Q812589,Q30,United States,North America,English-speaking,Very high human development
Q181716,Q16557,Q30,United States,North America,English-speaking,Very high human development
Q181730,Q3130,Q408,Australia,Australia,English-speaking,Very high human development
Q181799,Q18419,Q30,United States,North America,English-speaking,Very high human development
Q181917,Q84,Q2277,,{},{},{}
Q181917,Q84,Q110888,,{},{},{}
Q181917,Q84,Q105092,,{},{},{}
Q181917,Q84,Q105313,,{},{},{}
Q181917,Q84,Q179876,,{},{},{}
Q181917,Q84,Q161885,,{},{},{}
Q181917,Q84,Q174193,,{},{},{}
Q181917,Q84,Q145,United Kingdom,Europe,English-speaking,Very high human development
Q181920,Q495880,Q30,United States,North America,English-speaking,Very high human development
Q182047,Q238803,Q145,United Kingdom,Europe,English-speaking,Very high human development
Q182658,Q79496,Q30,United States,North America,English-speaking,Very high human development
Q182788,Q25280,Q30,United States,North America,English-speaking,Very high human development
Q182788,Q5665249,Q30,United States,North America,English-speaking,Very high human development
Q182870,Q60,Q30,United States,North America,English-speaking,Very high human development
Q182874,Q16666,Q148,People's Republic of China,Asia,Confucian,{}
Q182874,Q16666,Q13426199,,{},{},{}
Q182874,Q16666,Q12060881,,{},{},{}
Q182934,Q47002,Q408,Australia,Australia,English-speaking,Very high human development
Q183007,Q10084,Q55,Netherlands,Europe,Protestant Europe,Very high human development
Q183167,Q288781,Q145,United Kingdom,Europe,English-speaking,Very high human development
Q183167,Q288781,Q174193,,{},{},{}
Q183167,Q288781,Q161885,,{},{},{}
Q183167,Q288781,Q179876,,{},{},{}
Q183167,Q84,Q2277,,{},{},{}
Q183167,Q84,Q110888,,{},{},{}
Q183167,Q84,Q105092,,{},{},{}
Q183167,Q84,Q105313,,{},{},{}
Q183167,Q84,Q179876,,{},{},{}
Q183167,Q84,Q161885,,{},{},{}
Q183167,Q84,Q174193,,{},{},{}
Q183167,Q84,Q145,United Kingdom,Europe,English-speaking,Very high human development
Q183492,Q1930,Q16,Canada,North America,English-speaking,Very high human development
Q183713,Q184023,Q142,France,Europe,Catholic Europe,Very high human development
Q184440,Q460750,Q155,Brazil,South America,Latin America,High human development
Q184535,Q649,Q11750528,,{},{},{}
Q184535,Q649,Q170770,,{},{},{}
Q184535,Q649,Q186096,,{},{},{}
Q184535,Q649,Q34266,,{},{},{}
Q184535,Q649,Q139319,,{},{},{}
Q184535,Q649,Q2305208,,{},{},{}
Q184535,Q649,Q15180,,{},{},{}
Q184535,Q649,Q159,Russia,Europe,Orthodox Europe,{}
Q184622,Q245546,Q142,France,Europe,Catholic Europe,Very high human development
Q184622,Q90,Q142,France,Europe,Catholic Europe,Very high human development
Q184622,Q90,Q70972,,{},{},{}
Q184622,Q90,Q146246,,{},{},{}
Q184622,Q90,Q2748708,,{},{},{}
Q184622,Q90,Q142,France,Europe,Catholic Europe,Very high human development
Q184622,Q90,Q71084,,{},{},{}
Q184622,Q90,Q58296,,{},{},{}
Q184785,Q34404,Q30,United States,North America,English-speaking,Very high human development
Q185085,Q65559008,Q29,Spain,Europe,Catholic Europe,Very high human development
Q185333,Q34692,Q766,Jamaica,North America,English-speaking,High human development
Q185406,Q911609,Q30,United States,North America,English-speaking,Very high human development
Q185548,Q585,Q20,Norway,Europe,Protestant Europe,Very high human development
Q185548,Q585,Q62589,,{},{},{}
Q185548,Q585,Q2597352,,{},{},{}
Q185548,Q585,Q62651,,{},{},{}
Q185636,Q3281850,Q1041,Senegal,Africa,{},Low human development
Q185696,Q279890,Q30,United States,North America,English-speaking,Very high human development
Q185714,Q18419,Q30,United States,North America,English-speaking,Very high human development
Q185735,Q30,Q30,United States,North America,English-speaking,Very high human development
Q185743,Q10659410,Q34,Sweden,Europe,Protestant Europe,Very high human development
Q185860,Q3141,Q408,Australia,Australia,English-speaking,Very high human development
Q186221,Q90,Q142,France,Europe,Catholic Europe,Very high human development
Q186221,Q90,Q70972,,{},{},{}
Q186221,Q90,Q146246,,{},{},{}
Q186221,Q90,Q2748708,,{},{},{}
Q186221,Q90,Q142,France,Europe,Catholic Europe,Very high human development
Q186221,Q90,Q71084,,{},{},{}
Q186221,Q90,Q58296,,{},{},{}
Q186273,Q235130,Q17,Japan,Asia,West & South Asia,Very high human development
Q186326,Q7473516,Q17,Japan,Asia,West & South Asia,Very high human development
Q186335,Q5092,Q30,United States,North America,English-speaking,Very high human development
Q186630,Q2280901,Q414,Argentina,South America,Latin America,Very high human development
Q186779,Q172455,Q142,France,Europe,Catholic Europe,Very high human development
Q187019,Q25395,Q30,United States,North America,English-speaking,Very high human development
Q187019,Q60,Q30,United States,North America,English-speaking,Very high human development
Q187085,Q281749,Q145,United Kingdom,Europe,English-speaking,Very high human development
Q187324,Q29364,Q30,United States,North America,English-speaking,Very high human development
Q187331,Q18419,Q30,United States,North America,English-speaking,Very high human development
Q187424,Q2096,Q16,Canada,North America,English-speaking,Very high human development
Q187765,Q1189975,Q30,United States,North America,English-speaking,Very high human development
Q188093,Q317865,Q30,United States,North America,English-speaking,Very high human development
Q188117,Q65,Q30,United States,North America,English-speaking,Very high human development
Q188176,Q38022,Q30,United States,North America,English-speaking,Very high human development
Q188286,Q1342,Q30,United States,North America,English-speaking,Very high human development
Q188388,Q987,Q668,India,Asia,Indosphere,Medium human development
Q188388,Q987,Q129286,,{},{},{}
Q188440,Q1297,Q30,United States,North America,English-speaking,Very high human development
Q188569,Q1012031,Q145,United Kingdom,Europe,English-speaking,Very high human development
Q188838,Q1486,Q414,Argentina,South America,Latin America,Very high human development
Q188848,Q9093903,Q414,Argentina,South America,Latin America,Very high human development
Q188987,Q659823,Q30,United States,North America,English-speaking,Very high human development
Q189042,Q22062767,Q155,Brazil,South America,Latin America,High human development
Q189119,Q84,Q2277,,{},{},{}
Q189119,Q84,Q110888,,{},{},{}
Q189119,Q84,Q105092,,{},{},{}
Q189119,Q84,Q105313,,{},{},{}
Q189119,Q84,Q179876,,{},{},{}
Q189119,Q84,Q161885,,{},{},{}
Q189119,Q84,Q174193,,{},{},{}
Q189119,Q84,Q145,United Kingdom,Europe,English-speaking,Very high human development
Q189642,Q18575,Q30,United States,North America,English-speaking,Very high human development
Q189869,Q11974,Q29,Spain,Europe,Catholic Europe,Very high human development
Q190220,Q130191,Q145,United Kingdom,Europe,English-speaking,Very high human development
Q190379,Q646980,Q145,United Kingdom,Europe,English-speaking,Very high human development
Q191023,Q23051,Q145,United Kingdom,Europe,English-speaking,Very high human development
Q191305,Q2845760,Q142,France,Europe,Catholic Europe,Very high human development
Q191305,Q90,Q142,France,Europe,Catholic Europe,Very high human development
Q191305,Q90,Q70972,,{},{},{}
Q191305,Q90,Q146246,,{},{},{}
Q191305,Q90,Q2748708,,{},{},{}
Q191305,Q90,Q142,France,Europe,Catholic Europe,Very high human development
Q191305,Q90,Q71084,,{},{},{}
Q191305,Q90,Q58296,,{},{},{}
Q191716,Q16562,Q30,United States,North America,English-speaking,Very high human development
Q192069,Q84,Q2277,,{},{},{}
Q192069,Q84,Q110888,,{},{},{}
Q192069,Q84,Q105092,,{},{},{}
Q192069,Q84,Q105313,,{},{},{}
Q192069,Q84,Q179876,,{},{},{}
Q192069,Q84,Q161885,,{},{},{}
Q192069,Q84,Q174193,,{},{},{}
Q192069,Q84,Q145,United Kingdom,Europe,English-speaking,Very high human development
Q192069,Q3305828,Q145,United Kingdom,Europe,English-speaking,Very high human development
Q192279,Q184220,Q159,Russia,Europe,Orthodox Europe,{}
Q192279,Q184220,Q15180,,{},{},{}
Q192279,Q184220,Q34266,,{},{},{}
Q192331,Q5332,Q186096,,{},{},{}
Q192331,Q5332,Q34266,,{},{},{}
Q192331,Q5332,Q139319,,{},{},{}
Q192331,Q5332,Q2305208,,{},{},{}
Q192331,Q5332,Q15180,,{},{},{}
Q192331,Q5332,Q159,Russia,Europe,Orthodox Europe,{}
Q192668,Q2288705,Q408,Australia,Australia,English-speaking,Very high human development
Q192912,Q25610,Q174193,,{},{},{}
Q192912,Q25610,Q145,United Kingdom,Europe,English-speaking,Very high human development
Q193111,Q1757,Q33,Finland,Europe,Catholic Europe,Very high human development
Q193111,Q1757,Q34266,,{},{},{}
Q193111,Q1757,Q34,Sweden,Europe,Protestant Europe,Very high human development
Q193111,Q1757,Q1811029,,{},{},{}
Q193116,Q5838,Q889,Afghanistan,Asia,West & South Asia,Low human development
Q193116,Q5838,Q389688,,{},{},{}
Q193116,Q5838,Q93180,,{},{},{}
Q193116,Q5838,Q62943,,{},{},{}
Q193116,Q5838,Q488880,,{},{},{}
Q193116,Q5838,Q240123,,{},{},{}
Q193116,Q5838,Q25979,,{},{},{}
Q193116,Q5838,Q83891,,{},{},{}
Q193116,Q5838,Q26996,,{},{},{}
Q193116,Q5838,Q26576,,{},{},{}
Q193116,Q5838,Q486181,,{},{},{}
Q193116,Q5838,Q12844800,,{},{},{}
Q193116,Q5838,Q199443,,{},{},{}
Q193116,Q5838,Q63134381,,{},{},{}
Q193116,Q5838,Q487829,,{},{},{}
Q193116,Q5838,Q33296,,{},{},{}
Q193116,Q5838,Q467627,,{},{},{}
Q193116,Q5838,Q427941,,{},{},{}
Q193116,Q5838,Q3853673,,{},{},{}
Q193116,Q5838,Q794,Iran,Asia,African-Islamic,{}
Q193156,Q754085,Q30,United States,North America,English-speaking,Very high human development
Q193357,Q84,Q2277,,{},{},{}
Q193357,Q84,Q110888,,{},{},{}
Q193357,Q84,Q105092,,{},{},{}
Q193357,Q84,Q105313,,{},{},{}
Q193357,Q84,Q179876,,{},{},{}
Q193357,Q84,Q161885,,{},{},{}
Q193357,Q84,Q174193,,{},{},{}
Q193357,Q84,Q145,United Kingdom,Europe,English-speaking,Very high human development
Q193608,Q782574,Q30,United States,North America,English-speaking,Very high human development
Q193660,Q8826,Q29,Spain,Europe,Catholic Europe,Very high human development
Q196773,Q2296107,Q801,Israel,Asia,West & South Asia,Very high human development
Q197155,Q2170587,Q13426199,,{},{},{}
Q197155,Q2170587,Q8733,,{},{},{}
Q197155,Q8686,Q148,People's Republic of China,Asia,Confucian,{}
Q197155,Q8686,Q13426199,,{},{},{}
Q197155,Q8686,Q696242,,{},{},{}
Q197155,Q8686,Q708865,,{},{},{}
Q197155,Q8686,Q4375948,,{},{},{}
Q197155,Q8686,Q13426199,,{},{},{}
Q197155,Q8686,Q148,People's Republic of China,Asia,Confucian,{}
Q198025,Q42780,Q148,People's Republic of China,Asia,Confucian,{}
Q198621,Q47465,Q142,France,Europe,Catholic Europe,Very high human development
Q198644,Q41604,Q142,France,Europe,Catholic Europe,Very high human development
Q199228,Q78654173,Q142,France,Europe,Catholic Europe,Very high human development
Q199588,Q2044,Q172579,,{},{},{}
Q199588,Q2044,Q1867844,,{},{},{}
Q199588,Q2044,Q148540,,{},{},{}
Q199588,Q2044,Q2252973,,{},{},{}
Q199588,Q2044,Q154849,,{},{},{}
Q199588,Q2044,Q223793,,{},{},{}
Q199588,Q2044,Q142,France,Europe,Catholic Europe,Very high human development
Q199588,Q2044,Q154849,,{},{},{}
Q199588,Q2044,Q2268597,,{},{},{}
Q199588,Q2044,Q38,Italy,Europe,Catholic Europe,Very high human development
Q199588,Q2044,Q2577303,,{},{},{}
Q199644,Q1754397,Q155,Brazil,South America,Latin America,High human development
Q200661,Q3311403,Q96,Mexico,North America,Latin America,High human development
Q201315,Q2807,Q29,Spain,Europe,Catholic Europe,Very high human development
Q201433,Q3183,Q408,Australia,Australia,English-speaking,Very high human development
Q201579,Q1781,Q28,Hungary,Europe,Catholic Europe,Very high human development
Q201579,Q1781,Q600018,,{},{},{}
Q201579,Q1781,Q16985296,,{},{},{}
Q201579,Q1781,Q243652,,{},{},{}
Q201579,Q1781,Q516160,,{},{},{}
Q201579,Q1781,Q28513,,{},{},{}
Q201579,Q1781,Q516160,,{},{},{}
Q201579,Q1781,Q940741,,{},{},{}
Q201579,Q1781,Q16410,,{},{},{}
Q201580,Q188806,Q17,Japan,Asia,West & South Asia,Very high human development
Q201732,Q736742,Q145,United Kingdom,Europe,English-speaking,Very high human development
Q201858,Q491911,Q30,United States,North America,English-speaking,Very high human development
Q201862,Q22595,Q30,United States,North America,English-speaking,Very high human development
Q202122,Q49270,Q30,United States,North America,English-speaking,Very high human development
Q202355,Q3630,Q252,Indonesia,Asia,West & South Asia,High human development
Q202693,Q585,Q20,Norway,Europe,Protestant Europe,Very high human development
Q202693,Q585,Q62589,,{},{},{}
Q202693,Q585,Q2597352,,{},{},{}
Q202693,Q585,Q62651,,{},{},{}
Q203460,Q1930131,Q30,United States,North America,English-speaking,Very high human development
Q203533,Q1187137,Q28,Hungary,Europe,Catholic Europe,Very high human development
Q203623,Q174,Q155,Brazil,South America,Latin America,High human development
Q204168,Q1379621,Q30,United States,North America,English-speaking,Very high human development
Q204426,Q146702,Q145,United Kingdom,Europe,English-speaking,Very high human development
Q204868,Q157447,Q159,Russia,Europe,Orthodox Europe,{}
Q204868,Q157447,Q34266,,{},{},{}
Q204868,Q157447,Q15180,,{},{},{}
Q204868,Q157447,Q186096,,{},{},{}
Q205111,Q49201,Q30,United States,North America,English-speaking,Very high human development
Q205739,Q192240,Q145,United Kingdom,Europe,English-speaking,Very high human development
Q206022,Q172438,Q145,United Kingdom,Europe,English-speaking,Very high human development
Q206534,Q25395,Q30,United States,North America,English-speaking,Very high human development
Q207036,Q84,Q2277,,{},{},{}
Q207036,Q84,Q110888,,{},{},{}
Q207036,Q84,Q105092,,{},{},{}
Q207036,Q84,Q105313,,{},{},{}
Q207036,Q84,Q179876,,{},{},{}
Q207036,Q84,Q161885,,{},{},{}
Q207036,Q84,Q174193,,{},{},{}
Q207036,Q84,Q145,United Kingdom,Europe,English-speaking,Very high human development
Q207036,Q26318174,Q145,United Kingdom,Europe,English-speaking,Very high human development
Q207356,Q43301,Q30,United States,North America,English-speaking,Very high human development
Q207515,Q213465,Q145,United Kingdom,Europe,English-speaking,Very high human development
Q207544,Q2533923,Q30,United States,North America,English-speaking,Very high human development
Q207640,Q3053758,Q30,United States,North America,English-speaking,Very high human development
Q207676,Q754434,Q30,United States,North America,English-speaking,Very high human development
Q208101,Q60,Q30,United States,North America,English-speaking,Very high human development
Q208101,Q628201,Q30,United States,North America,English-speaking,Very high human development
Q208117,Q370972,Q30,United States,North America,English-speaking,Very high human development
Q208685,Q4999750,Q145,United Kingdom,Europe,English-speaking,Very high human development
Q208869,Q18419,Q30,United States,North America,English-speaking,Very high human development
Q209004,Q23879935,Q159,Russia,Europe,Orthodox Europe,{}
Q209004,Q23879935,Q34266,,{},{},{}
Q209641,Q203349,Q145,United Kingdom,Europe,English-speaking,Very high human development
Q210059,Q1238552,Q145,United Kingdom,Europe,English-speaking,Very high human development
Q210669,Q10690,Q145,United Kingdom,Europe,English-speaking,Very high human development
Q210740,Q84,Q2277,,{},{},{}
Q210740,Q84,Q110888,,{},{},{}
Q210740,Q84,Q105092,,{},{},{}
Q210740,Q84,Q105313,,{},{},{}
Q210740,Q84,Q179876,,{},{},{}
Q210740,Q84,Q161885,,{},{},{}
Q210740,Q84,Q174193,,{},{},{}
Q210740,Q84,Q145,United Kingdom,Europe,English-speaking,Very high human development
Q210741,Q279000,Q145,United Kingdom,Europe,English-speaking,Very high human development
Q210798,Q90,Q142,France,Europe,Catholic Europe,Very high human development
Q210798,Q90,Q70972,,{},{},{}
Q210798,Q90,Q146246,,{},{},{}
Q210798,Q90,Q2748708,,{},{},{}
Q210798,Q90,Q142,France,Europe,Catholic Europe,Very high human development
Q210798,Q90,Q71084,,{},{},{}
Q210798,Q90,Q58296,,{},{},{}
Q211029,Q79867,Q30,United States,North America,English-speaking,Very high human development
Q211039,Q4661348,Q35,Denmark,Europe,Protestant Europe,Very high human development
Q211542,Q593942,Q33,Finland,Europe,Catholic Europe,Very high human development
Q211566,Q303794,Q30,United States,North America,English-speaking,Very high human development
Q211785,Q4430759,Q159,Russia,Europe,Orthodox Europe,{}
Q211893,Q209126,Q27,Ireland,Europe,English-speaking,Very high human development
Q212097,Q88,Q30,United States,North America,English-speaking,Very high human development
Q212476,Q41604,Q142,France,Europe,Catholic Europe,Very high human development
Q212575,Q656,Q159,Russia,Europe,Orthodox Europe,{}
Q212575,Q656,Q15180,,{},{},{}
Q212575,Q656,Q2305208,,{},{},{}
Q212575,Q656,Q34266,,{},{},{}
Q212575,Q656,Q139319,,{},{},{}
Q212575,Q656,Q186096,,{},{},{}
Q212632,Q649,Q11750528,,{},{},{}
Q212632,Q649,Q170770,,{},{},{}
Q212632,Q649,Q186096,,{},{},{}
Q212632,Q649,Q34266,,{},{},{}
Q212632,Q649,Q139319,,{},{},{}
Q212632,Q649,Q2305208,,{},{},{}
Q212632,Q649,Q15180,,{},{},{}
Q212632,Q649,Q159,Russia,Europe,Orthodox Europe,{}
Q212727,Q975,Q30,United States,North America,English-speaking,Very high human development
Q212801,Q207752,Q668,India,Asia,Indosphere,Medium human development
Q213482,Q2656,Q38,Italy,Europe,Catholic Europe,Very high human development
Q213482,Q2656,Q180393,,{},{},{}
Q213482,Q2656,Q188586,,{},{},{}
Q213549,Q1794,Q146246,,{},{},{}
Q213549,Q1794,Q153080,,{},{},{}
Q213549,Q1794,Q12548,,{},{},{}
Q213549,Q1794,Q704312,,{},{},{}
Q213549,Q1794,Q704300,,{},{},{}
Q213549,Q1794,Q151624,,{},{},{}
Q213549,Q1794,Q27306,,{},{},{}
Q213549,Q1794,Q1206012,,{},{},{}
Q213549,Q1794,Q41304,,{},{},{}
Q213549,Q1794,Q7318,,{},{},{}
Q213549,Q1794,Q2415901,,{},{},{}
Q213549,Q1794,Q713750,,{},{},{}
Q213549,Q1794,Q183,Germany,Europe,Catholic Europe,Very high human development
Q213614,Q90,Q142,France,Europe,Catholic Europe,Very high human development
Q213614,Q90,Q70972,,{},{},{}
Q213614,Q90,Q146246,,{},{},{}
Q213614,Q90,Q2748708,,{},{},{}
Q213614,Q90,Q142,France,Europe,Catholic Europe,Very high human development
Q213614,Q90,Q71084,,{},{},{}
Q213614,Q90,Q58296,,{},{},{}
Q213806,Q1741,Q40,Austria,Europe,Catholic Europe,Very high human development
Q213806,Q1741,Q518101,,{},{},{}
Q213806,Q1741,Q28513,,{},{},{}
Q213806,Q1741,Q268970,,{},{},{}
Q213806,Q1741,Q131964,,{},{},{}
Q213806,Q1741,Q176495,,{},{},{}
Q213806,Q1741,Q7318,,{},{},{}
Q213806,Q1741,Q153136,,{},{},{}
Q213806,Q1741,Q699964,,{},{},{}
Q213806,Q1741,Q3624335,,{},{},{}
Q213806,Q1741,Q283627,,{},{},{}
Q213806,Q1741,Q47261,,{},{},{}
Q213806,Q1741,Q596239,,{},{},{}
Q213997,Q195683,Q159,Russia,Europe,Orthodox Europe,{}
Q213997,Q195683,Q34266,,{},{},{}
Q214042,Q2973,Q183,Germany,Europe,Catholic Europe,Very high human development
Q214042,Q2973,Q43287,,{},{},{}
Q214042,Q2973,Q41304,,{},{},{}
Q214042,Q2973,Q7318,,{},{},{}
Q214042,Q2973,Q2415901,,{},{},{}
Q214042,Q2973,Q713750,,{},{},{}
Q214042,Q2973,Q20135,,{},{},{}
Q214565,Q1045096,Q145,United Kingdom,Europe,English-speaking,Very high human development
Q214565,Q256382,Q145,United Kingdom,Europe,English-speaking,Very high human development
Q214622,Q160544,Q41,Greece,Europe,Orthodox Europe,Very high human development
Q214622,Q160544,Q12560,,{},{},{}
Q214622,Q160544,Q12560,,{},{},{}
Q214622,Q160544,Q4948,,{},{},{}
Q214622,Q160544,Q12544,,{},{},{}
Q214622,Q160544,Q603771,,{},{},{}
Q214623,Q210205,Q28,Hungary,Europe,Catholic Europe,Very high human development
Q214623,Q210205,Q28513,,{},{},{}
Q214623,Q210205,Q171150,,{},{},{}
Q214642,Q25395,Q30,United States,North America,English-speaking,Very high human development
Q214660,Q541590,Q145,United Kingdom,Europe,English-speaking,Very high human development
Q214677,Q429687,Q30,United States,North America,English-speaking,Very high human development
Q214798,Q64,Q148499,,{},{},{}
Q214798,Q64,Q157367,,{},{},{}
Q214798,Q64,Q27306,,{},{},{}
Q214798,Q64,Q150981,,{},{},{}
Q214798,Q64,Q43287,,{},{},{}
Q214798,Q64,Q41304,,{},{},{}
Q214798,Q64,Q7318,,{},{},{}
Q214798,Q64,Q55300,,{},{},{}
Q214798,Q64,Q16957,,{},{},{}
Q214798,Q64,Q183,Germany,Europe,Catholic Europe,Very high human development
Q214798,Q64,Q713750,,{},{},{}
Q215436,Q1741,Q40,Austria,Europe,Catholic Europe,Very high human development
Q215436,Q1741,Q518101,,{},{},{}
Q215436,Q1741,Q28513,,{},{},{}
Q215436,Q1741,Q268970,,{},{},{}
Q215436,Q1741,Q131964,,{},{},{}
Q215436,Q1741,Q176495,,{},{},{}
Q215436,Q1741,Q7318,,{},{},{}
Q215436,Q1741,Q153136,,{},{},{}
Q215436,Q1741,Q699964,,{},{},{}
Q215436,Q1741,Q3624335,,{},{},{}
Q215436,Q1741,Q283627,,{},{},{}
Q215436,Q1741,Q47261,,{},{},{}
Q215436,Q1741,Q596239,,{},{},{}
Q215868,Q1010015,Q30,United States,North America,English-speaking,Very high human development
Q216098,Q64,Q148499,,{},{},{}
Q216098,Q64,Q157367,,{},{},{}
Q216098,Q64,Q27306,,{},{},{}
Q216098,Q64,Q150981,,{},{},{}
Q216098,Q64,Q43287,,{},{},{}
Q216098,Q64,Q41304,,{},{},{}
Q216098,Q64,Q7318,,{},{},{}
Q216098,Q64,Q55300,,{},{},{}
Q216098,Q64,Q16957,,{},{},{}
Q216098,Q64,Q183,Germany,Europe,Catholic Europe,Very high human development
Q216098,Q64,Q713750,,{},{},{}
Q216127,Q1713454,Q183,Germany,Europe,Catholic Europe,Very high human development
Q216134,Q5092,Q30,United States,North America,English-speaking,Very high human development
Q216143,Q1781,Q28,Hungary,Europe,Catholic Europe,Very high human development
Q216143,Q1781,Q600018,,{},{},{}
Q216143,Q1781,Q16985296,,{},{},{}
Q216143,Q1781,Q243652,,{},{},{}
Q216143,Q1781,Q516160,,{},{},{}
Q216143,Q1781,Q28513,,{},{},{}
Q216143,Q1781,Q516160,,{},{},{}
Q216143,Q1781,Q940741,,{},{},{}
Q216143,Q1781,Q16410,,{},{},{}
Q216195,Q43421,Q30,United States,North America,English-speaking,Very high human development
Q216266,Q12193,Q142,France,Europe,Catholic Europe,Very high human development
Q216266,Q386090,Q142,France,Europe,Catholic Europe,Very high human development
Q216398,Q41262,Q145,United Kingdom,Europe,English-speaking,Very high human development
Q216466,Q807,Q39,Switzerland,Europe,Catholic Europe,Very high human development
Q216466,Q1563,Q241,Cuba,North America,Latin America,High human development
Q216466,Q1563,Q80702,,{},{},{}
Q216478,Q546,Q172579,,{},{},{}
Q216478,Q546,Q153136,,{},{},{}
Q216478,Q546,Q131964,,{},{},{}
Q216478,Q546,Q28513,,{},{},{}
Q216478,Q546,Q391980,,{},{},{}
Q216478,Q546,Q38,Italy,Europe,Catholic Europe,Very high human development
Q216478,Q546,Q4948,,{},{},{}
Q216692,Q26793,Q20,Norway,Europe,Protestant Europe,Very high human development
Q216692,Q26793,Q62589,,{},{},{}
Q216692,Q26793,Q2597352,,{},{},{}
Q216692,Q26793,Q62651,,{},{},{}
Q216896,Q955426,Q30,United States,North America,English-speaking,Very high human development
Q216904,Q10615509,Q33,Finland,Europe,Catholic Europe,Very high human development
Q217110,Q693638,Q30,United States,North America,English-speaking,Very high human development
Q217388,Q172455,Q142,France,Europe,Catholic Europe,Very high human development
Q217470,Q4387721,Q159,Russia,Europe,Orthodox Europe,{}
Q217470,Q4387721,Q34266,,{},{},{}
Q217470,Q4387721,Q15180,,{},{},{}
Q217470,Q4387721,Q186096,,{},{},{}
Q217470,Q649,Q11750528,,{},{},{}
Q217470,Q649,Q170770,,{},{},{}
Q217470,Q649,Q186096,,{},{},{}
Q217470,Q649,Q34266,,{},{},{}
Q217470,Q649,Q139319,,{},{},{}
Q217470,Q649,Q2305208,,{},{},{}
Q217470,Q649,Q15180,,{},{},{}
Q217470,Q649,Q159,Russia,Europe,Orthodox Europe,{}
Q217495,Q1761,Q174193,,{},{},{}
Q217495,Q1761,Q215530,,{},{},{}
Q217495,Q1761,Q27,Ireland,Europe,English-speaking,Very high human development
Q217495,Q1761,Q31747,,{},{},{}
Q217495,Q1761,Q844250,,{},{},{}
Q217557,Q1077109,Q30,United States,North America,English-speaking,Very high human development
Q217619,Q4496047,Q145,United Kingdom,Europe,English-speaking,Very high human development
Q217619,Q18125,Q145,United Kingdom,Europe,English-speaking,Very high human development
Q217619,Q18125,Q174193,,{},{},{}
Q217619,Q18125,Q161885,,{},{},{}
Q217619,Q18125,Q179876,,{},{},{}
Q218001,Q5083,Q30,United States,North America,English-speaking,Very high human development
Q218679,Q1141101,Q142,France,Europe,Catholic Europe,Very high human development
Q218690,Q42810,Q142,France,Europe,Catholic Europe,Very high human development
Q218698,Q504530,Q145,United Kingdom,Europe,English-speaking,Very high human development
Q218960,Q217057,Q27,Ireland,Europe,English-speaking,Very high human development
Q219124,Q9022,Q96,Mexico,North America,Latin America,High human development
Q219377,Q43199,Q30,United States,North America,English-speaking,Very high human development
Q219607,Q2044,Q172579,,{},{},{}
Q219607,Q2044,Q1867844,,{},{},{}
Q219607,Q2044,Q148540,,{},{},{}
Q219607,Q2044,Q2252973,,{},{},{}
Q219607,Q2044,Q154849,,{},{},{}
Q219607,Q2044,Q223793,,{},{},{}
Q219607,Q2044,Q142,France,Europe,Catholic Europe,Very high human development
Q219607,Q2044,Q154849,,{},{},{}
Q219607,Q2044,Q2268597,,{},{},{}
Q219607,Q2044,Q38,Italy,Europe,Catholic Europe,Very high human development
Q219607,Q2044,Q2577303,,{},{},{}
Q219622,Q1476,Q142,France,Europe,Catholic Europe,Very high human development
Q219646,Q8818,Q29,Spain,Europe,Catholic Europe,Very high human development
Q219646,Q8818,Q204920,,{},{},{}
Q219780,Q43668,Q30,United States,North America,English-speaking,Very high human development
Q219784,Q33377,Q668,India,Asia,Indosphere,Medium human development
Q219784,Q33377,Q129286,,{},{},{}
Q219829,Q260619,Q30,United States,North America,English-speaking,Very high human development
Q219862,Q332856,Q30,United States,North America,English-speaking,Very high human development
Q219910,Q6397,Q142,France,Europe,Catholic Europe,Very high human development
Q220018,Q48958,Q142,France,Europe,Catholic Europe,Very high human development
Q220078,Q5125864,Q145,United Kingdom,Europe,English-speaking,Very high human development
Q220078,Q84,Q2277,,{},{},{}
Q220078,Q84,Q110888,,{},{},{}
Q220078,Q84,Q105092,,{},{},{}
Q220078,Q84,Q105313,,{},{},{}
Q220078,Q84,Q179876,,{},{},{}
Q220078,Q84,Q161885,,{},{},{}
Q220078,Q84,Q174193,,{},{},{}
Q220078,Q84,Q145,United Kingdom,Europe,English-speaking,Very high human development
Q220480,Q68131,Q30,United States,North America,English-speaking,Very high human development
Q220512,Q3992,Q31,Belgium,Europe,Catholic Europe,Very high human development
Q220512,Q3992,Q58296,,{},{},{}
Q220512,Q3992,Q71084,,{},{},{}
Q220512,Q3992,Q12548,,{},{},{}
Q220512,Q3992,Q146246,,{},{},{}
Q220512,Q3992,Q468902,,{},{},{}
Q220512,Q3992,Q6673921,,{},{},{}
Q220512,Q3992,Q153080,,{},{},{}
Q220512,Q3992,Q175211,,{},{},{}
Q220864,Q9022,Q96,Mexico,North America,Latin America,High human development
Q220883,Q1132588,Q30,United States,North America,English-speaking,Very high human development
Q220980,Q10313,Q29,Spain,Europe,Catholic Europe,Very high human development
Q221771,Q1619436,Q29,Spain,Europe,Catholic Europe,Very high human development
Q221843,Q178093,Q30,United States,North America,English-speaking,Very high human development
Q221917,Q128499,Q12544,,{},{},{}
Q221917,Q128499,Q874954,,{},{},{}
Q221917,Q128499,Q12560,,{},{},{}
Q221917,Q128499,Q34266,,{},{},{}
Q221917,Q128499,Q2305208,,{},{},{}
Q221917,Q128499,Q15180,,{},{},{}
Q221917,Q128499,Q15925436,,{},{},{}
Q221917,Q128499,Q212,Ukraine,Europe,Orthodox Europe,High human development
Q221917,Q128499,Q159,Russia,Europe,Orthodox Europe,{}
Q221957,Q38283,Q17,Japan,Asia,West & South Asia,Very high human development
Q222509,Q704978,Q408,Australia,Australia,English-speaking,Very high human development
Q222708,Q462799,Q30,United States,North America,English-speaking,Very high human development
Q222744,Q3344084,Q419,Peru,South America,Latin America,High human development
Q222791,Q2704,Q38,Italy,Europe,Catholic Europe,Very high human development
Q222791,Q2704,Q172579,,{},{},{}
Q222791,Q2704,Q180393,,{},{},{}
Q222791,Q2704,Q173065,,{},{},{}
Q222791,Q2704,Q514423,,{},{},{}
Q222791,Q2704,Q723118,,{},{},{}
Q224029,Q733414,Q142,France,Europe,Catholic Europe,Very high human development
Q224113,Q60,Q30,United States,North America,English-speaking,Very high human development
Q225089,Q23556,Q30,United States,North America,English-speaking,Very high human development
Q225554,Q21181,Q35,Denmark,Europe,Protestant Europe,Very high human development
Q227099,Q656,Q159,Russia,Europe,Orthodox Europe,{}
Q227099,Q656,Q15180,,{},{},{}
Q227099,Q656,Q2305208,,{},{},{}
Q227099,Q656,Q34266,,{},{},{}
Q227099,Q656,Q139319,,{},{},{}
Q227099,Q656,Q186096,,{},{},{}
Q227108,Q1563,Q241,Cuba,North America,Latin America,High human development
Q227108,Q1563,Q80702,,{},{},{}
Q227113,Q2065416,Q145,United Kingdom,Europe,English-speaking,Very high human development
Q227137,Q943414,Q258,South Africa,Africa,Sub-Saharan Africa,High human development
Q227137,Q1757791,Q1030,Namibia,Africa,Sub-Saharan Africa,Medium human development
Q227395,Q1781,Q28,Hungary,Europe,Catholic Europe,Very high human development
Q227395,Q1781,Q600018,,{},{},{}
Q227395,Q1781,Q16985296,,{},{},{}
Q227395,Q1781,Q243652,,{},{},{}
Q227395,Q1781,Q516160,,{},{},{}
Q227395,Q1781,Q28513,,{},{},{}
Q227395,Q1781,Q516160,,{},{},{}
Q227395,Q1781,Q940741,,{},{},{}
Q227395,Q1781,Q16410,,{},{},{}
Q228546,Q42807,Q142,France,Europe,Catholic Europe,Very high human development
Q228589,Q987,Q668,India,Asia,Indosphere,Medium human development
Q228589,Q987,Q129286,,{},{},{}
Q228624,Q33486,Q30,United States,North America,English-speaking,Very high human development
Q228638,Q3826,Q842,Oman,{},{},Very high human development
Q228638,Q3826,Q200464,,{},{},{}
Q228755,Q18094,Q30,United States,North America,English-speaking,Very high human development
Q228755,Q18094,Q156418,,{},{},{}
Q228755,Q18094,Q2593459,,{},{},{}
Q228755,Q18094,Q1057542,,{},{},{}
Q228801,Q2728707,Q408,Australia,Australia,English-speaking,Very high human development
Q228901,Q377975,Q408,Australia,Australia,English-speaking,Very high human development
Q229002,Q33959,Q142,France,Europe,Catholic Europe,Very high human development
Q229002,Q33959,Q165154,,{},{},{}
Q229002,Q33959,Q142,France,Europe,Catholic Europe,Very high human development
Q229002,Q33959,Q165154,,{},{},{}
Q229226,Q84,Q2277,,{},{},{}
Q229226,Q84,Q110888,,{},{},{}
Q229226,Q84,Q105092,,{},{},{}
Q229226,Q84,Q105313,,{},{},{}
Q229226,Q84,Q179876,,{},{},{}
Q229226,Q84,Q161885,,{},{},{}
Q229226,Q84,Q174193,,{},{},{}
Q229226,Q84,Q145,United Kingdom,Europe,English-speaking,Very high human development
Q229226,Q743535,Q145,United Kingdom,Europe,English-speaking,Very high human development
Q229226,Q743535,Q174193,,{},{},{}
Q229226,Q743535,Q161885,,{},{},{}
Q229226,Q743535,Q179876,,{},{},{}
Q229226,Q5094624,Q145,United Kingdom,Europe,English-speaking,Very high human development
Q229226,Q21,Q145,United Kingdom,Europe,English-speaking,Very high human development
Q229226,Q21,Q174193,,{},{},{}
Q229226,Q21,Q161885,,{},{},{}
Q229369,Q16567,Q30,United States,North America,English-speaking,Very high human development
Q229403,Q1761,Q174193,,{},{},{}
Q229403,Q1761,Q215530,,{},{},{}
Q229403,Q1761,Q27,Ireland,Europe,English-speaking,Very high human development
Q229403,Q1761,Q31747,,{},{},{}
Q229403,Q1761,Q844250,,{},{},{}
Q229480,Q3477974,Q30,United States,North America,English-speaking,Very high human development
Q229840,Q631402,Q30,United States,North America,English-speaking,Very high human development
Q229996,Q1297,Q30,United States,North America,English-speaking,Very high human development
Q230141,Q465022,Q1033,Nigeria,Africa,Sub-Saharan Africa,Medium human development
Q230299,Q1773483,Q30,United States,North America,English-speaking,Very high human development
Q230476,Q38022,Q30,United States,North America,English-speaking,Very high human development
Q230586,Q1489,Q96,Mexico,North America,Latin America,High human development
Q230591,Q239870,Q30,United States,North America,English-speaking,Very high human development
Q230598,Q36281,Q784,Dominica,{},{},High human development
Q231121,Q213324,Q17,Japan,Asia,West & South Asia,Very high human development
Q231270,Q65,Q30,United States,North America,English-speaking,Very high human development
Q231320,Q1285177,Q34,Sweden,Europe,Protestant Europe,Very high human development
Q231356,Q755741,Q30,United States,North America,English-speaking,Very high human development
Q231424,Q49178,Q30,United States,North America,English-speaking,Very high human development
Q231460,Q491340,Q30,United States,North America,English-speaking,Very high human development
Q231467,Q8652,Q30,United States,North America,English-speaking,Very high human development
Q231736,Q60,Q30,United States,North America,English-speaking,Very high human development
Q231841,Q490385,Q30,United States,North America,English-speaking,Very high human development
Q231886,Q29303,Q145,United Kingdom,Europe,English-speaking,Very high human development
Q231886,Q29303,Q174193,,{},{},{}
Q231886,Q29303,Q161885,,{},{},{}
Q231886,Q29303,Q179876,,{},{},{}
Q231886,Q29303,Q105313,,{},{},{}
Q231886,Q29303,Q328818,,{},{},{}
Q231944,Q123624,Q145,United Kingdom,Europe,English-speaking,Very high human development
Q232109,Q575750,Q30,United States,North America,English-speaking,Very high human development
Q232113,Q1748,Q35,Denmark,Europe,Protestant Europe,Very high human development
Q232113,Q1748,Q756617,,{},{},{}
Q232113,Q2884430,Q35,Denmark,Europe,Protestant Europe,Very high human development
Q232113,Q30096,Q35,Denmark,Europe,Protestant Europe,Very high human development
Q232212,Q61,Q30,United States,North America,English-speaking,Very high human development
Q232260,Q84,Q2277,,{},{},{}
Q232260,Q84,Q110888,,{},{},{}
Q232260,Q84,Q105092,,{},{},{}
Q232260,Q84,Q105313,,{},{},{}
Q232260,Q84,Q179876,,{},{},{}
Q232260,Q84,Q161885,,{},{},{}
Q232260,Q84,Q174193,,{},{},{}
Q232260,Q84,Q145,United Kingdom,Europe,English-speaking,Very high human development
Q232359,Q1021179,Q145,United Kingdom,Europe,English-speaking,Very high human development
Q232417,Q42448,Q145,United Kingdom,Europe,English-speaking,Very high human development
Q232772,Q41262,Q145,United Kingdom,Europe,English-speaking,Very high human development
Q233033,Q24603,Q30,United States,North America,English-speaking,Very high human development
Q233046,Q49111,Q30,United States,North America,English-speaking,Very high human development
Q233207,Q3243751,Q145,United Kingdom,Europe,English-speaking,Very high human development
Q233424,Q165972,Q30,United States,North America,English-speaking,Very high human development
Q233510,Q923845,Q30,United States,North America,English-speaking,Very high human development
Q233566,Q658447,Q30,United States,North America,English-speaking,Very high human development
Q233584,Q18125,Q145,United Kingdom,Europe,English-speaking,Very high human development
Q233584,Q18125,Q174193,,{},{},{}
Q233584,Q18125,Q161885,,{},{},{}
Q233584,Q18125,Q179876,,{},{},{}
Q233891,Q1070763,Q30,United States,North America,English-speaking,Very high human development
Q233898,Q2668408,Q30,United States,North America,English-speaking,Very high human development
Q233911,Q62,Q30,United States,North America,English-speaking,Very high human development
Q233953,Q134620,Q33,Finland,Europe,Catholic Europe,Very high human development
Q233956,Q23436,Q145,United Kingdom,Europe,English-speaking,Very high human development
Q233956,Q23436,Q174193,,{},{},{}
Q233956,Q23436,Q161885,,{},{},{}
Q233956,Q23436,Q230791,,{},{},{}
Q234030,Q38022,Q30,United States,North America,English-speaking,Very high human development
Q234255,Q60,Q30,United States,North America,English-speaking,Very high human development
Q234289,Q406,Q43,Turkey,Asia,West & South Asia,{}
Q234289,Q406,Q12560,,{},{},{}
Q234289,Q406,Q12544,,{},{},{}
Q234289,Q406,Q178897,,{},{},{}
Q234289,Q406,Q12544,,{},{},{}
Q234289,Q406,Q2277,,{},{},{}
Q234324,Q782574,Q30,United States,North America,English-speaking,Very high human development
Q234392,Q79990,Q664,New Zealand,Australia,English-speaking,Very high human development
Q234403,Q484678,Q30,United States,North America,English-speaking,Very high human development
Q234443,Q3461978,Q30,United States,North America,English-speaking,Very high human development
Q234519,Q208262,Q145,United Kingdom,Europe,English-speaking,Very high human development
Q234530,Q1072281,Q28,Hungary,Europe,Catholic Europe,Very high human development
Q234570,Q130191,Q145,United Kingdom,Europe,English-speaking,Very high human development
Q234579,Q83813,Q30,United States,North America,English-speaking,Very high human development
Q234621,Q546,Q172579,,{},{},{}
Q234621,Q546,Q153136,,{},{},{}
Q234621,Q546,Q131964,,{},{},{}
Q234621,Q546,Q28513,,{},{},{}
Q234621,Q546,Q391980,,{},{},{}
Q234621,Q546,Q38,Italy,Europe,Catholic Europe,Very high human development
Q234621,Q546,Q4948,,{},{},{}
Q234663,Q1492,Q29,Spain,Europe,Catholic Europe,Very high human development
Q234700,Q16554,Q30,United States,North America,English-speaking,Very high human development
Q234718,Q54212,Q145,United Kingdom,Europe,English-speaking,Very high human development
Q234721,Q3453220,Q30,United States,North America,English-speaking,Very high human development
Q234819,Q4249510,Q16,Canada,North America,English-speaking,Very high human development
Q234865,Q43668,Q30,United States,North America,English-speaking,Very high human development
Q234928,Q1297,Q30,United States,North America,English-speaking,Very high human development
Q234989,Q17042,Q30,United States,North America,English-speaking,Very high human development
Q234992,Q223177,Q30,United States,North America,English-speaking,Very high human development
Q235014,Q3057456,Q145,United Kingdom,Europe,English-speaking,Very high human development
Q235014,Q3057456,Q179876,,{},{},{}
Q235308,Q1761,Q174193,,{},{},{}
Q235308,Q1761,Q215530,,{},{},{}
Q235308,Q1761,Q27,Ireland,Europe,English-speaking,Very high human development
Q235308,Q1761,Q31747,,{},{},{}
Q235308,Q1761,Q844250,,{},{},{}
Q235354,Q84,Q2277,,{},{},{}
Q235354,Q84,Q110888,,{},{},{}
Q235354,Q84,Q105092,,{},{},{}
Q235354,Q84,Q105313,,{},{},{}
Q235354,Q84,Q179876,,{},{},{}
Q235354,Q84,Q161885,,{},{},{}
Q235354,Q84,Q174193,,{},{},{}
Q235354,Q84,Q145,United Kingdom,Europe,English-speaking,Very high human development
Q235364,Q3616,Q794,Iran,Asia,African-Islamic,{}
Q235403,Q1492,Q29,Spain,Europe,Catholic Europe,Very high human development
Q235515,Q18426,Q30,United States,North America,English-speaking,Very high human development
Q235515,Q1089714,Q30,United States,North America,English-speaking,Very high human development
Q235615,Q36091,Q30,United States,North America,English-speaking,Very high human development
Q235644,Q441079,Q145,United Kingdom,Europe,English-speaking,Very high human development
Q235665,Q23159,Q145,United Kingdom,Europe,English-speaking,Very high human development
Q235731,Q7903,Q1028,Morocco,Africa,African-Islamic,High human development
Q235731,Q7903,Q907234,,{},{},{}
Q235759,Q365,Q183,Germany,Europe,Catholic Europe,Very high human development
Q235759,Q365,Q7318,,{},{},{}
Q235759,Q365,Q41304,,{},{},{}
Q235759,Q365,Q43287,,{},{},{}
Q235759,Q365,Q27306,,{},{},{}
Q235759,Q365,Q71084,,{},{},{}
Q235759,Q365,Q12548,,{},{},{}
Q235759,Q365,Q7904317,,{},{},{}
Q235759,Q365,Q153080,,{},{},{}
Q235759,Q365,Q146246,,{},{},{}
Q235759,Q365,Q2415901,,{},{},{}
Q235759,Q365,Q713750,,{},{},{}
Q235759,Q365,Q42834,,{},{},{}
Q235759,Q365,Q2277,,{},{},{}
Q235759,Q365,Q183,Germany,Europe,Catholic Europe,Very high human development
Q235899,Q37320,Q30,United States,North America,English-speaking,Very high human development
Q235955,Q1721808,Q212,Ukraine,Europe,Orthodox Europe,High human development
Q235965,Q3047556,Q145,United Kingdom,Europe,English-speaking,Very high human development
Q236236,Q3777965,Q27,Ireland,Europe,English-speaking,Very high human development
Q236309,Q257446,Q145,United Kingdom,Europe,English-speaking,Very high human development
Q236321,Q57818,Q148,People's Republic of China,Asia,Confucian,{}
Q236482,Q1054923,Q145,United Kingdom,Europe,English-speaking,Very high human development
Q236669,Q84,Q2277,,{},{},{}
Q236669,Q84,Q110888,,{},{},{}
Q236669,Q84,Q105092,,{},{},{}
Q236669,Q84,Q105313,,{},{},{}
Q236669,Q84,Q179876,,{},{},{}
Q236669,Q84,Q161885,,{},{},{}
Q236669,Q84,Q174193,,{},{},{}
Q236669,Q84,Q145,United Kingdom,Europe,English-speaking,Very high human development
Q236684,Q191130,Q17,Japan,Asia,West & South Asia,Very high human development
Q236727,Q862733,Q30,United States,North America,English-speaking,Very high human development
Q236829,Q84,Q2277,,{},{},{}
Q236829,Q84,Q110888,,{},{},{}
Q236829,Q84,Q105092,,{},{},{}
Q236829,Q84,Q105313,,{},{},{}
Q236829,Q84,Q179876,,{},{},{}
Q236829,Q84,Q161885,,{},{},{}
Q236829,Q84,Q174193,,{},{},{}
Q236829,Q84,Q145,United Kingdom,Europe,English-speaking,Very high human development
Q236848,Q2259685,Q145,United Kingdom,Europe,English-speaking,Very high human development
Q236916,Q83387,Q43,Turkey,Asia,West & South Asia,{}
Q236950,Q60,Q30,United States,North America,English-speaking,Very high human development
Q236958,Q6020118,Q30,United States,North America,English-speaking,Very high human development
Q236993,Q8818,Q29,Spain,Europe,Catholic Europe,Very high human development
Q236993,Q8818,Q204920,,{},{},{}
Q237087,Q90,Q142,France,Europe,Catholic Europe,Very high human development
Q237087,Q90,Q70972,,{},{},{}
Q237087,Q90,Q146246,,{},{},{}
Q237087,Q90,Q2748708,,{},{},{}
Q237087,Q90,Q142,France,Europe,Catholic Europe,Very high human development
Q237087,Q90,Q71084,,{},{},{}
Q237087,Q90,Q58296,,{},{},{}
Q237090,Q90,Q142,France,Europe,Catholic Europe,Very high human development
Q237090,Q90,Q70972,,{},{},{}
Q237090,Q90,Q146246,,{},{},{}
Q237090,Q90,Q2748708,,{},{},{}
Q237090,Q90,Q142,France,Europe,Catholic Europe,Very high human development
Q237090,Q90,Q71084,,{},{},{}
Q237090,Q90,Q58296,,{},{},{}
Q237095,Q42810,Q142,France,Europe,Catholic Europe,Very high human development
Q237106,Q217159,Q142,France,Europe,Catholic Europe,Very high human development
Q237196,Q4954491,Q145,United Kingdom,Europe,English-speaking,Very high human development
Q237235,Q3812281,Q145,United Kingdom,Europe,English-speaking,Very high human development
Q237242,Q24826,Q145,United Kingdom,Europe,English-speaking,Very high human development
Q237413,Q25287,Q34,Sweden,Europe,Protestant Europe,Very high human development
Q237413,Q10707795,Q34,Sweden,Europe,Protestant Europe,Very high human development
Q237416,Q396536,Q224,Croatia,Europe,Catholic Europe,Very high human development
Q237420,Q678437,Q30,United States,North America,English-speaking,Very high human development
Q237514,Q505868,Q30,United States,North America,English-speaking,Very high human development
Q237555,Q1939963,Q145,United Kingdom,Europe,English-speaking,Very high human development
Q237560,Q18419,Q30,United States,North America,English-speaking,Very high human development
Q237575,Q23169,Q145,United Kingdom,Europe,English-speaking,Very high human development
Q237575,Q23169,Q179876,,{},{},{}
Q237602,Q131491,Q145,United Kingdom,Europe,English-speaking,Very high human development
Q237602,Q131491,Q174193,,{},{},{}
Q237639,Q170478,Q145,United Kingdom,Europe,English-speaking,Very high human development
Q237684,Q36312,Q16,Canada,North America,English-speaking,Very high human development
Q237687,Q84,Q2277,,{},{},{}
Q237687,Q84,Q110888,,{},{},{}
Q237687,Q84,Q105092,,{},{},{}
Q237687,Q84,Q105313,,{},{},{}
Q237687,Q84,Q179876,,{},{},{}
Q237687,Q84,Q161885,,{},{},{}
Q237687,Q84,Q174193,,{},{},{}
Q237687,Q84,Q145,United Kingdom,Europe,English-speaking,Very high human development
Q237687,Q146553,Q145,United Kingdom,Europe,English-speaking,Very high human development
Q237703,Q503180,Q34,Sweden,Europe,Protestant Europe,Very high human development
Q237833,Q2807,Q29,Spain,Europe,Catholic Europe,Very high human development
Q237833,Q5740864,Q29,Spain,Europe,Catholic Europe,Very high human development
Q237948,Q7473516,Q17,Japan,Asia,West & South Asia,Very high human development
Q238124,Q18094,Q30,United States,North America,English-speaking,Very high human development
Q238124,Q18094,Q156418,,{},{},{}
Q238124,Q18094,Q2593459,,{},{},{}
Q238124,Q18094,Q1057542,,{},{},{}
Q238140,Q3461541,Q30,United States,North America,English-speaking,Very high human development
Q238295,Q19797,Q145,United Kingdom,Europe,English-speaking,Very high human development
Q238331,Q47430,Q30,United States,North America,English-speaking,Very high human development
Q238438,Q40435,Q30,United States,North America,English-speaking,Very high human development
Q238514,Q12235476,Q79,Egypt,Africa,African-Islamic,High human development
Q238702,Q302893,Q145,United Kingdom,Europe,English-speaking,Very high human development
Q238817,Q1759693,Q30,United States,North America,English-speaking,Very high human development
Q238823,Q1058775,Q30,United States,North America,English-speaking,Very high human development
Q238970,Q212713,Q17,Japan,Asia,West & South Asia,Very high human development
Q239307,Q42448,Q145,United Kingdom,Europe,English-speaking,Very high human development
Q239652,Q649,Q11750528,,{},{},{}
Q239652,Q649,Q170770,,{},{},{}
Q239652,Q649,Q186096,,{},{},{}
Q239652,Q649,Q34266,,{},{},{}
Q239652,Q649,Q139319,,{},{},{}
Q239652,Q649,Q2305208,,{},{},{}
Q239652,Q649,Q15180,,{},{},{}
Q239652,Q649,Q159,Russia,Europe,Orthodox Europe,{}
Q239656,Q20927,Q884,South Korea,Asia,West & South Asia,{}
Q239739,Q485176,Q30,United States,North America,English-speaking,Very high human development
Q239910,Q62,Q30,United States,North America,English-speaking,Very high human development
Q239911,Q691685,Q145,United Kingdom,Europe,English-speaking,Very high human development
Q239911,Q691685,Q161885,,{},{},{}
Q239911,Q691685,Q174193,,{},{},{}
Q239911,Q691685,Q230791,,{},{},{}
Q239923,Q49146,Q30,United States,North America,English-speaking,Very high human development
Q239934,Q43788,Q30,United States,North America,English-speaking,Very high human development
Q239944,Q575268,Q30,United States,North America,English-speaking,Very high human development
Q240212,Q3870,Q114,Kenya,Africa,Sub-Saharan Africa,Medium human development
Q240253,Q18432,Q30,United States,North America,English-speaking,Very high human development
Q240515,Q28198,Q30,United States,North America,English-speaking,Very high human development
Q240547,Q1025811,Q30,United States,North America,English-speaking,Very high human development
Q240647,Q22889,Q145,United Kingdom,Europe,English-speaking,Very high human development
Q240647,Q22889,Q174193,,{},{},{}
Q240647,Q22889,Q161885,,{},{},{}
Q240647,Q22889,Q179876,,{},{},{}
Q240786,Q838791,Q30,United States,North America,English-speaking,Very high human development
Q241098,Q90,Q142,France,Europe,Catholic Europe,Very high human development
Q241098,Q90,Q70972,,{},{},{}
Q241098,Q90,Q146246,,{},{},{}
Q241098,Q90,Q2748708,,{},{},{}
Q241098,Q90,Q142,France,Europe,Catholic Europe,Very high human development
Q241098,Q90,Q71084,,{},{},{}
Q241098,Q90,Q58296,,{},{},{}
Q241215,Q133073,Q664,New Zealand,Australia,English-speaking,Very high human development
Q241248,Q406,Q43,Turkey,Asia,West & South Asia,{}
Q241248,Q406,Q12560,,{},{},{}
Q241248,Q406,Q12544,,{},{},{}
Q241248,Q406,Q178897,,{},{},{}
Q241248,Q406,Q12544,,{},{},{}
Q241248,Q406,Q2277,,{},{},{}
Q241398,Q138367,Q30,United States,North America,English-speaking,Very high human development
Q241470,Q1781,Q28,Hungary,Europe,Catholic Europe,Very high human development
Q241470,Q1781,Q600018,,{},{},{}
Q241470,Q1781,Q16985296,,{},{},{}
Q241470,Q1781,Q243652,,{},{},{}
Q241470,Q1781,Q516160,,{},{},{}
Q241470,Q1781,Q28513,,{},{},{}
Q241470,Q1781,Q516160,,{},{},{}
Q241470,Q1781,Q940741,,{},{},{}
Q241470,Q1781,Q16410,,{},{},{}
Q241583,Q65,Q30,United States,North America,English-speaking,Very high human development
Q241615,Q3054408,Q16,Canada,North America,English-speaking,Very high human development
Q241714,Q30,Q30,United States,North America,English-speaking,Very high human development
Q241903,Q1345,Q30,United States,North America,English-speaking,Very high human development
Q242095,Q6558,Q38,Italy,Europe,Catholic Europe,Very high human development
Q242130,Q9179451,Q213,Czech Republic,Europe,Orthodox Europe,{}
Q242130,Q10284840,Q213,Czech Republic,Europe,Orthodox Europe,{}
Q242162,Q43668,Q30,United States,North America,English-speaking,Very high human development
Q242166,Q25287,Q34,Sweden,Europe,Protestant Europe,Very high human development
Q242351,Q171018,Q213,Czech Republic,Europe,Orthodox Europe,{}
Q242423,Q1926714,Q36,Poland,Europe,Catholic Europe,Very high human development
Q242526,Q456,Q142,France,Europe,Catholic Europe,Very high human development
Q242526,Q456,Q17167,,{},{},{}
Q242526,Q456,Q2277,,{},{},{}
Q242526,Q456,Q42834,,{},{},{}
Q242526,Q456,Q13590051,,{},{},{}
Q242526,Q456,Q146246,,{},{},{}
Q242526,Q456,Q46370,,{},{},{}
Q242526,Q456,Q70972,,{},{},{}
Q242526,Q456,Q58296,,{},{},{}
Q242526,Q456,Q71084,,{},{},{}
Q242526,Q456,Q142,France,Europe,Catholic Europe,Very high human development
Q242526,Q456,Q69808,,{},{},{}
Q242526,Q3351,Q142,France,Europe,Catholic Europe,Very high human development
Q242530,Q6346,Q30,United States,North America,English-speaking,Very high human development
Q242571,Q212283,Q145,United Kingdom,Europe,English-speaking,Very high human development
Q242613,Q1183964,Q30,United States,North America,English-speaking,Very high human development
Q242643,Q60,Q30,United States,North America,English-speaking,Very high human development
Q242796,Q84,Q2277,,{},{},{}
Q242796,Q84,Q110888,,{},{},{}
Q242796,Q84,Q105092,,{},{},{}
Q242796,Q84,Q105313,,{},{},{}
Q242796,Q84,Q179876,,{},{},{}
Q242796,Q84,Q161885,,{},{},{}
Q242796,Q84,Q174193,,{},{},{}
Q242796,Q84,Q145,United Kingdom,Europe,English-speaking,Very high human development
Q242956,Q1182166,Q30,United States,North America,English-speaking,Very high human development
Q243027,Q51698,Q30,United States,North America,English-speaking,Very high human development
Q243066,Q2942,Q183,Germany,Europe,Catholic Europe,Very high human development
Q243066,Q2942,Q43287,,{},{},{}
Q244390,Q1012444,Q30,United States,North America,English-speaking,Very high human development
Q244997,Q1796449,Q155,Brazil,South America,Latin America,High human development
Q245257,Q335017,Q30,United States,North America,English-speaking,Very high human development
Q245787,Q2453668,Q217,Moldova,Europe,Orthodox Europe,{}
Q246303,Q17042,Q30,United States,North America,English-speaking,Very high human development
Q246617,Q338066,Q218,Romania,Europe,Catholic Europe,Very high human development
Q246617,Q338066,Q842794,,{},{},{}
Q246617,Q338066,Q2685298,,{},{},{}
Q246617,Q338066,Q203493,,{},{},{}
Q246617,Q338066,Q600018,,{},{},{}
Q246617,Q338066,Q516160,,{},{},{}
Q246617,Q338066,Q28513,,{},{},{}
Q246617,Q338066,Q131964,,{},{},{}
Q246617,Q338066,Q153136,,{},{},{}
Q246617,Q338066,Q655621,,{},{},{}
Q246617,Q338066,Q625380,,{},{},{}
Q246617,Q338066,Q16056854,,{},{},{}
Q246722,Q649,Q11750528,,{},{},{}
Q246722,Q649,Q170770,,{},{},{}
Q246722,Q649,Q186096,,{},{},{}
Q246722,Q649,Q34266,,{},{},{}
Q246722,Q649,Q139319,,{},{},{}
Q246722,Q649,Q2305208,,{},{},{}
Q246722,Q649,Q15180,,{},{},{}
Q246722,Q649,Q159,Russia,Europe,Orthodox Europe,{}
Q246953,Q23220,Q145,United Kingdom,Europe,English-speaking,Very high human development
Q247473,Q507607,Q145,United Kingdom,Europe,English-speaking,Very high human development
Q247526,Q174,Q155,Brazil,South America,Latin America,High human development
Q248244,Q34664,Q17,Japan,Asia,West & South Asia,Very high human development
Q248867,Q988515,Q30,United States,North America,English-speaking,Very high human development
Q249164,Q225619,Q142,France,Europe,Catholic Europe,Very high human development
Q249197,Q725261,Q145,United Kingdom,Europe,English-speaking,Very high human development
Q249496,Q1132739,Q30,United States,North America,English-speaking,Very high human development
Q249544,Q203889,Q145,United Kingdom,Europe,English-speaking,Very high human development
Q249686,Q2256,Q145,United Kingdom,Europe,English-speaking,Very high human development
Q249686,Q2256,Q174193,,{},{},{}
Q249686,Q2256,Q161885,,{},{},{}
Q249686,Q2256,Q179876,,{},{},{}
Q250539,Q34006,Q30,United States,North America,English-speaking,Very high human development
Q250637,Q1764,Q189,Iceland,Europe,Protestant Europe,Very high human development
Q251038,Q302872,Q145,United Kingdom,Europe,English-speaking,Very high human development
Q251123,Q2841,Q739,Colombia,South America,Latin America,High human development
Q251123,Q2841,Q630882,,{},{},{}
Q251123,Q2841,Q3591854,,{},{},{}
Q251215,Q12233,Q29,Spain,Europe,Catholic Europe,Very high human development
Q252017,Q51103,Q739,Colombia,South America,Latin America,High human development
Q252017,Q51103,Q1061488,,{},{},{}
Q252017,Q51103,Q630882,,{},{},{}
Q252049,Q1658014,Q29,Spain,Europe,Catholic Europe,Very high human development
Q252307,Q5112,Q408,Australia,Australia,English-speaking,Very high human development
Q252307,Q5112,Q174193,,{},{},{}
Q252776,Q79860,Q30,United States,North America,English-speaking,Very high human development
Q253453,Q1794,Q146246,,{},{},{}
Q253453,Q1794,Q153080,,{},{},{}
Q253453,Q1794,Q12548,,{},{},{}
Q253453,Q1794,Q704312,,{},{},{}
Q253453,Q1794,Q704300,,{},{},{}
Q253453,Q1794,Q151624,,{},{},{}
Q253453,Q1794,Q27306,,{},{},{}
Q253453,Q1794,Q1206012,,{},{},{}
Q253453,Q1794,Q41304,,{},{},{}
Q253453,Q1794,Q7318,,{},{},{}
Q253453,Q1794,Q2415901,,{},{},{}
Q253453,Q1794,Q713750,,{},{},{}
Q253453,Q1794,Q183,Germany,Europe,Catholic Europe,Very high human development
Q253926,Q913220,Q30,United States,North America,English-speaking,Very high human development
Q253998,Q117513,Q191,Estonia,Europe,Protestant Europe,Very high human development
Q254032,Q457865,Q36,Poland,Europe,Catholic Europe,Very high human development
Q254215,Q2763543,Q145,United Kingdom,Europe,English-speaking,Very high human development
Q254215,Q2270647,Q145,United Kingdom,Europe,English-speaking,Very high human development
Q254240,Q431799,Q145,United Kingdom,Europe,English-speaking,Very high human development
Q254524,Q270,Q36,Poland,Europe,Catholic Europe,Very high human development
Q254524,Q270,Q156111,,{},{},{}
Q254524,Q270,Q207272,,{},{},{}
Q254524,Q270,Q696908,,{},{},{}
Q254524,Q270,Q34266,,{},{},{}
Q254524,Q270,Q152115,,{},{},{}
Q254524,Q270,Q27306,,{},{},{}
Q254524,Q270,Q172107,,{},{},{}
Q254524,Q270,Q1649871,,{},{},{}
Q254524,Q270,Q577867,,{},{},{}
Q254524,Q270,Q11750128,,{},{},{}
Q254635,Q84,Q2277,,{},{},{}
Q254635,Q84,Q110888,,{},{},{}
Q254635,Q84,Q105092,,{},{},{}
Q254635,Q84,Q105313,,{},{},{}
Q254635,Q84,Q179876,,{},{},{}
Q254635,Q84,Q161885,,{},{},{}
Q254635,Q84,Q174193,,{},{},{}
Q254635,Q84,Q145,United Kingdom,Europe,English-speaking,Very high human development
Q254820,Q753943,Q30,United States,North America,English-speaking,Very high human development
Q255339,Q986376,Q30,United States,North America,English-speaking,Very high human development
Q255359,Q935795,Q20,Norway,Europe,Protestant Europe,Very high human development
Q255862,Q43196,Q30,United States,North America,English-speaking,Very high human development
Q256177,Q200740,Q17,Japan,Asia,West & South Asia,Very high human development
Q256257,Q1018423,Q145,United Kingdom,Europe,English-speaking,Very high human development
Q256763,Q156125,Q20,Norway,Europe,Protestant Europe,Very high human development
Q256789,Q109005,Q20,Norway,Europe,Protestant Europe,Very high human development
Q256821,Q3141,Q408,Australia,Australia,English-speaking,Very high human development
Q256821,Q72216,Q408,Australia,Australia,English-speaking,Very high human development
Q256959,Q844012,Q30,United States,North America,English-speaking,Very high human development
Q257121,Q49256,Q30,United States,North America,English-speaking,Very high human development
Q257121,Q964198,Q30,United States,North America,English-speaking,Very high human development
Q257121,Q964198,Q30,United States,North America,English-speaking,Very high human development
Q257261,Q60,Q30,United States,North America,English-speaking,Very high human development
Q257723,Q49111,Q30,United States,North America,English-speaking,Very high human development
Q258001,Q764754,Q145,United Kingdom,Europe,English-speaking,Very high human development
Q258096,Q128244,Q30,United States,North America,English-speaking,Very high human development
Q258431,Q175632,Q145,United Kingdom,Europe,English-speaking,Very high human development
Q258431,Q175632,Q174193,,{},{},{}
Q258431,Q175632,Q161885,,{},{},{}
Q258586,Q24826,Q145,United Kingdom,Europe,English-speaking,Very high human development
Q258669,Q84,Q2277,,{},{},{}
Q258669,Q84,Q110888,,{},{},{}
Q258669,Q84,Q105092,,{},{},{}
Q258669,Q84,Q105313,,{},{},{}
Q258669,Q84,Q179876,,{},{},{}
Q258669,Q84,Q161885,,{},{},{}
Q258669,Q84,Q174193,,{},{},{}
Q258669,Q84,Q145,United Kingdom,Europe,English-speaking,Very high human development
Q258741,Q237253,Q145,United Kingdom,Europe,English-speaking,Very high human development
Q258753,Q3616,Q794,Iran,Asia,African-Islamic,{}
Q258897,Q90,Q142,France,Europe,Catholic Europe,Very high human development
Q258897,Q90,Q70972,,{},{},{}
Q258897,Q90,Q146246,,{},{},{}
Q258897,Q90,Q2748708,,{},{},{}
Q258897,Q90,Q142,France,Europe,Catholic Europe,Very high human development
Q258897,Q90,Q71084,,{},{},{}
Q258897,Q90,Q58296,,{},{},{}
Q259096,Q8686,Q148,People's Republic of China,Asia,Confucian,{}
Q259096,Q8686,Q13426199,,{},{},{}
Q259096,Q8686,Q696242,,{},{},{}
Q259096,Q8686,Q708865,,{},{},{}
Q259096,Q8686,Q4375948,,{},{},{}
Q259096,Q8686,Q13426199,,{},{},{}
Q259096,Q8686,Q148,People's Republic of China,Asia,Confucian,{}
Q259200,Q133315,Q27,Ireland,Europe,English-speaking,Very high human development
Q259217,Q43668,Q30,United States,North America,English-speaking,Very high human development
Q259364,Q28198,Q30,United States,North America,English-speaking,Very high human development
Q259530,Q157341,Q145,United Kingdom,Europe,English-speaking,Very high human development
Q259543,Q996544,Q30,United States,North America,English-speaking,Very high human development
Q259653,Q47716,Q30,United States,North America,English-speaking,Very high human development
Q259888,Q34006,Q30,United States,North America,English-speaking,Very high human development
Q259956,Q331397,Q30,United States,North America,English-speaking,Very high human development
Q259979,Q194420,Q142,France,Europe,Catholic Europe,Very high human development
Q260006,Q843128,Q142,France,Europe,Catholic Europe,Very high human development
Q260011,Q3130,Q408,Australia,Australia,English-speaking,Very high human development
Q260026,Q84,Q2277,,{},{},{}
Q260026,Q84,Q110888,,{},{},{}
Q260026,Q84,Q105092,,{},{},{}
Q260026,Q84,Q105313,,{},{},{}
Q260026,Q84,Q179876,,{},{},{}
Q260026,Q84,Q161885,,{},{},{}
Q260026,Q84,Q174193,,{},{},{}
Q260026,Q84,Q145,United Kingdom,Europe,English-speaking,Very high human development
Q260026,Q26319667,Q145,United Kingdom,Europe,English-speaking,Very high human development
Q260054,Q17042,Q30,United States,North America,English-speaking,Very high human development
Q260262,Q23220,Q145,United Kingdom,Europe,English-speaking,Very high human development
Q260560,Q49239,Q30,United States,North America,English-speaking,Very high human development
Q260670,Q996492,Q145,United Kingdom,Europe,English-speaking,Very high human development
Q260730,Q485172,Q30,United States,North America,English-speaking,Very high human development
Q260879,Q16557,Q30,United States,North America,English-speaking,Very high human development
Q260893,Q8678,Q155,Brazil,South America,Latin America,High human development
Q260982,Q39121,Q145,United Kingdom,Europe,English-speaking,Very high human development
Q261054,Q4982607,Q145,United Kingdom,Europe,English-speaking,Very high human development
Q261054,Q84,Q2277,,{},{},{}
Q261054,Q84,Q110888,,{},{},{}
Q261054,Q84,Q105092,,{},{},{}
Q261054,Q84,Q105313,,{},{},{}
Q261054,Q84,Q179876,,{},{},{}
Q261054,Q84,Q161885,,{},{},{}
Q261054,Q84,Q174193,,{},{},{}
Q261054,Q84,Q145,United Kingdom,Europe,English-speaking,Very high human development
Q261397,Q194420,Q142,France,Europe,Catholic Europe,Very high human development
Q261397,Q90,Q142,France,Europe,Catholic Europe,Very high human development
Q261397,Q90,Q70972,,{},{},{}
Q261397,Q90,Q146246,,{},{},{}
Q261397,Q90,Q2748708,,{},{},{}
Q261397,Q90,Q142,France,Europe,Catholic Europe,Very high human development
Q261397,Q90,Q71084,,{},{},{}
Q261397,Q90,Q58296,,{},{},{}
Q261521,Q160493,Q145,United Kingdom,Europe,English-speaking,Very high human development
Q261627,Q23298,Q145,United Kingdom,Europe,English-speaking,Very high human development
Q261627,Q23298,Q179876,,{},{},{}
Q261962,Q84,Q2277,,{},{},{}
Q261962,Q84,Q110888,,{},{},{}
Q261962,Q84,Q105092,,{},{},{}
Q261962,Q84,Q105313,,{},{},{}
Q261962,Q84,Q179876,,{},{},{}
Q261962,Q84,Q161885,,{},{},{}
Q261962,Q84,Q174193,,{},{},{}
Q261962,Q84,Q145,United Kingdom,Europe,English-speaking,Very high human development
Q261981,Q126269,Q145,United Kingdom,Europe,English-speaking,Very high human development
Q262170,Q3459600,Q30,United States,North America,English-speaking,Very high human development
Q262253,Q1764,Q189,Iceland,Europe,Protestant Europe,Very high human development
Q262274,Q85,Q79,Egypt,Africa,African-Islamic,High human development
Q262274,Q85,Q180114,,{},{},{}
Q262274,Q85,Q282428,,{},{},{}
Q262274,Q85,Q12560,,{},{},{}
Q262274,Q85,Q127861,,{},{},{}
Q262274,Q85,Q370173,,{},{},{}
Q262274,Q85,Q160307,,{},{},{}
Q262479,Q49179,Q30,United States,North America,English-speaking,Very high human development
Q262561,Q1650454,Q30,United States,North America,English-speaking,Very high human development
Q262565,Q107392,Q20,Norway,Europe,Protestant Europe,Very high human development
Q262712,Q49201,Q30,United States,North America,English-speaking,Very high human development
Q262816,Q1874,Q34266,,{},{},{}
Q262816,Q1874,Q243610,,{},{},{}
Q262816,Q1874,Q243610,,{},{},{}
Q262816,Q1874,Q15180,,{},{},{}
Q262816,Q1874,Q15180,,{},{},{}
Q262816,Q1874,Q203493,,{},{},{}
Q262816,Q1874,Q15180,,{},{},{}
Q262816,Q1874,Q212,Ukraine,Europe,Orthodox Europe,High human development
Q262816,Q1874,Q139319,,{},{},{}
Q262850,Q1347765,Q159,Russia,Europe,Orthodox Europe,{}
Q262850,Q1347765,Q15180,,{},{},{}
Q262850,Q1347765,Q34266,,{},{},{}
Q262962,Q211218,Q223,Greenland,{},{},{}
Q262997,Q60,Q30,United States,North America,English-speaking,Very high human development
Q263201,Q382438,Q142,France,Europe,Catholic Europe,Very high human development
Q263213,Q44160,Q142,France,Europe,Catholic Europe,Very high human development
Q263254,Q84,Q2277,,{},{},{}
Q263254,Q84,Q110888,,{},{},{}
Q263254,Q84,Q105092,,{},{},{}
Q263254,Q84,Q105313,,{},{},{}
Q263254,Q84,Q179876,,{},{},{}
Q263254,Q84,Q161885,,{},{},{}
Q263254,Q84,Q174193,,{},{},{}
Q263254,Q84,Q145,United Kingdom,Europe,English-speaking,Very high human development
Q263552,Q8678,Q155,Brazil,South America,Latin America,High human development
Q263599,Q15062030,Q145,United Kingdom,Europe,English-speaking,Very high human development
Q263613,Q79990,Q664,New Zealand,Australia,English-speaking,Very high human development
Q263648,Q1020800,Q145,United Kingdom,Europe,English-speaking,Very high human development
Q263807,Q6397066,Q794,Iran,Asia,African-Islamic,{}
Q263997,Q213065,Q212,Ukraine,Europe,Orthodox Europe,High human development
Q263997,Q213065,Q15180,,{},{},{}
Q263997,Q213065,Q34266,,{},{},{}
Q264247,Q11557222,Q17,Japan,Asia,West & South Asia,Very high human development
Q264283,Q1297,Q30,United States,North America,English-speaking,Very high human development
Q264730,Q11299,Q30,United States,North America,English-speaking,Very high human development
Q265270,Q60,Q30,United States,North America,English-speaking,Very high human development
Q265603,Q1741,Q40,Austria,Europe,Catholic Europe,Very high human development
Q265603,Q1741,Q518101,,{},{},{}
Q265603,Q1741,Q28513,,{},{},{}
Q265603,Q1741,Q268970,,{},{},{}
Q265603,Q1741,Q131964,,{},{},{}
Q265603,Q1741,Q176495,,{},{},{}
Q265603,Q1741,Q7318,,{},{},{}
Q265603,Q1741,Q153136,,{},{},{}
Q265603,Q1741,Q699964,,{},{},{}
Q265603,Q1741,Q3624335,,{},{},{}
Q265603,Q1741,Q283627,,{},{},{}
Q265603,Q1741,Q47261,,{},{},{}
Q265603,Q1741,Q596239,,{},{},{}
Q265756,Q124394,Q145,United Kingdom,Europe,English-speaking,Very high human development
Q265792,Q60,Q30,United States,North America,English-speaking,Very high human development
Q265796,Q27168,Q35,Denmark,Europe,Protestant Europe,Very high human development
Q266073,Q1758503,Q29,Spain,Europe,Catholic Europe,Very high human development
Q266173,Q1085195,Q30,United States,North America,English-speaking,Very high human development
Q266187,Q23346,Q145,United Kingdom,Europe,English-speaking,Very high human development
Q266205,Q83726,Q145,United Kingdom,Europe,English-speaking,Very high human development
Q266337,Q90,Q142,France,Europe,Catholic Europe,Very high human development
Q266337,Q90,Q70972,,{},{},{}
Q266337,Q90,Q146246,,{},{},{}
Q266337,Q90,Q2748708,,{},{},{}
Q266337,Q90,Q142,France,Europe,Catholic Europe,Very high human development
Q266337,Q90,Q71084,,{},{},{}
Q266337,Q90,Q58296,,{},{},{}
Q266368,Q1297,Q30,United States,North America,English-speaking,Very high human development
Q266802,Q90,Q142,France,Europe,Catholic Europe,Very high human development
Q266802,Q90,Q70972,,{},{},{}
Q266802,Q90,Q146246,,{},{},{}
Q266802,Q90,Q2748708,,{},{},{}
Q266802,Q90,Q142,France,Europe,Catholic Europe,Very high human development
Q266802,Q90,Q71084,,{},{},{}
Q266802,Q90,Q58296,,{},{},{}
Q266816,Q489660,Q419,Peru,South America,Latin America,High human development
Q266947,Q331380,Q30,United States,North America,English-speaking,Very high human development
Q266959,Q24603,Q30,United States,North America,English-speaking,Very high human development
Q266984,Q34600,Q17,Japan,Asia,West & South Asia,Very high human development
Q267186,Q5083,Q30,United States,North America,English-speaking,Very high human development
Q267242,Q738338,Q34,Sweden,Europe,Protestant Europe,Very high human development
Q267356,Q1373351,Q145,United Kingdom,Europe,English-speaking,Very high human development
Q267441,Q60,Q30,United States,North America,English-speaking,Very high human development
Q267542,Q197297,Q142,France,Europe,Catholic Europe,Very high human development
Q267691,Q18013,Q30,United States,North America,English-speaking,Very high human development
Q267698,Q1025744,Q33,Finland,Europe,Catholic Europe,Very high human development
Q267746,Q844140,Q17,Japan,Asia,West & South Asia,Very high human development
Q267748,Q180057,Q145,United Kingdom,Europe,English-speaking,Very high human development
Q267769,Q754730,Q218,Romania,Europe,Catholic Europe,Very high human development
Q267769,Q754730,Q842794,,{},{},{}
Q267769,Q754730,Q2685298,,{},{},{}
Q267769,Q754730,Q203493,,{},{},{}
Q267769,Q754730,Q516160,,{},{},{}
Q267769,Q754730,Q28513,,{},{},{}
Q267769,Q754730,Q131964,,{},{},{}
Q267769,Q754730,Q153136,,{},{},{}
Q267769,Q754730,Q12560,,{},{},{}
Q267769,Q754730,Q655621,,{},{},{}
Q267769,Q754730,Q625380,,{},{},{}
Q267769,Q754730,Q16056854,,{},{},{}
Q267962,Q128716,Q142,France,Europe,Catholic Europe,Very high human development
Q268024,Q2453742,Q145,United Kingdom,Europe,English-speaking,Very high human development
Q268147,Q5083,Q30,United States,North America,English-speaking,Very high human development
Q268181,Q844016,Q30,United States,North America,English-speaking,Very high human development
Q268254,Q1546,Q30,United States,North America,English-speaking,Very high human development
Q268371,Q5092,Q30,United States,North America,English-speaking,Very high human development
Q268466,Q38022,Q30,United States,North America,English-speaking,Very high human development
Q268495,Q668395,Q668,India,Asia,Indosphere,Medium human development
Q268582,Q15695,Q29,Spain,Europe,Catholic Europe,Very high human development
Q268755,Q43919,Q30,United States,North America,English-speaking,Very high human development
Q268829,Q200166,Q16,Canada,North America,English-speaking,Very high human development
Q269123,Q1492,Q29,Spain,Europe,Catholic Europe,Very high human development
Q269123,Q11920733,Q29,Spain,Europe,Catholic Europe,Very high human development
Q269129,Q5092,Q30,United States,North America,English-speaking,Very high human development
Q269927,Q1297,Q30,United States,North America,English-speaking,Very high human development
Q269982,Q743521,Q145,United Kingdom,Europe,English-speaking,Very high human development
Q269982,Q743521,Q174193,,{},{},{}
Q269982,Q743521,Q161885,,{},{},{}
Q269982,Q743521,Q179876,,{},{},{}
Q269992,Q36497,Q881,Vietnam,Asia,Confucian,{}
Q270070,Q220,Q38,Italy,Europe,Catholic Europe,Very high human development
Q270070,Q220,Q170174,,{},{},{}
Q270070,Q220,Q3755547,,{},{},{}
Q270070,Q220,Q583038,,{},{},{}
Q270070,Q220,Q12544,,{},{},{}
Q270070,Q220,Q172579,,{},{},{}
Q270070,Q220,Q201038,,{},{},{}
Q270070,Q220,Q17167,,{},{},{}
Q270070,Q220,Q2277,,{},{},{}
Q270070,Q220,Q42834,,{},{},{}
Q270070,Q220,Q237,Vatican City,{},{},{}
Q270199,Q34739,Q30,United States,North America,English-speaking,Very high human development
Q270204,Q34692,Q766,Jamaica,North America,English-speaking,High human development
Q270487,Q1707,Q183,Germany,Europe,Catholic Europe,Very high human development
Q270487,Q1707,Q55306,,{},{},{}
Q270487,Q1707,Q1206012,,{},{},{}
Q270487,Q1707,Q27306,,{},{},{}
Q270487,Q1707,Q704288,,{},{},{}
Q270487,Q1707,Q183,Germany,Europe,Catholic Europe,Very high human development
Q270601,Q1007634,Q811,Nicaragua,North America,Latin America,High human development
Q270617,Q815701,Q142,France,Europe,Catholic Europe,Very high human development
Q270635,Q16558,Q30,United States,North America,English-speaking,Very high human development
Q270641,Q60,Q30,United States,North America,English-speaking,Very high human development
Q270643,Q60,Q30,United States,North America,English-speaking,Very high human development
Q270648,Q34217,Q145,United Kingdom,Europe,English-speaking,Very high human development
Q270648,Q34217,Q174193,,{},{},{}
Q270648,Q34217,Q161885,,{},{},{}
Q270648,Q34217,Q179876,,{},{},{}
Q270715,Q41057,Q30,United States,North America,English-speaking,Very high human development
Q270739,Q6602,Q142,France,Europe,Catholic Europe,Very high human development
Q270739,Q6602,Q43287,,{},{},{}
Q270739,Q6602,Q7318,,{},{},{}
Q270739,Q6602,Q142,France,Europe,Catholic Europe,Very high human development
Q270739,Q6602,Q142,France,Europe,Catholic Europe,Very high human development
Q270739,Q6602,Q12548,,{},{},{}
Q271111,Q188304,Q145,United Kingdom,Europe,English-speaking,Very high human development
Q271423,Q31058,Q30,United States,North America,English-speaking,Very high human development
Q271448,Q2483346,Q145,United Kingdom,Europe,English-speaking,Very high human development
Q271457,Q1973581,Q159,Russia,Europe,Orthodox Europe,{}
Q271494,Q109494,Q20,Norway,Europe,Protestant Europe,Very high human development
Q271824,Q179385,Q145,United Kingdom,Europe,English-speaking,Very high human development
Q271824,Q179385,Q174193,,{},{},{}
Q271824,Q179385,Q161885,,{},{},{}
Q271824,Q179385,Q179876,,{},{},{}
Q271825,Q2006997,Q35,Denmark,Europe,Protestant Europe,Very high human development
Q271825,Q1748,Q35,Denmark,Europe,Protestant Europe,Very high human development
Q271825,Q1748,Q756617,,{},{},{}
Q271895,Q201117,Q17,Japan,Asia,West & South Asia,Very high human development
Q271931,Q18419,Q30,United States,North America,English-speaking,Very high human development
Q271931,Q60,Q30,United States,North America,English-speaking,Very high human development
Q271961,Q7600478,Q145,United Kingdom,Europe,English-speaking,Very high human development
Q271961,Q23154,Q145,United Kingdom,Europe,English-speaking,Very high human development
Q271961,Q23154,Q174193,,{},{},{}
Q271961,Q23154,Q161885,,{},{},{}
Q271961,Q23154,Q179876,,{},{},{}
Q271973,Q1223,Q30,United States,North America,English-speaking,Very high human development
Q272076,Q1010525,Q30,United States,North America,English-speaking,Very high human development
Q272088,Q987106,Q30,United States,North America,English-speaking,Very high human development
Q272163,Q739,Q739,Colombia,South America,Latin America,High human development
Q272194,Q2342234,Q145,United Kingdom,Europe,English-speaking,Very high human development
Q272492,Q79864,Q30,United States,North America,English-speaking,Very high human development
Q272492,Q49221,Q30,United States,North America,English-speaking,Very high human development
Q272550,Q128147,Q145,United Kingdom,Europe,English-speaking,Very high human development
Q272550,Q128147,Q179876,,{},{},{}
Q272585,Q1009221,Q145,United Kingdom,Europe,English-speaking,Very high human development
Q272610,Q18383,Q30,United States,North America,English-speaking,Very high human development
Q272622,Q42462,Q145,United Kingdom,Europe,English-speaking,Very high human development
Q272622,Q42462,Q174193,,{},{},{}
Q272622,Q42462,Q161885,,{},{},{}
Q272622,Q42462,Q179876,,{},{},{}
Q272622,Q42462,Q107299,,{},{},{}
Q272638,Q1297,Q30,United States,North America,English-speaking,Very high human development
Q272706,Q736742,Q145,United Kingdom,Europe,English-speaking,Very high human development
Q272706,Q84,Q2277,,{},{},{}
Q272706,Q84,Q110888,,{},{},{}
Q272706,Q84,Q105092,,{},{},{}
Q272706,Q84,Q105313,,{},{},{}
Q272706,Q84,Q179876,,{},{},{}
Q272706,Q84,Q161885,,{},{},{}
Q272706,Q84,Q174193,,{},{},{}
Q272706,Q84,Q145,United Kingdom,Europe,English-speaking,Very high human development
Q272748,Q939617,Q145,United Kingdom,Europe,English-speaking,Very high human development
Q272767,Q43196,Q30,United States,North America,English-speaking,Very high human development
Q272794,Q17042,Q30,United States,North America,English-speaking,Very high human development
Q272811,Q988515,Q30,United States,North America,English-speaking,Very high human development
Q272855,Q38234,Q17,Japan,Asia,West & South Asia,Very high human development
Q272855,Q38234,Q200464,,{},{},{}
Q272861,Q16557,Q30,United States,North America,English-speaking,Very high human development
Q273001,Q34804,Q30,United States,North America,English-speaking,Very high human development
Q273007,Q34600,Q17,Japan,Asia,West & South Asia,Very high human development
Q273034,Q1978,Q16,Canada,North America,English-speaking,Very high human development
Q273077,Q1083977,Q30,United States,North America,English-speaking,Very high human development
Q273105,Q6346,Q30,United States,North America,English-speaking,Very high human development
Q273156,Q184345,Q298,Chile,South America,Latin America,Very high human development
Q273170,Q84,Q2277,,{},{},{}
Q273170,Q84,Q110888,,{},{},{}
Q273170,Q84,Q105092,,{},{},{}
Q273170,Q84,Q105313,,{},{},{}
Q273170,Q84,Q179876,,{},{},{}
Q273170,Q84,Q161885,,{},{},{}
Q273170,Q84,Q174193,,{},{},{}
Q273170,Q84,Q145,United Kingdom,Europe,English-speaking,Very high human development
Q273196,Q172,Q16,Canada,North America,English-speaking,Very high human development
Q273200,Q90,Q142,France,Europe,Catholic Europe,Very high human development
Q273200,Q90,Q70972,,{},{},{}
Q273200,Q90,Q146246,,{},{},{}
Q273200,Q90,Q2748708,,{},{},{}
Q273200,Q90,Q142,France,Europe,Catholic Europe,Very high human development
Q273200,Q90,Q71084,,{},{},{}
Q273200,Q90,Q58296,,{},{},{}
Q273207,Q408,Q408,Australia,Australia,English-speaking,Very high human development
Q273210,Q189074,Q30,United States,North America,English-speaking,Very high human development
Q273266,Q3141,Q408,Australia,Australia,English-speaking,Very high human development
Q273311,Q84,Q2277,,{},{},{}
Q273311,Q84,Q110888,,{},{},{}
Q273311,Q84,Q105092,,{},{},{}
Q273311,Q84,Q105313,,{},{},{}
Q273311,Q84,Q179876,,{},{},{}
Q273311,Q84,Q161885,,{},{},{}
Q273311,Q84,Q174193,,{},{},{}
Q273311,Q84,Q145,United Kingdom,Europe,English-speaking,Very high human development
Q273385,Q12439,Q30,United States,North America,English-speaking,Very high human development
Q273400,Q215733,Q145,United Kingdom,Europe,English-speaking,Very high human development
Q273406,Q184163,Q145,United Kingdom,Europe,English-speaking,Very high human development
Q273448,Q84,Q2277,,{},{},{}
Q273448,Q84,Q110888,,{},{},{}
Q273448,Q84,Q105092,,{},{},{}
Q273448,Q84,Q105313,,{},{},{}
Q273448,Q84,Q179876,,{},{},{}
Q273448,Q84,Q161885,,{},{},{}
Q273448,Q84,Q174193,,{},{},{}
Q273448,Q84,Q145,United Kingdom,Europe,English-speaking,Very high human development
Q273453,Q47822,Q145,United Kingdom,Europe,English-speaking,Very high human development
Q273677,Q1794,Q146246,,{},{},{}
Q273677,Q1794,Q153080,,{},{},{}
Q273677,Q1794,Q12548,,{},{},{}
Q273677,Q1794,Q704312,,{},{},{}
Q273677,Q1794,Q704300,,{},{},{}
Q273677,Q1794,Q151624,,{},{},{}
Q273677,Q1794,Q27306,,{},{},{}
Q273677,Q1794,Q1206012,,{},{},{}
Q273677,Q1794,Q41304,,{},{},{}
Q273677,Q1794,Q7318,,{},{},{}
Q273677,Q1794,Q2415901,,{},{},{}
Q273677,Q1794,Q713750,,{},{},{}
Q273677,Q1794,Q183,Germany,Europe,Catholic Europe,Very high human development
Q273712,Q61,Q30,United States,North America,English-speaking,Very high human development
Q273730,Q18419,Q30,United States,North America,English-speaking,Very high human development
Q273799,Q211950,Q145,United Kingdom,Europe,English-speaking,Very high human development
Q273843,Q919402,Q30,United States,North America,English-speaking,Very high human development
Q273873,Q49000,Q30,United States,North America,English-speaking,Very high human development
Q273911,Q241814,Q30,United States,North America,English-speaking,Very high human development
Q273938,Q60,Q30,United States,North America,English-speaking,Very high human development
Q273950,Q10499458,Q34,Sweden,Europe,Protestant Europe,Very high human development
Q274003,Q846338,Q17,Japan,Asia,West & South Asia,Very high human development
Q274016,Q18438,Q30,United States,North America,English-speaking,Very high human development
Q274090,Q887,Q34266,,{},{},{}
Q274090,Q887,Q139319,,{},{},{}
Q274090,Q887,Q2305208,,{},{},{}
Q274090,Q887,Q15180,,{},{},{}
Q274090,Q887,Q159,Russia,Europe,Orthodox Europe,{}
Q274144,Q6106,Q30,United States,North America,English-speaking,Very high human development
Q274219,Q239870,Q30,United States,North America,English-speaking,Very high human development
Q274296,Q39709,Q30,United States,North America,English-speaking,Very high human development
Q274319,Q1758414,Q142,France,Europe,Catholic Europe,Very high human development
Q274324,Q270,Q36,Poland,Europe,Catholic Europe,Very high human development
Q274324,Q270,Q156111,,{},{},{}
Q274324,Q270,Q207272,,{},{},{}
Q274324,Q270,Q696908,,{},{},{}
Q274324,Q270,Q34266,,{},{},{}
Q274324,Q270,Q152115,,{},{},{}
Q274324,Q270,Q27306,,{},{},{}
Q274324,Q270,Q172107,,{},{},{}
Q274324,Q270,Q1649871,,{},{},{}
Q274324,Q270,Q577867,,{},{},{}
Q274324,Q270,Q11750128,,{},{},{}
Q274348,Q2807,Q29,Spain,Europe,Catholic Europe,Very high human development
Q274404,Q546,Q172579,,{},{},{}
Q274404,Q546,Q153136,,{},{},{}
Q274404,Q546,Q131964,,{},{},{}
Q274404,Q546,Q28513,,{},{},{}
Q274404,Q546,Q391980,,{},{},{}
Q274404,Q546,Q38,Italy,Europe,Catholic Europe,Very high human development
Q274404,Q546,Q4948,,{},{},{}
Q274500,Q84,Q2277,,{},{},{}
Q274500,Q84,Q110888,,{},{},{}
Q274500,Q84,Q105092,,{},{},{}
Q274500,Q84,Q105313,,{},{},{}
Q274500,Q84,Q179876,,{},{},{}
Q274500,Q84,Q161885,,{},{},{}
Q274500,Q84,Q174193,,{},{},{}
Q274500,Q84,Q145,United Kingdom,Europe,English-speaking,Very high human development
Q274708,Q2845194,Q30,United States,North America,English-speaking,Very high human development
Q274708,Q502294,Q30,United States,North America,English-speaking,Very high human development
Q274730,Q34932,Q408,Australia,Australia,English-speaking,Very high human development
Q274766,Q672949,Q36,Poland,Europe,Catholic Europe,Very high human development
Q274933,Q196035,Q142,France,Europe,Catholic Europe,Very high human development
Q274941,Q37320,Q30,United States,North America,English-speaking,Very high human development
Q275012,Q574192,Q30,United States,North America,English-speaking,Very high human development
Q275092,Q84,Q2277,,{},{},{}
Q275092,Q84,Q110888,,{},{},{}
Q275092,Q84,Q105092,,{},{},{}
Q275092,Q84,Q105313,,{},{},{}
Q275092,Q84,Q179876,,{},{},{}
Q275092,Q84,Q161885,,{},{},{}
Q275092,Q84,Q174193,,{},{},{}
Q275092,Q84,Q145,United Kingdom,Europe,English-speaking,Very high human development
Q275146,Q17068405,Q668,India,Asia,Indosphere,Medium human development
Q275172,Q484678,Q30,United States,North America,English-speaking,Very high human development
Q275175,Q6799455,Q36,Poland,Europe,Catholic Europe,Very high human development
Q275328,Q23556,Q30,United States,North America,English-speaking,Very high human development
Q275367,Q84,Q2277,,{},{},{}
Q275367,Q84,Q110888,,{},{},{}
Q275367,Q84,Q105092,,{},{},{}
Q275367,Q84,Q105313,,{},{},{}
Q275367,Q84,Q179876,,{},{},{}
Q275367,Q84,Q161885,,{},{},{}
Q275367,Q84,Q174193,,{},{},{}
Q275367,Q84,Q145,United Kingdom,Europe,English-speaking,Very high human development
Q275392,Q84,Q2277,,{},{},{}
Q275392,Q84,Q110888,,{},{},{}
Q275392,Q84,Q105092,,{},{},{}
Q275392,Q84,Q105313,,{},{},{}
Q275392,Q84,Q179876,,{},{},{}
Q275392,Q84,Q161885,,{},{},{}
Q275392,Q84,Q174193,,{},{},{}
Q275392,Q84,Q145,United Kingdom,Europe,English-speaking,Very high human development
Q275563,Q62,Q30,United States,North America,English-speaking,Very high human development
Q275601,Q36262,Q781,Antigua and Barbuda,North America,Latin America,Very high human development
Q275602,Q47265,Q30,United States,North America,English-speaking,Very high human development
Q275633,Q974074,Q664,New Zealand,Australia,English-speaking,Very high human development
Q275648,Q3774,Q298,Chile,South America,Latin America,Very high human development
Q275707,Q490385,Q30,United States,North America,English-speaking,Very high human development
Q275719,Q852673,Q30,United States,North America,English-speaking,Very high human development
Q275908,Q303543,Q189,Iceland,Europe,Protestant Europe,Very high human development
Q275929,Q8757,Q29,Spain,Europe,Catholic Europe,Very high human development
Q275955,Q342803,Q30,United States,North America,English-speaking,Very high human development
Q275979,Q220,Q38,Italy,Europe,Catholic Europe,Very high human development
Q275979,Q220,Q170174,,{},{},{}
Q275979,Q220,Q3755547,,{},{},{}
Q275979,Q220,Q583038,,{},{},{}
Q275979,Q220,Q12544,,{},{},{}
Q275979,Q220,Q172579,,{},{},{}
Q275979,Q220,Q201038,,{},{},{}
Q275979,Q220,Q17167,,{},{},{}
Q275979,Q220,Q2277,,{},{},{}
Q275979,Q220,Q42834,,{},{},{}
Q275979,Q220,Q237,Vatican City,{},{},{}
Q276028,Q18125,Q145,United Kingdom,Europe,English-speaking,Very high human development
Q276028,Q18125,Q174193,,{},{},{}
Q276028,Q18125,Q161885,,{},{},{}
Q276028,Q18125,Q179876,,{},{},{}
Q276032,Q60,Q30,United States,North America,English-speaking,Very high human development
Q276260,Q7473516,Q17,Japan,Asia,West & South Asia,Very high human development
Q276304,Q100,Q30,United States,North America,English-speaking,Very high human development
Q276304,Q100,Q2079909,,{},{},{}
Q276304,Q100,Q1191350,,{},{},{}
Q276332,Q1207735,Q188712,,{},{},{}
Q276355,Q60,Q30,United States,North America,English-speaking,Very high human development
Q276375,Q13160,Q96,Mexico,North America,Latin America,High human development
Q276421,Q54191,Q30,United States,North America,English-speaking,Very high human development
Q276472,Q24826,Q145,United Kingdom,Europe,English-speaking,Very high human development
Q276607,Q826561,Q145,United Kingdom,Europe,English-speaking,Very high human development
Q276782,Q34600,Q17,Japan,Asia,West & South Asia,Very high human development
Q276817,Q1345,Q30,United States,North America,English-speaking,Very high human development
Q277308,Q323432,Q30,United States,North America,English-speaking,Very high human development
Q278510,Q25395,Q30,United States,North America,English-speaking,Very high human development
Q278543,Q1762823,Q30,United States,North America,English-speaking,Very high human development
Q278573,Q646980,Q145,United Kingdom,Europe,English-speaking,Very high human development
Q278872,Q123709,Q145,United Kingdom,Europe,English-speaking,Very high human development
Q278917,Q182591,Q27,Ireland,Europe,English-speaking,Very high human development
Q278924,Q16562,Q30,United States,North America,English-speaking,Very high human development
Q278953,Q61,Q30,United States,North America,English-speaking,Very high human development
Q279305,Q2279685,Q145,United Kingdom,Europe,English-speaking,Very high human development
Q279305,Q84,Q2277,,{},{},{}
Q279305,Q84,Q110888,,{},{},{}
Q279305,Q84,Q105092,,{},{},{}
Q279305,Q84,Q105313,,{},{},{}
Q279305,Q84,Q179876,,{},{},{}
Q279305,Q84,Q161885,,{},{},{}
Q279305,Q84,Q174193,,{},{},{}
Q279305,Q84,Q145,United Kingdom,Europe,English-speaking,Very high human development
Q279361,Q49255,Q30,United States,North America,English-speaking,Very high human development
Q279550,Q984370,Q30,United States,North America,English-speaking,Very high human development
Q279973,Q1490,Q17,Japan,Asia,West & South Asia,Very high human development
Q279987,Q7473516,Q17,Japan,Asia,West & South Asia,Very high human development
Q280001,Q534957,Q30,United States,North America,English-speaking,Very high human development
Q280556,Q1486,Q414,Argentina,South America,Latin America,Very high human development
Q280730,Q61,Q30,United States,North America,English-speaking,Very high human development
Q281036,Q84,Q2277,,{},{},{}
Q281036,Q84,Q110888,,{},{},{}
Q281036,Q84,Q105092,,{},{},{}
Q281036,Q84,Q105313,,{},{},{}
Q281036,Q84,Q179876,,{},{},{}
Q281036,Q84,Q161885,,{},{},{}
Q281036,Q84,Q174193,,{},{},{}
Q281036,Q84,Q145,United Kingdom,Europe,English-speaking,Very high human development
Q281501,Q100188,Q203493,,{},{},{}
Q281501,Q100188,Q600018,,{},{},{}
Q281501,Q100188,Q28513,,{},{},{}
Q281501,Q100188,Q131964,,{},{},{}
Q281501,Q100188,Q153136,,{},{},{}
Q281501,Q100188,Q655621,,{},{},{}
Q281501,Q100188,Q625380,,{},{},{}
Q281501,Q100188,Q516160,,{},{},{}
Q281501,Q100188,Q2685298,,{},{},{}
Q281501,Q100188,Q842794,,{},{},{}
Q281501,Q100188,Q218,Romania,Europe,Catholic Europe,Very high human development
Q281501,Q100188,Q16056854,,{},{},{}
Q282859,Q38283,Q17,Japan,Asia,West & South Asia,Very high human development
Q283094,Q2414308,Q30,United States,North America,English-speaking,Very high human development
Q283267,Q162442,Q668,India,Asia,Indosphere,Medium human development
Q283353,Q115329,Q241,Cuba,North America,Latin America,High human development
Q283408,Q649,Q11750528,,{},{},{}
Q283408,Q649,Q170770,,{},{},{}
Q283408,Q649,Q186096,,{},{},{}
Q283408,Q649,Q34266,,{},{},{}
Q283408,Q649,Q139319,,{},{},{}
Q283408,Q649,Q2305208,,{},{},{}
Q283408,Q649,Q15180,,{},{},{}
Q283408,Q649,Q159,Russia,Europe,Orthodox Europe,{}
Q283496,Q94928,Q30,United States,North America,English-speaking,Very high human development
Q283496,Q167155,Q30,United States,North America,English-speaking,Very high human development
Q283531,Q84,Q2277,,{},{},{}
Q283531,Q84,Q110888,,{},{},{}
Q283531,Q84,Q105092,,{},{},{}
Q283531,Q84,Q105313,,{},{},{}
Q283531,Q84,Q179876,,{},{},{}
Q283531,Q84,Q161885,,{},{},{}
Q283531,Q84,Q174193,,{},{},{}
Q283531,Q84,Q145,United Kingdom,Europe,English-speaking,Very high human development
Q283659,Q467664,Q30,United States,North America,English-speaking,Very high human development
Q283964,Q43463,Q155,Brazil,South America,Latin America,High human development
Q284171,Q27116,Q35,Denmark,Europe,Protestant Europe,Very high human development
Q284287,Q1642029,Q30,United States,North America,English-speaking,Very high human development
Q284560,Q2442236,Q414,Argentina,South America,Latin America,Very high human development
Q285007,Q18426,Q30,United States,North America,English-speaking,Very high human development
Q285084,Q217234,Q17,Japan,Asia,West & South Asia,Very high human development
Q285876,Q23337,Q30,United States,North America,English-speaking,Very high human development
Q286116,Q11299,Q30,United States,North America,English-speaking,Very high human development
Q286475,Q202368,Q142,France,Europe,Catholic Europe,Very high human development
Q286701,Q1490,Q17,Japan,Asia,West & South Asia,Very high human development
Q287189,Q12397101,Q29,Spain,Europe,Catholic Europe,Very high human development
Q287460,Q853012,Q145,United Kingdom,Europe,English-speaking,Very high human development
Q287644,Q106444469,Q17,Japan,Asia,West & South Asia,Very high human development
Q287679,Q39984,Q142,France,Europe,Catholic Europe,Very high human development
Q287713,Q60,Q30,United States,North America,English-speaking,Very high human development
Q287752,Q33486,Q30,United States,North America,English-speaking,Very high human development
Q287762,Q754725,Q218,Romania,Europe,Catholic Europe,Very high human development
Q287762,Q754725,Q600018,,{},{},{}
Q287762,Q754725,Q218,Romania,Europe,Catholic Europe,Very high human development
Q287762,Q754725,Q28513,,{},{},{}
Q287762,Q754725,Q131964,,{},{},{}
Q287828,Q387460,Q142,France,Europe,Catholic Europe,Very high human development
Q287828,Q456,Q142,France,Europe,Catholic Europe,Very high human development
Q287828,Q456,Q17167,,{},{},{}
Q287828,Q456,Q2277,,{},{},{}
Q287828,Q456,Q42834,,{},{},{}
Q287828,Q456,Q13590051,,{},{},{}
Q287828,Q456,Q146246,,{},{},{}
Q287828,Q456,Q46370,,{},{},{}
Q287828,Q456,Q70972,,{},{},{}
Q287828,Q456,Q58296,,{},{},{}
Q287828,Q456,Q71084,,{},{},{}
Q287828,Q456,Q142,France,Europe,Catholic Europe,Very high human development
Q287828,Q456,Q69808,,{},{},{}
Q287876,Q5083,Q30,United States,North America,English-speaking,Very high human development
Q287898,Q5030,Q241,Cuba,North America,Latin America,High human development
Q288198,Q16552,Q30,United States,North America,English-speaking,Very high human development
Q288306,Q8686,Q148,People's Republic of China,Asia,Confucian,{}
Q288306,Q8686,Q13426199,,{},{},{}
Q288306,Q8686,Q696242,,{},{},{}
Q288306,Q8686,Q708865,,{},{},{}
Q288306,Q8686,Q4375948,,{},{},{}
Q288306,Q8686,Q13426199,,{},{},{}
Q288306,Q8686,Q148,People's Republic of China,Asia,Confucian,{}
Q288501,Q985966,Q155,Brazil,South America,Latin America,High human development
Q288627,Q84,Q2277,,{},{},{}
Q288627,Q84,Q110888,,{},{},{}
Q288627,Q84,Q105092,,{},{},{}
Q288627,Q84,Q105313,,{},{},{}
Q288627,Q84,Q179876,,{},{},{}
Q288627,Q84,Q161885,,{},{},{}
Q288627,Q84,Q174193,,{},{},{}
Q288627,Q84,Q145,United Kingdom,Europe,English-speaking,Very high human development
Q288721,Q18125,Q145,United Kingdom,Europe,English-speaking,Very high human development
Q288721,Q18125,Q174193,,{},{},{}
Q288721,Q18125,Q161885,,{},{},{}
Q288721,Q18125,Q179876,,{},{},{}
Q288769,Q1348,Q668,India,Asia,Indosphere,Medium human development
Q288769,Q1348,Q129286,,{},{},{}
Q288769,Q1348,Q2001966,,{},{},{}
Q288916,Q589460,Q30,United States,North America,English-speaking,Very high human development
Q289032,Q90,Q142,France,Europe,Catholic Europe,Very high human development
Q289032,Q90,Q70972,,{},{},{}
Q289032,Q90,Q146246,,{},{},{}
Q289032,Q90,Q2748708,,{},{},{}
Q289032,Q90,Q142,France,Europe,Catholic Europe,Very high human development
Q289032,Q90,Q71084,,{},{},{}
Q289032,Q90,Q58296,,{},{},{}
Q289054,Q210760,Q142,France,Europe,Catholic Europe,Very high human development
Q289377,Q48338,Q43,Turkey,Asia,West & South Asia,{}
Q289377,Q48338,Q12560,,{},{},{}
Q289377,Q48338,Q12544,,{},{},{}
Q289377,Q48338,Q2277,,{},{},{}
Q289377,Q48338,Q975405,,{},{},{}
Q289501,Q54352,Q34,Sweden,Europe,Protestant Europe,Very high human development
Q289812,Q1095872,Q30,United States,North America,English-speaking,Very high human development
Q289947,Q654226,Q145,United Kingdom,Europe,English-speaking,Very high human development
Q289990,Q1020224,Q843,Pakistan,Asia,Indosphere,Low human development
Q290021,Q1490,Q17,Japan,Asia,West & South Asia,Very high human development
Q290070,Q90,Q142,France,Europe,Catholic Europe,Very high human development
Q290070,Q90,Q70972,,{},{},{}
Q290070,Q90,Q146246,,{},{},{}
Q290070,Q90,Q2748708,,{},{},{}
Q290070,Q90,Q142,France,Europe,Catholic Europe,Very high human development
Q290070,Q90,Q71084,,{},{},{}
Q290070,Q90,Q58296,,{},{},{}
Q290143,Q822,Q822,Lebanon,Asia,African-Islamic,High human development
Q290143,Q3820,Q822,Lebanon,Asia,African-Islamic,High human development
Q290143,Q3820,Q108865218,,{},{},{}
Q290143,Q3820,Q108865226,,{},{},{}
Q290143,Q3820,Q7075820,,{},{},{}
Q290143,Q3820,Q12560,,{},{},{}
Q290220,Q85,Q79,Egypt,Africa,African-Islamic,High human development
Q290220,Q85,Q180114,,{},{},{}
Q290220,Q85,Q282428,,{},{},{}
Q290220,Q85,Q12560,,{},{},{}
Q290220,Q85,Q127861,,{},{},{}
Q290220,Q85,Q370173,,{},{},{}
Q290220,Q85,Q160307,,{},{},{}
Q290261,Q1748,Q35,Denmark,Europe,Protestant Europe,Very high human development
Q290261,Q1748,Q756617,,{},{},{}
Q290306,Q3616,Q794,Iran,Asia,African-Islamic,{}
Q290502,Q1335,Q77,Uruguay,South America,Latin America,Very high human development
Q290633,Q838782,Q30,United States,North America,English-speaking,Very high human development
Q290686,Q41819,Q30,United States,North America,English-speaking,Very high human development
Q291016,Q847868,Q224,Croatia,Europe,Catholic Europe,Very high human development
Q291025,Q100,Q30,United States,North America,English-speaking,Very high human development
Q291025,Q100,Q2079909,,{},{},{}
Q291025,Q100,Q1191350,,{},{},{}
Q291285,Q38283,Q17,Japan,Asia,West & South Asia,Very high human development
Q291397,Q69401,Q39,Switzerland,Europe,Catholic Europe,Very high human development
Q291672,Q242885,Q17,Japan,Asia,West & South Asia,Very high human development
Q291774,Q2795652,Q30,United States,North America,English-speaking,Very high human development
Q291779,Q985351,Q30,United States,North America,English-speaking,Very high human development
Q291806,Q34217,Q145,United Kingdom,Europe,English-speaking,Very high human development
Q291806,Q34217,Q174193,,{},{},{}
Q291806,Q34217,Q161885,,{},{},{}
Q291806,Q34217,Q179876,,{},{},{}
Q291890,Q1908566,Q30,United States,North America,English-speaking,Very high human development
Q292071,Q1166,Q30,United States,North America,English-speaking,Very high human development
Q292175,Q79408,Q30,United States,North America,English-speaking,Very high human development
Q292223,Q279000,Q145,United Kingdom,Europe,English-speaking,Very high human development
Q292223,Q14955750,Q145,United Kingdom,Europe,English-speaking,Very high human development
Q292423,Q24861,Q30,United States,North America,English-speaking,Very high human development
Q293028,Q1509,Q30,United States,North America,English-speaking,Very high human development
Q293141,Q1370,Q30,United States,North America,English-speaking,Very high human development
Q293141,Q511935,Q30,United States,North America,English-speaking,Very high human development
Q293236,Q24639,Q16,Canada,North America,English-speaking,Very high human development
Q293259,Q7473516,Q17,Japan,Asia,West & South Asia,Very high human development
Q293279,Q43199,Q30,United States,North America,English-speaking,Very high human development
Q293279,Q1993680,Q30,United States,North America,English-speaking,Very high human development
Q294321,Q100,Q30,United States,North America,English-speaking,Very high human development
Q294321,Q100,Q2079909,,{},{},{}
Q294321,Q100,Q1191350,,{},{},{}
Q294625,Q63495,Q30,United States,North America,English-speaking,Very high human development
Q294992,Q172455,Q142,France,Europe,Catholic Europe,Very high human development
Q294999,Q1004192,Q16,Canada,North America,English-speaking,Very high human development
Q295015,Q40898,Q155019,,{},{},{}
Q295015,Q40898,Q142,France,Europe,Catholic Europe,Very high human development
Q295406,Q983758,Q30,United States,North America,English-speaking,Very high human development
Q295431,Q83065,Q145,United Kingdom,Europe,English-speaking,Very high human development
Q295431,Q83065,Q179876,,{},{},{}
Q295589,Q495,Q38,Italy,Europe,Catholic Europe,Very high human development
Q295589,Q495,Q165154,,{},{},{}
Q295589,Q495,Q426025,,{},{},{}
Q295589,Q495,Q1232887,,{},{},{}
Q295589,Q495,Q426488,,{},{},{}
Q295589,Q495,Q704484,,{},{},{}
Q295589,Q495,Q31929,,{},{},{}
Q295589,Q495,Q854415,,{},{},{}
Q295941,Q23098,Q145,United Kingdom,Europe,English-speaking,Very high human development
Q295941,Q23098,Q179876,,{},{},{}
Q295941,Q2239557,Q145,United Kingdom,Europe,English-speaking,Very high human development
Q296069,Q217346,Q30,United States,North America,English-speaking,Very high human development
Q296256,Q492478,Q30,United States,North America,English-speaking,Very high human development
Q296299,Q1352,Q668,India,Asia,Indosphere,Medium human development
Q296299,Q1352,Q2001966,,{},{},{}
Q296299,Q1352,Q129286,,{},{},{}
Q296299,Q1352,Q668,India,Asia,Indosphere,Medium human development
Q296609,Q991532,Q145,United Kingdom,Europe,English-speaking,Very high human development
Q296609,Q30292832,Q145,United Kingdom,Europe,English-speaking,Very high human development
Q296752,Q1492,Q29,Spain,Europe,Catholic Europe,Very high human development
Q297504,Q2046382,Q43,Turkey,Asia,West & South Asia,{}
Q297510,Q132830,Q1009,Cameroon,Africa,Sub-Saharan Africa,Medium human development
Q297510,Q7241144,Q1009,Cameroon,Africa,Sub-Saharan Africa,Medium human development
Q297538,Q233129,Q30,United States,North America,English-speaking,Very high human development
Q297538,Q30,Q30,United States,North America,English-speaking,Very high human development
Q297542,Q1345,Q30,United States,North America,English-speaking,Very high human development
Q297736,Q140012,Q159,Russia,Europe,Orthodox Europe,{}
Q297736,Q140012,Q34266,,{},{},{}
Q297736,Q140012,Q15180,,{},{},{}
Q297752,Q8686,Q148,People's Republic of China,Asia,Confucian,{}
Q297752,Q8686,Q13426199,,{},{},{}
Q297752,Q8686,Q696242,,{},{},{}
Q297752,Q8686,Q708865,,{},{},{}
Q297752,Q8686,Q4375948,,{},{},{}
Q297752,Q8686,Q13426199,,{},{},{}
Q297752,Q8686,Q148,People's Republic of China,Asia,Confucian,{}
Q297758,Q2630,Q159,Russia,Europe,Orthodox Europe,{}
Q297770,Q19660,Q389004,,{},{},{}
Q297770,Q19660,Q958291,,{},{},{}
Q297770,Q19660,Q203493,,{},{},{}
Q297770,Q19660,Q2685298,,{},{},{}
Q297770,Q19660,Q842794,,{},{},{}
Q297770,Q19660,Q218,Romania,Europe,Catholic Europe,Very high human development
Q297794,Q90,Q142,France,Europe,Catholic Europe,Very high human development
Q297794,Q90,Q70972,,{},{},{}
Q297794,Q90,Q146246,,{},{},{}
Q297794,Q90,Q2748708,,{},{},{}
Q297794,Q90,Q142,France,Europe,Catholic Europe,Very high human development
Q297794,Q90,Q71084,,{},{},{}
Q297794,Q90,Q58296,,{},{},{}
Q297881,Q747799,Q142,France,Europe,Catholic Europe,Very high human development
Q298025,Q60,Q30,United States,North America,English-speaking,Very high human development
Q298051,Q120161,Q142,France,Europe,Catholic Europe,Very high human development
Q298152,Q58888182,Q145,United Kingdom,Europe,English-speaking,Very high human development
Q298152,Q84,Q2277,,{},{},{}
Q298152,Q84,Q110888,,{},{},{}
Q298152,Q84,Q105092,,{},{},{}
Q298152,Q84,Q105313,,{},{},{}
Q298152,Q84,Q179876,,{},{},{}
Q298152,Q84,Q161885,,{},{},{}
Q298152,Q84,Q174193,,{},{},{}
Q298152,Q84,Q145,United Kingdom,Europe,English-speaking,Very high human development
Q298221,Q1297,Q30,United States,North America,English-speaking,Very high human development
Q298224,Q27963129,Q117,Ghana,Africa,Sub-Saharan Africa,Medium human development
Q298229,Q80096,Q30,United States,North America,English-speaking,Very high human development
Q298234,Q1297,Q30,United States,North America,English-speaking,Very high human development
Q298242,Q65,Q30,United States,North America,English-speaking,Very high human development
Q298334,Q3130,Q408,Australia,Australia,English-speaking,Very high human development
Q298358,Q2145,Q16,Canada,North America,English-speaking,Very high human development
Q298394,Q1106228,Q142,France,Europe,Catholic Europe,Very high human development
Q298417,Q72259,Q145,United Kingdom,Europe,English-speaking,Very high human development
Q298417,Q72259,Q174193,,{},{},{}
Q298417,Q72259,Q161885,,{},{},{}
Q298417,Q72259,Q179876,,{},{},{}
Q298651,Q38022,Q30,United States,North America,English-speaking,Very high human development
Q298703,Q49111,Q30,United States,North America,English-speaking,Very high human development
Q298761,Q24826,Q145,United Kingdom,Europe,English-speaking,Very high human development
Q298827,Q3452302,Q142,France,Europe,Catholic Europe,Very high human development
Q298938,Q639340,Q77,Uruguay,South America,Latin America,Very high human development
Q299161,Q2807,Q29,Spain,Europe,Catholic Europe,Very high human development
Q299347,Q483964,Q20,Norway,Europe,Protestant Europe,Very high human development
Q299539,Q84,Q2277,,{},{},{}
Q299539,Q84,Q110888,,{},{},{}
Q299539,Q84,Q105092,,{},{},{}
Q299539,Q84,Q105313,,{},{},{}
Q299539,Q84,Q179876,,{},{},{}
Q299539,Q84,Q161885,,{},{},{}
Q299539,Q84,Q174193,,{},{},{}
Q299539,Q84,Q145,United Kingdom,Europe,English-speaking,Very high human development
Q299545,Q1479,Q142,France,Europe,Catholic Europe,Very high human development
Q299871,Q785,Q785,,{},{},{}
Q299871,Q785,Q145,United Kingdom,Europe,English-speaking,Very high human development
Q299933,Q843993,Q30,United States,North America,English-speaking,Very high human development
Q299965,Q34863,Q30,United States,North America,English-speaking,Very high human development
Q301106,Q37100,Q664,New Zealand,Australia,English-speaking,Very high human development
Q301372,Q503014,Q30,United States,North America,English-speaking,Very high human development
Q301632,Q939602,Q30,United States,North America,English-speaking,Very high human development
Q302296,Q3992,Q31,Belgium,Europe,Catholic Europe,Very high human development
Q302296,Q3992,Q58296,,{},{},{}
Q302296,Q3992,Q71084,,{},{},{}
Q302296,Q3992,Q12548,,{},{},{}
Q302296,Q3992,Q146246,,{},{},{}
Q302296,Q3992,Q468902,,{},{},{}
Q302296,Q3992,Q6673921,,{},{},{}
Q302296,Q3992,Q153080,,{},{},{}
Q302296,Q3992,Q175211,,{},{},{}
Q302315,Q60,Q30,United States,North America,English-speaking,Very high human development
Q302433,Q1754096,Q145,United Kingdom,Europe,English-speaking,Very high human development
Q302768,Q187805,Q30,United States,North America,English-speaking,Very high human development
Q302910,Q6358478,Q114,Kenya,Africa,Sub-Saharan Africa,Medium human development
Q304874,Q34109,Q30,United States,North America,English-speaking,Very high human development
Q305051,Q507517,Q145,United Kingdom,Europe,English-speaking,Very high human development
Q305402,Q1343021,Q408,Australia,Australia,English-speaking,Very high human development
Q305523,Q48320,Q17,Japan,Asia,West & South Asia,Very high human development
Q305907,Q1530,Q796,Iraq,Asia,African-Islamic,Medium human development
Q305907,Q1530,Q12536,,{},{},{}
Q305907,Q1530,Q149805,,{},{},{}
Q305907,Q1530,Q146720,,{},{},{}
Q305907,Q1530,Q12560,,{},{},{}
Q305907,Q1530,Q178084,,{},{},{}
Q305907,Q1530,Q866716,,{},{},{}
Q305907,Q1530,Q324470,,{},{},{}
Q305907,Q1530,Q555994,,{},{},{}
Q305907,Q1530,Q18234383,,{},{},{}
Q305907,Q1530,Q12560,,{},{},{}
Q305907,Q1530,Q18234383,,{},{},{}
Q305907,Q1530,Q83891,,{},{},{}
Q305907,Q1530,Q273874,,{},{},{}
Q305909,Q3616,Q794,Iran,Asia,African-Islamic,{}
Q307988,Q3551,Q1028,Morocco,Africa,African-Islamic,High human development
Q308021,Q3572,Q948,Tunisia,Africa,African-Islamic,High human development
Q308021,Q3572,Q752662,,{},{},{}
Q308021,Q3572,Q2017684,,{},{},{}
Q309702,Q213349,Q142,France,Europe,Catholic Europe,Very high human development
Q309716,Q841686,Q142,France,Europe,Catholic Europe,Very high human development
Q309759,Q123947,Q145,United Kingdom,Europe,English-speaking,Very high human development
Q309759,Q84,Q2277,,{},{},{}
Q309759,Q84,Q110888,,{},{},{}
Q309759,Q84,Q105092,,{},{},{}
Q309759,Q84,Q105313,,{},{},{}
Q309759,Q84,Q179876,,{},{},{}
Q309759,Q84,Q161885,,{},{},{}
Q309759,Q84,Q174193,,{},{},{}
Q309759,Q84,Q145,United Kingdom,Europe,English-speaking,Very high human development
Q309768,Q5831,Q29,Spain,Europe,Catholic Europe,Very high human development
Q309786,Q2028,Q38,Italy,Europe,Catholic Europe,Very high human development
Q309850,Q18419,Q30,United States,North America,English-speaking,Very high human development
Q309903,Q84,Q2277,,{},{},{}
Q309903,Q84,Q110888,,{},{},{}
Q309903,Q84,Q105092,,{},{},{}
Q309903,Q84,Q105313,,{},{},{}
Q309903,Q84,Q179876,,{},{},{}
Q309903,Q84,Q161885,,{},{},{}
Q309903,Q84,Q174193,,{},{},{}
Q309903,Q84,Q145,United Kingdom,Europe,English-speaking,Very high human development
Q309974,Q214597,Q142,France,Europe,Catholic Europe,Very high human development
Q310048,Q18426,Q30,United States,North America,English-speaking,Very high human development
Q310111,Q23064,Q145,United Kingdom,Europe,English-speaking,Very high human development
Q310176,Q34217,Q145,United Kingdom,Europe,English-speaking,Very high human development
Q310176,Q34217,Q174193,,{},{},{}
Q310176,Q34217,Q161885,,{},{},{}
Q310176,Q34217,Q179876,,{},{},{}
Q310257,Q43196,Q30,United States,North America,English-speaking,Very high human development
Q310379,Q990504,Q30,United States,North America,English-speaking,Very high human development
Q310464,Q2800205,Q30,United States,North America,English-speaking,Very high human development
Q310562,Q170287,Q403,Serbia,Europe,Orthodox Europe,Very high human development
Q310630,Q407110,Q219,Bulgaria,Europe,{},Very high human development
Q310630,Q407110,Q121932,,{},{},{}
Q310630,Q407110,Q147909,,{},{},{}
Q310630,Q407110,Q815731,,{},{},{}
Q310630,Q407110,Q459780,,{},{},{}
Q310630,Q407110,Q12560,,{},{},{}
Q311001,Q739495,Q29,Spain,Europe,Catholic Europe,Very high human development
Q311005,Q3551,Q1028,Morocco,Africa,African-Islamic,High human development
Q311145,Q8678,Q155,Brazil,South America,Latin America,High human development
Q311167,Q8810,Q29,Spain,Europe,Catholic Europe,Very high human development
Q311253,Q37320,Q30,United States,North America,English-speaking,Very high human development
Q311401,Q1533,Q717,Venezuela,South America,Latin America,{}
Q311401,Q1533,Q10463,,{},{},{}
Q311401,Q1533,Q8965,,{},{},{}
Q311401,Q1533,Q3408341,,{},{},{}
Q311401,Q1533,Q3408341,,{},{},{}
Q311476,Q10524743,Q34,Sweden,Europe,Protestant Europe,Very high human development
Q311480,Q467366,Q142,France,Europe,Catholic Europe,Very high human development
Q311526,Q738748,Q836,Myanmar,Asia,{},Medium human development
Q311591,Q961808,Q30,United States,North America,English-speaking,Very high human development
Q311592,Q796,Q796,Iraq,Asia,African-Islamic,Medium human development
Q311671,Q1044808,Q30,United States,North America,English-speaking,Very high human development
Q311684,Q172,Q16,Canada,North America,English-speaking,Very high human development
Q311744,Q1024037,Q30,United States,North America,English-speaking,Very high human development
Q311755,Q41819,Q30,United States,North America,English-speaking,Very high human development
Q311854,Q207587,Q142,France,Europe,Catholic Europe,Very high human development
Q312242,Q1842,Q32,Luxembourg,Europe,Catholic Europe,Very high human development
Q312405,Q94919,Q30,United States,North America,English-speaking,Very high human development
Q312407,Q1297,Q30,United States,North America,English-speaking,Very high human development
Q312579,Q211950,Q145,United Kingdom,Europe,English-speaking,Very high human development
Q312632,Q62,Q30,United States,North America,English-speaking,Very high human development
Q312637,Q13377,Q38,Italy,Europe,Catholic Europe,Very high human development
Q312637,Q13377,Q172579,,{},{},{}
Q312637,Q13377,Q154849,,{},{},{}
Q312637,Q13377,Q2252973,,{},{},{}
Q312641,Q60,Q30,United States,North America,English-speaking,Very high human development
Q312720,Q3182203,Q30,United States,North America,English-speaking,Very high human development
Q312747,Q15696,Q29,Spain,Europe,Catholic Europe,Very high human development
Q312829,Q23092,Q145,United Kingdom,Europe,English-speaking,Very high human development
Q312829,Q6485701,Q145,United Kingdom,Europe,English-speaking,Very high human development
Q312851,Q486439,Q30,United States,North America,English-speaking,Very high human development
Q312853,Q755026,Q30,United States,North America,English-speaking,Very high human development
Q312995,Q51693,Q30,United States,North America,English-speaking,Very high human development
Q313001,Q2216536,Q145,United Kingdom,Europe,English-speaking,Very high human development
Q313001,Q84,Q2277,,{},{},{}
Q313001,Q84,Q110888,,{},{},{}
Q313001,Q84,Q105092,,{},{},{}
Q313001,Q84,Q105313,,{},{},{}
Q313001,Q84,Q179876,,{},{},{}
Q313001,Q84,Q161885,,{},{},{}
Q313001,Q84,Q174193,,{},{},{}
Q313001,Q84,Q145,United Kingdom,Europe,English-speaking,Very high human development
Q313007,Q1851095,Q145,United Kingdom,Europe,English-speaking,Very high human development
Q313038,Q8652,Q30,United States,North America,English-speaking,Very high human development
Q313077,Q209126,Q27,Ireland,Europe,English-speaking,Very high human development
Q313185,Q1297,Q30,United States,North America,English-speaking,Very high human development
Q313193,Q1345,Q30,United States,North America,English-speaking,Very high human development
Q313246,Q217346,Q30,United States,North America,English-speaking,Very high human development
Q313254,Q2878215,Q408,Australia,Australia,English-speaking,Very high human development
Q313289,Q655874,Q145,United Kingdom,Europe,English-speaking,Very high human development
Q313377,Q985409,Q30,United States,North America,English-speaking,Very high human development
Q313461,Q3851571,Q399,Armenia,Asia,Orthodox Europe,Very high human development
Q313466,Q61,Q30,United States,North America,English-speaking,Very high human development
Q313489,Q55607704,Q145,United Kingdom,Europe,English-speaking,Very high human development
Q313509,Q80408,Q262,Algeria,Africa,African-Islamic,High human development
Q313509,Q80408,Q142,France,Europe,Catholic Europe,Very high human development
Q313589,Q430776,Q801,Israel,Asia,West & South Asia,Very high human development
Q313589,Q430776,Q193714,,{},{},{}
Q313589,Q430776,Q12560,,{},{},{}
Q313589,Q430776,Q15843470,,{},{},{}
Q313593,Q35381,Q854,Sri Lanka,Asia,Indosphere,High human development
Q313673,Q3714394,Q145,United Kingdom,Europe,English-speaking,Very high human development
Q313727,Q686319,Q145,United Kingdom,Europe,English-speaking,Very high human development
Q313739,Q34404,Q30,United States,North America,English-speaking,Very high human development
Q313767,Q158799,Q212,Ukraine,Europe,Orthodox Europe,High human development
Q313767,Q158799,Q34266,,{},{},{}
Q313981,Q41262,Q145,United Kingdom,Europe,English-speaking,Very high human development
Q314158,Q1575653,Q145,United Kingdom,Europe,English-speaking,Very high human development
Q314158,Q1575653,Q174193,,{},{},{}
Q314158,Q1857589,Q145,United Kingdom,Europe,English-speaking,Very high human development
Q314179,Q107401,Q43,Turkey,Asia,West & South Asia,{}
Q314215,Q840381,Q30,United States,North America,English-speaking,Very high human development
Q314256,Q648501,Q30,United States,North America,English-speaking,Very high human development
Q314416,Q24826,Q145,United Kingdom,Europe,English-speaking,Very high human development
Q314553,Q18419,Q30,United States,North America,English-speaking,Very high human development
Q314553,Q60,Q30,United States,North America,English-speaking,Very high human development
Q314787,Q11739,Q843,Pakistan,Asia,Indosphere,Low human development
Q314787,Q11739,Q2006542,,{},{},{}
Q314787,Q11739,Q129286,,{},{},{}
Q314787,Q11739,Q33296,,{},{},{}
Q314787,Q11739,Q83572,,{},{},{}
Q314787,Q11739,Q668,India,Asia,Indosphere,Medium human development
Q314843,Q158923,Q212,Ukraine,Europe,Orthodox Europe,High human development
Q314843,Q158923,Q15180,,{},{},{}
Q314843,Q158923,Q156111,,{},{},{}
Q314843,Q158923,Q15180,,{},{},{}
Q314843,Q158923,Q36,Poland,Europe,Catholic Europe,Very high human development
Q314843,Q158923,Q457167,,{},{},{}
Q314843,Q158923,Q28513,,{},{},{}
Q314843,Q158923,Q131964,,{},{},{}
Q314843,Q158923,Q153136,,{},{},{}
Q314843,Q158923,Q172107,,{},{},{}
Q314897,Q23436,Q145,United Kingdom,Europe,English-speaking,Very high human development
Q314897,Q23436,Q174193,,{},{},{}
Q314897,Q23436,Q161885,,{},{},{}
Q314897,Q23436,Q230791,,{},{},{}
Q314929,Q213361,Q145,United Kingdom,Europe,English-speaking,Very high human development
Q314957,Q206523,Q142,France,Europe,Catholic Europe,Very high human development
Q314963,Q668199,Q142,France,Europe,Catholic Europe,Very high human development
Q314969,Q60,Q30,United States,North America,English-speaking,Very high human development
Q314972,Q48958,Q142,France,Europe,Catholic Europe,Very high human development
Q314987,Q1003651,Q142,France,Europe,Catholic Europe,Very high human development
Q314993,Q30974,Q142,France,Europe,Catholic Europe,Very high human development
Q315003,Q1110622,Q142,France,Europe,Catholic Europe,Very high human development
Q315017,Q3616,Q794,Iran,Asia,African-Islamic,{}
Q315024,Q20572885,Q241,Cuba,North America,Latin America,High human development
Q315059,Q277543,Q16,Canada,North America,English-speaking,Very high human development
Q315069,Q485716,Q30,United States,North America,English-speaking,Very high human development
Q315072,Q275118,Q142,France,Europe,Catholic Europe,Very high human development
Q315072,Q90,Q142,France,Europe,Catholic Europe,Very high human development
Q315072,Q90,Q70972,,{},{},{}
Q315072,Q90,Q146246,,{},{},{}
Q315072,Q90,Q2748708,,{},{},{}
Q315072,Q90,Q142,France,Europe,Catholic Europe,Very high human development
Q315072,Q90,Q71084,,{},{},{}
Q315072,Q90,Q58296,,{},{},{}
Q315136,Q3711,Q171150,,{},{},{}
Q315136,Q3711,Q12560,,{},{},{}
Q315136,Q3711,Q153136,,{},{},{}
Q315136,Q3711,Q12560,,{},{},{}
Q315136,Q3711,Q684030,,{},{},{}
Q315136,Q3711,Q241748,,{},{},{}
Q315136,Q3711,Q191077,,{},{},{}
Q315136,Q3711,Q701914,,{},{},{}
Q315136,Q3711,Q191077,,{},{},{}
Q315136,Q3711,Q83286,,{},{},{}
Q315136,Q3711,Q838261,,{},{},{}
Q315136,Q3711,Q37024,,{},{},{}
Q315136,Q3711,Q403,Serbia,Europe,Orthodox Europe,Very high human development
Q315136,Q3711,Q1290149,,{},{},{}
Q315136,Q3711,Q12560,,{},{},{}
Q315136,Q3711,Q16086793,,{},{},{}
Q315147,Q3426,Q186096,,{},{},{}
Q315147,Q3426,Q34266,,{},{},{}
Q315147,Q3426,Q15180,,{},{},{}
Q315147,Q3426,Q159,Russia,Europe,Orthodox Europe,{}
Q315167,Q956,Q148,People's Republic of China,Asia,Confucian,{}
Q315167,Q956,Q13426199,,{},{},{}
Q315167,Q956,Q696242,,{},{},{}
Q315167,Q956,Q704714,,{},{},{}
Q315167,Q956,Q13426199,,{},{},{}
Q315167,Q956,Q814959,,{},{},{}
Q315167,Q956,Q8733,,{},{},{}
Q315167,Q956,Q9903,,{},{},{}
Q315185,Q900,Q159,Russia,Europe,Orthodox Europe,{}
Q315185,Q900,Q15180,,{},{},{}
Q315185,Q900,Q34266,,{},{},{}
Q315185,Q900,Q186537,,{},{},{}
Q315185,Q900,Q2305208,,{},{},{}
Q315185,Q900,Q186096,,{},{},{}
Q315185,Q900,Q185488,,{},{},{}
Q315185,Q900,Q79965,,{},{},{}
Q315220,Q90,Q142,France,Europe,Catholic Europe,Very high human development
Q315220,Q90,Q70972,,{},{},{}
Q315220,Q90,Q146246,,{},{},{}
Q315220,Q90,Q2748708,,{},{},{}
Q315220,Q90,Q142,France,Europe,Catholic Europe,Very high human development
Q315220,Q90,Q71084,,{},{},{}
Q315220,Q90,Q58296,,{},{},{}
Q315343,Q18419,Q30,United States,North America,English-speaking,Very high human development
Q315362,Q994105,Q1033,Nigeria,Africa,Sub-Saharan Africa,Medium human development
Q315362,Q994105,Q4903979,,{},{},{}
Q315362,Q994105,Q585408,,{},{},{}
Q315362,Q994105,Q2046345,,{},{},{}
Q315362,Q994105,Q5440850,,{},{},{}
Q315362,Q994105,Q3511905,,{},{},{}
Q315362,Q994105,Q1033,Nigeria,Africa,Sub-Saharan Africa,Medium human development
Q315362,Q994105,Q3509510,,{},{},{}
Q315380,Q60,Q30,United States,North America,English-speaking,Very high human development
Q315380,Q2404798,Q30,United States,North America,English-speaking,Very high human development
Q315509,Q1227477,Q145,United Kingdom,Europe,English-speaking,Very high human development
Q315683,Q755862,Q30,United States,North America,English-speaking,Very high human development
Q315949,Q984575,Q262,Algeria,Africa,African-Islamic,High human development
Q315949,Q984575,Q142,France,Europe,Catholic Europe,Very high human development
Q315949,Q984575,Q3045696,,{},{},{}
Q316048,Q281749,Q145,United Kingdom,Europe,English-speaking,Very high human development
Q316138,Q84,Q2277,,{},{},{}
Q316138,Q84,Q110888,,{},{},{}
Q316138,Q84,Q105092,,{},{},{}
Q316138,Q84,Q105313,,{},{},{}
Q316138,Q84,Q179876,,{},{},{}
Q316138,Q84,Q161885,,{},{},{}
Q316138,Q84,Q174193,,{},{},{}
Q316138,Q84,Q145,United Kingdom,Europe,English-speaking,Very high human development
Q316213,Q927789,Q17,Japan,Asia,West & South Asia,Very high human development
Q316217,Q11628207,Q17,Japan,Asia,West & South Asia,Very high human development
Q316217,Q7473516,Q17,Japan,Asia,West & South Asia,Very high human development
Q316313,Q60,Q30,United States,North America,English-speaking,Very high human development
Q316327,Q200459,Q45,Portugal,Europe,Catholic Europe,Very high human development
Q316381,Q3433770,Q34,Sweden,Europe,Protestant Europe,Very high human development
Q316381,Q1754,Q34,Sweden,Europe,Protestant Europe,Very high human development
Q316381,Q1754,Q62623,,{},{},{}
Q316381,Q1754,Q62589,,{},{},{}
Q316431,Q54185,Q30,United States,North America,English-speaking,Very high human development
Q316607,Q2666737,Q30,United States,North America,English-speaking,Very high human development
Q316610,Q65,Q30,United States,North America,English-speaking,Very high human development
Q316616,Q8717,Q29,Spain,Europe,Catholic Europe,Very high human development
Q316616,Q8717,Q276951,,{},{},{}
Q316788,Q79720,Q30,United States,North America,English-speaking,Very high human development
Q316802,Q3130,Q408,Australia,Australia,English-speaking,Very high human development
Q316806,Q36433,Q45,Portugal,Europe,Catholic Europe,Very high human development
Q316884,Q1492,Q29,Spain,Europe,Catholic Europe,Very high human development
Q317142,Q432337,Q38,Italy,Europe,Catholic Europe,Very high human development
Q317160,Q18125,Q145,United Kingdom,Europe,English-speaking,Very high human development
Q317160,Q18125,Q174193,,{},{},{}
Q317160,Q18125,Q161885,,{},{},{}
Q317160,Q18125,Q179876,,{},{},{}
Q317200,Q45815,Q45,Portugal,Europe,Catholic Europe,Very high human development
Q317491,Q16552,Q30,United States,North America,English-speaking,Very high human development
Q317631,Q18426,Q30,United States,North America,English-speaking,Very high human development
Q317685,Q6360296,Q17,Japan,Asia,West & South Asia,Very high human development
Q317877,Q2222874,Q924,Tanzania,Africa,Sub-Saharan Africa,{}
Q317877,Q2222874,Q157904,,{},{},{}
Q318026,Q476584,Q142,France,Europe,Catholic Europe,Very high human development
Q318099,Q25395,Q30,United States,North America,English-speaking,Very high human development
Q318212,Q861279,Q17,Japan,Asia,West & South Asia,Very high human development
Q318297,Q747509,Q30,United States,North America,English-speaking,Very high human development
Q318390,Q1010659,Q45,Portugal,Europe,Catholic Europe,Very high human development
Q318391,Q6616,Q142,France,Europe,Catholic Europe,Very high human development
Q318391,Q6616,Q7703611,,{},{},{}
Q318391,Q6616,Q46370,,{},{},{}
Q318391,Q6616,Q146246,,{},{},{}
Q318391,Q6616,Q126936,,{},{},{}
Q318399,Q84,Q2277,,{},{},{}
Q318399,Q84,Q110888,,{},{},{}
Q318399,Q84,Q105092,,{},{},{}
Q318399,Q84,Q105313,,{},{},{}
Q318399,Q84,Q179876,,{},{},{}
Q318399,Q84,Q161885,,{},{},{}
Q318399,Q84,Q174193,,{},{},{}
Q318399,Q84,Q145,United Kingdom,Europe,English-speaking,Very high human development
Q318412,Q24639,Q16,Canada,North America,English-speaking,Very high human development
Q318431,Q1014545,Q145,United Kingdom,Europe,English-speaking,Very high human development
Q318440,Q3451209,Q142,France,Europe,Catholic Europe,Very high human development
Q318462,Q84,Q2277,,{},{},{}
Q318462,Q84,Q110888,,{},{},{}
Q318462,Q84,Q105092,,{},{},{}
Q318462,Q84,Q105313,,{},{},{}
Q318462,Q84,Q179876,,{},{},{}
Q318462,Q84,Q161885,,{},{},{}
Q318462,Q84,Q174193,,{},{},{}
Q318462,Q84,Q145,United Kingdom,Europe,English-speaking,Very high human development
Q318487,Q65,Q30,United States,North America,English-speaking,Very high human development
Q318525,Q1486,Q414,Argentina,South America,Latin America,Very high human development
Q318845,Q578314,Q30,United States,North America,English-speaking,Very high human development
Q318860,Q37836,Q30,United States,North America,English-speaking,Very high human development
Q319169,Q84,Q2277,,{},{},{}
Q319169,Q84,Q110888,,{},{},{}
Q319169,Q84,Q105092,,{},{},{}
Q319169,Q84,Q105313,,{},{},{}
Q319169,Q84,Q179876,,{},{},{}
Q319169,Q84,Q161885,,{},{},{}
Q319169,Q84,Q174193,,{},{},{}
Q319169,Q84,Q145,United Kingdom,Europe,English-speaking,Very high human development
Q319196,Q130191,Q145,United Kingdom,Europe,English-speaking,Very high human development
Q319261,Q90,Q142,France,Europe,Catholic Europe,Very high human development
Q319261,Q90,Q70972,,{},{},{}
Q319261,Q90,Q146246,,{},{},{}
Q319261,Q90,Q2748708,,{},{},{}
Q319261,Q90,Q142,France,Europe,Catholic Europe,Very high human development
Q319261,Q90,Q71084,,{},{},{}
Q319261,Q90,Q58296,,{},{},{}
Q319261,Q142,Q142,France,Europe,Catholic Europe,Very high human development
Q319447,Q580,Q36,Poland,Europe,Catholic Europe,Very high human development
Q319447,Q580,Q7318,,{},{},{}
Q319447,Q580,Q207272,,{},{},{}
Q319447,Q580,Q696908,,{},{},{}
Q319447,Q580,Q34266,,{},{},{}
Q319447,Q580,Q34266,,{},{},{}
Q319447,Q580,Q152115,,{},{},{}
Q319447,Q580,Q27306,,{},{},{}
Q319447,Q580,Q172107,,{},{},{}
Q319447,Q580,Q1649871,,{},{},{}
Q319447,Q580,Q577867,,{},{},{}
Q319461,Q175323,Q43,Turkey,Asia,West & South Asia,{}
Q319746,Q192517,Q30,United States,North America,English-speaking,Very high human development
Q319820,Q944044,Q30,United States,North America,English-speaking,Very high human development
Q319820,Q1022786,Q30,United States,North America,English-speaking,Very high human development
Q319829,Q49111,Q30,United States,North America,English-speaking,Very high human development
Q320352,Q936263,Q145,United Kingdom,Europe,English-speaking,Very high human development
Q320358,Q592141,Q244,Barbados,North America,Latin America,Very high human development
Q320497,Q987,Q668,India,Asia,Indosphere,Medium human development
Q320497,Q987,Q129286,,{},{},{}
Q320507,Q43475,Q145,United Kingdom,Europe,English-speaking,Very high human development
Q320507,Q43475,Q174193,,{},{},{}
Q320573,Q60,Q30,United States,North America,English-speaking,Very high human development
Q320664,Q1397,Q30,United States,North America,English-speaking,Very high human development
Q320884,Q49111,Q30,United States,North America,English-speaking,Very high human development
Q321066,Q855327,Q971,Republic of the Congo,{},{},{}
Q321071,Q1023499,Q30,United States,North America,English-speaking,Very high human development
Q321123,Q585857,Q30,United States,North America,English-speaking,Very high human development
Q321372,Q994,Q230,Georgia,Asia,Orthodox Europe,Very high human development
Q321372,Q994,Q15180,,{},{},{}
Q321372,Q994,Q545205,,{},{},{}
Q321372,Q994,Q245160,,{},{},{}
Q321372,Q994,Q330756,,{},{},{}
Q321372,Q994,Q2630860,,{},{},{}
Q321372,Q994,Q139319,,{},{},{}
Q321372,Q994,Q34266,,{},{},{}
Q321372,Q994,Q282475,,{},{},{}
Q321372,Q994,Q195972,,{},{},{}
Q321372,Q994,Q154667,,{},{},{}
Q321731,Q100,Q30,United States,North America,English-speaking,Very high human development
Q321731,Q100,Q2079909,,{},{},{}
Q321731,Q100,Q1191350,,{},{},{}
Q321917,Q18383,Q30,United States,North America,English-speaking,Very high human development
Q322060,Q80597,Q183,Germany,Europe,Catholic Europe,Very high human development
Q322718,Q643743,Q794,Iran,Asia,African-Islamic,{}
Q322859,Q34006,Q30,United States,North America,English-speaking,Very high human development
Q322871,Q889888,Q145,United Kingdom,Europe,English-speaking,Very high human development
Q322900,Q172438,Q145,United Kingdom,Europe,English-speaking,Very high human development
Q323166,Q678437,Q30,United States,North America,English-speaking,Very high human development
Q323344,Q506578,Q1045,Somalia,Africa,Sub-Saharan Africa,Low human development
Q323353,Q40435,Q30,United States,North America,English-speaking,Very high human development
Q323419,Q38022,Q30,United States,North America,English-speaking,Very high human development
Q323553,Q42807,Q142,France,Europe,Catholic Europe,Very high human development
Q323626,Q1112321,Q28,Hungary,Europe,Catholic Europe,Very high human development
Q323985,Q9949,Q55,Netherlands,Europe,Protestant Europe,Very high human development
Q324060,Q1428057,Q30,United States,North America,English-speaking,Very high human development
Q324134,Q665489,Q145,United Kingdom,Europe,English-speaking,Very high human development
Q324283,Q54108,Q414,Argentina,South America,Latin America,Very high human development
Q324321,Q3838,Q974,Democratic Republic of the Congo,Africa,Sub-Saharan Africa,{}
Q324321,Q3838,Q6500954,,{},{},{}
Q324321,Q3838,Q618399,,{},{},{}
Q324321,Q3838,Q213510,,{},{},{}
Q324321,Q3838,Q76048,,{},{},{}
Q324944,Q192481,Q142,France,Europe,Catholic Europe,Very high human development
Q325130,Q1082510,Q30,United States,North America,English-speaking,Very high human development
Q325308,Q6006584,Q28513,,{},{},{}
Q325308,Q6006584,Q131964,,{},{},{}
Q325308,Q546,Q172579,,{},{},{}
Q325308,Q546,Q153136,,{},{},{}
Q325308,Q546,Q131964,,{},{},{}
Q325308,Q546,Q28513,,{},{},{}
Q325308,Q546,Q391980,,{},{},{}
Q325308,Q546,Q38,Italy,Europe,Catholic Europe,Very high human development
Q325308,Q546,Q4948,,{},{},{}
Q325422,Q39042,Q30,United States,North America,English-speaking,Very high human development
Q325664,Q1023039,Q30,United States,North America,English-speaking,Very high human development
Q325936,Q84,Q2277,,{},{},{}
Q325936,Q84,Q110888,,{},{},{}
Q325936,Q84,Q105092,,{},{},{}
Q325936,Q84,Q105313,,{},{},{}
Q325936,Q84,Q179876,,{},{},{}
Q325936,Q84,Q161885,,{},{},{}
Q325936,Q84,Q174193,,{},{},{}
Q325936,Q84,Q145,United Kingdom,Europe,English-speaking,Very high human development
Q326138,Q90,Q142,France,Europe,Catholic Europe,Very high human development
Q326138,Q90,Q70972,,{},{},{}
Q326138,Q90,Q146246,,{},{},{}
Q326138,Q90,Q2748708,,{},{},{}
Q326138,Q90,Q142,France,Europe,Catholic Europe,Very high human development
Q326138,Q90,Q71084,,{},{},{}
Q326138,Q90,Q58296,,{},{},{}
Q326176,Q60,Q30,United States,North America,English-speaking,Very high human development
Q326459,Q656,Q159,Russia,Europe,Orthodox Europe,{}
Q326459,Q656,Q15180,,{},{},{}
Q326459,Q656,Q2305208,,{},{},{}
Q326459,Q656,Q34266,,{},{},{}
Q326459,Q656,Q139319,,{},{},{}
Q326459,Q656,Q186096,,{},{},{}
Q326773,Q18419,Q30,United States,North America,English-speaking,Very high human development
Q326935,Q10608,Q252,Indonesia,Asia,West & South Asia,High human development
Q326987,Q74881,Q148,People's Republic of China,Asia,Confucian,{}
Q326987,Q74881,Q188712,,{},{},{}
Q326987,Q74881,Q34266,,{},{},{}
Q327079,Q3761,Q117,Ghana,Africa,Sub-Saharan Africa,Medium human development
Q327079,Q3761,Q503623,,{},{},{}
Q327079,Q3761,Q200464,,{},{},{}
Q327142,Q1559300,Q43,Turkey,Asia,West & South Asia,{}
Q327186,Q21,Q145,United Kingdom,Europe,English-speaking,Very high human development
Q327186,Q21,Q174193,,{},{},{}
Q327186,Q21,Q161885,,{},{},{}
Q327204,Q1755739,Q155,Brazil,South America,Latin America,High human development
Q327261,Q253317,Q43,Turkey,Asia,West & South Asia,{}
Q327261,Q406,Q43,Turkey,Asia,West & South Asia,{}
Q327261,Q406,Q12560,,{},{},{}
Q327261,Q406,Q12544,,{},{},{}
Q327261,Q406,Q178897,,{},{},{}
Q327261,Q406,Q12544,,{},{},{}
Q327261,Q406,Q2277,,{},{},{}
Q327278,Q16555,Q30,United States,North America,English-speaking,Very high human development
Q327500,Q408,Q408,Australia,Australia,English-speaking,Very high human development
Q327526,Q3183,Q408,Australia,Australia,English-speaking,Very high human development
Q327711,Q16555,Q30,United States,North America,English-speaking,Very high human development
Q327958,Q188304,Q145,United Kingdom,Europe,English-speaking,Very high human development
Q328212,Q60,Q30,United States,North America,English-speaking,Very high human development
Q328338,Q972748,Q30,United States,North America,English-speaking,Very high human development
Q328550,Q978471,Q30,United States,North America,English-speaking,Very high human development
Q328627,Q40435,Q30,United States,North America,English-speaking,Very high human development
Q328745,Q84,Q2277,,{},{},{}
Q328745,Q84,Q110888,,{},{},{}
Q328745,Q84,Q105092,,{},{},{}
Q328745,Q84,Q105313,,{},{},{}
Q328745,Q84,Q179876,,{},{},{}
Q328745,Q84,Q161885,,{},{},{}
Q328745,Q84,Q174193,,{},{},{}
Q328745,Q84,Q145,United Kingdom,Europe,English-speaking,Very high human development
Q328765,Q30675,Q79,Egypt,Africa,African-Islamic,High human development
Q328949,Q599694,Q30,United States,North America,English-speaking,Very high human development
Q329066,Q12994,Q31,Belgium,Europe,Catholic Europe,Very high human development
Q329066,Q12994,Q15864,,{},{},{}
Q329066,Q12994,Q142,France,Europe,Catholic Europe,Very high human development
Q329743,Q100,Q30,United States,North America,English-speaking,Very high human development
Q329743,Q100,Q2079909,,{},{},{}
Q329743,Q100,Q1191350,,{},{},{}
Q329814,Q79848,Q145,United Kingdom,Europe,English-speaking,Very high human development
Q329814,Q79848,Q174193,,{},{},{}
Q329814,Q79848,Q161885,,{},{},{}
Q329814,Q79848,Q179876,,{},{},{}
Q329820,Q2415,Q20,Norway,Europe,Protestant Europe,Very high human development
Q329854,Q5620453,Q37,Lithuania,Europe,Catholic Europe,Very high human development
Q329999,Q995488,Q145,United Kingdom,Europe,English-speaking,Very high human development
Q330301,Q4115712,Q34266,,{},{},{}
Q330301,Q4115712,Q37,Lithuania,Europe,Catholic Europe,Very high human development
Q330301,Q4115712,Q15180,,{},{},{}
Q330301,Q4115712,Q37,Lithuania,Europe,Catholic Europe,Very high human development
Q330323,Q67266168,Q145,United Kingdom,Europe,English-speaking,Very high human development
Q330376,Q1083665,Q30,United States,North America,English-speaking,Very high human development
Q330527,Q60,Q30,United States,North America,English-speaking,Very high human development
Q331339,Q191130,Q17,Japan,Asia,West & South Asia,Very high human development
Q331593,Q84,Q2277,,{},{},{}
Q331593,Q84,Q110888,,{},{},{}
Q331593,Q84,Q105092,,{},{},{}
Q331593,Q84,Q105313,,{},{},{}
Q331593,Q84,Q179876,,{},{},{}
Q331593,Q84,Q161885,,{},{},{}
Q331593,Q84,Q174193,,{},{},{}
Q331593,Q84,Q145,United Kingdom,Europe,English-speaking,Very high human development
Q331593,Q5257939,Q145,United Kingdom,Europe,English-speaking,Very high human development
Q331845,Q1754,Q34,Sweden,Europe,Protestant Europe,Very high human development
Q331845,Q1754,Q62623,,{},{},{}
Q331845,Q1754,Q62589,,{},{},{}
Q332216,Q1648152,Q155,Brazil,South America,Latin America,High human development
Q332580,Q23169,Q145,United Kingdom,Europe,English-speaking,Very high human development
Q332580,Q23169,Q179876,,{},{},{}
Q332612,Q84,Q2277,,{},{},{}
Q332612,Q84,Q110888,,{},{},{}
Q332612,Q84,Q105092,,{},{},{}
Q332612,Q84,Q105313,,{},{},{}
Q332612,Q84,Q179876,,{},{},{}
Q332612,Q84,Q161885,,{},{},{}
Q332612,Q84,Q174193,,{},{},{}
Q332612,Q84,Q145,United Kingdom,Europe,English-speaking,Very high human development
Q332689,Q7903,Q1028,Morocco,Africa,African-Islamic,High human development
Q332689,Q7903,Q907234,,{},{},{}
Q332975,Q858016,Q17,Japan,Asia,West & South Asia,Very high human development
Q333004,Q203000,Q145,United Kingdom,Europe,English-speaking,Very high human development
Q333004,Q203000,Q174193,,{},{},{}
Q333004,Q203000,Q161885,,{},{},{}
Q333004,Q203000,Q230791,,{},{},{}
Q333004,Q203000,Q145,United Kingdom,Europe,English-speaking,Very high human development
Q333123,Q16567,Q30,United States,North America,English-speaking,Very high human development
Q333246,Q32525,Q30,United States,North America,English-speaking,Very high human development
Q333251,Q60,Q30,United States,North America,English-speaking,Very high human development
Q333575,Q83065,Q145,United Kingdom,Europe,English-speaking,Very high human development
Q333575,Q83065,Q179876,,{},{},{}
Q333615,Q193313,Q142,France,Europe,Catholic Europe,Very high human development
Q333632,Q8678,Q155,Brazil,South America,Latin America,High human development
Q333653,Q1492,Q29,Spain,Europe,Catholic Europe,Very high human development
Q333719,Q6225,Q145,United Kingdom,Europe,English-speaking,Very high human development
Q334086,Q4857384,Q148,People's Republic of China,Asia,Confucian,{}
Q334219,Q432311,Q38,Italy,Europe,Catholic Europe,Very high human development
Q334252,Q1352,Q668,India,Asia,Indosphere,Medium human development
Q334252,Q1352,Q2001966,,{},{},{}
Q334252,Q1352,Q129286,,{},{},{}
Q334252,Q1352,Q668,India,Asia,Indosphere,Medium human development
Q334646,Q22889,Q145,United Kingdom,Europe,English-speaking,Very high human development
Q334646,Q22889,Q174193,,{},{},{}
Q334646,Q22889,Q161885,,{},{},{}
Q334646,Q22889,Q179876,,{},{},{}
Q334711,Q5582862,Q419,Peru,South America,Latin America,High human development
Q334958,Q1296,Q31,Belgium,Europe,Catholic Europe,Very high human development
Q334958,Q1296,Q15864,,{},{},{}
Q334958,Q1296,Q142,France,Europe,Catholic Europe,Very high human development
Q334958,Q1296,Q700283,,{},{},{}
Q334958,Q1296,Q622783,,{},{},{}
Q334958,Q1296,Q1031430,,{},{},{}
Q334958,Q1296,Q157109,,{},{},{}
Q334958,Q1296,Q157070,,{},{},{}
Q334989,Q80985,Q1028,Morocco,Africa,African-Islamic,High human development
Q335080,Q1204222,Q17,Japan,Asia,West & South Asia,Very high human development
Q335232,Q60,Q30,United States,North America,English-speaking,Very high human development
Q335436,Q817275,Q1028,Morocco,Africa,African-Islamic,High human development
Q336010,Q37776,Q142,France,Europe,Catholic Europe,Very high human development
Q336018,Q85,Q79,Egypt,Africa,African-Islamic,High human development
Q336018,Q85,Q180114,,{},{},{}
Q336018,Q85,Q282428,,{},{},{}
Q336018,Q85,Q12560,,{},{},{}
Q336018,Q85,Q127861,,{},{},{}
Q336018,Q85,Q370173,,{},{},{}
Q336018,Q85,Q160307,,{},{},{}
Q336081,Q18419,Q30,United States,North America,English-speaking,Very high human development
Q336081,Q60,Q30,United States,North America,English-speaking,Very high human development
Q336093,Q721034,Q794,Iran,Asia,African-Islamic,{}
Q336125,Q1348,Q668,India,Asia,Indosphere,Medium human development
Q336125,Q1348,Q129286,,{},{},{}
Q336125,Q1348,Q2001966,,{},{},{}
Q336151,Q49143,Q30,United States,North America,English-speaking,Very high human development
Q336352,Q4779973,Q145,United Kingdom,Europe,English-speaking,Very high human development
Q336467,Q494125,Q142,France,Europe,Catholic Europe,Very high human development
Q336519,Q34404,Q30,United States,North America,English-speaking,Very high human development
Q336565,Q5112,Q408,Australia,Australia,English-speaking,Very high human development
Q336565,Q5112,Q174193,,{},{},{}
Q336681,Q214056,Q17,Japan,Asia,West & South Asia,Very high human development
Q336689,Q18419,Q30,United States,North America,English-speaking,Very high human development
Q336881,Q192896,Q145,United Kingdom,Europe,English-speaking,Very high human development
Q337103,Q62,Q30,United States,North America,English-speaking,Very high human development
Q337351,Q1645069,Q30,United States,North America,English-speaking,Very high human development
Q337375,Q539528,Q145,United Kingdom,Europe,English-speaking,Very high human development
Q338153,Q84,Q2277,,{},{},{}
Q338153,Q84,Q110888,,{},{},{}
Q338153,Q84,Q105092,,{},{},{}
Q338153,Q84,Q105313,,{},{},{}
Q338153,Q84,Q179876,,{},{},{}
Q338153,Q84,Q161885,,{},{},{}
Q338153,Q84,Q174193,,{},{},{}
Q338153,Q84,Q145,United Kingdom,Europe,English-speaking,Very high human development
Q339050,Q836657,Q1033,Nigeria,Africa,Sub-Saharan Africa,Medium human development
Q339196,Q3130,Q408,Australia,Australia,English-speaking,Very high human development
Q339577,Q40340,Q30,United States,North America,English-speaking,Very high human development
Q339611,Q30,Q30,United States,North America,English-speaking,Very high human development
Q339670,Q11352888,Q17,Japan,Asia,West & South Asia,Very high human development
Q340016,Q1726,Q183,Germany,Europe,Catholic Europe,Very high human development
Q340016,Q1726,Q713750,,{},{},{}
Q340016,Q1726,Q2415901,,{},{},{}
Q340016,Q1726,Q7318,,{},{},{}
Q340016,Q1726,Q41304,,{},{},{}
Q340016,Q1726,Q43287,,{},{},{}
Q340016,Q1726,Q154195,,{},{},{}
Q340016,Q1726,Q256961,,{},{},{}
Q340016,Q1726,Q47261,,{},{},{}
Q340550,Q128499,Q12544,,{},{},{}
Q340550,Q128499,Q874954,,{},{},{}
Q340550,Q128499,Q12560,,{},{},{}
Q340550,Q128499,Q34266,,{},{},{}
Q340550,Q128499,Q2305208,,{},{},{}
Q340550,Q128499,Q15180,,{},{},{}
Q340550,Q128499,Q15925436,,{},{},{}
Q340550,Q128499,Q212,Ukraine,Europe,Orthodox Europe,High human development
Q340550,Q128499,Q159,Russia,Europe,Orthodox Europe,{}
Q343215,Q132705,Q17,Japan,Asia,West & South Asia,Very high human development
Q343382,Q174224,Q30,United States,North America,English-speaking,Very high human development
Q343487,Q19660,Q389004,,{},{},{}
Q343487,Q19660,Q958291,,{},{},{}
Q343487,Q19660,Q203493,,{},{},{}
Q343487,Q19660,Q2685298,,{},{},{}
Q343487,Q19660,Q842794,,{},{},{}
Q343487,Q19660,Q218,Romania,Europe,Catholic Europe,Very high human development
Q343554,Q18419,Q30,United States,North America,English-speaking,Very high human development
Q344080,Q84,Q2277,,{},{},{}
Q344080,Q84,Q110888,,{},{},{}
Q344080,Q84,Q105092,,{},{},{}
Q344080,Q84,Q105313,,{},{},{}
Q344080,Q84,Q179876,,{},{},{}
Q344080,Q84,Q161885,,{},{},{}
Q344080,Q84,Q174193,,{},{},{}
Q344080,Q84,Q145,United Kingdom,Europe,English-speaking,Very high human development
Q344179,Q188478,Q203493,,{},{},{}
Q344179,Q188478,Q389004,,{},{},{}
Q344179,Q188478,Q12560,,{},{},{}
Q344179,Q188478,Q958291,,{},{},{}
Q344179,Q188478,Q2685298,,{},{},{}
Q344179,Q188478,Q842794,,{},{},{}
Q344179,Q188478,Q218,Romania,Europe,Catholic Europe,Very high human development
Q344616,Q1384,Q30,United States,North America,English-speaking,Very high human development
Q344616,Q49218,Q30,United States,North America,English-speaking,Very high human development
Q344955,Q60,Q30,United States,North America,English-speaking,Very high human development
Q345104,Q13144,Q38,Italy,Europe,Catholic Europe,Very high human development
Q345764,Q60,Q30,United States,North America,English-speaking,Very high human development
Q345845,Q1555,Q774,Guatemala,North America,Latin America,Medium human development
Q346490,Q49255,Q30,United States,North America,English-speaking,Very high human development
Q346729,Q1738795,Q30,United States,North America,English-speaking,Very high human development
Q346790,Q985685,Q155,Brazil,South America,Latin America,High human development
Q346805,Q18419,Q30,United States,North America,English-speaking,Very high human development
Q347412,Q166183,Q17,Japan,Asia,West & South Asia,Very high human development
Q347461,Q34863,Q30,United States,North America,English-speaking,Very high human development
Q347734,Q384,Q221,North Macedonia,Europe,Orthodox Europe,Very high human development
Q347734,Q384,Q241748,,{},{},{}
Q347734,Q384,Q191077,,{},{},{}
Q347734,Q384,Q12560,,{},{},{}
Q347734,Q384,Q219,Bulgaria,Europe,{},Very high human development
Q347734,Q384,Q191077,,{},{},{}
Q347734,Q384,Q83286,,{},{},{}
Q347767,Q270,Q36,Poland,Europe,Catholic Europe,Very high human development
Q347767,Q270,Q156111,,{},{},{}
Q347767,Q270,Q207272,,{},{},{}
Q347767,Q270,Q696908,,{},{},{}
Q347767,Q270,Q34266,,{},{},{}
Q347767,Q270,Q152115,,{},{},{}
Q347767,Q270,Q27306,,{},{},{}
Q347767,Q270,Q172107,,{},{},{}
Q347767,Q270,Q1649871,,{},{},{}
Q347767,Q270,Q577867,,{},{},{}
Q347767,Q270,Q11750128,,{},{},{}
Q347890,Q269546,Q30,United States,North America,English-speaking,Very high human development
Q347912,Q84,Q2277,,{},{},{}
Q347912,Q84,Q110888,,{},{},{}
Q347912,Q84,Q105092,,{},{},{}
Q347912,Q84,Q105313,,{},{},{}
Q347912,Q84,Q179876,,{},{},{}
Q347912,Q84,Q161885,,{},{},{}
Q347912,Q84,Q174193,,{},{},{}
Q347912,Q84,Q145,United Kingdom,Europe,English-speaking,Very high human development
Q348115,Q990621,Q30,United States,North America,English-speaking,Very high human development
Q348117,Q1947523,Q43,Turkey,Asia,West & South Asia,{}
Q348497,Q1899,Q212,Ukraine,Europe,Orthodox Europe,High human development
Q348497,Q1899,Q15180,,{},{},{}
Q348497,Q1899,Q243610,,{},{},{}
Q348497,Q1899,Q139319,,{},{},{}
Q348497,Q1899,Q34266,,{},{},{}
Q348497,Q1899,Q186096,,{},{},{}
Q348497,Q1899,Q172107,,{},{},{}
Q348497,Q1899,Q49683,,{},{},{}
Q348497,Q1899,Q79965,,{},{},{}
Q348497,Q1899,Q1108445,,{},{},{}
Q348497,Q1899,Q1508143,,{},{},{}
Q348497,Q1899,Q46315,,{},{},{}
Q348497,Q1899,Q15180,,{},{},{}
Q348497,Q1899,Q15180,,{},{},{}
Q348623,Q519763,Q33,Finland,Europe,Catholic Europe,Very high human development
Q348916,Q42448,Q145,United Kingdom,Europe,English-speaking,Very high human development
Q348941,Q755741,Q30,United States,North America,English-speaking,Very high human development
Q348979,Q1384,Q30,United States,North America,English-speaking,Very high human development
Q349123,Q43668,Q30,United States,North America,English-speaking,Very high human development
Q349306,Q60,Q30,United States,North America,English-speaking,Very high human development
Q349619,Q84,Q2277,,{},{},{}
Q349619,Q84,Q110888,,{},{},{}
Q349619,Q84,Q105092,,{},{},{}
Q349619,Q84,Q105313,,{},{},{}
Q349619,Q84,Q179876,,{},{},{}
Q349619,Q84,Q161885,,{},{},{}
Q349619,Q84,Q174193,,{},{},{}
Q349619,Q84,Q145,United Kingdom,Europe,English-speaking,Very high human development
Q349692,Q2305766,Q30,United States,North America,English-speaking,Very high human development
Q350094,Q16553,Q30,United States,North America,English-speaking,Very high human development
Q350153,Q670631,Q30,United States,North America,English-speaking,Very high human development
Q350165,Q8034205,Q145,United Kingdom,Europe,English-speaking,Very high human development
Q350404,Q65,Q30,United States,North America,English-speaking,Very high human development
Q350666,Q994436,Q30,United States,North America,English-speaking,Very high human development
Q350708,Q4930757,Q145,United Kingdom,Europe,English-speaking,Very high human development
Q350734,Q84,Q2277,,{},{},{}
Q350734,Q84,Q110888,,{},{},{}
Q350734,Q84,Q105092,,{},{},{}
Q350734,Q84,Q105313,,{},{},{}
Q350734,Q84,Q179876,,{},{},{}
Q350734,Q84,Q161885,,{},{},{}
Q350734,Q84,Q174193,,{},{},{}
Q350734,Q84,Q145,United Kingdom,Europe,English-speaking,Very high human development
Q351069,Q84,Q2277,,{},{},{}
Q351069,Q84,Q110888,,{},{},{}
Q351069,Q84,Q105092,,{},{},{}
Q351069,Q84,Q105313,,{},{},{}
Q351069,Q84,Q179876,,{},{},{}
Q351069,Q84,Q161885,,{},{},{}
Q351069,Q84,Q174193,,{},{},{}
Q351069,Q84,Q145,United Kingdom,Europe,English-speaking,Very high human development
Q351168,Q1025593,Q145,United Kingdom,Europe,English-speaking,Very high human development
Q351221,Q258,Q258,South Africa,Africa,Sub-Saharan Africa,High human development
Q351222,Q36036,Q212,Ukraine,Europe,Orthodox Europe,High human development
Q351222,Q36036,Q457167,,{},{},{}
Q351222,Q36036,Q156111,,{},{},{}
Q351222,Q36036,Q207272,,{},{},{}
Q351222,Q36036,Q28513,,{},{},{}
Q351222,Q36036,Q131964,,{},{},{}
Q351222,Q36036,Q153136,,{},{},{}
Q351222,Q36036,Q172107,,{},{},{}
Q351222,Q36036,Q1649871,,{},{},{}
Q351222,Q36036,Q577867,,{},{},{}
Q351222,Q36036,Q239502,,{},{},{}
Q351222,Q36036,Q34266,,{},{},{}
Q351222,Q36036,Q15180,,{},{},{}
Q351222,Q36036,Q15180,,{},{},{}
Q351317,Q79990,Q664,New Zealand,Australia,English-speaking,Very high human development
Q351547,Q18419,Q30,United States,North America,English-speaking,Very high human development
Q351683,Q6006584,Q28513,,{},{},{}
Q351683,Q6006584,Q131964,,{},{},{}
Q352023,Q60,Q30,United States,North America,English-speaking,Very high human development
Q352059,Q60,Q30,United States,North America,English-speaking,Very high human development
Q352107,Q1677925,Q30,United States,North America,English-speaking,Very high human development
Q352325,Q60,Q30,United States,North America,English-speaking,Very high human development
Q352337,Q465022,Q1033,Nigeria,Africa,Sub-Saharan Africa,Medium human development
Q352346,Q1345,Q30,United States,North America,English-speaking,Very high human development
Q352528,Q122584,Q145,United Kingdom,Europe,English-speaking,Very high human development
Q352561,Q2740338,Q17,Japan,Asia,West & South Asia,Very high human development
Q352708,Q54174,Q30,United States,North America,English-speaking,Very high human development
Q352729,Q808437,Q145,United Kingdom,Europe,English-speaking,Very high human development
Q352963,Q185582,Q30,United States,North America,English-speaking,Very high human development
Q353137,Q23337,Q30,United States,North America,English-speaking,Very high human development
Q353144,Q23148,Q313136,,{},{},{}
Q353144,Q23148,Q179876,,{},{},{}
Q353144,Q23148,Q161885,,{},{},{}
Q353144,Q23148,Q174193,,{},{},{}
Q353144,Q23148,Q145,United Kingdom,Europe,English-speaking,Very high human development
Q353238,Q23156,Q145,United Kingdom,Europe,English-speaking,Very high human development
Q353762,Q1492,Q29,Spain,Europe,Catholic Europe,Very high human development
Q353774,Q65,Q30,United States,North America,English-speaking,Very high human development
Q353857,Q1524,Q41,Greece,Europe,Orthodox Europe,Very high human development
Q353857,Q1524,Q2277,,{},{},{}
Q353857,Q1524,Q12544,,{},{},{}
Q353857,Q1524,Q334714,,{},{},{}
Q353857,Q1524,Q12560,,{},{},{}
Q353857,Q1524,Q528546,,{},{},{}
Q353857,Q1524,Q844930,,{},{},{}
Q353857,Q1524,Q209065,,{},{},{}
Q353857,Q1524,Q17765809,,{},{},{}
Q353869,Q1345,Q30,United States,North America,English-speaking,Very high human development
Q353876,Q617764,Q142,France,Europe,Catholic Europe,Very high human development
Q353882,Q187796,Q142,France,Europe,Catholic Europe,Very high human development
Q353893,Q34863,Q30,United States,North America,English-speaking,Very high human development
Q353897,Q2245446,Q30,United States,North America,English-speaking,Very high human development
Q353898,Q1965,Q16,Canada,North America,English-speaking,Very high human development
Q353915,Q60,Q30,United States,North America,English-speaking,Very high human development
Q354149,Q340,Q16,Canada,North America,English-speaking,Very high human development
Q354755,Q284040,Q38,Italy,Europe,Catholic Europe,Very high human development
Q354783,Q25395,Q30,United States,North America,English-speaking,Very high human development
Q354888,Q187805,Q30,United States,North America,English-speaking,Very high human development
Q355438,Q2006494,Q145,United Kingdom,Europe,English-speaking,Very high human development
Q355531,Q65,Q30,United States,North America,English-speaking,Very high human development
Q355676,Q1962295,Q96,Mexico,North America,Latin America,High human development
Q355879,Q1297,Q30,United States,North America,English-speaking,Very high human development
Q356156,Q499887,Q30,United States,North America,English-speaking,Very high human development
Q356283,Q212088,Q145,United Kingdom,Europe,English-speaking,Very high human development
Q356283,Q136547325,Q145,United Kingdom,Europe,English-speaking,Very high human development
Q356357,Q192240,Q145,United Kingdom,Europe,English-speaking,Very high human development
Q356428,Q84,Q2277,,{},{},{}
Q356428,Q84,Q110888,,{},{},{}
Q356428,Q84,Q105092,,{},{},{}
Q356428,Q84,Q105313,,{},{},{}
Q356428,Q84,Q179876,,{},{},{}
Q356428,Q84,Q161885,,{},{},{}
Q356428,Q84,Q174193,,{},{},{}
Q356428,Q84,Q145,United Kingdom,Europe,English-speaking,Very high human development
Q356428,Q133315,Q27,Ireland,Europe,English-speaking,Very high human development
Q356429,Q30,Q30,United States,North America,English-speaking,Very high human development
Q356537,Q2955801,Q414,Argentina,South America,Latin America,Very high human development
Q356546,Q275118,Q142,France,Europe,Catholic Europe,Very high human development
Q356639,Q83726,Q145,United Kingdom,Europe,English-speaking,Very high human development
Q356843,Q270091,Q38,Italy,Europe,Catholic Europe,Very high human development
Q356918,Q1492,Q29,Spain,Europe,Catholic Europe,Very high human development
Q356960,Q640586,Q17,Japan,Asia,West & South Asia,Very high human development
Q357065,Q54149,Q30,United States,North America,English-speaking,Very high human development
Q357102,Q2729500,Q30,United States,North America,English-speaking,Very high human development
Q357108,Q12439,Q30,United States,North America,English-speaking,Very high human development
Q357114,Q199797,Q30,United States,North America,English-speaking,Very high human development
Q357120,Q746718,Q145,United Kingdom,Europe,English-speaking,Very high human development
Q357715,Q828782,Q414,Argentina,South America,Latin America,Very high human development
Q357811,Q23436,Q145,United Kingdom,Europe,English-speaking,Very high human development
Q357811,Q23436,Q174193,,{},{},{}
Q357811,Q23436,Q161885,,{},{},{}
Q357811,Q23436,Q230791,,{},{},{}
Q357839,Q375375,Q30,United States,North America,English-speaking,Very high human development
Q357929,Q18125,Q145,United Kingdom,Europe,English-speaking,Very high human development
Q357929,Q18125,Q174193,,{},{},{}
Q357929,Q18125,Q161885,,{},{},{}
Q357929,Q18125,Q179876,,{},{},{}
Q357970,Q216902,Q953,Zambia,{},{},Medium human development
Q358178,Q208257,Q145,United Kingdom,Europe,English-speaking,Very high human development
Q358188,Q1530761,Q30,United States,North America,English-speaking,Very high human development
Q358312,Q79875,Q30,United States,North America,English-speaking,Very high human development
Q358345,Q60,Q30,United States,North America,English-speaking,Very high human development
Q358491,Q23482,Q142,France,Europe,Catholic Europe,Very high human development
Q358615,Q1854,Q881,Vietnam,Asia,Confucian,{}
Q358615,Q1854,Q180573,,{},{},{}
Q358669,Q87,Q79,Egypt,Africa,African-Islamic,High human development
Q358669,Q87,Q2277,,{},{},{}
Q359226,Q3289517,Q30,United States,North America,English-speaking,Very high human development
Q359451,Q689868,Q155,Brazil,South America,Latin America,High human development
Q359463,Q2141,Q16,Canada,North America,English-speaking,Very high human development
Q359498,Q746096,Q145,United Kingdom,Europe,English-speaking,Very high human development
Q359498,Q1755020,Q145,United Kingdom,Europe,English-speaking,Very high human development
Q359513,Q2256,Q145,United Kingdom,Europe,English-speaking,Very high human development
Q359513,Q2256,Q174193,,{},{},{}
Q359513,Q2256,Q161885,,{},{},{}
Q359513,Q2256,Q179876,,{},{},{}
Q359548,Q61,Q30,United States,North America,English-speaking,Very high human development
Q359665,Q736742,Q145,United Kingdom,Europe,English-speaking,Very high human development
Q359665,Q2280322,Q145,United Kingdom,Europe,English-speaking,Very high human development
Q359665,Q84,Q2277,,{},{},{}
Q359665,Q84,Q110888,,{},{},{}
Q359665,Q84,Q105092,,{},{},{}
Q359665,Q84,Q105313,,{},{},{}
Q359665,Q84,Q179876,,{},{},{}
Q359665,Q84,Q161885,,{},{},{}
Q359665,Q84,Q174193,,{},{},{}
Q359665,Q84,Q145,United Kingdom,Europe,English-speaking,Very high human development
Q361004,Q22695,Q142,France,Europe,Catholic Europe,Very high human development
Q361026,Q23183,Q145,United Kingdom,Europe,English-speaking,Very high human development
Q361149,Q60,Q30,United States,North America,English-speaking,Very high human development
Q361478,Q2135,Q16,Canada,North America,English-speaking,Very high human development
Q361562,Q206484,Q1033,Nigeria,Africa,Sub-Saharan Africa,Medium human development
Q361617,Q835831,Q30,United States,North America,English-speaking,Very high human development
Q361653,Q1010232,Q30,United States,North America,English-speaking,Very high human development
Q361976,Q42810,Q142,France,Europe,Catholic Europe,Very high human development
Q362638,Q2887,Q298,Chile,South America,Latin America,Very high human development
Q362638,Q2887,Q763808,,{},{},{}
Q362638,Q2887,Q7145245,,{},{},{}
Q362638,Q2887,Q763808,,{},{},{}
Q362930,Q37836,Q30,United States,North America,English-speaking,Very high human development
Q363227,Q43196,Q30,United States,North America,English-speaking,Very high human development
Q363810,Q40435,Q30,United States,North America,English-speaking,Very high human development
Q364153,Q727,Q55,Netherlands,Europe,Protestant Europe,Very high human development
Q364153,Q727,Q596214,,{},{},{}
Q364153,Q727,Q55,Netherlands,Europe,Protestant Europe,Very high human development
Q364153,Q727,Q15864,,{},{},{}
Q364153,Q727,Q774783,,{},{},{}
Q364153,Q727,Q142,France,Europe,Catholic Europe,Very high human development
Q364153,Q727,Q212278,,{},{},{}
Q364153,Q727,Q188553,,{},{},{}
Q364153,Q727,Q170072,,{},{},{}
Q364153,Q727,Q1031430,,{},{},{}
Q364153,Q727,Q157109,,{},{},{}
Q364153,Q727,Q762943,,{},{},{}
Q364189,Q37836,Q30,United States,North America,English-speaking,Very high human development
Q364901,Q193250,Q954,Zimbabwe,Africa,Sub-Saharan Africa,Medium human development
Q364901,Q193250,Q890120,,{},{},{}
Q364901,Q193250,Q217169,,{},{},{}
Q364901,Q193250,Q750583,,{},{},{}
Q365664,Q1187047,Q30,United States,North America,English-speaking,Very high human development
Q365682,Q2232317,Q30,United States,North America,English-speaking,Very high human development
Q366091,Q109535,Q55,Netherlands,Europe,Protestant Europe,Very high human development
Q366150,Q43199,Q30,United States,North America,English-speaking,Very high human development
Q366243,Q1297,Q30,United States,North America,English-speaking,Very high human development
Q366250,Q174,Q155,Brazil,South America,Latin America,High human development
Q366266,Q22595,Q30,United States,North America,English-speaking,Very high human development
Q366281,Q585,Q20,Norway,Europe,Protestant Europe,Very high human development
Q366281,Q585,Q62589,,{},{},{}
Q366281,Q585,Q2597352,,{},{},{}
Q366281,Q585,Q62651,,{},{},{}
Q366575,Q36091,Q30,United States,North America,English-speaking,Very high human development
Q366643,Q1345,Q30,United States,North America,English-speaking,Very high human development
Q366930,Q1492,Q29,Spain,Europe,Catholic Europe,Very high human development
Q367102,Q49273,Q30,United States,North America,English-speaking,Very high human development
Q367729,Q242524,Q142,France,Europe,Catholic Europe,Very high human development
Q367848,Q18655,Q145,United Kingdom,Europe,English-speaking,Very high human development
Q368127,Q2634,Q38,Italy,Europe,Catholic Europe,Very high human development
Q368127,Q2634,Q180393,,{},{},{}
Q368127,Q2634,Q173065,,{},{},{}
Q368127,Q2634,Q514423,,{},{},{}
Q368127,Q2634,Q173065,,{},{},{}
Q368127,Q2634,Q1051600,,{},{},{}
Q368127,Q2634,Q188586,,{},{},{}
Q368224,Q16553,Q30,United States,North America,English-speaking,Very high human development
Q368263,Q3472467,Q30,United States,North America,English-speaking,Very high human development
Q368455,Q180379,Q211,Latvia,Europe,Catholic Europe,Very high human development
Q368455,Q180379,Q156020,,{},{},{}
Q368455,Q180379,Q1064825,,{},{},{}
Q368455,Q180379,Q49683,,{},{},{}
Q368455,Q180379,Q172107,,{},{},{}
Q368455,Q180379,Q34266,,{},{},{}
Q368455,Q180379,Q139319,,{},{},{}
Q368455,Q180379,Q2305208,,{},{},{}
Q368455,Q180379,Q2300296,,{},{},{}
Q368455,Q180379,Q211,Latvia,Europe,Catholic Europe,Very high human development
Q368455,Q180379,Q192180,,{},{},{}
Q368455,Q180379,Q15180,,{},{},{}
Q368455,Q180379,Q7318,,{},{},{}
Q368455,Q180379,Q15180,,{},{},{}
Q368519,Q1016931,Q145,United Kingdom,Europe,English-speaking,Very high human development
Q368831,Q83065,Q145,United Kingdom,Europe,English-speaking,Very high human development
Q368831,Q83065,Q179876,,{},{},{}
Q368866,Q83065,Q145,United Kingdom,Europe,English-speaking,Very high human development
Q368866,Q83065,Q179876,,{},{},{}
Q369469,Q2240072,Q145,United Kingdom,Europe,English-speaking,Very high human development
Q369612,Q3555317,Q403,Serbia,Europe,Orthodox Europe,Very high human development
Q369632,Q60,Q30,United States,North America,English-speaking,Very high human development
Q369696,Q13575762,Q193714,,{},{},{}
Q369696,Q126084,Q801,Israel,Asia,West & South Asia,Very high human development
Q369696,Q126084,Q193714,,{},{},{}
Q369696,Q126084,Q7075820,,{},{},{}
Q369696,Q126084,Q12560,,{},{},{}
Q369696,Q126084,Q55502,,{},{},{}
Q369790,Q216638,Q145,United Kingdom,Europe,English-speaking,Very high human development
Q369957,Q36036,Q212,Ukraine,Europe,Orthodox Europe,High human development
Q369957,Q36036,Q457167,,{},{},{}
Q369957,Q36036,Q156111,,{},{},{}
Q369957,Q36036,Q207272,,{},{},{}
Q369957,Q36036,Q28513,,{},{},{}
Q369957,Q36036,Q131964,,{},{},{}
Q369957,Q36036,Q153136,,{},{},{}
Q369957,Q36036,Q172107,,{},{},{}
Q369957,Q36036,Q1649871,,{},{},{}
Q369957,Q36036,Q577867,,{},{},{}
Q369957,Q36036,Q239502,,{},{},{}
Q369957,Q36036,Q34266,,{},{},{}
Q369957,Q36036,Q15180,,{},{},{}
Q369957,Q36036,Q15180,,{},{},{}
Q370246,Q1008152,Q35,Denmark,Europe,Protestant Europe,Very high human development
Q370377,Q2750544,Q30,United States,North America,English-speaking,Very high human development
Q370377,Q327012,Q30,United States,North America,English-speaking,Very high human development
Q370441,Q961808,Q30,United States,North America,English-speaking,Very high human development
Q370521,Q60,Q30,United States,North America,English-speaking,Very high human development
Q370851,Q1018756,Q145,United Kingdom,Europe,English-speaking,Very high human development
Q370860,Q1345,Q30,United States,North America,English-speaking,Very high human development
Q370921,Q39178,Q754,Trinidad and Tobago,South America,Latin America,Very high human development
Q370973,Q369318,Q27,Ireland,Europe,English-speaking,Very high human development
Q371011,Q84,Q2277,,{},{},{}
Q371011,Q84,Q110888,,{},{},{}
Q371011,Q84,Q105092,,{},{},{}
Q371011,Q84,Q105313,,{},{},{}
Q371011,Q84,Q179876,,{},{},{}
Q371011,Q84,Q161885,,{},{},{}
Q371011,Q84,Q174193,,{},{},{}
Q371011,Q84,Q145,United Kingdom,Europe,English-speaking,Very high human development
Q371080,Q231645,Q17,Japan,Asia,West & South Asia,Very high human development
Q371925,Q54650,Q38,Italy,Europe,Catholic Europe,Very high human development
Q371930,Q100,Q30,United States,North America,English-speaking,Very high human development
Q371930,Q100,Q2079909,,{},{},{}
Q371930,Q100,Q1191350,,{},{},{}
Q372035,Q6378708,Q822,Lebanon,Asia,African-Islamic,High human development
Q372182,Q23298,Q145,United Kingdom,Europe,English-speaking,Very high human development
Q372182,Q23298,Q179876,,{},{},{}
Q372313,Q1492,Q29,Spain,Europe,Catholic Europe,Very high human development
Q372533,Q1761,Q174193,,{},{},{}
Q372533,Q1761,Q215530,,{},{},{}
Q372533,Q1761,Q27,Ireland,Europe,English-speaking,Very high human development
Q372533,Q1761,Q31747,,{},{},{}
Q372533,Q1761,Q844250,,{},{},{}
Q372737,Q467664,Q30,United States,North America,English-speaking,Very high human development
Q372969,Q3250721,Q30,United States,North America,English-speaking,Very high human development
Q373150,Q3141,Q408,Australia,Australia,English-speaking,Very high human development
Q373541,Q90,Q142,France,Europe,Catholic Europe,Very high human development
Q373541,Q90,Q70972,,{},{},{}
Q373541,Q90,Q146246,,{},{},{}
Q373541,Q90,Q2748708,,{},{},{}
Q373541,Q90,Q142,France,Europe,Catholic Europe,Very high human development
Q373541,Q90,Q71084,,{},{},{}
Q373541,Q90,Q58296,,{},{},{}
Q373552,Q108223,Q242,Belize,{},{},High human development
Q373836,Q2349502,Q30,United States,North America,English-speaking,Very high human development
Q373897,Q288,Q142,France,Europe,Catholic Europe,Very high human development
Q373897,Q288,Q46370,,{},{},{}
Q373897,Q288,Q146246,,{},{},{}
Q374401,Q18013,Q30,United States,North America,English-speaking,Very high human development
Q374462,Q23109,Q145,United Kingdom,Europe,English-speaking,Very high human development
Q374540,Q1297,Q30,United States,North America,English-speaking,Very high human development
Q374817,Q694317,Q17,Japan,Asia,West & South Asia,Very high human development
Q376071,Q5083,Q30,United States,North America,English-speaking,Very high human development
Q376499,Q161454,Q17,Japan,Asia,West & South Asia,Very high human development
Q376501,Q695349,Q31,Belgium,Europe,Catholic Europe,Very high human development
Q376678,Q85,Q79,Egypt,Africa,African-Islamic,High human development
Q376678,Q85,Q180114,,{},{},{}
Q376678,Q85,Q282428,,{},{},{}
Q376678,Q85,Q12560,,{},{},{}
Q376678,Q85,Q127861,,{},{},{}
Q376678,Q85,Q370173,,{},{},{}
Q376678,Q85,Q160307,,{},{},{}
Q376859,Q11299,Q30,United States,North America,English-speaking,Very high human development
Q377424,Q60,Q30,United States,North America,English-speaking,Very high human development
Q377881,Q109581632,Q668,India,Asia,Indosphere,Medium human development
Q377992,Q99,Q30,United States,North America,English-speaking,Very high human development
Q378098,Q60,Q30,United States,North America,English-speaking,Very high human development
Q378116,Q90,Q142,France,Europe,Catholic Europe,Very high human development
Q378116,Q90,Q70972,,{},{},{}
Q378116,Q90,Q146246,,{},{},{}
Q378116,Q90,Q2748708,,{},{},{}
Q378116,Q90,Q142,France,Europe,Catholic Europe,Very high human development
Q378116,Q90,Q71084,,{},{},{}
Q378116,Q90,Q58296,,{},{},{}
Q378240,Q173219,Q31,Belgium,Europe,Catholic Europe,Very high human development
Q378240,Q173219,Q15864,,{},{},{}
Q378240,Q173219,Q142,France,Europe,Catholic Europe,Very high human development
Q378240,Q173219,Q700283,,{},{},{}
Q378240,Q173219,Q142,France,Europe,Catholic Europe,Very high human development
Q378240,Q173219,Q622783,,{},{},{}
Q378240,Q173219,Q1031430,,{},{},{}
Q378240,Q173219,Q142,France,Europe,Catholic Europe,Very high human development
Q378240,Q173219,Q179876,,{},{},{}
Q378240,Q173219,Q142,France,Europe,Catholic Europe,Very high human development
Q378240,Q173219,Q46370,,{},{},{}
Q378240,Q173219,Q146246,,{},{},{}
Q378309,Q62337,Q399,Armenia,Asia,Orthodox Europe,Very high human development
Q378309,Q62337,Q132856,,{},{},{}
Q378309,Q62337,Q139670,,{},{},{}
Q378309,Q62337,Q330756,,{},{},{}
Q378309,Q62337,Q2630860,,{},{},{}
Q378309,Q62337,Q2454666,,{},{},{}
Q378309,Q62337,Q34266,,{},{},{}
Q378309,Q62337,Q282475,,{},{},{}
Q378309,Q62337,Q195972,,{},{},{}
Q378309,Q62337,Q154667,,{},{},{}
Q378309,Q62337,Q112745,,{},{},{}
Q378425,Q17,Q17,Japan,Asia,West & South Asia,Very high human development
Q378639,Q100902,Q38,Italy,Europe,Catholic Europe,Very high human development
Q378807,Q988100,Q145,United Kingdom,Europe,English-speaking,Very high human development
Q378878,Q25330,Q30,United States,North America,English-speaking,Very high human development
Q378878,Q170433,Q30,United States,North America,English-speaking,Very high human development
Q379125,Q20669952,Q974,Democratic Republic of the Congo,Africa,Sub-Saharan Africa,{}
Q379520,Q4970,Q148,People's Republic of China,Asia,Confucian,{}
Q379595,Q406,Q43,Turkey,Asia,West & South Asia,{}
Q379595,Q406,Q12560,,{},{},{}
Q379595,Q406,Q12544,,{},{},{}
Q379595,Q406,Q178897,,{},{},{}
Q379595,Q406,Q12544,,{},{},{}
Q379595,Q406,Q2277,,{},{},{}
Q379679,Q94747,Q55,Netherlands,Europe,Protestant Europe,Very high human development
Q379745,Q1638413,Q155,Brazil,South America,Latin America,High human development
Q379762,Q1348,Q668,India,Asia,Indosphere,Medium human development
Q379762,Q1348,Q129286,,{},{},{}
Q379762,Q1348,Q2001966,,{},{},{}
Q379855,Q406,Q43,Turkey,Asia,West & South Asia,{}
Q379855,Q406,Q12560,,{},{},{}
Q379855,Q406,Q12544,,{},{},{}
Q379855,Q406,Q178897,,{},{},{}
Q379855,Q406,Q12544,,{},{},{}
Q379855,Q406,Q2277,,{},{},{}
Q379895,Q1052658,Q30,United States,North America,English-speaking,Very high human development
Q379923,Q203182,Q142,France,Europe,Catholic Europe,Very high human development
Q379943,Q131329,Q142,France,Europe,Catholic Europe,Very high human development
Q379949,Q37776,Q142,France,Europe,Catholic Europe,Very high human development
Q379956,Q259463,Q142,France,Europe,Catholic Europe,Very high human development
Q379960,Q219583,Q1028,Morocco,Africa,African-Islamic,High human development
Q379960,Q219583,Q200464,,{},{},{}
Q380000,Q158292,Q212,Ukraine,Europe,Orthodox Europe,High human development
Q380000,Q158292,Q15180,,{},{},{}
Q380000,Q158292,Q34266,,{},{},{}
Q380150,Q38511,Q33,Finland,Europe,Catholic Europe,Very high human development
Q380150,Q38511,Q2305208,,{},{},{}
Q380150,Q38511,Q139319,,{},{},{}
Q380150,Q38511,Q34266,,{},{},{}
Q380150,Q38511,Q34,Sweden,Europe,Protestant Europe,Very high human development
Q380202,Q60,Q30,United States,North America,English-speaking,Very high human development
Q380229,Q288781,Q145,United Kingdom,Europe,English-speaking,Very high human development
Q380229,Q288781,Q174193,,{},{},{}
Q380229,Q288781,Q161885,,{},{},{}
Q380229,Q288781,Q179876,,{},{},{}
Q380265,Q328000,Q17,Japan,Asia,West & South Asia,Very high human development
Q380277,Q90,Q142,France,Europe,Catholic Europe,Very high human development
Q380277,Q90,Q70972,,{},{},{}
Q380277,Q90,Q146246,,{},{},{}
Q380277,Q90,Q2748708,,{},{},{}
Q380277,Q90,Q142,France,Europe,Catholic Europe,Very high human development
Q380277,Q90,Q71084,,{},{},{}
Q380277,Q90,Q58296,,{},{},{}
Q380439,Q202160,Q36,Poland,Europe,Catholic Europe,Very high human development
Q380465,Q1207735,Q188712,,{},{},{}
Q380545,Q2612477,Q36,Poland,Europe,Catholic Europe,Very high human development
Q380645,Q83813,Q30,United States,North America,English-speaking,Very high human development
Q380784,Q60,Q30,United States,North America,English-speaking,Very high human development
Q380983,Q39121,Q145,United Kingdom,Europe,English-speaking,Very high human development
Q380983,Q84,Q2277,,{},{},{}
Q380983,Q84,Q110888,,{},{},{}
Q380983,Q84,Q105092,,{},{},{}
Q380983,Q84,Q105313,,{},{},{}
Q380983,Q84,Q179876,,{},{},{}
Q380983,Q84,Q161885,,{},{},{}
Q380983,Q84,Q174193,,{},{},{}
Q380983,Q84,Q145,United Kingdom,Europe,English-speaking,Very high human development
Q381086,Q1429028,Q189,Iceland,Europe,Protestant Europe,Very high human development
Q381254,Q212628,Q794,Iran,Asia,African-Islamic,{}
Q381443,Q2245,Q20,Norway,Europe,Protestant Europe,Very high human development
Q381656,Q16551,Q30,United States,North America,English-speaking,Very high human development
Q381732,Q60,Q30,United States,North America,English-speaking,Very high human development
Q381800,Q223140,Q142,France,Europe,Catholic Europe,Very high human development
Q382068,Q170616,Q17,Japan,Asia,West & South Asia,Very high human development
Q382101,Q211563,Q1029,Mozambique,Africa,Sub-Saharan Africa,Low human development
Q434635,Q626247,Q155,Brazil,South America,Latin America,High human development
Q434695,Q65,Q30,United States,North America,English-speaking,Very high human development
Q434735,Q208262,Q145,United Kingdom,Europe,English-speaking,Very high human development
Q434785,Q3130,Q408,Australia,Australia,English-speaking,Very high human development
Q434785,Q5041319,Q408,Australia,Australia,English-speaking,Very high human development
Q434892,Q1486,Q414,Argentina,South America,Latin America,Very high human development
Q435056,Q25395,Q30,United States,North America,English-speaking,Very high human development
Q435058,Q34664,Q17,Japan,Asia,West & South Asia,Very high human development
Q435062,Q7473516,Q17,Japan,Asia,West & South Asia,Very high human development
Q435085,Q34600,Q17,Japan,Asia,West & South Asia,Very high human development
Q435126,Q172157,Q145,United Kingdom,Europe,English-speaking,Very high human development
Q435126,Q172157,Q174193,,{},{},{}
Q435126,Q172157,Q161885,,{},{},{}
Q435126,Q172157,Q179876,,{},{},{}
Q435126,Q172157,Q105313,,{},{},{}
Q435126,Q172157,Q145,United Kingdom,Europe,English-speaking,Very high human development
Q435262,Q84,Q2277,,{},{},{}
Q435262,Q84,Q110888,,{},{},{}
Q435262,Q84,Q105092,,{},{},{}
Q435262,Q84,Q105313,,{},{},{}
Q435262,Q84,Q179876,,{},{},{}
Q435262,Q84,Q161885,,{},{},{}
Q435262,Q84,Q174193,,{},{},{}
Q435262,Q84,Q145,United Kingdom,Europe,English-speaking,Very high human development
Q435278,Q1345,Q30,United States,North America,English-speaking,Very high human development
Q435326,Q2347618,Q30,United States,North America,English-speaking,Very high human development
Q435401,Q668395,Q668,India,Asia,Indosphere,Medium human development
Q435434,Q39709,Q30,United States,North America,English-speaking,Very high human development
Q435585,Q1289,Q142,France,Europe,Catholic Europe,Very high human development
Q435615,Q100,Q30,United States,North America,English-speaking,Very high human development
Q435615,Q100,Q2079909,,{},{},{}
Q435615,Q100,Q1191350,,{},{},{}
Q435902,Q34804,Q30,United States,North America,English-speaking,Very high human development
Q435902,Q5390209,Q30,United States,North America,English-speaking,Very high human development
Q435920,Q128069,Q30,United States,North America,English-speaking,Very high human development
Q436082,Q60,Q30,United States,North America,English-speaking,Very high human development
Q436082,Q11299,Q30,United States,North America,English-speaking,Very high human development
Q436241,Q2933,Q733,Paraguay,South America,Latin America,High human development
Q436581,Q951659,Q30,United States,North America,English-speaking,Very high human development
Q436664,Q1345,Q30,United States,North America,English-speaking,Very high human development
Q436712,Q305029,Q145,United Kingdom,Europe,English-speaking,Very high human development
Q436712,Q84,Q2277,,{},{},{}
Q436712,Q84,Q110888,,{},{},{}
Q436712,Q84,Q105092,,{},{},{}
Q436712,Q84,Q105313,,{},{},{}
Q436712,Q84,Q179876,,{},{},{}
Q436712,Q84,Q161885,,{},{},{}
Q436712,Q84,Q174193,,{},{},{}
Q436712,Q84,Q145,United Kingdom,Europe,English-speaking,Very high human development
Q436801,Q124308,Q145,United Kingdom,Europe,English-speaking,Very high human development
Q437088,Q49191,Q30,United States,North America,English-speaking,Very high human development
Q437121,Q21,Q145,United Kingdom,Europe,English-speaking,Very high human development
Q437121,Q21,Q174193,,{},{},{}
Q437121,Q21,Q161885,,{},{},{}
Q437123,Q928,Q928,Philippines,Asia,West & South Asia,High human development
Q437174,Q11959,Q29,Spain,Europe,Catholic Europe,Very high human development
Q437184,Q84,Q2277,,{},{},{}
Q437184,Q84,Q110888,,{},{},{}
Q437184,Q84,Q105092,,{},{},{}
Q437184,Q84,Q105313,,{},{},{}
Q437184,Q84,Q179876,,{},{},{}
Q437184,Q84,Q161885,,{},{},{}
Q437184,Q84,Q174193,,{},{},{}
Q437184,Q84,Q145,United Kingdom,Europe,English-speaking,Very high human development
Q437224,Q39121,Q145,United Kingdom,Europe,English-speaking,Very high human development
Q437321,Q4100,Q183,Germany,Europe,Catholic Europe,Very high human development
Q437321,Q4100,Q7318,,{},{},{}
Q437321,Q4100,Q41304,,{},{},{}
Q437321,Q4100,Q43287,,{},{},{}
Q437321,Q4100,Q186320,,{},{},{}
Q437321,Q4100,Q637238,,{},{},{}
Q437321,Q4100,Q20011161,,{},{},{}
Q437335,Q41252,Q36,Poland,Europe,Catholic Europe,Very high human development
Q437335,Q41252,Q7318,,{},{},{}
Q437335,Q41252,Q207272,,{},{},{}
Q437335,Q41252,Q41304,,{},{},{}
Q437335,Q41252,Q43287,,{},{},{}
Q437335,Q41252,Q27306,,{},{},{}
Q437335,Q41252,Q152115,,{},{},{}
Q437335,Q41252,Q27306,,{},{},{}
Q437335,Q41252,Q172107,,{},{},{}
Q437335,Q41252,Q1649871,,{},{},{}
Q437356,Q84,Q2277,,{},{},{}
Q437356,Q84,Q110888,,{},{},{}
Q437356,Q84,Q105092,,{},{},{}
Q437356,Q84,Q105313,,{},{},{}
Q437356,Q84,Q179876,,{},{},{}
Q437356,Q84,Q161885,,{},{},{}
Q437356,Q84,Q174193,,{},{},{}
Q437356,Q84,Q145,United Kingdom,Europe,English-speaking,Very high human development
Q437370,Q487212,Q30,United States,North America,English-speaking,Very high human development
Q437516,Q2256,Q145,United Kingdom,Europe,English-speaking,Very high human development
Q437516,Q2256,Q174193,,{},{},{}
Q437516,Q2256,Q161885,,{},{},{}
Q437516,Q2256,Q179876,,{},{},{}
Q437567,Q14317,Q29,Spain,Europe,Catholic Europe,Very high human development
Q437687,Q616562,Q30,United States,North America,English-speaking,Very high human development
Q437718,Q84,Q2277,,{},{},{}
Q437718,Q84,Q110888,,{},{},{}
Q437718,Q84,Q105092,,{},{},{}
Q437718,Q84,Q105313,,{},{},{}
Q437718,Q84,Q179876,,{},{},{}
Q437718,Q84,Q161885,,{},{},{}
Q437718,Q84,Q174193,,{},{},{}
Q437718,Q84,Q145,United Kingdom,Europe,English-speaking,Very high human development
Q437771,Q727,Q55,Netherlands,Europe,Protestant Europe,Very high human development
Q437771,Q727,Q596214,,{},{},{}
Q437771,Q727,Q55,Netherlands,Europe,Protestant Europe,Very high human development
Q437771,Q727,Q15864,,{},{},{}
Q437771,Q727,Q774783,,{},{},{}
Q437771,Q727,Q142,France,Europe,Catholic Europe,Very high human development
Q437771,Q727,Q212278,,{},{},{}
Q437771,Q727,Q188553,,{},{},{}
Q437771,Q727,Q170072,,{},{},{}
Q437771,Q727,Q1031430,,{},{},{}
Q437771,Q727,Q157109,,{},{},{}
Q437771,Q727,Q762943,,{},{},{}
Q437811,Q200078,Q17,Japan,Asia,West & South Asia,Very high human development
Q438024,Q470273,Q30,United States,North America,English-speaking,Very high human development
Q438164,Q60,Q30,United States,North America,English-speaking,Very high human development
Q438241,Q1345,Q30,United States,North America,English-speaking,Very high human development
Q438260,Q3820,Q822,Lebanon,Asia,African-Islamic,High human development
Q438260,Q3820,Q108865218,,{},{},{}
Q438260,Q3820,Q108865226,,{},{},{}
Q438260,Q3820,Q7075820,,{},{},{}
Q438260,Q3820,Q12560,,{},{},{}
Q438330,Q319369,Q145,United Kingdom,Europe,English-speaking,Very high human development
Q438345,Q682616,Q30,United States,North America,English-speaking,Very high human development
Q438558,Q2625666,Q30,United States,North America,English-speaking,Very high human development
Q438569,Q84,Q2277,,{},{},{}
Q438569,Q84,Q110888,,{},{},{}
Q438569,Q84,Q105092,,{},{},{}
Q438569,Q84,Q105313,,{},{},{}
Q438569,Q84,Q179876,,{},{},{}
Q438569,Q84,Q161885,,{},{},{}
Q438569,Q84,Q174193,,{},{},{}
Q438569,Q84,Q145,United Kingdom,Europe,English-speaking,Very high human development
Q438686,Q121157,Q794,Iran,Asia,African-Islamic,{}
Q439059,Q160642,Q145,United Kingdom,Europe,English-speaking,Very high human development
Q439226,Q3711,Q171150,,{},{},{}
Q439226,Q3711,Q12560,,{},{},{}
Q439226,Q3711,Q153136,,{},{},{}
Q439226,Q3711,Q12560,,{},{},{}
Q439226,Q3711,Q684030,,{},{},{}
Q439226,Q3711,Q241748,,{},{},{}
Q439226,Q3711,Q191077,,{},{},{}
Q439226,Q3711,Q701914,,{},{},{}
Q439226,Q3711,Q191077,,{},{},{}
Q439226,Q3711,Q83286,,{},{},{}
Q439226,Q3711,Q838261,,{},{},{}
Q439226,Q3711,Q37024,,{},{},{}
Q439226,Q3711,Q403,Serbia,Europe,Orthodox Europe,Very high human development
Q439226,Q3711,Q1290149,,{},{},{}
Q439226,Q3711,Q12560,,{},{},{}
Q439226,Q3711,Q16086793,,{},{},{}
Q439292,Q484678,Q30,United States,North America,English-speaking,Very high human development
Q440100,Q60,Q30,United States,North America,English-speaking,Very high human development
Q440146,Q1010194,Q30,United States,North America,English-speaking,Very high human development
Q440185,Q12439,Q30,United States,North America,English-speaking,Very high human development
Q440391,Q1449,Q38,Italy,Europe,Catholic Europe,Very high human development
Q440391,Q1449,Q165154,,{},{},{}
Q440391,Q1449,Q142,France,Europe,Catholic Europe,Very high human development
Q440391,Q1449,Q659312,,{},{},{}
Q440391,Q1449,Q174306,,{},{},{}
Q440391,Q1449,Q5343710,,{},{},{}
Q440528,Q71,Q39,Switzerland,Europe,Catholic Europe,Very high human development
Q440528,Q71,Q23366230,,{},{},{}
Q440528,Q71,Q142,France,Europe,Catholic Europe,Very high human development
Q440528,Q71,Q23366230,,{},{},{}
Q440569,Q49169,Q30,United States,North America,English-speaking,Very high human development
Q440612,Q39709,Q30,United States,North America,English-speaking,Very high human development
Q440744,Q16555,Q30,United States,North America,English-speaking,Very high human development
Q440793,Q595806,Q30,United States,North America,English-speaking,Very high human development
Q440877,Q780944,Q30,United States,North America,English-speaking,Very high human development
Q441056,Q1430843,Q408,Australia,Australia,English-speaking,Very high human development
Q441067,Q65,Q30,United States,North America,English-speaking,Very high human development
Q441146,Q84,Q2277,,{},{},{}
Q441146,Q84,Q110888,,{},{},{}
Q441146,Q84,Q105092,,{},{},{}
Q441146,Q84,Q105313,,{},{},{}
Q441146,Q84,Q179876,,{},{},{}
Q441146,Q84,Q161885,,{},{},{}
Q441146,Q84,Q174193,,{},{},{}
Q441146,Q84,Q145,United Kingdom,Europe,English-speaking,Very high human development
Q441146,Q668140,Q145,United Kingdom,Europe,English-speaking,Very high human development
Q441214,Q138311,Q30,United States,North America,English-speaking,Very high human development
Q441290,Q134093,Q17,Japan,Asia,West & South Asia,Very high human development
Q441494,Q83726,Q145,United Kingdom,Europe,English-speaking,Very high human development
Q441515,Q54076,Q30,United States,North America,English-speaking,Very high human development
Q441515,Q2002947,Q30,United States,North America,English-speaking,Very high human development
Q441603,Q11299,Q30,United States,North America,English-speaking,Very high human development
Q441726,Q84,Q2277,,{},{},{}
Q441726,Q84,Q110888,,{},{},{}
Q441726,Q84,Q105092,,{},{},{}
Q441726,Q84,Q105313,,{},{},{}
Q441726,Q84,Q179876,,{},{},{}
Q441726,Q84,Q161885,,{},{},{}
Q441726,Q84,Q174193,,{},{},{}
Q441726,Q84,Q145,United Kingdom,Europe,English-speaking,Very high human development
Q441757,Q1410,Q145,United Kingdom,Europe,English-speaking,Very high human development
Q441757,Q1410,Q80702,,{},{},{}
Q441757,Q1410,Q29,Spain,Europe,Catholic Europe,Very high human development
Q441793,Q826782,Q145,United Kingdom,Europe,English-speaking,Very high human development
Q441949,Q8678,Q155,Brazil,South America,Latin America,High human development
Q441952,Q6596,Q38,Italy,Europe,Catholic Europe,Very high human development
Q441990,Q2044,Q172579,,{},{},{}
Q441990,Q2044,Q1867844,,{},{},{}
Q441990,Q2044,Q148540,,{},{},{}
Q441990,Q2044,Q2252973,,{},{},{}
Q441990,Q2044,Q154849,,{},{},{}
Q441990,Q2044,Q223793,,{},{},{}
Q441990,Q2044,Q142,France,Europe,Catholic Europe,Very high human development
Q441990,Q2044,Q154849,,{},{},{}
Q441990,Q2044,Q2268597,,{},{},{}
Q441990,Q2044,Q38,Italy,Europe,Catholic Europe,Very high human development
Q441990,Q2044,Q2577303,,{},{},{}
Q442003,Q42448,Q145,United Kingdom,Europe,English-speaking,Very high human development
Q442103,Q1754,Q34,Sweden,Europe,Protestant Europe,Very high human development
Q442103,Q1754,Q62623,,{},{},{}
Q442103,Q1754,Q62589,,{},{},{}
Q442121,Q25302,Q36,Poland,Europe,Catholic Europe,Very high human development
Q442121,Q25302,Q700117,,{},{},{}
Q442121,Q25302,Q5311376,,{},{},{}
Q442121,Q25302,Q43287,,{},{},{}
Q442121,Q25302,Q41304,,{},{},{}
Q442121,Q25302,Q7318,,{},{},{}
Q442130,Q18419,Q30,United States,North America,English-speaking,Very high human development
Q442258,Q6346,Q30,United States,North America,English-speaking,Very high human development
Q442330,Q161491,Q145,United Kingdom,Europe,English-speaking,Very high human development
Q442474,Q484678,Q30,United States,North America,English-speaking,Very high human development
Q442549,Q48958,Q142,France,Europe,Catholic Europe,Very high human development
Q442569,Q60,Q30,United States,North America,English-speaking,Very high human development
Q442679,Q1903165,Q30,United States,North America,English-speaking,Very high human development
Q442829,Q1486,Q414,Argentina,South America,Latin America,Very high human development
Q442902,Q84,Q2277,,{},{},{}
Q442902,Q84,Q110888,,{},{},{}
Q442902,Q84,Q105092,,{},{},{}
Q442902,Q84,Q105313,,{},{},{}
Q442902,Q84,Q179876,,{},{},{}
Q442902,Q84,Q161885,,{},{},{}
Q442902,Q84,Q174193,,{},{},{}
Q442902,Q84,Q145,United Kingdom,Europe,English-speaking,Very high human development
Q443008,Q65,Q30,United States,North America,English-speaking,Very high human development
Q443042,Q986007,Q145,United Kingdom,Europe,English-speaking,Very high human development
Q443055,Q672296,Q145,United Kingdom,Europe,English-speaking,Very high human development
Q443109,Q427559,Q30,United States,North America,English-speaking,Very high human development
Q443132,Q54145,Q30,United States,North America,English-speaking,Very high human development
Q443235,Q40345,Q30,United States,North America,English-speaking,Very high human development
Q443306,Q1297,Q30,United States,North America,English-speaking,Very high human development
Q443325,Q24861,Q30,United States,North America,English-speaking,Very high human development
Q443398,Q3141,Q408,Australia,Australia,English-speaking,Very high human development
Q443403,Q1645615,Q29,Spain,Europe,Catholic Europe,Very high human development
Q443404,Q90,Q142,France,Europe,Catholic Europe,Very high human development
Q443404,Q90,Q70972,,{},{},{}
Q443404,Q90,Q146246,,{},{},{}
Q443404,Q90,Q2748708,,{},{},{}
Q443404,Q90,Q142,France,Europe,Catholic Europe,Very high human development
Q443404,Q90,Q71084,,{},{},{}
Q443404,Q90,Q58296,,{},{},{}
Q443462,Q60,Q30,United States,North America,English-speaking,Very high human development
Q443528,Q22905,Q145,United Kingdom,Europe,English-speaking,Very high human development
Q443567,Q148349,Q145,United Kingdom,Europe,English-speaking,Very high human development
Q443567,Q148349,Q179876,,{},{},{}
Q443591,Q2450886,Q16,Canada,North America,English-speaking,Very high human development
Q443655,Q27,Q27,Ireland,Europe,English-speaking,Very high human development
Q443655,Q178283,Q27,Ireland,Europe,English-speaking,Very high human development
Q443655,Q178283,Q174193,,{},{},{}
Q443681,Q1183392,Q30,United States,North America,English-speaking,Very high human development
Q443726,Q597,Q45,Portugal,Europe,Catholic Europe,Very high human development
Q443726,Q597,Q17167,,{},{},{}
Q443726,Q597,Q1048918,,{},{},{}
Q443726,Q597,Q126936,,{},{},{}
Q443726,Q597,Q8575586,,{},{},{}
Q443726,Q597,Q1337854,,{},{},{}
Q443726,Q597,Q171740,,{},{},{}
Q443726,Q597,Q276841,,{},{},{}
Q443726,Q597,Q2620565,,{},{},{}
Q443726,Q597,Q276841,,{},{},{}
Q443726,Q597,Q75613,,{},{},{}
Q443820,Q383434,Q16,Canada,North America,English-speaking,Very high human development
Q443830,Q37320,Q30,United States,North America,English-speaking,Very high human development
Q443868,Q109036,Q20,Norway,Europe,Protestant Europe,Very high human development
Q444016,Q12439,Q30,United States,North America,English-speaking,Very high human development
Q444168,Q179528,Q79,Egypt,Africa,African-Islamic,High human development
Q444168,Q179528,Q160307,,{},{},{}
Q444230,Q3766,Q858,Syria,Asia,African-Islamic,{}
Q444230,Q3766,Q625649,,{},{},{}
Q444230,Q3766,Q220594,,{},{},{}
Q444230,Q3766,Q2277,,{},{},{}
Q444230,Q3766,Q12544,,{},{},{}
Q444230,Q3766,Q12490507,,{},{},{}
Q444230,Q3766,Q8575586,,{},{},{}
Q444230,Q3766,Q12536,,{},{},{}
Q444230,Q3766,Q3708094,,{},{},{}
Q444230,Q3766,Q2294218,,{},{},{}
Q444230,Q3766,Q189545,,{},{},{}
Q444230,Q3766,Q180114,,{},{},{}
Q444230,Q3766,Q282428,,{},{},{}
Q444230,Q3766,Q12560,,{},{},{}
Q444230,Q3766,Q139708,,{},{},{}
Q444362,Q163,Q145,United Kingdom,Europe,English-speaking,Very high human development
Q444486,Q84,Q2277,,{},{},{}
Q444486,Q84,Q110888,,{},{},{}
Q444486,Q84,Q105092,,{},{},{}
Q444486,Q84,Q105313,,{},{},{}
Q444486,Q84,Q179876,,{},{},{}
Q444486,Q84,Q161885,,{},{},{}
Q444486,Q84,Q174193,,{},{},{}
Q444486,Q84,Q145,United Kingdom,Europe,English-speaking,Very high human development
Q444697,Q4093,Q145,United Kingdom,Europe,English-speaking,Very high human development
Q444697,Q4093,Q174193,,{},{},{}
Q444697,Q4093,Q161885,,{},{},{}
Q444697,Q4093,Q230791,,{},{},{}
Q444697,Q4093,Q145,United Kingdom,Europe,English-speaking,Very high human development
Q444730,Q1297,Q30,United States,North America,English-speaking,Very high human development
Q444806,Q11299,Q30,United States,North America,English-speaking,Very high human development
Q444849,Q60,Q30,United States,North America,English-speaking,Very high human development
Q444867,Q8686,Q148,People's Republic of China,Asia,Confucian,{}
Q444867,Q8686,Q13426199,,{},{},{}
Q444867,Q8686,Q696242,,{},{},{}
Q444867,Q8686,Q708865,,{},{},{}
Q444867,Q8686,Q4375948,,{},{},{}
Q444867,Q8686,Q13426199,,{},{},{}
Q444867,Q8686,Q148,People's Republic of China,Asia,Confucian,{}
Q444995,Q2723786,Q30,United States,North America,English-speaking,Very high human development
Q445346,Q84,Q2277,,{},{},{}
Q445346,Q84,Q110888,,{},{},{}
Q445346,Q84,Q105092,,{},{},{}
Q445346,Q84,Q105313,,{},{},{}
Q445346,Q84,Q179876,,{},{},{}
Q445346,Q84,Q161885,,{},{},{}
Q445346,Q84,Q174193,,{},{},{}
Q445346,Q84,Q145,United Kingdom,Europe,English-speaking,Very high human development
Q445429,Q18125,Q145,United Kingdom,Europe,English-speaking,Very high human development
Q445429,Q18125,Q174193,,{},{},{}
Q445429,Q18125,Q161885,,{},{},{}
Q445429,Q18125,Q179876,,{},{},{}
Q445556,Q3642303,Q258,South Africa,Africa,Sub-Saharan Africa,High human development
Q445776,Q85,Q79,Egypt,Africa,African-Islamic,High human development
Q445776,Q85,Q180114,,{},{},{}
Q445776,Q85,Q282428,,{},{},{}
Q445776,Q85,Q12560,,{},{},{}
Q445776,Q85,Q127861,,{},{},{}
Q445776,Q85,Q370173,,{},{},{}
Q445776,Q85,Q160307,,{},{},{}
Q445839,Q203308,Q17,Japan,Asia,West & South Asia,Very high human development
Q445919,Q464955,Q145,United Kingdom,Europe,English-speaking,Very high human development
Q445930,Q60,Q30,United States,North America,English-speaking,Very high human development
Q446121,Q173,Q30,United States,North America,English-speaking,Very high human development
Q446209,Q239870,Q30,United States,North America,English-speaking,Very high human development
Q446396,Q974074,Q664,New Zealand,Australia,English-speaking,Very high human development
Q446483,Q23556,Q30,United States,North America,English-speaking,Very high human development
Q446517,Q100,Q30,United States,North America,English-speaking,Very high human development
Q446517,Q100,Q2079909,,{},{},{}
Q446517,Q100,Q1191350,,{},{},{}
Q446518,Q18426,Q30,United States,North America,English-speaking,Very high human development
Q446597,Q24231,Q35,Denmark,Europe,Protestant Europe,Very high human development
Q446605,Q84,Q2277,,{},{},{}
Q446605,Q84,Q110888,,{},{},{}
Q446605,Q84,Q105092,,{},{},{}
Q446605,Q84,Q105313,,{},{},{}
Q446605,Q84,Q179876,,{},{},{}
Q446605,Q84,Q161885,,{},{},{}
Q446605,Q84,Q174193,,{},{},{}
Q446605,Q84,Q145,United Kingdom,Europe,English-speaking,Very high human development
Q446627,Q49241,Q30,United States,North America,English-speaking,Very high human development
Q446687,Q3492487,Q16,Canada,North America,English-speaking,Very high human development
Q446747,Q22,Q145,United Kingdom,Europe,English-speaking,Very high human development
Q446747,Q2422689,Q145,United Kingdom,Europe,English-speaking,Very high human development
Q446879,Q972,Q55,Netherlands,Europe,Protestant Europe,Very high human development
Q446879,Q972,Q170072,,{},{},{}
Q446941,Q2096,Q16,Canada,North America,English-speaking,Very high human development
Q446943,Q1610789,Q145,United Kingdom,Europe,English-speaking,Very high human development
Q446973,Q30,Q30,United States,North America,English-speaking,Very high human development
Q447019,Q61,Q30,United States,North America,English-speaking,Very high human development
Q447025,Q2141,Q16,Canada,North America,English-speaking,Very high human development
Q447025,Q3246744,Q16,Canada,North America,English-speaking,Very high human development
Q447073,Q231645,Q17,Japan,Asia,West & South Asia,Very high human development
Q447190,Q34370,Q55,Netherlands,Europe,Protestant Europe,Very high human development
Q447240,Q147738,Q785,,{},{},{}
Q447244,Q1424514,Q30,United States,North America,English-speaking,Very high human development
Q447268,Q321381,Q145,United Kingdom,Europe,English-speaking,Very high human development
Q447284,Q79308,Q30,United States,North America,English-speaking,Very high human development
Q447367,Q994,Q230,Georgia,Asia,Orthodox Europe,Very high human development
Q447367,Q994,Q15180,,{},{},{}
Q447367,Q994,Q545205,,{},{},{}
Q447367,Q994,Q245160,,{},{},{}
Q447367,Q994,Q330756,,{},{},{}
Q447367,Q994,Q2630860,,{},{},{}
Q447367,Q994,Q139319,,{},{},{}
Q447367,Q994,Q34266,,{},{},{}
Q447367,Q994,Q282475,,{},{},{}
Q447367,Q994,Q195972,,{},{},{}
Q447367,Q994,Q154667,,{},{},{}
Q447404,Q985297,Q30,United States,North America,English-speaking,Very high human development
Q447507,Q162049,Q183,Germany,Europe,Catholic Europe,Very high human development
Q447507,Q162049,Q43287,,{},{},{}
Q447519,Q146659,Q145,United Kingdom,Europe,English-speaking,Very high human development
Q447630,Q507517,Q145,United Kingdom,Europe,English-speaking,Very high human development
Q447850,Q215733,Q145,United Kingdom,Europe,English-speaking,Very high human development
Q447850,Q79282,Q30,United States,North America,English-speaking,Very high human development
Q447902,Q2868,Q419,Peru,South America,Latin America,High human development
Q448143,Q4163777,Q212,Ukraine,Europe,Orthodox Europe,High human development
Q448241,Q18013,Q30,United States,North America,English-speaking,Very high human development
Q448246,Q83065,Q145,United Kingdom,Europe,English-speaking,Very high human development
Q448246,Q83065,Q179876,,{},{},{}
Q448425,Q1193960,Q30,United States,North America,English-speaking,Very high human development
Q448545,Q975,Q30,United States,North America,English-speaking,Very high human development
Q448707,Q127513,Q17,Japan,Asia,West & South Asia,Very high human development
Q448736,Q1020609,Q30,United States,North America,English-speaking,Very high human development
Q448767,Q33486,Q30,United States,North America,English-speaking,Very high human development
Q448776,Q90,Q142,France,Europe,Catholic Europe,Very high human development
Q448776,Q90,Q70972,,{},{},{}
Q448776,Q90,Q146246,,{},{},{}
Q448776,Q90,Q2748708,,{},{},{}
Q448776,Q90,Q142,France,Europe,Catholic Europe,Very high human development
Q448776,Q90,Q71084,,{},{},{}
Q448776,Q90,Q58296,,{},{},{}
Q449028,Q10690,Q145,United Kingdom,Europe,English-speaking,Very high human development
Q449085,Q1615791,Q145,United Kingdom,Europe,English-speaking,Very high human development
Q449136,Q1186888,Q145,United Kingdom,Europe,English-speaking,Very high human development
Q449234,Q1345,Q30,United States,North America,English-speaking,Very high human development
Q449279,Q156291,Q30,United States,North America,English-speaking,Very high human development
Q449451,Q40898,Q155019,,{},{},{}
Q449451,Q40898,Q142,France,Europe,Catholic Europe,Very high human development
Q449473,Q200078,Q17,Japan,Asia,West & South Asia,Very high human development
Q449489,Q184775,Q145,United Kingdom,Europe,English-speaking,Very high human development
Q449542,Q1166,Q30,United States,North America,English-speaking,Very high human development
Q449640,Q30974,Q142,France,Europe,Catholic Europe,Very high human development
Q449797,Q25286,Q34,Sweden,Europe,Protestant Europe,Very high human development
Q449801,Q220,Q38,Italy,Europe,Catholic Europe,Very high human development
Q449801,Q220,Q170174,,{},{},{}
Q449801,Q220,Q3755547,,{},{},{}
Q449801,Q220,Q583038,,{},{},{}
Q449801,Q220,Q12544,,{},{},{}
Q449801,Q220,Q172579,,{},{},{}
Q449801,Q220,Q201038,,{},{},{}
Q449801,Q220,Q17167,,{},{},{}
Q449801,Q220,Q2277,,{},{},{}
Q449801,Q220,Q42834,,{},{},{}
Q449801,Q220,Q237,Vatican City,{},{},{}
Q449818,Q35765,Q17,Japan,Asia,West & South Asia,Very high human development
Q450243,Q60,Q30,United States,North America,English-speaking,Very high human development
Q450335,Q329984,Q29,Spain,Europe,Catholic Europe,Very high human development
Q450346,Q34261,Q790,Haiti,North America,Latin America,Medium human development
Q450346,Q790,Q790,Haiti,North America,Latin America,Medium human development
Q450376,Q193250,Q954,Zimbabwe,Africa,Sub-Saharan Africa,Medium human development
Q450376,Q193250,Q890120,,{},{},{}
Q450376,Q193250,Q217169,,{},{},{}
Q450376,Q193250,Q750583,,{},{},{}
Q450446,Q22905,Q145,United Kingdom,Europe,English-speaking,Very high human development
Q450455,Q7295660,Q408,Australia,Australia,English-speaking,Very high human development
Q450610,Q23111,Q145,United Kingdom,Europe,English-speaking,Very high human development
Q450690,Q1486,Q414,Argentina,South America,Latin America,Very high human development
Q450737,Q953583,Q30,United States,North America,English-speaking,Very high human development
Q450796,Q984358,Q30,United States,North America,English-speaking,Very high human development
Q450802,Q868642,Q145,United Kingdom,Europe,English-speaking,Very high human development
Q450845,Q1439,Q30,United States,North America,English-speaking,Very high human development
Q450868,Q34404,Q30,United States,North America,English-speaking,Very high human development
Q450875,Q52535,Q414,Argentina,South America,Latin America,Very high human development
Q450913,Q891360,Q45,Portugal,Europe,Catholic Europe,Very high human development
Q450923,Q544890,Q30,United States,North America,English-speaking,Very high human development
Q451009,Q578911,Q30,United States,North America,English-speaking,Very high human development
Q451058,Q1490,Q17,Japan,Asia,West & South Asia,Very high human development
Q451058,Q7473516,Q17,Japan,Asia,West & South Asia,Very high human development
Q451136,Q1297,Q30,United States,North America,English-speaking,Very high human development
Q451379,Q16556,Q30,United States,North America,English-speaking,Very high human development
Q452145,Q61,Q30,United States,North America,English-speaking,Very high human development
Q452206,Q60,Q30,United States,North America,English-speaking,Very high human development
Q452249,Q28260,Q30,United States,North America,English-speaking,Very high human development
Q452282,Q340,Q16,Canada,North America,English-speaking,Very high human development
Q452299,Q538753,Q912,Mali,Africa,Sub-Saharan Africa,Low human development
Q452400,Q695411,Q30,United States,North America,English-speaking,Very high human development
Q452404,Q2023662,Q30,United States,North America,English-speaking,Very high human development
Q452722,Q60,Q30,United States,North America,English-speaking,Very high human development
Q452742,Q172455,Q142,France,Europe,Catholic Europe,Very high human development
Q452761,Q41211,Q30,United States,North America,English-speaking,Very high human development
Q452860,Q406358,Q117,Ghana,Africa,Sub-Saharan Africa,Medium human development
Q452963,Q36091,Q30,United States,North America,English-speaking,Very high human development
Q453011,Q2211,Q34,Sweden,Europe,Protestant Europe,Very high human development
Q453231,Q510840,Q30,United States,North America,English-speaking,Very high human development
Q453251,Q54156,Q30,United States,North America,English-speaking,Very high human development
Q453288,Q48958,Q142,France,Europe,Catholic Europe,Very high human development
Q453329,Q49199,Q30,United States,North America,English-speaking,Very high human development
Q453377,Q1490,Q17,Japan,Asia,West & South Asia,Very high human development
Q453384,Q6346,Q30,United States,North America,English-speaking,Very high human development
Q453410,Q1156,Q668,India,Asia,Indosphere,Medium human development
Q453410,Q1156,Q200464,,{},{},{}
Q453410,Q1156,Q179876,,{},{},{}
Q453410,Q1156,Q2001966,,{},{},{}
Q453410,Q1156,Q129286,,{},{},{}
Q453427,Q16563,Q30,United States,North America,English-speaking,Very high human development
Q453434,Q1088694,Q30,United States,North America,English-speaking,Very high human development
Q453537,Q649,Q11750528,,{},{},{}
Q453537,Q649,Q170770,,{},{},{}
Q453537,Q649,Q186096,,{},{},{}
Q453537,Q649,Q34266,,{},{},{}
Q453537,Q649,Q139319,,{},{},{}
Q453537,Q649,Q2305208,,{},{},{}
Q453537,Q649,Q15180,,{},{},{}
Q453537,Q649,Q159,Russia,Europe,Orthodox Europe,{}
Q453614,Q220,Q38,Italy,Europe,Catholic Europe,Very high human development
Q453614,Q220,Q170174,,{},{},{}
Q453614,Q220,Q3755547,,{},{},{}
Q453614,Q220,Q583038,,{},{},{}
Q453614,Q220,Q12544,,{},{},{}
Q453614,Q220,Q172579,,{},{},{}
Q453614,Q220,Q201038,,{},{},{}
Q453614,Q220,Q17167,,{},{},{}
Q453614,Q220,Q2277,,{},{},{}
Q453614,Q220,Q42834,,{},{},{}
Q453614,Q220,Q237,Vatican City,{},{},{}
Q453665,Q1297,Q30,United States,North America,English-speaking,Very high human development
Q453835,Q217346,Q30,United States,North America,English-speaking,Very high human development
Q453908,Q90,Q142,France,Europe,Catholic Europe,Very high human development
Q453908,Q90,Q70972,,{},{},{}
Q453908,Q90,Q146246,,{},{},{}
Q453908,Q90,Q2748708,,{},{},{}
Q453908,Q90,Q142,France,Europe,Catholic Europe,Very high human development
Q453908,Q90,Q71084,,{},{},{}
Q453908,Q90,Q58296,,{},{},{}
Q453932,Q10686,Q174193,,{},{},{}
Q453932,Q10686,Q215530,,{},{},{}
Q453932,Q10686,Q844250,,{},{},{}
Q453932,Q10686,Q145,United Kingdom,Europe,English-speaking,Very high human development
Q453983,Q823531,Q408,Australia,Australia,English-speaking,Very high human development
Q454420,Q386170,Q30,United States,North America,English-speaking,Very high human development
Q454595,Q4093,Q145,United Kingdom,Europe,English-speaking,Very high human development
Q454595,Q4093,Q174193,,{},{},{}
Q454595,Q4093,Q161885,,{},{},{}
Q454595,Q4093,Q230791,,{},{},{}
Q454595,Q4093,Q145,United Kingdom,Europe,English-speaking,Very high human development
Q454686,Q26692,Q712,Fiji,{},{},High human development
Q454734,Q126269,Q145,United Kingdom,Europe,English-speaking,Very high human development
Q454836,Q1007064,Q30,United States,North America,English-speaking,Very high human development
Q454888,Q35581,Q17,Japan,Asia,West & South Asia,Very high human development
Q454888,Q35581,Q188712,,{},{},{}
Q454920,Q43196,Q30,United States,North America,English-speaking,Very high human development
Q454937,Q186545,Q30,United States,North America,English-speaking,Very high human development
Q455120,Q905175,Q155,Brazil,South America,Latin America,High human development
Q455228,Q18125,Q145,United Kingdom,Europe,English-speaking,Very high human development
Q455228,Q18125,Q174193,,{},{},{}
Q455228,Q18125,Q161885,,{},{},{}
Q455228,Q18125,Q179876,,{},{},{}
Q455286,Q185591,Q258,South Africa,Africa,Sub-Saharan Africa,High human development
Q455410,Q1754,Q34,Sweden,Europe,Protestant Europe,Very high human development
Q455410,Q1754,Q62623,,{},{},{}
Q455410,Q1754,Q62589,,{},{},{}
Q455495,Q23107,Q145,United Kingdom,Europe,English-speaking,Very high human development
Q455510,Q1345,Q30,United States,North America,English-speaking,Very high human development
Q455529,Q43199,Q30,United States,North America,English-speaking,Very high human development
Q455558,Q2449718,Q145,United Kingdom,Europe,English-speaking,Very high human development
Q455571,Q1094226,Q145,United Kingdom,Europe,English-speaking,Very high human development
Q455574,Q60,Q30,United States,North America,English-speaking,Very high human development
Q455652,Q1075196,Q17,Japan,Asia,West & South Asia,Very high human development
Q455652,Q134635,Q17,Japan,Asia,West & South Asia,Very high human development
Q455703,Q43463,Q155,Brazil,South America,Latin America,High human development
Q455776,Q1650454,Q30,United States,North America,English-speaking,Very high human development
Q455780,Q65,Q30,United States,North America,English-speaking,Very high human development
Q455852,Q6346,Q30,United States,North America,English-speaking,Very high human development
Q455930,Q490508,Q17,Japan,Asia,West & South Asia,Very high human development
Q455930,Q35765,Q17,Japan,Asia,West & South Asia,Very high human development
Q455951,Q18426,Q30,United States,North America,English-speaking,Very high human development
Q456191,Q1189121,Q17,Japan,Asia,West & South Asia,Very high human development
Q456191,Q193638,Q17,Japan,Asia,West & South Asia,Very high human development
Q456212,Q10686,Q174193,,{},{},{}
Q456212,Q10686,Q215530,,{},{},{}
Q456212,Q10686,Q844250,,{},{},{}
Q456212,Q10686,Q145,United Kingdom,Europe,English-speaking,Very high human development
Q456336,Q48370,Q30,United States,North America,English-speaking,Very high human development
Q456340,Q11953,Q29,Spain,Europe,Catholic Europe,Very high human development
Q456473,Q30,Q30,United States,North America,English-speaking,Very high human development
Q456494,Q138338,Q30,United States,North America,English-speaking,Very high human development
Q456762,Q1486,Q414,Argentina,South America,Latin America,Very high human development
Q456855,Q43196,Q30,United States,North America,English-speaking,Very high human development
Q456862,Q79867,Q30,United States,North America,English-speaking,Very high human development
Q456914,Q13855,Q29,Spain,Europe,Catholic Europe,Very high human development
Q456958,Q60,Q30,United States,North America,English-speaking,Very high human development
Q457092,Q1000662,Q145,United Kingdom,Europe,English-speaking,Very high human development
Q457177,Q936780,Q30,United States,North America,English-speaking,Very high human development
Q457185,Q37320,Q30,United States,North America,English-speaking,Very high human development
Q457287,Q84,Q2277,,{},{},{}
Q457287,Q84,Q110888,,{},{},{}
Q457287,Q84,Q105092,,{},{},{}
Q457287,Q84,Q105313,,{},{},{}
Q457287,Q84,Q179876,,{},{},{}
Q457287,Q84,Q161885,,{},{},{}
Q457287,Q84,Q174193,,{},{},{}
Q457287,Q84,Q145,United Kingdom,Europe,English-speaking,Very high human development
Q457338,Q7665215,Q414,Argentina,South America,Latin America,Very high human development
Q457370,Q8678,Q155,Brazil,South America,Latin America,High human development
Q457371,Q84,Q2277,,{},{},{}
Q457371,Q84,Q110888,,{},{},{}
Q457371,Q84,Q105092,,{},{},{}
Q457371,Q84,Q105313,,{},{},{}
Q457371,Q84,Q179876,,{},{},{}
Q457371,Q84,Q161885,,{},{},{}
Q457371,Q84,Q174193,,{},{},{}
Q457371,Q84,Q145,United Kingdom,Europe,English-speaking,Very high human development
Q457371,Q210531,Q145,United Kingdom,Europe,English-speaking,Very high human development
Q457450,Q34739,Q30,United States,North America,English-speaking,Very high human development
Q457495,Q4951523,Q408,Australia,Australia,English-speaking,Very high human development
Q457495,Q3141,Q408,Australia,Australia,English-speaking,Very high human development
Q457530,Q3718,Q1041,Senegal,Africa,{},Low human development
Q457601,Q61,Q30,United States,North America,English-speaking,Very high human development
Q457608,Q28260,Q30,United States,North America,English-speaking,Very high human development
Q457873,Q1015690,Q664,New Zealand,Australia,English-speaking,Very high human development
Q458077,Q44989,Q30,United States,North America,English-speaking,Very high human development
Q458077,Q17,Q17,Japan,Asia,West & South Asia,Very high human development
Q458224,Q502209,Q17,Japan,Asia,West & South Asia,Very high human development
Q458240,Q180757,Q408,Australia,Australia,English-speaking,Very high human development
Q458336,Q118152,Q30,United States,North America,English-speaking,Very high human development
Q458390,Q100,Q30,United States,North America,English-speaking,Very high human development
Q458390,Q100,Q2079909,,{},{},{}
Q458390,Q100,Q1191350,,{},{},{}
Q458445,Q847596,Q30,United States,North America,English-speaking,Very high human development
Q458509,Q23337,Q30,United States,North America,English-speaking,Very high human development
Q458559,Q628226,Q142,France,Europe,Catholic Europe,Very high human development
Q458618,Q49179,Q30,United States,North America,English-speaking,Very high human development
Q458658,Q84,Q2277,,{},{},{}
Q458658,Q84,Q110888,,{},{},{}
Q458658,Q84,Q105092,,{},{},{}
Q458658,Q84,Q105313,,{},{},{}
Q458658,Q84,Q179876,,{},{},{}
Q458658,Q84,Q161885,,{},{},{}
Q458658,Q84,Q174193,,{},{},{}
Q458658,Q84,Q145,United Kingdom,Europe,English-speaking,Very high human development
Q458686,Q60,Q30,United States,North America,English-speaking,Very high human development
Q458822,Q72259,Q145,United Kingdom,Europe,English-speaking,Very high human development
Q458822,Q72259,Q174193,,{},{},{}
Q458822,Q72259,Q161885,,{},{},{}
Q458822,Q72259,Q179876,,{},{},{}
Q458860,Q18419,Q30,United States,North America,English-speaking,Very high human development
Q459230,Q23556,Q30,United States,North America,English-speaking,Very high human development
Q459275,Q1761,Q174193,,{},{},{}
Q459275,Q1761,Q215530,,{},{},{}
Q459275,Q1761,Q27,Ireland,Europe,English-speaking,Very high human development
Q459275,Q1761,Q31747,,{},{},{}
Q459275,Q1761,Q844250,,{},{},{}
Q459293,Q15679,Q29,Spain,Europe,Catholic Europe,Very high human development
Q459501,Q217057,Q27,Ireland,Europe,English-speaking,Very high human development
Q459541,Q1486,Q414,Argentina,South America,Latin America,Very high human development
Q459631,Q34404,Q30,United States,North America,English-speaking,Very high human development
Q459791,Q87,Q79,Egypt,Africa,African-Islamic,High human development
Q459791,Q87,Q2277,,{},{},{}
Q459877,Q5806,Q851,Saudi Arabia,Asia,African-Islamic,Very high human development
Q459877,Q5806,Q1756546,,{},{},{}
Q459877,Q5806,Q956357,,{},{},{}
Q459877,Q5806,Q12560,,{},{},{}
Q459877,Q5806,Q76821846,,{},{},{}
Q459877,Q5806,Q12490507,,{},{},{}
Q459877,Q5806,Q8575586,,{},{},{}
Q459877,Q5806,Q12536,,{},{},{}
Q459877,Q5806,Q12560,,{},{},{}
Q459877,Q5806,Q1756546,,{},{},{}
Q459877,Q5806,Q282428,,{},{},{}
Q459901,Q79880,Q28,Hungary,Europe,Catholic Europe,Very high human development
Q460055,Q1088776,Q30,United States,North America,English-speaking,Very high human development
Q460088,Q956,Q148,People's Republic of China,Asia,Confucian,{}
Q460088,Q956,Q13426199,,{},{},{}
Q460088,Q956,Q696242,,{},{},{}
Q460088,Q956,Q704714,,{},{},{}
Q460088,Q956,Q13426199,,{},{},{}
Q460088,Q956,Q814959,,{},{},{}
Q460088,Q956,Q8733,,{},{},{}
Q460088,Q956,Q9903,,{},{},{}
Q460109,Q1492,Q29,Spain,Europe,Catholic Europe,Very high human development
Q460187,Q133073,Q664,New Zealand,Australia,English-speaking,Very high human development
Q460191,Q5087812,Q16,Canada,North America,English-speaking,Very high human development
Q460196,Q7880,Q142,France,Europe,Catholic Europe,Very high human development
Q460245,Q83065,Q145,United Kingdom,Europe,English-speaking,Very high human development
Q460245,Q83065,Q179876,,{},{},{}
Q460288,Q132705,Q17,Japan,Asia,West & South Asia,Very high human development
Q460303,Q30,Q30,United States,North America,English-speaking,Very high human development
Q460323,Q1345,Q30,United States,North America,English-speaking,Very high human development
Q460352,Q2423,Q159,Russia,Europe,Orthodox Europe,{}
Q460352,Q2423,Q15180,,{},{},{}
Q460352,Q2423,Q2305208,,{},{},{}
Q460352,Q2423,Q34266,,{},{},{}
Q460352,Q2423,Q139319,,{},{},{}
Q460352,Q2423,Q186096,,{},{},{}
Q460352,Q2423,Q113411770,,{},{},{}
Q460366,Q1342,Q30,United States,North America,English-speaking,Very high human development
Q460383,Q200022,Q17,Japan,Asia,West & South Asia,Very high human development
Q460414,Q172,Q16,Canada,North America,English-speaking,Very high human development
Q460425,Q1758615,Q30,United States,North America,English-speaking,Very high human development
Q460430,Q693264,Q17,Japan,Asia,West & South Asia,Very high human development
Q460490,Q44206,Q414,Argentina,South America,Latin America,Very high human development
Q460546,Q109092,Q27,Ireland,Europe,English-speaking,Very high human development
Q460602,Q1297,Q30,United States,North America,English-speaking,Very high human development
Q460613,Q26418,Q17,Japan,Asia,West & South Asia,Very high human development
Q460630,Q871091,Q8680,,{},{},{}
Q460660,Q23135,Q145,United Kingdom,Europe,English-speaking,Very high human development
Q460811,Q1854,Q881,Vietnam,Asia,Confucian,{}
Q460811,Q1854,Q180573,,{},{},{}
Q460861,Q2321706,Q145,United Kingdom,Europe,English-speaking,Very high human development
Q460861,Q84,Q2277,,{},{},{}
Q460861,Q84,Q110888,,{},{},{}
Q460861,Q84,Q105092,,{},{},{}
Q460861,Q84,Q105313,,{},{},{}
Q460861,Q84,Q179876,,{},{},{}
Q460861,Q84,Q161885,,{},{},{}
Q460861,Q84,Q174193,,{},{},{}
Q460861,Q84,Q145,United Kingdom,Europe,English-speaking,Very high human development
Q460863,Q1754,Q34,Sweden,Europe,Protestant Europe,Very high human development
Q460863,Q1754,Q62623,,{},{},{}
Q460863,Q1754,Q62589,,{},{},{}
Q460952,Q84,Q2277,,{},{},{}
Q460952,Q84,Q110888,,{},{},{}
Q460952,Q84,Q105092,,{},{},{}
Q460952,Q84,Q105313,,{},{},{}
Q460952,Q84,Q179876,,{},{},{}
Q460952,Q84,Q161885,,{},{},{}
Q460952,Q84,Q174193,,{},{},{}
Q460952,Q84,Q145,United Kingdom,Europe,English-speaking,Very high human development
Q461000,Q18426,Q30,United States,North America,English-speaking,Very high human development
Q461075,Q943136,Q30,United States,North America,English-speaking,Very high human development
Q461310,Q383188,Q27,Ireland,Europe,English-speaking,Very high human development
Q461310,Q383188,Q31747,,{},{},{}
Q461320,Q7473516,Q17,Japan,Asia,West & South Asia,Very high human development
Q461472,Q35765,Q17,Japan,Asia,West & South Asia,Very high human development
Q461536,Q43509,Q736,Ecuador,South America,Latin America,High human development
Q461536,Q43509,Q199821,,{},{},{}
Q461536,Q43509,Q3892131,,{},{},{}
Q461536,Q43509,Q80702,,{},{},{}
Q461536,Q43509,Q28573,,{},{},{}
Q461536,Q43509,Q736,Ecuador,South America,Latin America,High human development
Q461638,Q3130,Q408,Australia,Australia,English-speaking,Very high human development
Q461675,Q8673,Q1033,Nigeria,Africa,Sub-Saharan Africa,Medium human development
Q461690,Q8673,Q1033,Nigeria,Africa,Sub-Saharan Africa,Medium human development
Q461837,Q507629,Q30,United States,North America,English-speaking,Very high human development
Q461845,Q35765,Q17,Japan,Asia,West & South Asia,Very high human development
Q461853,Q734416,Q17,Japan,Asia,West & South Asia,Very high human development
Q461865,Q597,Q45,Portugal,Europe,Catholic Europe,Very high human development
Q461865,Q597,Q17167,,{},{},{}
Q461865,Q597,Q1048918,,{},{},{}
Q461865,Q597,Q126936,,{},{},{}
Q461865,Q597,Q8575586,,{},{},{}
Q461865,Q597,Q1337854,,{},{},{}
Q461865,Q597,Q171740,,{},{},{}
Q461865,Q597,Q276841,,{},{},{}
Q461865,Q597,Q2620565,,{},{},{}
Q461865,Q597,Q276841,,{},{},{}
Q461865,Q597,Q75613,,{},{},{}
Q461902,Q2256,Q145,United Kingdom,Europe,English-speaking,Very high human development
Q461902,Q2256,Q174193,,{},{},{}
Q461902,Q2256,Q161885,,{},{},{}
Q461902,Q2256,Q179876,,{},{},{}
Q461906,Q565584,Q183,Germany,Europe,Catholic Europe,Very high human development
Q461957,Q84,Q2277,,{},{},{}
Q461957,Q84,Q110888,,{},{},{}
Q461957,Q84,Q105092,,{},{},{}
Q461957,Q84,Q105313,,{},{},{}
Q461957,Q84,Q179876,,{},{},{}
Q461957,Q84,Q161885,,{},{},{}
Q461957,Q84,Q174193,,{},{},{}
Q461957,Q84,Q145,United Kingdom,Europe,English-speaking,Very high human development
Q462138,Q995267,Q30,United States,North America,English-speaking,Very high human development
Q462157,Q38283,Q17,Japan,Asia,West & South Asia,Very high human development
Q462172,Q35765,Q17,Japan,Asia,West & South Asia,Very high human development
Q462270,Q210476,Q145,United Kingdom,Europe,English-speaking,Very high human development
Q462319,Q42116,Q884,South Korea,Asia,West & South Asia,{}
Q462356,Q1106682,Q142,France,Europe,Catholic Europe,Very high human development
Q462363,Q49164,Q30,United States,North America,English-speaking,Very high human development
Q462399,Q2123,Q16,Canada,North America,English-speaking,Very high human development
Q462579,Q929474,Q31,Belgium,Europe,Catholic Europe,Very high human development
Q462583,Q197297,Q142,France,Europe,Catholic Europe,Very high human development
Q462629,Q371281,Q30,United States,North America,English-speaking,Very high human development
Q462649,Q185134,Q262,Algeria,Africa,African-Islamic,High human development
Q462666,Q6588,Q142,France,Europe,Catholic Europe,Very high human development
Q462689,Q406,Q43,Turkey,Asia,West & South Asia,{}
Q462689,Q406,Q12560,,{},{},{}
Q462689,Q406,Q12544,,{},{},{}
Q462689,Q406,Q178897,,{},{},{}
Q462689,Q406,Q12544,,{},{},{}
Q462689,Q406,Q2277,,{},{},{}
Q462810,Q3561,Q262,Algeria,Africa,African-Islamic,High human development
Q462810,Q3561,Q142,France,Europe,Catholic Europe,Very high human development
Q462810,Q3561,Q3045696,,{},{},{}
Q462810,Q3561,Q307697,,{},{},{}
Q462810,Q3561,Q205718,,{},{},{}
Q462810,Q3561,Q588672,,{},{},{}
Q462810,Q3561,Q199688,,{},{},{}
Q462860,Q18419,Q30,United States,North America,English-speaking,Very high human development
Q462953,Q7473516,Q17,Japan,Asia,West & South Asia,Very high human development
Q463019,Q956,Q148,People's Republic of China,Asia,Confucian,{}
Q463019,Q956,Q13426199,,{},{},{}
Q463019,Q956,Q696242,,{},{},{}
Q463019,Q956,Q704714,,{},{},{}
Q463019,Q956,Q13426199,,{},{},{}
Q463019,Q956,Q814959,,{},{},{}
Q463019,Q956,Q8733,,{},{},{}
Q463019,Q956,Q9903,,{},{},{}
Q463142,Q129260304,Q17,Japan,Asia,West & South Asia,Very high human development
Q463182,Q23098,Q145,United Kingdom,Europe,English-speaking,Very high human development
Q463182,Q23098,Q179876,,{},{},{}
Q463233,Q2678218,Q258,South Africa,Africa,Sub-Saharan Africa,High human development
Q463279,Q986013,Q30,United States,North America,English-speaking,Very high human development
Q463299,Q3312902,Q419,Peru,South America,Latin America,High human development
Q463319,Q60,Q30,United States,North America,English-speaking,Very high human development
Q463513,Q599075,Q142,France,Europe,Catholic Europe,Very high human development
Q463630,Q927931,Q29,Spain,Europe,Catholic Europe,Very high human development
Q463868,Q18125,Q145,United Kingdom,Europe,English-speaking,Very high human development
Q463868,Q18125,Q174193,,{},{},{}
Q463868,Q18125,Q161885,,{},{},{}
Q463868,Q18125,Q179876,,{},{},{}
Q463883,Q62,Q30,United States,North America,English-speaking,Very high human development
Q463975,Q1761,Q174193,,{},{},{}
Q463975,Q1761,Q215530,,{},{},{}
Q463975,Q1761,Q27,Ireland,Europe,English-speaking,Very high human development
Q463975,Q1761,Q31747,,{},{},{}
Q463975,Q1761,Q844250,,{},{},{}
Q464143,Q142020,Q16,Canada,North America,English-speaking,Very high human development
Q464143,Q2145,Q16,Canada,North America,English-speaking,Very high human development
Q464264,Q3397349,Q29,Spain,Europe,Catholic Europe,Very high human development
Q464389,Q3718,Q1041,Senegal,Africa,{},Low human development
Q464397,Q7003,Q142,France,Europe,Catholic Europe,Very high human development
Q464409,Q1070001,Q142,France,Europe,Catholic Europe,Very high human development
Q464414,Q90,Q142,France,Europe,Catholic Europe,Very high human development
Q464414,Q90,Q70972,,{},{},{}
Q464414,Q90,Q146246,,{},{},{}
Q464414,Q90,Q2748708,,{},{},{}
Q464414,Q90,Q142,France,Europe,Catholic Europe,Very high human development
Q464414,Q90,Q71084,,{},{},{}
Q464414,Q90,Q58296,,{},{},{}
Q464422,Q181269,Q142,France,Europe,Catholic Europe,Very high human development
Q464438,Q12191,Q142,France,Europe,Catholic Europe,Very high human development
Q464656,Q192859,Q31,Belgium,Europe,Catholic Europe,Very high human development
Q464700,Q61,Q30,United States,North America,English-speaking,Very high human development
Q464756,Q11463266,Q17,Japan,Asia,West & South Asia,Very high human development
Q464960,Q1354,Q902,Bangladesh,Asia,Indosphere,Medium human development
Q464960,Q1354,Q843,Pakistan,Asia,Indosphere,Low human development
Q464960,Q1354,Q2006542,,{},{},{}
Q464960,Q1354,Q129286,,{},{},{}
Q464960,Q1354,Q2001966,,{},{},{}
Q464963,Q2037513,Q30,United States,North America,English-speaking,Very high human development
Q464976,Q84,Q2277,,{},{},{}
Q464976,Q84,Q110888,,{},{},{}
Q464976,Q84,Q105092,,{},{},{}
Q464976,Q84,Q105313,,{},{},{}
Q464976,Q84,Q179876,,{},{},{}
Q464976,Q84,Q161885,,{},{},{}
Q464976,Q84,Q174193,,{},{},{}
Q464976,Q84,Q145,United Kingdom,Europe,English-speaking,Very high human development
Q464976,Q2265962,Q145,United Kingdom,Europe,English-speaking,Very high human development
Q465179,Q24861,Q30,United States,North America,English-speaking,Very high human development
Q465181,Q406,Q43,Turkey,Asia,West & South Asia,{}
Q465181,Q406,Q12560,,{},{},{}
Q465181,Q406,Q12544,,{},{},{}
Q465181,Q406,Q178897,,{},{},{}
Q465181,Q406,Q12544,,{},{},{}
Q465181,Q406,Q2277,,{},{},{}
Q465183,Q727,Q55,Netherlands,Europe,Protestant Europe,Very high human development
Q465183,Q727,Q596214,,{},{},{}
Q465183,Q727,Q55,Netherlands,Europe,Protestant Europe,Very high human development
Q465183,Q727,Q15864,,{},{},{}
Q465183,Q727,Q774783,,{},{},{}
Q465183,Q727,Q142,France,Europe,Catholic Europe,Very high human development
Q465183,Q727,Q212278,,{},{},{}
Q465183,Q727,Q188553,,{},{},{}
Q465183,Q727,Q170072,,{},{},{}
Q465183,Q727,Q1031430,,{},{},{}
Q465183,Q727,Q157109,,{},{},{}
Q465183,Q727,Q762943,,{},{},{}
Q465208,Q84,Q2277,,{},{},{}
Q465208,Q84,Q110888,,{},{},{}
Q465208,Q84,Q105092,,{},{},{}
Q465208,Q84,Q105313,,{},{},{}
Q465208,Q84,Q179876,,{},{},{}
Q465208,Q84,Q161885,,{},{},{}
Q465208,Q84,Q174193,,{},{},{}
Q465208,Q84,Q145,United Kingdom,Europe,English-speaking,Very high human development
Q465216,Q2224962,Q30,United States,North America,English-speaking,Very high human development
Q465222,Q1461,Q928,Philippines,Asia,West & South Asia,High human development
Q465231,Q49238,Q30,United States,North America,English-speaking,Very high human development
Q465237,Q61,Q30,United States,North America,English-speaking,Very high human development
Q465242,Q49241,Q30,United States,North America,English-speaking,Very high human development
Q465326,Q2256,Q145,United Kingdom,Europe,English-speaking,Very high human development
Q465326,Q2256,Q174193,,{},{},{}
Q465326,Q2256,Q161885,,{},{},{}
Q465326,Q2256,Q179876,,{},{},{}
Q465339,Q205905,Q145,United Kingdom,Europe,English-speaking,Very high human development
Q465421,Q5163247,Q155,Brazil,South America,Latin America,High human development
Q465421,Q174,Q155,Brazil,South America,Latin America,High human development
Q465576,Q11616454,Q17,Japan,Asia,West & South Asia,Very high human development
Q465594,Q60,Q30,United States,North America,English-speaking,Very high human development
Q465624,Q497810,Q30,United States,North America,English-speaking,Very high human development
Q465624,Q125055366,Q30,United States,North America,English-speaking,Very high human development
Q465624,Q15221095,Q30,United States,North America,English-speaking,Very high human development
Q465687,Q1679567,Q33,Finland,Europe,Catholic Europe,Very high human development
Q465687,Q1679567,Q34266,,{},{},{}
Q465693,Q40236,Q155,Brazil,South America,Latin America,High human development
Q465700,Q383912,Q145,United Kingdom,Europe,English-speaking,Very high human development
Q465721,Q85,Q79,Egypt,Africa,African-Islamic,High human development
Q465721,Q85,Q180114,,{},{},{}
Q465721,Q85,Q282428,,{},{},{}
Q465721,Q85,Q12560,,{},{},{}
Q465721,Q85,Q127861,,{},{},{}
Q465721,Q85,Q370173,,{},{},{}
Q465721,Q85,Q160307,,{},{},{}
Q465851,Q48809,Q30,United States,North America,English-speaking,Very high human development
Q465890,Q827089,Q408,Australia,Australia,English-speaking,Very high human development
Q465907,Q8678,Q155,Brazil,South America,Latin America,High human development
Q466068,Q2084152,Q27,Ireland,Europe,English-speaking,Very high human development
Q466175,Q6781252,Q145,United Kingdom,Europe,English-speaking,Very high human development
Q466234,Q499588,Q31,Belgium,Europe,Catholic Europe,Very high human development
Q466341,Q10704,Q4628,,{},{},{}
Q466341,Q10704,Q35,Denmark,Europe,Protestant Europe,Very high human development
Q466431,Q11299,Q30,United States,North America,English-speaking,Very high human development
Q466650,Q753096,Q142,France,Europe,Catholic Europe,Very high human development
Q466660,Q100,Q30,United States,North America,English-speaking,Very high human development
Q466660,Q100,Q2079909,,{},{},{}
Q466660,Q100,Q1191350,,{},{},{}
Q466782,Q33935,Q801,Israel,Asia,West & South Asia,Very high human development
Q466782,Q33935,Q193714,,{},{},{}
Q466782,Q33935,Q7075820,,{},{},{}
Q466782,Q33935,Q12560,,{},{},{}
Q466788,Q30974,Q142,France,Europe,Catholic Europe,Very high human development
Q466820,Q140203,Q29,Spain,Europe,Catholic Europe,Very high human development
Q466860,Q641,Q38,Italy,Europe,Catholic Europe,Very high human development
Q466860,Q641,Q131964,,{},{},{}
Q466860,Q641,Q223936,,{},{},{}
Q466860,Q641,Q131964,,{},{},{}
Q466860,Q641,Q153136,,{},{},{}
Q466860,Q641,Q142,France,Europe,Catholic Europe,Very high human development
Q466860,Q641,Q4948,,{},{},{}
Q467058,Q23346,Q145,United Kingdom,Europe,English-speaking,Very high human development
Q467058,Q2124953,Q145,United Kingdom,Europe,English-speaking,Very high human development
Q467066,Q1345,Q30,United States,North America,English-speaking,Very high human development
Q467066,Q6819482,Q30,United States,North America,English-speaking,Very high human development
Q467302,Q1347453,Q17,Japan,Asia,West & South Asia,Very high human development
Q467352,Q102217,Q184,Belarus,Europe,Orthodox Europe,Very high human development
Q467352,Q102217,Q15180,,{},{},{}
Q467352,Q102217,Q15180,,{},{},{}
Q467352,Q102217,Q139319,,{},{},{}
Q467352,Q102217,Q2305208,,{},{},{}
Q467352,Q102217,Q34266,,{},{},{}
Q467352,Q102217,Q172107,,{},{},{}
Q467352,Q102217,Q49683,,{},{},{}
Q467404,Q1297,Q30,United States,North America,English-speaking,Very high human development
Q467741,Q2214,Q159,Russia,Europe,Orthodox Europe,{}
Q467741,Q2214,Q15180,,{},{},{}
Q467741,Q2214,Q2305208,,{},{},{}
Q467741,Q2214,Q139319,,{},{},{}
Q467741,Q2214,Q34266,,{},{},{}
Q467741,Q2214,Q151536,,{},{},{}
Q467741,Q2214,Q317078,,{},{},{}
Q467741,Q2214,Q186096,,{},{},{}
Q467770,Q84,Q2277,,{},{},{}
Q467770,Q84,Q110888,,{},{},{}
Q467770,Q84,Q105092,,{},{},{}
Q467770,Q84,Q105313,,{},{},{}
Q467770,Q84,Q179876,,{},{},{}
Q467770,Q84,Q161885,,{},{},{}
Q467770,Q84,Q174193,,{},{},{}
Q467770,Q84,Q145,United Kingdom,Europe,English-speaking,Very high human development
Q467796,Q1291379,Q1027,Mauritius,Africa,African-Islamic,Very high human development
Q467869,Q85,Q79,Egypt,Africa,African-Islamic,High human development
Q467869,Q85,Q180114,,{},{},{}
Q467869,Q85,Q282428,,{},{},{}
Q467869,Q85,Q12560,,{},{},{}
Q467869,Q85,Q127861,,{},{},{}
Q467869,Q85,Q370173,,{},{},{}
Q467869,Q85,Q160307,,{},{},{}
Q467915,Q311975,Q145,United Kingdom,Europe,English-speaking,Very high human development
Q467935,Q2955376,Q145,United Kingdom,Europe,English-speaking,Very high human development
Q467935,Q21,Q145,United Kingdom,Europe,English-speaking,Very high human development
Q467935,Q21,Q174193,,{},{},{}
Q467935,Q21,Q161885,,{},{},{}
Q468003,Q944635,Q419,Peru,South America,Latin America,High human development
Q468040,Q34261,Q790,Haiti,North America,Latin America,Medium human development
Q468156,Q2307592,Q30,United States,North America,English-speaking,Very high human development
Q468247,Q1925104,Q30,United States,North America,English-speaking,Very high human development
Q468272,Q47716,Q30,United States,North America,English-speaking,Very high human development
Q468280,Q1345,Q30,United States,North America,English-speaking,Very high human development
Q468335,Q845792,Q17,Japan,Asia,West & South Asia,Very high human development
Q468344,Q128147,Q145,United Kingdom,Europe,English-speaking,Very high human development
Q468344,Q128147,Q179876,,{},{},{}
Q468408,Q145476,Q159,Russia,Europe,Orthodox Europe,{}
Q468408,Q145476,Q34266,,{},{},{}
Q468408,Q145476,Q15180,,{},{},{}
Q468550,Q771,Q30,United States,North America,English-speaking,Very high human development
Q468550,Q100,Q30,United States,North America,English-speaking,Very high human development
Q468550,Q100,Q2079909,,{},{},{}
Q468550,Q100,Q1191350,,{},{},{}
Q468658,Q13670,Q38,Italy,Europe,Catholic Europe,Very high human development
Q468658,Q13670,Q180393,,{},{},{}
Q468658,Q13670,Q188586,,{},{},{}
Q468658,Q13670,Q1917014,,{},{},{}
Q468658,Q13670,Q1250763,,{},{},{}
Q468658,Q13670,Q12544,,{},{},{}
Q468658,Q13670,Q583038,,{},{},{}
Q468658,Q13670,Q12544,,{},{},{}
Q468658,Q13670,Q10416611,,{},{},{}
Q468658,Q13670,Q42834,,{},{},{}
Q468658,Q13670,Q1747689,,{},{},{}
Q468667,Q26887,Q30,United States,North America,English-speaking,Very high human development
Q468676,Q28198,Q30,United States,North America,English-speaking,Very high human development
Q468783,Q24013122,Q29,Spain,Europe,Catholic Europe,Very high human development
Q469093,Q1027659,Q145,United Kingdom,Europe,English-speaking,Very high human development
Q469135,Q172,Q16,Canada,North America,English-speaking,Very high human development
Q469249,Q192807,Q801,Israel,Asia,West & South Asia,Very high human development
Q469250,Q1348,Q668,India,Asia,Indosphere,Medium human development
Q469250,Q1348,Q129286,,{},{},{}
Q469250,Q1348,Q2001966,,{},{},{}
Q469283,Q985024,Q55,Netherlands,Europe,Protestant Europe,Very high human development
Q469349,Q100,Q30,United States,North America,English-speaking,Very high human development
Q469349,Q100,Q2079909,,{},{},{}
Q469349,Q100,Q1191350,,{},{},{}
Q469370,Q41819,Q30,United States,North America,English-speaking,Very high human development
Q469435,Q60,Q30,United States,North America,English-speaking,Very high human development
Q469464,Q16555,Q30,United States,North America,English-speaking,Very high human development
Q469656,Q495,Q38,Italy,Europe,Catholic Europe,Very high human development
Q469656,Q495,Q165154,,{},{},{}
Q469656,Q495,Q426025,,{},{},{}
Q469656,Q495,Q1232887,,{},{},{}
Q469656,Q495,Q426488,,{},{},{}
Q469656,Q495,Q704484,,{},{},{}
Q469656,Q495,Q31929,,{},{},{}
Q469656,Q495,Q854415,,{},{},{}
Q469707,Q200747,Q17,Japan,Asia,West & South Asia,Very high human development
Q469737,Q1297,Q30,United States,North America,English-speaking,Very high human development
Q469944,Q82185,Q142,France,Europe,Catholic Europe,Very high human development
Q469966,Q109005,Q20,Norway,Europe,Protestant Europe,Very high human development
Q469974,Q23111,Q145,United Kingdom,Europe,English-speaking,Very high human development
Q470063,Q25610,Q174193,,{},{},{}
Q470063,Q25610,Q145,United Kingdom,Europe,English-speaking,Very high human development
Q470067,Q6537,Q38,Italy,Europe,Catholic Europe,Very high human development
Q470132,Q4948756,Q20,Norway,Europe,Protestant Europe,Very high human development
Q470133,Q193019,Q155,Brazil,South America,Latin America,High human development
Q470282,Q65,Q30,United States,North America,English-speaking,Very high human development
Q470302,Q100,Q30,United States,North America,English-speaking,Very high human development
Q470302,Q100,Q2079909,,{},{},{}
Q470302,Q100,Q1191350,,{},{},{}
Q470334,Q1763072,Q155,Brazil,South America,Latin America,High human development
Q470371,Q4518353,Q34266,,{},{},{}
Q470758,Q987759,Q27,Ireland,Europe,English-speaking,Very high human development
Q470848,Q1297,Q30,United States,North America,English-speaking,Very high human development
Q470871,Q60,Q30,United States,North America,English-speaking,Very high human development
Q471021,Q823531,Q408,Australia,Australia,English-speaking,Very high human development
Q471184,Q866380,Q213,Czech Republic,Europe,Orthodox Europe,{}
Q471337,Q60,Q30,United States,North America,English-speaking,Very high human development
Q471413,Q665330,Q145,United Kingdom,Europe,English-speaking,Very high human development
Q471451,Q114100285,Q822,Lebanon,Asia,African-Islamic,High human development
Q471948,Q21711493,Q20,Norway,Europe,Protestant Europe,Very high human development
Q471948,Q21711493,Q62589,,{},{},{}
Q471948,Q21711493,Q2597352,,{},{},{}
Q471948,Q21711493,Q62651,,{},{},{}
Q471948,Q21711493,Q62623,,{},{},{}
Q471948,Q21711493,Q2196956,,{},{},{}
Q471948,Q5245991,Q20,Norway,Europe,Protestant Europe,Very high human development
Q472008,Q3616,Q794,Iran,Asia,African-Islamic,{}
Q472068,Q90,Q142,France,Europe,Catholic Europe,Very high human development
Q472068,Q90,Q70972,,{},{},{}
Q472068,Q90,Q146246,,{},{},{}
Q472068,Q90,Q2748708,,{},{},{}
Q472068,Q90,Q142,France,Europe,Catholic Europe,Very high human development
Q472068,Q90,Q71084,,{},{},{}
Q472068,Q90,Q58296,,{},{},{}
Q472071,Q84,Q2277,,{},{},{}
Q472071,Q84,Q110888,,{},{},{}
Q472071,Q84,Q105092,,{},{},{}
Q472071,Q84,Q105313,,{},{},{}
Q472071,Q84,Q179876,,{},{},{}
Q472071,Q84,Q161885,,{},{},{}
Q472071,Q84,Q174193,,{},{},{}
Q472071,Q84,Q145,United Kingdom,Europe,English-speaking,Very high human development
Q472352,Q1348,Q668,India,Asia,Indosphere,Medium human development
Q472352,Q1348,Q129286,,{},{},{}
Q472352,Q1348,Q2001966,,{},{},{}
Q472352,Q668,Q668,India,Asia,Indosphere,Medium human development
Q472356,Q649,Q11750528,,{},{},{}
Q472356,Q649,Q170770,,{},{},{}
Q472356,Q649,Q186096,,{},{},{}
Q472356,Q649,Q34266,,{},{},{}
Q472356,Q649,Q139319,,{},{},{}
Q472356,Q649,Q2305208,,{},{},{}
Q472356,Q649,Q15180,,{},{},{}
Q472356,Q649,Q159,Russia,Europe,Orthodox Europe,{}
Q472457,Q23306,Q145,United Kingdom,Europe,English-speaking,Very high human development
Q472568,Q3145754,Q142,France,Europe,Catholic Europe,Very high human development
Q472613,Q387821,Q142,France,Europe,Catholic Europe,Very high human development
Q472697,Q494125,Q142,France,Europe,Catholic Europe,Very high human development
Q472734,Q18419,Q30,United States,North America,English-speaking,Very high human development
Q472783,Q1874,Q34266,,{},{},{}
Q472783,Q1874,Q243610,,{},{},{}
Q472783,Q1874,Q243610,,{},{},{}
Q472783,Q1874,Q15180,,{},{},{}
Q472783,Q1874,Q15180,,{},{},{}
Q472783,Q1874,Q203493,,{},{},{}
Q472783,Q1874,Q15180,,{},{},{}
Q472783,Q1874,Q212,Ukraine,Europe,Orthodox Europe,High human development
Q472783,Q1874,Q139319,,{},{},{}
Q472921,Q1349039,Q17,Japan,Asia,West & South Asia,Very high human development
Q473030,Q11299,Q30,United States,North America,English-speaking,Very high human development
Q473196,Q585,Q20,Norway,Europe,Protestant Europe,Very high human development
Q473196,Q585,Q62589,,{},{},{}
Q473196,Q585,Q2597352,,{},{},{}
Q473196,Q585,Q62651,,{},{},{}
Q473289,Q49268,Q30,United States,North America,English-speaking,Very high human development
Q473538,Q11420132,Q17,Japan,Asia,West & South Asia,Very high human development
Q476144,Q18451228,Q34,Sweden,Europe,Protestant Europe,Very high human development
Q476660,Q1223,Q30,United States,North America,English-speaking,Very high human development
Q477210,Q174,Q155,Brazil,South America,Latin America,High human development
Q477819,Q39709,Q30,United States,North America,English-speaking,Very high human development
Q477999,Q575129,Q30,United States,North America,English-speaking,Very high human development
Q478450,Q16568,Q30,United States,North America,English-speaking,Very high human development
Q481960,Q8652,Q30,United States,North America,English-speaking,Very high human development
Q382450,Q211907,Q145,United Kingdom,Europe,English-speaking,Very high human development
Q382604,Q205679,Q145,United Kingdom,Europe,English-speaking,Very high human development
Q382681,Q26418,Q17,Japan,Asia,West & South Asia,Very high human development
Q382692,Q145,Q145,United Kingdom,Europe,English-speaking,Very high human development
Q382786,Q146766,Q145,United Kingdom,Europe,English-speaking,Very high human development
Q383177,Q3572,Q948,Tunisia,Africa,African-Islamic,High human development
Q383177,Q3572,Q752662,,{},{},{}
Q383177,Q3572,Q2017684,,{},{},{}
Q383442,Q8678,Q155,Brazil,South America,Latin America,High human development
Q383708,Q6730,Q142,France,Europe,Catholic Europe,Very high human development
Q384293,Q42141,Q884,South Korea,Asia,West & South Asia,{}
Q384481,Q1125738,Q145,United Kingdom,Europe,English-speaking,Very high human development
Q384594,Q133123,Q41,Greece,Europe,Orthodox Europe,Very high human development
Q384863,Q185125,Q17,Japan,Asia,West & South Asia,Very high human development
Q384990,Q220,Q38,Italy,Europe,Catholic Europe,Very high human development
Q384990,Q220,Q170174,,{},{},{}
Q384990,Q220,Q3755547,,{},{},{}
Q384990,Q220,Q583038,,{},{},{}
Q384990,Q220,Q12544,,{},{},{}
Q384990,Q220,Q172579,,{},{},{}
Q384990,Q220,Q201038,,{},{},{}
Q384990,Q220,Q17167,,{},{},{}
Q384990,Q220,Q2277,,{},{},{}
Q384990,Q220,Q42834,,{},{},{}
Q384990,Q220,Q237,Vatican City,{},{},{}
Q385747,Q11570237,Q17,Japan,Asia,West & South Asia,Very high human development
Q385747,Q7473516,Q17,Japan,Asia,West & South Asia,Very high human development
Q386035,Q959,Q159,Russia,Europe,Orthodox Europe,{}
Q386035,Q959,Q15180,,{},{},{}
Q386035,Q959,Q2305208,,{},{},{}
Q386035,Q959,Q139319,,{},{},{}
Q386035,Q959,Q34266,,{},{},{}
Q386113,Q1741,Q40,Austria,Europe,Catholic Europe,Very high human development
Q386113,Q1741,Q518101,,{},{},{}
Q386113,Q1741,Q28513,,{},{},{}
Q386113,Q1741,Q268970,,{},{},{}
Q386113,Q1741,Q131964,,{},{},{}
Q386113,Q1741,Q176495,,{},{},{}
Q386113,Q1741,Q7318,,{},{},{}
Q386113,Q1741,Q153136,,{},{},{}
Q386113,Q1741,Q699964,,{},{},{}
Q386113,Q1741,Q3624335,,{},{},{}
Q386113,Q1741,Q283627,,{},{},{}
Q386113,Q1741,Q47261,,{},{},{}
Q386113,Q1741,Q596239,,{},{},{}
Q386244,Q2240808,Q30,United States,North America,English-speaking,Very high human development
Q386285,Q109356,Q423,North Korea,{},{},{}
Q386285,Q109356,Q503585,,{},{},{}
Q386285,Q109356,Q28233,,{},{},{}
Q386622,Q20241266,Q96,Mexico,North America,Latin America,High human development
Q389375,Q84,Q2277,,{},{},{}
Q389375,Q84,Q110888,,{},{},{}
Q389375,Q84,Q105092,,{},{},{}
Q389375,Q84,Q105313,,{},{},{}
Q389375,Q84,Q179876,,{},{},{}
Q389375,Q84,Q161885,,{},{},{}
Q389375,Q84,Q174193,,{},{},{}
Q389375,Q84,Q145,United Kingdom,Europe,English-speaking,Very high human development
Q389946,Q664503,Q30,United States,North America,English-speaking,Very high human development
Q390469,Q1375371,Q30,United States,North America,English-speaking,Very high human development
Q390469,Q511922,Q30,United States,North America,English-speaking,Very high human development
Q390868,Q237683,Q17,Japan,Asia,West & South Asia,Very high human development
Q392015,Q34664,Q17,Japan,Asia,West & South Asia,Very high human development
Q393090,Q30,Q30,United States,North America,English-speaking,Very high human development
Q394628,Q7130788,Q145,United Kingdom,Europe,English-speaking,Very high human development
Q399018,Q10390970,Q45,Portugal,Europe,Catholic Europe,Very high human development
Q399446,Q1640895,Q29,Spain,Europe,Catholic Europe,Very high human development
Q401963,Q65,Q30,United States,North America,English-speaking,Very high human development
Q402664,Q34820,Q786,Dominican Republic,North America,Latin America,High human development
Q402664,Q34820,Q142,France,Europe,Catholic Europe,Very high human development
Q402664,Q34820,Q11681694,,{},{},{}
Q404622,Q36447346,Q668,India,Asia,Indosphere,Medium human development
Q405234,Q11360872,Q17,Japan,Asia,West & South Asia,Very high human development
Q405295,Q2656,Q38,Italy,Europe,Catholic Europe,Very high human development
Q405295,Q2656,Q180393,,{},{},{}
Q405295,Q2656,Q188586,,{},{},{}
Q405295,Q4951156,Q38,Italy,Europe,Catholic Europe,Very high human development
Q405368,Q2807,Q29,Spain,Europe,Catholic Europe,Very high human development
Q405532,Q30,Q30,United States,North America,English-speaking,Very high human development
Q408758,Q24826,Q145,United Kingdom,Europe,English-speaking,Very high human development
Q417916,Q45798,Q17,Japan,Asia,West & South Asia,Very high human development
Q418165,Q326956,Q17,Japan,Asia,West & South Asia,Very high human development
Q418584,Q823988,Q17,Japan,Asia,West & South Asia,Very high human development
Q418663,Q34664,Q17,Japan,Asia,West & South Asia,Very high human development
Q419060,Q232624,Q17,Japan,Asia,West & South Asia,Very high human development
Q419501,Q200267,Q17,Japan,Asia,West & South Asia,Very high human development
Q423298,Q317271,Q142,France,Europe,Catholic Europe,Very high human development
Q423597,Q61,Q30,United States,North America,English-speaking,Very high human development
Q425369,Q796,Q796,Iraq,Asia,African-Islamic,Medium human development
Q425373,Q7003,Q142,France,Europe,Catholic Europe,Very high human development
Q426582,Q60,Q30,United States,North America,English-speaking,Very high human development
Q427503,Q22690,Q142,France,Europe,Catholic Europe,Very high human development
Q427503,Q22690,Q43287,,{},{},{}
Q427503,Q22690,Q183,Germany,Europe,Catholic Europe,Very high human development
Q427503,Q22690,Q142,France,Europe,Catholic Europe,Very high human development
Q427886,Q8652,Q30,United States,North America,English-speaking,Very high human development
Q428150,Q1371,Q30,United States,North America,English-speaking,Very high human development
Q428160,Q9005,Q31,Belgium,Europe,Catholic Europe,Very high human development
Q428160,Q9005,Q15864,,{},{},{}
Q428160,Q9005,Q142,France,Europe,Catholic Europe,Very high human development
Q428160,Q9005,Q700283,,{},{},{}
Q428160,Q9005,Q622783,,{},{},{}
Q428160,Q9005,Q1031430,,{},{},{}
Q428160,Q9005,Q157109,,{},{},{}
Q428160,Q9005,Q159856,,{},{},{}
Q428215,Q84,Q2277,,{},{},{}
Q428215,Q84,Q110888,,{},{},{}
Q428215,Q84,Q105092,,{},{},{}
Q428215,Q84,Q105313,,{},{},{}
Q428215,Q84,Q179876,,{},{},{}
Q428215,Q84,Q161885,,{},{},{}
Q428215,Q84,Q174193,,{},{},{}
Q428215,Q84,Q145,United Kingdom,Europe,English-speaking,Very high human development
Q428451,Q90,Q142,France,Europe,Catholic Europe,Very high human development
Q428451,Q90,Q70972,,{},{},{}
Q428451,Q90,Q146246,,{},{},{}
Q428451,Q90,Q2748708,,{},{},{}
Q428451,Q90,Q142,France,Europe,Catholic Europe,Very high human development
Q428451,Q90,Q71084,,{},{},{}
Q428451,Q90,Q58296,,{},{},{}
Q429011,Q60,Q30,United States,North America,English-speaking,Very high human development
Q429590,Q984544,Q30,United States,North America,English-speaking,Very high human development
Q430076,Q949739,Q30,United States,North America,English-speaking,Very high human development
Q430182,Q85,Q79,Egypt,Africa,African-Islamic,High human development
Q430182,Q85,Q180114,,{},{},{}
Q430182,Q85,Q282428,,{},{},{}
Q430182,Q85,Q12560,,{},{},{}
Q430182,Q85,Q127861,,{},{},{}
Q430182,Q85,Q370173,,{},{},{}
Q430182,Q85,Q160307,,{},{},{}
Q430204,Q9005,Q31,Belgium,Europe,Catholic Europe,Very high human development
Q430204,Q9005,Q15864,,{},{},{}
Q430204,Q9005,Q142,France,Europe,Catholic Europe,Very high human development
Q430204,Q9005,Q700283,,{},{},{}
Q430204,Q9005,Q622783,,{},{},{}
Q430204,Q9005,Q1031430,,{},{},{}
Q430204,Q9005,Q157109,,{},{},{}
Q430204,Q9005,Q159856,,{},{},{}
Q430204,Q239,Q31,Belgium,Europe,Catholic Europe,Very high human development
Q430204,Q111901161,Q660393,,{},{},{}
Q430204,Q111901161,Q159856,,{},{},{}
Q430204,Q111901161,Q26234049,,{},{},{}
Q430204,Q111901161,Q58296,,{},{},{}
Q430204,Q111901161,Q71084,,{},{},{}
Q430204,Q111901161,Q2536329,,{},{},{}
Q430204,Q111901161,Q15864,,{},{},{}
Q430204,Q111901161,Q31,Belgium,Europe,Catholic Europe,Very high human development
Q430523,Q84,Q2277,,{},{},{}
Q430523,Q84,Q110888,,{},{},{}
Q430523,Q84,Q105092,,{},{},{}
Q430523,Q84,Q105313,,{},{},{}
Q430523,Q84,Q179876,,{},{},{}
Q430523,Q84,Q161885,,{},{},{}
Q430523,Q84,Q174193,,{},{},{}
Q430523,Q84,Q145,United Kingdom,Europe,English-speaking,Very high human development
Q430639,Q286753,Q30,United States,North America,English-speaking,Very high human development
Q430652,Q8678,Q155,Brazil,South America,Latin America,High human development
Q430795,Q7473516,Q17,Japan,Asia,West & South Asia,Very high human development
Q431213,Q18272,Q29,Spain,Europe,Catholic Europe,Very high human development
Q431279,Q10704,Q4628,,{},{},{}
Q431279,Q10704,Q35,Denmark,Europe,Protestant Europe,Very high human development
Q431306,Q3141,Q408,Australia,Australia,English-speaking,Very high human development
Q431884,Q1741,Q40,Austria,Europe,Catholic Europe,Very high human development
Q431884,Q1741,Q518101,,{},{},{}
Q431884,Q1741,Q28513,,{},{},{}
Q431884,Q1741,Q268970,,{},{},{}
Q431884,Q1741,Q131964,,{},{},{}
Q431884,Q1741,Q176495,,{},{},{}
Q431884,Q1741,Q7318,,{},{},{}
Q431884,Q1741,Q153136,,{},{},{}
Q431884,Q1741,Q699964,,{},{},{}
Q431884,Q1741,Q3624335,,{},{},{}
Q431884,Q1741,Q283627,,{},{},{}
Q431884,Q1741,Q47261,,{},{},{}
Q431884,Q1741,Q596239,,{},{},{}
Q432069,Q33986,Q298,Chile,South America,Latin America,Very high human development
Q432239,Q2887,Q298,Chile,South America,Latin America,Very high human development
Q432239,Q2887,Q763808,,{},{},{}
Q432239,Q2887,Q7145245,,{},{},{}
Q432239,Q2887,Q763808,,{},{},{}
Q432245,Q270482,Q38,Italy,Europe,Catholic Europe,Very high human development
Q432322,Q2453742,Q145,United Kingdom,Europe,English-speaking,Very high human development
Q432362,Q5465,Q258,South Africa,Africa,Sub-Saharan Africa,High human development
Q432362,Q5465,Q193619,,{},{},{}
Q432362,Q5465,Q370736,,{},{},{}
Q432717,Q1818234,Q145,United Kingdom,Europe,English-speaking,Very high human development
Q432728,Q186702,Q30,United States,North America,English-speaking,Very high human development
Q432971,Q11615209,Q17,Japan,Asia,West & South Asia,Very high human development
Q433098,Q1952484,Q145,United Kingdom,Europe,English-speaking,Very high human development
Q433136,Q84,Q2277,,{},{},{}
Q433136,Q84,Q110888,,{},{},{}
Q433136,Q84,Q105092,,{},{},{}
Q433136,Q84,Q105313,,{},{},{}
Q433136,Q84,Q179876,,{},{},{}
Q433136,Q84,Q161885,,{},{},{}
Q433136,Q84,Q174193,,{},{},{}
Q433136,Q84,Q145,United Kingdom,Europe,English-speaking,Very high human development
Q433207,Q79867,Q30,United States,North America,English-speaking,Very high human development
Q433325,Q43421,Q30,United States,North America,English-speaking,Very high human development
Q433464,Q755741,Q30,United States,North America,English-speaking,Very high human development
Q433464,Q2323239,Q30,United States,North America,English-speaking,Very high human development
Q433485,Q65,Q30,United States,North America,English-speaking,Very high human development
Q433560,Q618045,Q145,United Kingdom,Europe,English-speaking,Very high human development
Q433585,Q1166,Q30,United States,North America,English-speaking,Very high human development
Q433597,Q5273898,Q145,United Kingdom,Europe,English-speaking,Very high human development
Q433708,Q1425428,Q145,United Kingdom,Europe,English-speaking,Very high human development
Q433708,Q1425428,Q179876,,{},{},{}
Q433708,Q1425428,Q174193,,{},{},{}
Q433708,Q1425428,Q161885,,{},{},{}
Q433708,Q145,Q145,United Kingdom,Europe,English-speaking,Very high human development
Q433708,Q1425428,Q145,United Kingdom,Europe,English-speaking,Very high human development
Q433708,Q1425428,Q179876,,{},{},{}
Q433708,Q1425428,Q174193,,{},{},{}
Q433708,Q1425428,Q161885,,{},{},{}
Q433778,Q25397624,Q1009,Cameroon,Africa,Sub-Saharan Africa,Medium human development
Q433800,Q483647,Q30,United States,North America,English-speaking,Very high human development
Q433835,Q6928351,Q258,South Africa,Africa,Sub-Saharan Africa,High human development
Q433956,Q1408,Q30,United States,North America,English-speaking,Very high human development
Q433994,Q62460,Q30,United States,North America,English-speaking,Very high human development
Q433994,Q18438,Q30,United States,North America,English-speaking,Very high human development
Q434029,Q1297,Q30,United States,North America,English-speaking,Very high human development
Q434039,Q37951,Q17,Japan,Asia,West & South Asia,Very high human development
Q434138,Q18419,Q30,United States,North America,English-speaking,Very high human development
Q434160,Q34217,Q145,United Kingdom,Europe,English-speaking,Very high human development
Q434160,Q34217,Q174193,,{},{},{}
Q434160,Q34217,Q161885,,{},{},{}
Q434160,Q34217,Q179876,,{},{},{}
Q434164,Q1297,Q30,United States,North America,English-speaking,Very high human development
Q434193,Q52535,Q414,Argentina,South America,Latin America,Very high human development
Q434342,Q1345,Q30,United States,North America,English-speaking,Very high human development
Q434494,Q30,Q30,United States,North America,English-speaking,Very high human development
Q434567,Q618495,Q43,Turkey,Asia,West & South Asia,{}
Q482162,Q23482,Q142,France,Europe,Catholic Europe,Very high human development
Q483022,Q8684,Q884,South Korea,Asia,West & South Asia,{}
Q483022,Q8684,Q503585,,{},{},{}
Q483089,Q42082,Q884,South Korea,Asia,West & South Asia,{}
Q484292,Q2600970,Q813,Kyrgyzstan,Asia,West & South Asia,High human development
Q484615,Q16559,Q30,United States,North America,English-speaking,Very high human development
Q484947,Q92161,Q148,People's Republic of China,Asia,Confucian,{}
Q484947,Q92161,Q30623,,{},{},{}
Q485772,Q49218,Q30,United States,North America,English-speaking,Very high human development
Q486096,Q492478,Q30,United States,North America,English-speaking,Very high human development
Q487408,Q104994,Q30,United States,North America,English-speaking,Very high human development
Q489193,Q49169,Q30,United States,North America,English-speaking,Very high human development
Q490802,Q30096,Q35,Denmark,Europe,Protestant Europe,Very high human development
Q491809,Q23154,Q145,United Kingdom,Europe,English-speaking,Very high human development
Q491809,Q23154,Q174193,,{},{},{}
Q491809,Q23154,Q161885,,{},{},{}
Q491809,Q23154,Q179876,,{},{},{}
Q493118,Q864106,Q30,United States,North America,English-speaking,Very high human development
Q493123,Q488924,Q30,United States,North America,English-speaking,Very high human development
Q494257,Q84,Q2277,,{},{},{}
Q494257,Q84,Q110888,,{},{},{}
Q494257,Q84,Q105092,,{},{},{}
Q494257,Q84,Q105313,,{},{},{}
Q494257,Q84,Q179876,,{},{},{}
Q494257,Q84,Q161885,,{},{},{}
Q494257,Q84,Q174193,,{},{},{}
Q494257,Q84,Q145,United Kingdom,Europe,English-speaking,Very high human development
Q495420,Q43421,Q30,United States,North America,English-speaking,Very high human development
Q495754,Q79867,Q30,United States,North America,English-speaking,Very high human development
Q497454,Q1297,Q30,United States,North America,English-speaking,Very high human development
Q499405,Q2100,Q183,Germany,Europe,Catholic Europe,Very high human development
Q499405,Q2100,Q7318,,{},{},{}
Q499405,Q2100,Q27306,,{},{},{}
Q500042,Q983698,Q30,United States,North America,English-speaking,Very high human development
Q500546,Q3398150,Q29,Spain,Europe,Catholic Europe,Very high human development
Q501619,Q3464179,Q16,Canada,North America,English-speaking,Very high human development
Q501741,Q34006,Q30,United States,North America,English-speaking,Very high human development
Q503095,Q2104746,Q30,United States,North America,English-speaking,Very high human development
Q503483,Q62,Q30,United States,North America,English-speaking,Very high human development
Q503497,Q176907,Q30,United States,North America,English-speaking,Very high human development
Q503557,Q577511,Q30,United States,North America,English-speaking,Very high human development
Q503720,Q18424,Q30,United States,North America,English-speaking,Very high human development
Q503907,Q486877,Q30,United States,North America,English-speaking,Very high human development
Q503997,Q60,Q30,United States,North America,English-speaking,Very high human development
Q504317,Q172,Q16,Canada,North America,English-speaking,Very high human development
Q504677,Q462804,Q30,United States,North America,English-speaking,Very high human development
Q504677,Q60,Q30,United States,North America,English-speaking,Very high human development
Q504698,Q964747,Q30,United States,North America,English-speaking,Very high human development
Q504805,Q16559,Q30,United States,North America,English-speaking,Very high human development
Q504923,Q331397,Q30,United States,North America,English-speaking,Very high human development
Q505088,Q1000642,Q30,United States,North America,English-speaking,Very high human development
Q505123,Q40435,Q30,United States,North America,English-speaking,Very high human development
Q505164,Q21203,Q21203,Aruba,{},{},{}
Q505164,Q21203,Q29999,Kingdom of the Netherlands,Europe,Protestant Europe,{}
Q505274,Q123634,Q145,United Kingdom,Europe,English-speaking,Very high human development
Q505626,Q90,Q142,France,Europe,Catholic Europe,Very high human development
Q505626,Q90,Q70972,,{},{},{}
Q505626,Q90,Q146246,,{},{},{}
Q505626,Q90,Q2748708,,{},{},{}
Q505626,Q90,Q142,France,Europe,Catholic Europe,Very high human development
Q505626,Q90,Q71084,,{},{},{}
Q505626,Q90,Q58296,,{},{},{}
Q505626,Q197297,Q142,France,Europe,Catholic Europe,Very high human development
Q505702,Q60,Q30,United States,North America,English-speaking,Very high human development
Q505715,Q755393,Q30,United States,North America,English-speaking,Very high human development
Q505827,Q772507,Q145,United Kingdom,Europe,English-speaking,Very high human development
Q505932,Q1394500,Q145,United Kingdom,Europe,English-speaking,Very high human development
Q506069,Q1456,Q30,United States,North America,English-speaking,Very high human development
Q506069,Q1456,Q30,United States,North America,English-speaking,Very high human development
Q506203,Q80073,Q30,United States,North America,English-speaking,Very high human development
Q506231,Q84,Q2277,,{},{},{}
Q506231,Q84,Q110888,,{},{},{}
Q506231,Q84,Q105092,,{},{},{}
Q506231,Q84,Q105313,,{},{},{}
Q506231,Q84,Q179876,,{},{},{}
Q506231,Q84,Q161885,,{},{},{}
Q506231,Q84,Q174193,,{},{},{}
Q506231,Q84,Q145,United Kingdom,Europe,English-speaking,Very high human development
Q506410,Q84,Q2277,,{},{},{}
Q506410,Q84,Q110888,,{},{},{}
Q506410,Q84,Q105092,,{},{},{}
Q506410,Q84,Q105313,,{},{},{}
Q506410,Q84,Q179876,,{},{},{}
Q506410,Q84,Q161885,,{},{},{}
Q506410,Q84,Q174193,,{},{},{}
Q506410,Q84,Q145,United Kingdom,Europe,English-speaking,Very high human development
Q506430,Q34932,Q408,Australia,Australia,English-speaking,Very high human development
Q506539,Q18419,Q30,United States,North America,English-speaking,Very high human development
Q506582,Q1085,Q213,Czech Republic,Europe,Orthodox Europe,{}
Q506582,Q1085,Q33946,,{},{},{}
Q506582,Q1085,Q28513,,{},{},{}
Q506582,Q1085,Q131964,,{},{},{}
Q506582,Q1085,Q42585,,{},{},{}
Q506582,Q1085,Q2162698,,{},{},{}
Q506582,Q1085,Q33946,,{},{},{}
Q506582,Q1085,Q152750,,{},{},{}
Q506582,Q1085,Q39193,,{},{},{}
Q506582,Q1085,Q12548,,{},{},{}
Q506757,Q37320,Q30,United States,North America,English-speaking,Very high human development
Q506885,Q576671,Q30,United States,North America,English-speaking,Very high human development
Q506958,Q60,Q30,United States,North America,English-speaking,Very high human development
Q507868,Q220,Q38,Italy,Europe,Catholic Europe,Very high human development
Q507868,Q220,Q170174,,{},{},{}
Q507868,Q220,Q3755547,,{},{},{}
Q507868,Q220,Q583038,,{},{},{}
Q507868,Q220,Q12544,,{},{},{}
Q507868,Q220,Q172579,,{},{},{}
Q507868,Q220,Q201038,,{},{},{}
Q507868,Q220,Q17167,,{},{},{}
Q507868,Q220,Q2277,,{},{},{}
Q507868,Q220,Q42834,,{},{},{}
Q507868,Q220,Q237,Vatican City,{},{},{}
Q507991,Q179385,Q145,United Kingdom,Europe,English-speaking,Very high human development
Q507991,Q179385,Q174193,,{},{},{}
Q507991,Q179385,Q161885,,{},{},{}
Q507991,Q179385,Q179876,,{},{},{}
Q507991,Q84,Q2277,,{},{},{}
Q507991,Q84,Q110888,,{},{},{}
Q507991,Q84,Q105092,,{},{},{}
Q507991,Q84,Q105313,,{},{},{}
Q507991,Q84,Q179876,,{},{},{}
Q507991,Q84,Q161885,,{},{},{}
Q507991,Q84,Q174193,,{},{},{}
Q507991,Q84,Q145,United Kingdom,Europe,English-speaking,Very high human development
Q508218,Q17,Q17,Japan,Asia,West & South Asia,Very high human development
Q508259,Q60,Q30,United States,North America,English-speaking,Very high human development
Q508263,Q2371210,Q30,United States,North America,English-speaking,Very high human development
Q508297,Q23106,Q145,United Kingdom,Europe,English-speaking,Very high human development
Q508329,Q84,Q2277,,{},{},{}
Q508329,Q84,Q110888,,{},{},{}
Q508329,Q84,Q105092,,{},{},{}
Q508329,Q84,Q105313,,{},{},{}
Q508329,Q84,Q179876,,{},{},{}
Q508329,Q84,Q161885,,{},{},{}
Q508329,Q84,Q174193,,{},{},{}
Q508329,Q84,Q145,United Kingdom,Europe,English-speaking,Very high human development
Q508452,Q84,Q2277,,{},{},{}
Q508452,Q84,Q110888,,{},{},{}
Q508452,Q84,Q105092,,{},{},{}
Q508452,Q84,Q105313,,{},{},{}
Q508452,Q84,Q179876,,{},{},{}
Q508452,Q84,Q161885,,{},{},{}
Q508452,Q84,Q174193,,{},{},{}
Q508452,Q84,Q145,United Kingdom,Europe,English-speaking,Very high human development
Q508473,Q90,Q142,France,Europe,Catholic Europe,Very high human development
Q508473,Q90,Q70972,,{},{},{}
Q508473,Q90,Q146246,,{},{},{}
Q508473,Q90,Q2748708,,{},{},{}
Q508473,Q90,Q142,France,Europe,Catholic Europe,Very high human development
Q508473,Q90,Q71084,,{},{},{}
Q508473,Q90,Q58296,,{},{},{}
Q508522,Q7473516,Q17,Japan,Asia,West & South Asia,Very high human development
Q508533,Q6602,Q142,France,Europe,Catholic Europe,Very high human development
Q508533,Q6602,Q43287,,{},{},{}
Q508533,Q6602,Q7318,,{},{},{}
Q508533,Q6602,Q142,France,Europe,Catholic Europe,Very high human development
Q508533,Q6602,Q142,France,Europe,Catholic Europe,Very high human development
Q508533,Q6602,Q12548,,{},{},{}
Q508632,Q1479,Q142,France,Europe,Catholic Europe,Very high human development
Q508638,Q5472221,Q16,Canada,North America,English-speaking,Very high human development
Q508728,Q752517,Q408,Australia,Australia,English-speaking,Very high human development
Q508853,Q1937201,Q668,India,Asia,Indosphere,Medium human development
Q508975,Q208609,Q184,Belarus,Europe,Orthodox Europe,Very high human development
Q508975,Q208609,Q34266,,{},{},{}
Q508975,Q208609,Q15180,,{},{},{}
Q509002,Q2166838,Q30,United States,North America,English-speaking,Very high human development
Q509076,Q18125,Q145,United Kingdom,Europe,English-speaking,Very high human development
Q509076,Q18125,Q174193,,{},{},{}
Q509076,Q18125,Q161885,,{},{},{}
Q509076,Q18125,Q179876,,{},{},{}
Q509528,Q3567431,Q145,United Kingdom,Europe,English-speaking,Very high human development
Q509662,Q60,Q30,United States,North America,English-speaking,Very high human development
Q509844,Q1297,Q30,United States,North America,English-speaking,Very high human development
Q510034,Q993575,Q30,United States,North America,English-speaking,Very high human development
Q510114,Q9733,Q142,France,Europe,Catholic Europe,Very high human development
Q510119,Q3926,Q258,South Africa,Africa,Sub-Saharan Africa,High human development
Q510258,Q2256,Q145,United Kingdom,Europe,English-speaking,Very high human development
Q510258,Q2256,Q174193,,{},{},{}
Q510258,Q2256,Q161885,,{},{},{}
Q510258,Q2256,Q179876,,{},{},{}
Q510320,Q54145,Q30,United States,North America,English-speaking,Very high human development
Q510341,Q23159,Q145,United Kingdom,Europe,English-speaking,Very high human development
Q510346,Q172,Q16,Canada,North America,English-speaking,Very high human development
Q510400,Q172438,Q145,United Kingdom,Europe,English-speaking,Very high human development
Q510811,Q1909193,Q30,United States,North America,English-speaking,Very high human development
Q510811,Q37320,Q30,United States,North America,English-speaking,Very high human development
Q511308,Q462564,Q16,Canada,North America,English-speaking,Very high human development
Q511377,Q1486,Q414,Argentina,South America,Latin America,Very high human development
Q511432,Q983650,Q30,United States,North America,English-speaking,Very high human development
Q511742,Q25330,Q30,United States,North America,English-speaking,Very high human development
Q511948,Q1345,Q30,United States,North America,English-speaking,Very high human development
Q512062,Q214938,Q28,Hungary,Europe,Catholic Europe,Very high human development
Q512616,Q25287,Q34,Sweden,Europe,Protestant Europe,Very high human development
Q512638,Q7473516,Q17,Japan,Asia,West & South Asia,Very high human development
Q513055,Q27,Q27,Ireland,Europe,English-speaking,Very high human development
Q513055,Q3633048,Q27,Ireland,Europe,English-speaking,Very high human development
Q513067,Q43463,Q155,Brazil,South America,Latin America,High human development
Q513150,Q48256,Q212,Ukraine,Europe,Orthodox Europe,High human development
Q513150,Q48256,Q15180,,{},{},{}
Q513150,Q48256,Q15180,,{},{},{}
Q513150,Q48256,Q243610,,{},{},{}
Q513150,Q48256,Q1508143,,{},{},{}
Q513150,Q48256,Q243610,,{},{},{}
Q513150,Q48256,Q139319,,{},{},{}
Q513150,Q48256,Q34266,,{},{},{}
Q513188,Q181167,Q822,Lebanon,Asia,African-Islamic,High human development
Q513262,Q12439,Q30,United States,North America,English-speaking,Very high human development
Q513321,Q205817,Q145,United Kingdom,Europe,English-speaking,Very high human development
Q513436,Q844837,Q30,United States,North America,English-speaking,Very high human development
Q513472,Q3870,Q114,Kenya,Africa,Sub-Saharan Africa,Medium human development
Q514027,Q34218,Q16,Canada,North America,English-speaking,Very high human development
Q514041,Q1865,Q833,Malaysia,Asia,West & South Asia,Very high human development
Q514080,Q34739,Q30,United States,North America,English-speaking,Very high human development
Q514546,Q43788,Q30,United States,North America,English-speaking,Very high human development
Q514667,Q2256,Q145,United Kingdom,Europe,English-speaking,Very high human development
Q514667,Q2256,Q174193,,{},{},{}
Q514667,Q2256,Q161885,,{},{},{}
Q514667,Q2256,Q179876,,{},{},{}
Q514950,Q43382,Q145,United Kingdom,Europe,English-speaking,Very high human development
Q514998,Q72259,Q145,United Kingdom,Europe,English-speaking,Very high human development
Q514998,Q72259,Q174193,,{},{},{}
Q514998,Q72259,Q161885,,{},{},{}
Q514998,Q72259,Q179876,,{},{},{}
Q515261,Q16461,Q16,Canada,North America,English-speaking,Very high human development
Q515363,Q24861,Q30,United States,North America,English-speaking,Very high human development
Q515473,Q6379893,Q17,Japan,Asia,West & South Asia,Very high human development
Q515651,Q7473516,Q17,Japan,Asia,West & South Asia,Very high human development
Q515702,Q1203881,Q17,Japan,Asia,West & South Asia,Very high human development
Q515996,Q200251,Q17,Japan,Asia,West & South Asia,Very high human development
Q516003,Q336438,Q17,Japan,Asia,West & South Asia,Very high human development
Q516128,Q35765,Q17,Japan,Asia,West & South Asia,Very high human development
Q516142,Q386661,Q17,Japan,Asia,West & South Asia,Very high human development
Q516530,Q173219,Q31,Belgium,Europe,Catholic Europe,Very high human development
Q516530,Q173219,Q15864,,{},{},{}
Q516530,Q173219,Q142,France,Europe,Catholic Europe,Very high human development
Q516530,Q173219,Q700283,,{},{},{}
Q516530,Q173219,Q142,France,Europe,Catholic Europe,Very high human development
Q516530,Q173219,Q622783,,{},{},{}
Q516530,Q173219,Q1031430,,{},{},{}
Q516530,Q173219,Q142,France,Europe,Catholic Europe,Very high human development
Q516530,Q173219,Q179876,,{},{},{}
Q516530,Q173219,Q142,France,Europe,Catholic Europe,Very high human development
Q516530,Q173219,Q46370,,{},{},{}
Q516530,Q173219,Q146246,,{},{},{}
Q516764,Q986815,Q30,United States,North America,English-speaking,Very high human development
Q517286,Q3130,Q408,Australia,Australia,English-speaking,Very high human development
Q517286,Q1061925,Q408,Australia,Australia,English-speaking,Very high human development
Q517435,Q1132883,Q30,United States,North America,English-speaking,Very high human development
Q517809,Q3130,Q408,Australia,Australia,English-speaking,Very high human development
Q518325,Q60,Q30,United States,North America,English-speaking,Very high human development
Q518359,Q2015708,Q145,United Kingdom,Europe,English-speaking,Very high human development
Q518438,Q754638,Q16,Canada,North America,English-speaking,Very high human development
Q518455,Q60,Q30,United States,North America,English-speaking,Very high human development
Q518694,Q782,Q30,United States,North America,English-speaking,Very high human development
Q518709,Q33264,Q30,United States,North America,English-speaking,Very high human development
Q518744,Q33264,Q30,United States,North America,English-speaking,Very high human development
Q518805,Q518466,Q30,United States,North America,English-speaking,Very high human development
Q518858,Q25330,Q30,United States,North America,English-speaking,Very high human development
Q519064,Q49111,Q30,United States,North America,English-speaking,Very high human development
Q519082,Q5092,Q30,United States,North America,English-speaking,Very high human development
Q519158,Q35765,Q17,Japan,Asia,West & South Asia,Very high human development
Q519322,Q18125,Q145,United Kingdom,Europe,English-speaking,Very high human development
Q519322,Q18125,Q174193,,{},{},{}
Q519322,Q18125,Q161885,,{},{},{}
Q519322,Q18125,Q179876,,{},{},{}
Q519372,Q1001742,Q30,United States,North America,English-speaking,Very high human development
Q519574,Q649,Q11750528,,{},{},{}
Q519574,Q649,Q170770,,{},{},{}
Q519574,Q649,Q186096,,{},{},{}
Q519574,Q649,Q34266,,{},{},{}
Q519574,Q649,Q139319,,{},{},{}
Q519574,Q649,Q2305208,,{},{},{}
Q519574,Q649,Q15180,,{},{},{}
Q519574,Q649,Q159,Russia,Europe,Orthodox Europe,{}
Q519590,Q84,Q2277,,{},{},{}
Q519590,Q84,Q110888,,{},{},{}
Q519590,Q84,Q105092,,{},{},{}
Q519590,Q84,Q105313,,{},{},{}
Q519590,Q84,Q179876,,{},{},{}
Q519590,Q84,Q161885,,{},{},{}
Q519590,Q84,Q174193,,{},{},{}
Q519590,Q84,Q145,United Kingdom,Europe,English-speaking,Very high human development
Q519739,Q18419,Q30,United States,North America,English-speaking,Very high human development
Q519752,Q243853,Q17,Japan,Asia,West & South Asia,Very high human development
Q519827,Q6920590,Q408,Australia,Australia,English-speaking,Very high human development
Q519878,Q133416,Q159,Russia,Europe,Orthodox Europe,{}
Q519878,Q133416,Q34266,,{},{},{}
Q519878,Q133416,Q15180,,{},{},{}
Q519878,Q133416,Q186096,,{},{},{}
Q519878,Q19798954,Q159,Russia,Europe,Orthodox Europe,{}
Q519969,Q486459,Q30,United States,North America,English-speaking,Very high human development
Q519985,Q1297,Q30,United States,North America,English-speaking,Very high human development
Q520135,Q99,Q30,United States,North America,English-speaking,Very high human development
Q520691,Q188511,Q142,France,Europe,Catholic Europe,Very high human development
Q520723,Q1345,Q30,United States,North America,English-speaking,Very high human development
Q520733,Q241021,Q142,France,Europe,Catholic Europe,Very high human development
Q520733,Q171689,Q142,France,Europe,Catholic Europe,Very high human development
Q520748,Q348807,Q142,France,Europe,Catholic Europe,Very high human development
Q521274,Q615027,Q30,United States,North America,English-speaking,Very high human development
Q521613,Q12439,Q30,United States,North America,English-speaking,Very high human development
Q522277,Q23220,Q145,United Kingdom,Europe,English-speaking,Very high human development
Q522679,Q169293,Q142,France,Europe,Catholic Europe,Very high human development
Q522689,Q1190597,Q30,United States,North America,English-speaking,Very high human development
Q522950,Q131320,Q17,Japan,Asia,West & South Asia,Very high human development
Q523039,Q656505,Q142,France,Europe,Catholic Europe,Very high human development
Q523086,Q84,Q2277,,{},{},{}
Q523086,Q84,Q110888,,{},{},{}
Q523086,Q84,Q105092,,{},{},{}
Q523086,Q84,Q105313,,{},{},{}
Q523086,Q84,Q179876,,{},{},{}
Q523086,Q84,Q161885,,{},{},{}
Q523086,Q84,Q174193,,{},{},{}
Q523086,Q84,Q145,United Kingdom,Europe,English-speaking,Very high human development
Q523105,Q489347,Q20,Norway,Europe,Protestant Europe,Very high human development
Q523406,Q209176,Q145,United Kingdom,Europe,English-speaking,Very high human development
Q523578,Q994400,Q145,United Kingdom,Europe,English-speaking,Very high human development
Q523653,Q1649,Q30,United States,North America,English-speaking,Very high human development
Q523816,Q65,Q30,United States,North America,English-speaking,Very high human development
Q523952,Q155975,Q213,Czech Republic,Europe,Orthodox Europe,{}
Q524283,Q3141,Q408,Australia,Australia,English-speaking,Very high human development
Q524567,Q40435,Q30,United States,North America,English-speaking,Very high human development
Q525235,Q507399,Q30,United States,North America,English-speaking,Very high human development
Q525347,Q3616,Q794,Iran,Asia,African-Islamic,{}
Q525710,Q84,Q2277,,{},{},{}
Q525710,Q84,Q110888,,{},{},{}
Q525710,Q84,Q105092,,{},{},{}
Q525710,Q84,Q105313,,{},{},{}
Q525710,Q84,Q179876,,{},{},{}
Q525710,Q84,Q161885,,{},{},{}
Q525710,Q84,Q174193,,{},{},{}
Q525710,Q84,Q145,United Kingdom,Europe,English-speaking,Very high human development
Q525760,Q80484,Q668,India,Asia,Indosphere,Medium human development
Q525967,Q1757,Q33,Finland,Europe,Catholic Europe,Very high human development
Q525967,Q1757,Q34266,,{},{},{}
Q525967,Q1757,Q34,Sweden,Europe,Protestant Europe,Very high human development
Q525967,Q1757,Q1811029,,{},{},{}
Q526214,Q60,Q30,United States,North America,English-speaking,Very high human development
Q526219,Q1761,Q174193,,{},{},{}
Q526219,Q1761,Q215530,,{},{},{}
Q526219,Q1761,Q27,Ireland,Europe,English-speaking,Very high human development
Q526219,Q1761,Q31747,,{},{},{}
Q526219,Q1761,Q844250,,{},{},{}
Q526242,Q60,Q30,United States,North America,English-speaking,Very high human development
Q526555,Q62,Q30,United States,North America,English-speaking,Very high human development
Q526709,Q1018313,Q30,United States,North America,English-speaking,Very high human development
Q526744,Q1297,Q30,United States,North America,English-speaking,Very high human development
Q526761,Q84,Q2277,,{},{},{}
Q526761,Q84,Q110888,,{},{},{}
Q526761,Q84,Q105092,,{},{},{}
Q526761,Q84,Q105313,,{},{},{}
Q526761,Q84,Q179876,,{},{},{}
Q526761,Q84,Q161885,,{},{},{}
Q526761,Q84,Q174193,,{},{},{}
Q526761,Q84,Q145,United Kingdom,Europe,English-speaking,Very high human development
Q526894,Q23346,Q145,United Kingdom,Europe,English-speaking,Very high human development
Q526968,Q329485,Q30,United States,North America,English-speaking,Very high human development
Q527146,Q192896,Q145,United Kingdom,Europe,English-speaking,Very high human development
Q527302,Q3708336,Q30,United States,North America,English-speaking,Very high human development
Q527477,Q90,Q142,France,Europe,Catholic Europe,Very high human development
Q527477,Q90,Q70972,,{},{},{}
Q527477,Q90,Q146246,,{},{},{}
Q527477,Q90,Q2748708,,{},{},{}
Q527477,Q90,Q142,France,Europe,Catholic Europe,Very high human development
Q527477,Q90,Q71084,,{},{},{}
Q527477,Q90,Q58296,,{},{},{}
Q527538,Q49233,Q30,United States,North America,English-speaking,Very high human development
Q527679,Q18021,Q38,Italy,Europe,Catholic Europe,Very high human development
Q528134,Q18426,Q30,United States,North America,English-speaking,Very high human development
Q528173,Q275118,Q142,France,Europe,Catholic Europe,Very high human development
Q528576,Q623765,Q145,United Kingdom,Europe,English-speaking,Very high human development
Q528593,Q485172,Q30,United States,North America,English-speaking,Very high human development
Q528652,Q7205889,Q145,United Kingdom,Europe,English-speaking,Very high human development
Q528656,Q936780,Q30,United States,North America,English-speaking,Very high human development
Q528702,Q60,Q30,United States,North America,English-speaking,Very high human development
Q528826,Q1496664,Q27,Ireland,Europe,English-speaking,Very high human development
Q529015,Q1297,Q30,United States,North America,English-speaking,Very high human development
Q529057,Q1223,Q30,United States,North America,English-speaking,Very high human development
Q529072,Q232631,Q17,Japan,Asia,West & South Asia,Very high human development
Q529082,Q49202,Q30,United States,North America,English-speaking,Very high human development
Q529086,Q38234,Q17,Japan,Asia,West & South Asia,Very high human development
Q529086,Q38234,Q200464,,{},{},{}
Q529148,Q5194100,Q145,United Kingdom,Europe,English-speaking,Very high human development
Q529309,Q4006652,Q159,Russia,Europe,Orthodox Europe,{}
Q529309,Q4006652,Q15180,,{},{},{}
Q529566,Q712,Q712,Fiji,{},{},High human development
Q529583,Q6365554,Q230,Georgia,Asia,Orthodox Europe,Very high human development
Q529634,Q1166,Q30,United States,North America,English-speaking,Very high human development
Q529639,Q28848,Q30,United States,North America,English-speaking,Very high human development
Q529735,Q60,Q30,United States,North America,English-speaking,Very high human development
Q529950,Q35765,Q17,Japan,Asia,West & South Asia,Very high human development
Q529991,Q2082,Q16,Canada,North America,English-speaking,Very high human development
Q530321,Q334,Q8680,,{},{},{}
Q530321,Q334,Q334,Singapore,Asia,Confucian,Very high human development
Q530469,Q1221,Q30,United States,North America,English-speaking,Very high human development
Q530588,Q7473516,Q17,Japan,Asia,West & South Asia,Very high human development
Q530638,Q170762,Q155,Brazil,South America,Latin America,High human development
Q530647,Q58126,Q145,United Kingdom,Europe,English-speaking,Very high human development
Q530655,Q220,Q38,Italy,Europe,Catholic Europe,Very high human development
Q530655,Q220,Q170174,,{},{},{}
Q530655,Q220,Q3755547,,{},{},{}
Q530655,Q220,Q583038,,{},{},{}
Q530655,Q220,Q12544,,{},{},{}
Q530655,Q220,Q172579,,{},{},{}
Q530655,Q220,Q201038,,{},{},{}
Q530655,Q220,Q17167,,{},{},{}
Q530655,Q220,Q2277,,{},{},{}
Q530655,Q220,Q42834,,{},{},{}
Q530655,Q220,Q237,Vatican City,{},{},{}
Q531150,Q202059,Q145,United Kingdom,Europe,English-speaking,Very high human development
Q531194,Q179259,Q145,United Kingdom,Europe,English-speaking,Very high human development
Q531194,Q179259,Q174193,,{},{},{}
Q531358,Q2256,Q145,United Kingdom,Europe,English-speaking,Very high human development
Q531358,Q2256,Q174193,,{},{},{}
Q531358,Q2256,Q161885,,{},{},{}
Q531358,Q2256,Q179876,,{},{},{}
Q531431,Q986301,Q790,Haiti,North America,Latin America,Medium human development
Q531473,Q2462685,Q145,United Kingdom,Europe,English-speaking,Very high human development
Q531563,Q60,Q30,United States,North America,English-speaking,Very high human development
Q531606,Q123634,Q145,United Kingdom,Europe,English-speaking,Very high human development
Q531608,Q984544,Q30,United States,North America,English-speaking,Very high human development
Q531711,Q60,Q30,United States,North America,English-speaking,Very high human development
Q531759,Q11801326,Q145,United Kingdom,Europe,English-speaking,Very high human development
Q532041,Q1486,Q414,Argentina,South America,Latin America,Very high human development
Q532213,Q34217,Q145,United Kingdom,Europe,English-speaking,Very high human development
Q532213,Q34217,Q174193,,{},{},{}
Q532213,Q34217,Q161885,,{},{},{}
Q532213,Q34217,Q179876,,{},{},{}
Q532255,Q23154,Q145,United Kingdom,Europe,English-speaking,Very high human development
Q532255,Q23154,Q174193,,{},{},{}
Q532255,Q23154,Q161885,,{},{},{}
Q532255,Q23154,Q179876,,{},{},{}
Q532279,Q745120,Q30,United States,North America,English-speaking,Very high human development
Q532297,Q30974,Q142,France,Europe,Catholic Europe,Very high human development
Q532336,Q462799,Q30,United States,North America,English-speaking,Very high human development
Q532541,Q863741,Q17,Japan,Asia,West & South Asia,Very high human development
Q532757,Q34647,Q258,South Africa,Africa,Sub-Saharan Africa,High human development
Q532947,Q194087,Q17,Japan,Asia,West & South Asia,Very high human development
Q533256,Q8684,Q884,South Korea,Asia,West & South Asia,{}
Q533256,Q8684,Q503585,,{},{},{}
Q533287,Q34404,Q30,United States,North America,English-speaking,Very high human development
Q533343,Q579736,Q30,United States,North America,English-speaking,Very high human development
Q533400,Q50054,Q30,United States,North America,English-speaking,Very high human development
Q533505,Q500734,Q30,United States,North America,English-speaking,Very high human development
Q533778,Q1374295,Q30,United States,North America,English-speaking,Very high human development
Q533971,Q12439,Q30,United States,North America,English-speaking,Very high human development
Q534258,Q213465,Q145,United Kingdom,Europe,English-speaking,Very high human development
Q534376,Q986210,Q30,United States,North America,English-speaking,Very high human development
Q534599,Q1152219,Q30,United States,North America,English-speaking,Very high human development
Q534658,Q1297,Q30,United States,North America,English-speaking,Very high human development
Q534738,Q988195,Q30,United States,North America,English-speaking,Very high human development
Q534738,Q1214,Q30,United States,North America,English-speaking,Very high human development
Q534763,Q37320,Q30,United States,North America,English-speaking,Very high human development
Q534861,Q270887,Q16,Canada,North America,English-speaking,Very high human development
Q535001,Q35799665,Q17,Japan,Asia,West & South Asia,Very high human development
Q535108,Q1439,Q30,United States,North America,English-speaking,Very high human development
Q535211,Q60,Q30,United States,North America,English-speaking,Very high human development
Q535252,Q190959,Q258,South Africa,Africa,Sub-Saharan Africa,High human development
Q535252,Q190959,Q193619,,{},{},{}
Q535311,Q200908,Q41,Greece,Europe,Orthodox Europe,Very high human development
Q535396,Q270656,Q36,Poland,Europe,Catholic Europe,Very high human development
Q535396,Q270656,Q34266,,{},{},{}
Q535396,Q270656,Q696908,,{},{},{}
Q535396,Q270656,Q207272,,{},{},{}
Q535396,Q270656,Q7318,,{},{},{}
Q535470,Q1781,Q28,Hungary,Europe,Catholic Europe,Very high human development
Q535470,Q1781,Q600018,,{},{},{}
Q535470,Q1781,Q16985296,,{},{},{}
Q535470,Q1781,Q243652,,{},{},{}
Q535470,Q1781,Q516160,,{},{},{}
Q535470,Q1781,Q28513,,{},{},{}
Q535470,Q1781,Q516160,,{},{},{}
Q535470,Q1781,Q940741,,{},{},{}
Q535470,Q1781,Q16410,,{},{},{}
Q535812,Q11736,Q148,People's Republic of China,Asia,Confucian,{}
Q535856,Q1000222,Q30,United States,North America,English-speaking,Very high human development
Q535966,Q204561,Q30,United States,North America,English-speaking,Very high human development
Q536012,Q1297,Q30,United States,North America,English-speaking,Very high human development
Q536161,Q23661,Q664,New Zealand,Australia,English-speaking,Very high human development
Q536596,Q734432,Q17,Japan,Asia,West & South Asia,Very high human development
Q536616,Q100,Q30,United States,North America,English-speaking,Very high human development
Q536616,Q100,Q2079909,,{},{},{}
Q536616,Q100,Q1191350,,{},{},{}
Q536861,Q18419,Q30,United States,North America,English-speaking,Very high human development
Q536898,Q1058775,Q30,United States,North America,English-speaking,Very high human development
Q536913,Q3141,Q408,Australia,Australia,English-speaking,Very high human development
Q536979,Q23204,Q145,United Kingdom,Europe,English-speaking,Very high human development
Q536979,Q23204,Q179876,,{},{},{}
Q537014,Q574056,Q142,France,Europe,Catholic Europe,Very high human development
Q537057,Q16557,Q30,United States,North America,English-speaking,Very high human development
Q537087,Q1761,Q174193,,{},{},{}
Q537087,Q1761,Q215530,,{},{},{}
Q537087,Q1761,Q27,Ireland,Europe,English-speaking,Very high human development
Q537087,Q1761,Q31747,,{},{},{}
Q537087,Q1761,Q844250,,{},{},{}
Q537093,Q81621,Q142,France,Europe,Catholic Europe,Very high human development
Q537112,Q32504,Q145,United Kingdom,Europe,English-speaking,Very high human development
Q537112,Q84,Q2277,,{},{},{}
Q537112,Q84,Q110888,,{},{},{}
Q537112,Q84,Q105092,,{},{},{}
Q537112,Q84,Q105313,,{},{},{}
Q537112,Q84,Q179876,,{},{},{}
Q537112,Q84,Q161885,,{},{},{}
Q537112,Q84,Q174193,,{},{},{}
Q537112,Q84,Q145,United Kingdom,Europe,English-speaking,Very high human development
Q537141,Q837105,Q30,United States,North America,English-speaking,Very high human development
Q537202,Q138391,Q30,United States,North America,English-speaking,Very high human development
Q537266,Q3452762,Q30,United States,North America,English-speaking,Very high human development
Q537306,Q172,Q16,Canada,North America,English-speaking,Very high human development
Q537473,Q30,Q30,United States,North America,English-speaking,Very high human development
Q537645,Q172455,Q142,France,Europe,Catholic Europe,Very high human development
Q537699,Q182625,Q16,Canada,North America,English-speaking,Very high human development
Q537898,Q47164,Q30,United States,North America,English-speaking,Very high human development
Q538057,Q24826,Q145,United Kingdom,Europe,English-speaking,Very high human development
Q538299,Q23098,Q145,United Kingdom,Europe,English-speaking,Very high human development
Q538299,Q23098,Q179876,,{},{},{}
Q538508,Q18419,Q30,United States,North America,English-speaking,Very high human development
Q538620,Q131491,Q145,United Kingdom,Europe,English-speaking,Very high human development
Q538620,Q131491,Q174193,,{},{},{}
Q538638,Q617,Q38,Italy,Europe,Catholic Europe,Very high human development
Q538638,Q617,Q131964,,{},{},{}
Q538638,Q617,Q223936,,{},{},{}
Q538638,Q617,Q131964,,{},{},{}
Q538638,Q617,Q153136,,{},{},{}
Q538638,Q617,Q4948,,{},{},{}
Q538708,Q1492,Q29,Spain,Europe,Catholic Europe,Very high human development
Q538761,Q1342,Q30,United States,North America,English-speaking,Very high human development
Q538962,Q36433,Q45,Portugal,Europe,Catholic Europe,Very high human development
Q539020,Q38555,Q30,United States,North America,English-speaking,Very high human development
Q539214,Q5297240,Q258,South Africa,Africa,Sub-Saharan Africa,High human development
Q539221,Q408744,Q30,United States,North America,English-speaking,Very high human development
Q539247,Q958646,Q408,Australia,Australia,English-speaking,Very high human development
Q539418,Q28206,Q30,United States,North America,English-speaking,Very high human development
Q539533,Q23157,Q145,United Kingdom,Europe,English-speaking,Very high human development
Q539746,Q387136,Q17,Japan,Asia,West & South Asia,Very high human development
Q539782,Q12439,Q30,United States,North America,English-speaking,Very high human development
Q540024,Q2203766,Q30,United States,North America,English-speaking,Very high human development
Q540166,Q1009261,Q145,United Kingdom,Europe,English-speaking,Very high human development
Q540219,Q1816283,Q155,Brazil,South America,Latin America,High human development
Q540262,Q578014,Q912,Mali,Africa,Sub-Saharan Africa,Low human development
Q540412,Q60,Q30,United States,North America,English-speaking,Very high human development
Q540412,Q18419,Q30,United States,North America,English-speaking,Very high human development
Q540461,Q194420,Q142,France,Europe,Catholic Europe,Very high human development
Q540695,Q1492,Q29,Spain,Europe,Catholic Europe,Very high human development
Q540784,Q60,Q30,United States,North America,English-speaking,Very high human development
Q540787,Q23240,Q145,United Kingdom,Europe,English-speaking,Very high human development
Q540904,Q951049,Q258,South Africa,Africa,Sub-Saharan Africa,High human development
Q541039,Q129278253,Q17,Japan,Asia,West & South Asia,Very high human development
Q541088,Q6786927,Q30,United States,North America,English-speaking,Very high human development
Q541147,Q84,Q2277,,{},{},{}
Q541147,Q84,Q110888,,{},{},{}
Q541147,Q84,Q105092,,{},{},{}
Q541147,Q84,Q105313,,{},{},{}
Q541147,Q84,Q179876,,{},{},{}
Q541147,Q84,Q161885,,{},{},{}
Q541147,Q84,Q174193,,{},{},{}
Q541147,Q84,Q145,United Kingdom,Europe,English-speaking,Very high human development
Q541147,Q2415892,Q30,United States,North America,English-speaking,Very high human development
Q541501,Q3130,Q408,Australia,Australia,English-speaking,Very high human development
Q541622,Q85,Q79,Egypt,Africa,African-Islamic,High human development
Q541622,Q85,Q180114,,{},{},{}
Q541622,Q85,Q282428,,{},{},{}
Q541622,Q85,Q12560,,{},{},{}
Q541622,Q85,Q127861,,{},{},{}
Q541622,Q85,Q370173,,{},{},{}
Q541622,Q85,Q160307,,{},{},{}
Q541808,Q41262,Q145,United Kingdom,Europe,English-speaking,Very high human development
Q541812,Q852778,Q145,United Kingdom,Europe,English-speaking,Very high human development
Q541868,Q1297,Q30,United States,North America,English-speaking,Very high human development
Q541883,Q21,Q145,United Kingdom,Europe,English-speaking,Very high human development
Q541883,Q21,Q174193,,{},{},{}
Q541883,Q21,Q161885,,{},{},{}
Q541890,Q38733,Q30,United States,North America,English-speaking,Very high human development
Q542217,Q632993,Q145,United Kingdom,Europe,English-speaking,Very high human development
Q542217,Q22,Q145,United Kingdom,Europe,English-speaking,Very high human development
Q542257,Q189383,Q79,Egypt,Africa,African-Islamic,High human development
Q542410,Q84,Q2277,,{},{},{}
Q542410,Q84,Q110888,,{},{},{}
Q542410,Q84,Q105092,,{},{},{}
Q542410,Q84,Q105313,,{},{},{}
Q542410,Q84,Q179876,,{},{},{}
Q542410,Q84,Q161885,,{},{},{}
Q542410,Q84,Q174193,,{},{},{}
Q542410,Q84,Q145,United Kingdom,Europe,English-speaking,Very high human development
Q542501,Q495,Q38,Italy,Europe,Catholic Europe,Very high human development
Q542501,Q495,Q165154,,{},{},{}
Q542501,Q495,Q426025,,{},{},{}
Q542501,Q495,Q1232887,,{},{},{}
Q542501,Q495,Q426488,,{},{},{}
Q542501,Q495,Q704484,,{},{},{}
Q542501,Q495,Q31929,,{},{},{}
Q542501,Q495,Q854415,,{},{},{}
Q542634,Q84,Q2277,,{},{},{}
Q542634,Q84,Q110888,,{},{},{}
Q542634,Q84,Q105092,,{},{},{}
Q542634,Q84,Q105313,,{},{},{}
Q542634,Q84,Q179876,,{},{},{}
Q542634,Q84,Q161885,,{},{},{}
Q542634,Q84,Q174193,,{},{},{}
Q542634,Q84,Q145,United Kingdom,Europe,English-speaking,Very high human development
Q542763,Q24826,Q145,United Kingdom,Europe,English-speaking,Very high human development
Q542835,Q6313603,Q145,United Kingdom,Europe,English-speaking,Very high human development
Q542933,Q3130,Q408,Australia,Australia,English-speaking,Very high human development
Q543625,Q39178,Q754,Trinidad and Tobago,South America,Latin America,Very high human development
Q543625,Q5647646,Q754,Trinidad and Tobago,South America,Latin America,Very high human development
Q543726,Q1000346,Q419,Peru,South America,Latin America,High human development
Q543915,Q38733,Q30,United States,North America,English-speaking,Very high human development
Q544207,Q60,Q30,United States,North America,English-speaking,Very high human development
Q544412,Q128069,Q30,United States,North America,English-speaking,Very high human development
Q544517,Q798382,Q668,India,Asia,Indosphere,Medium human development
Q544611,Q128114,Q30,United States,North America,English-speaking,Very high human development
Q544874,Q7852597,Q408,Australia,Australia,English-speaking,Very high human development
Q544900,Q1438770,Q30,United States,North America,English-speaking,Very high human development
Q544925,Q658776,Q142,France,Europe,Catholic Europe,Very high human development
Q544975,Q484678,Q30,United States,North America,English-speaking,Very high human development
Q545223,Q38283,Q17,Japan,Asia,West & South Asia,Very high human development
Q545375,Q7709974,Q16,Canada,North America,English-speaking,Very high human development
Q545381,Q490807,Q30,United States,North America,English-speaking,Very high human development
Q545476,Q781510,Q155,Brazil,South America,Latin America,High human development
Q545781,Q49241,Q30,United States,North America,English-speaking,Very high human development
Q545840,Q3926,Q258,South Africa,Africa,Sub-Saharan Africa,High human development
Q545945,Q406,Q43,Turkey,Asia,West & South Asia,{}
Q545945,Q406,Q12560,,{},{},{}
Q545945,Q406,Q12544,,{},{},{}
Q545945,Q406,Q178897,,{},{},{}
Q545945,Q406,Q12544,,{},{},{}
Q545945,Q406,Q2277,,{},{},{}
Q546044,Q7709356,Q668,India,Asia,Indosphere,Medium human development
Q546275,Q493787,Q30,United States,North America,English-speaking,Very high human development
Q546374,Q754271,Q30,United States,North America,English-speaking,Very high human development
Q546461,Q84,Q2277,,{},{},{}
Q546461,Q84,Q110888,,{},{},{}
Q546461,Q84,Q105092,,{},{},{}
Q546461,Q84,Q105313,,{},{},{}
Q546461,Q84,Q179876,,{},{},{}
Q546461,Q84,Q161885,,{},{},{}
Q546461,Q84,Q174193,,{},{},{}
Q546461,Q84,Q145,United Kingdom,Europe,English-speaking,Very high human development
Q546511,Q43199,Q30,United States,North America,English-speaking,Very high human development
Q546569,Q724923,Q664,New Zealand,Australia,English-speaking,Very high human development
Q546952,Q217768,Q142,France,Europe,Catholic Europe,Very high human development
Q547023,Q26600,Q17,Japan,Asia,West & South Asia,Very high human development
Q547053,Q182625,Q16,Canada,North America,English-speaking,Very high human development
Q547414,Q4120832,Q38872,,{},{},{}
Q547414,Q4120832,Q43287,,{},{},{}
Q547414,Q4120832,Q7318,,{},{},{}
Q547414,Q4120832,Q15180,,{},{},{}
Q547414,Q4120832,Q34266,,{},{},{}
Q547606,Q207201,Q145,United Kingdom,Europe,English-speaking,Very high human development
Q547606,Q84,Q2277,,{},{},{}
Q547606,Q84,Q110888,,{},{},{}
Q547606,Q84,Q105092,,{},{},{}
Q547606,Q84,Q105313,,{},{},{}
Q547606,Q84,Q179876,,{},{},{}
Q547606,Q84,Q161885,,{},{},{}
Q547606,Q84,Q174193,,{},{},{}
Q547606,Q84,Q145,United Kingdom,Europe,English-speaking,Very high human development
Q547794,Q28198,Q30,United States,North America,English-speaking,Very high human development
Q547815,Q11083992,Q137816,,{},{},{}
Q547914,Q12439,Q30,United States,North America,English-speaking,Very high human development
Q547926,Q586762,Q30,United States,North America,English-speaking,Very high human development
Q547993,Q85,Q79,Egypt,Africa,African-Islamic,High human development
Q547993,Q85,Q180114,,{},{},{}
Q547993,Q85,Q282428,,{},{},{}
Q547993,Q85,Q12560,,{},{},{}
Q547993,Q85,Q127861,,{},{},{}
Q547993,Q85,Q370173,,{},{},{}
Q547993,Q85,Q160307,,{},{},{}
Q548004,Q37100,Q664,New Zealand,Australia,English-speaking,Very high human development
Q548008,Q984581,Q155,Brazil,South America,Latin America,High human development
Q548040,Q826561,Q145,United Kingdom,Europe,English-speaking,Very high human development
Q548140,Q1016944,Q145,United Kingdom,Europe,English-speaking,Very high human development
Q548156,Q988554,Q30,United States,North America,English-speaking,Very high human development
Q548180,Q507424,Q183,Germany,Europe,Catholic Europe,Very high human development
Q548201,Q60,Q30,United States,North America,English-speaking,Very high human development
Q548222,Q3010939,Q16,Canada,North America,English-speaking,Very high human development
Q548237,Q1017735,Q16,Canada,North America,English-speaking,Very high human development
Q548345,Q1027800,Q30,United States,North America,English-speaking,Very high human development
Q548572,Q12892,Q31,Belgium,Europe,Catholic Europe,Very high human development
Q548572,Q12892,Q622783,,{},{},{}
Q548572,Q12892,Q1031430,,{},{},{}
Q548572,Q12892,Q700283,,{},{},{}
Q548960,Q990883,Q30,United States,North America,English-speaking,Very high human development
Q548998,Q1490,Q17,Japan,Asia,West & South Asia,Very high human development
Q549145,Q696694,Q17,Japan,Asia,West & South Asia,Very high human development
Q549487,Q200805,Q96,Mexico,North America,Latin America,High human development
Q550449,Q49231,Q30,United States,North America,English-speaking,Very high human development
Q550521,Q28180,Q30,United States,North America,English-speaking,Very high human development
Q550614,Q37320,Q30,United States,North America,English-speaking,Very high human development
Q550667,Q6346,Q30,United States,North America,English-speaking,Very high human development
Q550806,Q90,Q142,France,Europe,Catholic Europe,Very high human development
Q550806,Q90,Q70972,,{},{},{}
Q550806,Q90,Q146246,,{},{},{}
Q550806,Q90,Q2748708,,{},{},{}
Q550806,Q90,Q142,France,Europe,Catholic Europe,Very high human development
Q550806,Q90,Q71084,,{},{},{}
Q550806,Q90,Q58296,,{},{},{}
Q550806,Q163948,Q142,France,Europe,Catholic Europe,Very high human development
Q550819,Q49158,Q30,United States,North America,English-speaking,Very high human development
Q550926,Q523240,Q30,United States,North America,English-speaking,Very high human development
Q550996,Q79867,Q30,United States,North America,English-speaking,Very high human development
Q551075,Q1950868,Q213,Czech Republic,Europe,Orthodox Europe,{}
Q551262,Q123258,Q17,Japan,Asia,West & South Asia,Very high human development
Q551487,Q18419,Q30,United States,North America,English-speaking,Very high human development
Q551499,Q194087,Q17,Japan,Asia,West & South Asia,Very high human development
Q551550,Q2090672,Q142,France,Europe,Catholic Europe,Very high human development
Q551570,Q172455,Q142,France,Europe,Catholic Europe,Very high human development
Q551570,Q90,Q142,France,Europe,Catholic Europe,Very high human development
Q551570,Q90,Q70972,,{},{},{}
Q551570,Q90,Q146246,,{},{},{}
Q551570,Q90,Q2748708,,{},{},{}
Q551570,Q90,Q142,France,Europe,Catholic Europe,Very high human development
Q551570,Q90,Q71084,,{},{},{}
Q551570,Q90,Q58296,,{},{},{}
Q551597,Q184359,Q142,France,Europe,Catholic Europe,Very high human development
Q551710,Q65,Q30,United States,North America,English-speaking,Very high human development
Q551725,Q90,Q142,France,Europe,Catholic Europe,Very high human development
Q551725,Q90,Q70972,,{},{},{}
Q551725,Q90,Q146246,,{},{},{}
Q551725,Q90,Q2748708,,{},{},{}
Q551725,Q90,Q142,France,Europe,Catholic Europe,Very high human development
Q551725,Q90,Q71084,,{},{},{}
Q551725,Q90,Q58296,,{},{},{}
Q551740,Q477766,Q142,France,Europe,Catholic Europe,Very high human development
Q551740,Q737180,Q142,France,Europe,Catholic Europe,Very high human development
Q551744,Q1982137,Q262,Algeria,Africa,African-Islamic,High human development
Q551744,Q1982137,Q142,France,Europe,Catholic Europe,Very high human development
Q551767,Q132801,Q142,France,Europe,Catholic Europe,Very high human development
Q551772,Q208226,Q142,France,Europe,Catholic Europe,Very high human development
Q551779,Q85,Q79,Egypt,Africa,African-Islamic,High human development
Q551779,Q85,Q180114,,{},{},{}
Q551779,Q85,Q282428,,{},{},{}
Q551779,Q85,Q12560,,{},{},{}
Q551779,Q85,Q127861,,{},{},{}
Q551779,Q85,Q370173,,{},{},{}
Q551779,Q85,Q160307,,{},{},{}
Q551783,Q188776,Q142,France,Europe,Catholic Europe,Very high human development
Q551794,Q1335,Q77,Uruguay,South America,Latin America,Very high human development
Q551929,Q432255,Q30,United States,North America,English-speaking,Very high human development
Q552067,Q60,Q30,United States,North America,English-speaking,Very high human development
Q552356,Q7473516,Q17,Japan,Asia,West & South Asia,Very high human development
Q552372,Q576209,Q30,United States,North America,English-speaking,Very high human development
Q552583,Q213324,Q17,Japan,Asia,West & South Asia,Very high human development
Q552593,Q131358,Q17,Japan,Asia,West & South Asia,Very high human development
Q552855,Q23306,Q145,United Kingdom,Europe,English-speaking,Very high human development
Q552892,Q192237,Q1016,Libya,{},{},High human development
Q552911,Q706029,Q408,Australia,Australia,English-speaking,Very high human development
Q552955,Q60,Q30,United States,North America,English-speaking,Very high human development
Q552990,Q46747,Q17,Japan,Asia,West & South Asia,Very high human development
Q553484,Q766445,Q17,Japan,Asia,West & South Asia,Very high human development
Q553683,Q1490,Q17,Japan,Asia,West & South Asia,Very high human development
Q553833,Q1754,Q34,Sweden,Europe,Protestant Europe,Very high human development
Q553833,Q1754,Q62623,,{},{},{}
Q553833,Q1754,Q62589,,{},{},{}
Q554224,Q2887,Q298,Chile,South America,Latin America,Very high human development
Q554224,Q2887,Q763808,,{},{},{}
Q554224,Q2887,Q7145245,,{},{},{}
Q554224,Q2887,Q763808,,{},{},{}
Q554254,Q990342,Q17,Japan,Asia,West & South Asia,Very high human development
Q554484,Q48320,Q17,Japan,Asia,West & South Asia,Very high human development
Q554629,Q24826,Q145,United Kingdom,Europe,English-speaking,Very high human development
Q554685,Q25739,Q822,Lebanon,Asia,African-Islamic,High human development
Q554810,Q83273,Q17,Japan,Asia,West & South Asia,Very high human development
Q554900,Q38022,Q30,United States,North America,English-speaking,Very high human development
Q555298,Q49950527,Q30,United States,North America,English-speaking,Very high human development
Q555319,Q1764,Q189,Iceland,Europe,Protestant Europe,Very high human development
Q555324,Q1748,Q35,Denmark,Europe,Protestant Europe,Very high human development
Q555324,Q1748,Q756617,,{},{},{}
Q555449,Q1335,Q77,Uruguay,South America,Latin America,Very high human development
Q555619,Q128849,Q17,Japan,Asia,West & South Asia,Very high human development
Q555621,Q54212,Q145,United Kingdom,Europe,English-speaking,Very high human development
Q556244,Q622620,Q17,Japan,Asia,West & South Asia,Very high human development
Q556662,Q538407,Q45,Portugal,Europe,Catholic Europe,Very high human development
Q557512,Q23337,Q30,United States,North America,English-speaking,Very high human development
Q557691,Q319445,Q36,Poland,Europe,Catholic Europe,Very high human development
Q557774,Q1489,Q96,Mexico,North America,Latin America,High human development
Q558052,Q84,Q2277,,{},{},{}
Q558052,Q84,Q110888,,{},{},{}
Q558052,Q84,Q105092,,{},{},{}
Q558052,Q84,Q105313,,{},{},{}
Q558052,Q84,Q179876,,{},{},{}
Q558052,Q84,Q161885,,{},{},{}
Q558052,Q84,Q174193,,{},{},{}
Q558052,Q84,Q145,United Kingdom,Europe,English-speaking,Very high human development
Q558138,Q18424,Q30,United States,North America,English-speaking,Very high human development
Q558171,Q216990,Q262,Algeria,Africa,African-Islamic,High human development
Q558171,Q216990,Q142,France,Europe,Catholic Europe,Very high human development
Q558252,Q42024,Q928,Philippines,Asia,West & South Asia,High human development
Q558410,Q60,Q30,United States,North America,English-speaking,Very high human development
Q558416,Q12439,Q30,United States,North America,English-speaking,Very high human development
Q558425,Q1184891,Q30,United States,North America,English-speaking,Very high human development
Q558430,Q1377991,Q30,United States,North America,English-speaking,Very high human development
Q558570,Q30,Q30,United States,North America,English-speaking,Very high human development
Q558570,Q1391,Q30,United States,North America,English-speaking,Very high human development
Q558837,Q1754,Q34,Sweden,Europe,Protestant Europe,Very high human development
Q558837,Q1754,Q62623,,{},{},{}
Q558837,Q1754,Q62589,,{},{},{}
Q559409,Q34217,Q145,United Kingdom,Europe,English-speaking,Very high human development
Q559409,Q34217,Q174193,,{},{},{}
Q559409,Q34217,Q161885,,{},{},{}
Q559409,Q34217,Q179876,,{},{},{}
Q559506,Q24826,Q145,United Kingdom,Europe,English-speaking,Very high human development
Q559565,Q253989,Q38,Italy,Europe,Catholic Europe,Very high human development
Q559631,Q37100,Q664,New Zealand,Australia,English-speaking,Very high human development
Q560015,Q238803,Q145,United Kingdom,Europe,English-speaking,Very high human development
Q560286,Q14522524,Q145,United Kingdom,Europe,English-speaking,Very high human development
Q560315,Q194420,Q142,France,Europe,Catholic Europe,Very high human development
Q560371,Q3616,Q794,Iran,Asia,African-Islamic,{}
Q560434,Q340,Q16,Canada,North America,English-speaking,Very high human development
Q560541,Q117032,Q38,Italy,Europe,Catholic Europe,Very high human development
Q560733,Q575509,Q30,United States,North America,English-speaking,Very high human development
Q560735,Q18426,Q30,United States,North America,English-speaking,Very high human development
Q561027,Q1761,Q174193,,{},{},{}
Q561027,Q1761,Q215530,,{},{},{}
Q561027,Q1761,Q27,Ireland,Europe,English-speaking,Very high human development
Q561027,Q1761,Q31747,,{},{},{}
Q561027,Q1761,Q844250,,{},{},{}
Q561116,Q1891,Q38,Italy,Europe,Catholic Europe,Very high human development
Q561116,Q1891,Q170174,,{},{},{}
Q561116,Q1891,Q12548,,{},{},{}
Q561116,Q1891,Q2577303,,{},{},{}
Q561169,Q174,Q155,Brazil,South America,Latin America,High human development
Q561378,Q12193,Q142,France,Europe,Catholic Europe,Very high human development
Q561408,Q661619,Q145,United Kingdom,Europe,English-speaking,Very high human development
Q561434,Q1049,Q1049,Sudan,Africa,African-Islamic,Low human development
Q561434,Q1754253,Q1049,Sudan,Africa,African-Islamic,Low human development
Q561435,Q149787,Q145,United Kingdom,Europe,English-speaking,Very high human development
Q561486,Q208893,Q142,France,Europe,Catholic Europe,Very high human development
Q561650,Q25390,Q55,Netherlands,Europe,Protestant Europe,Very high human development
Q561833,Q1489,Q96,Mexico,North America,Latin America,High human development
Q562000,Q1761,Q174193,,{},{},{}
Q562000,Q1761,Q215530,,{},{},{}
Q562000,Q1761,Q27,Ireland,Europe,English-speaking,Very high human development
Q562000,Q1761,Q31747,,{},{},{}
Q562000,Q1761,Q844250,,{},{},{}
Q562556,Q209810,Q142,France,Europe,Catholic Europe,Very high human development
Q562652,Q84,Q2277,,{},{},{}
Q562652,Q84,Q110888,,{},{},{}
Q562652,Q84,Q105092,,{},{},{}
Q562652,Q84,Q105313,,{},{},{}
Q562652,Q84,Q179876,,{},{},{}
Q562652,Q84,Q161885,,{},{},{}
Q562652,Q84,Q174193,,{},{},{}
Q562652,Q84,Q145,United Kingdom,Europe,English-speaking,Very high human development
Q562874,Q11299,Q30,United States,North America,English-speaking,Very high human development
Q563118,Q1010236,Q30,United States,North America,English-speaking,Very high human development
Q563620,Q771,Q30,United States,North America,English-speaking,Very high human development
Q564792,Q36378,Q39,Switzerland,Europe,Catholic Europe,Very high human development
Q565234,Q2936,Q183,Germany,Europe,Catholic Europe,Very high human development
Q565580,Q64903711,Q211,Latvia,Europe,Catholic Europe,Very high human development
Q565581,Q23105,Q145,United Kingdom,Europe,English-speaking,Very high human development
Q565581,Q23105,Q179876,,{},{},{}
Q565684,Q49258,Q30,United States,North America,English-speaking,Very high human development
Q565833,Q84,Q2277,,{},{},{}
Q565833,Q84,Q110888,,{},{},{}
Q565833,Q84,Q105092,,{},{},{}
Q565833,Q84,Q105313,,{},{},{}
Q565833,Q84,Q179876,,{},{},{}
Q565833,Q84,Q161885,,{},{},{}
Q565833,Q84,Q174193,,{},{},{}
Q565833,Q84,Q145,United Kingdom,Europe,English-speaking,Very high human development
Q566385,Q268,Q36,Poland,Europe,Catholic Europe,Very high human development
Q566385,Q268,Q27306,,{},{},{}
Q566955,Q2077402,Q145,United Kingdom,Europe,English-speaking,Very high human development
Q570122,Q100,Q30,United States,North America,English-speaking,Very high human development
Q570122,Q100,Q2079909,,{},{},{}
Q570122,Q100,Q1191350,,{},{},{}
Q571334,Q18419,Q30,United States,North America,English-speaking,Very high human development
Q572655,Q2448156,Q96,Mexico,North America,Latin America,High human development
Q572741,Q23306,Q145,United Kingdom,Europe,English-speaking,Very high human development
Q573610,Q212984,Q664,New Zealand,Australia,English-speaking,Very high human development
Q573813,Q84,Q2277,,{},{},{}
Q573813,Q84,Q110888,,{},{},{}
Q573813,Q84,Q105092,,{},{},{}
Q573813,Q84,Q105313,,{},{},{}
Q573813,Q84,Q179876,,{},{},{}
Q573813,Q84,Q161885,,{},{},{}
Q573813,Q84,Q174193,,{},{},{}
Q573813,Q84,Q145,United Kingdom,Europe,English-speaking,Very high human development
Q573997,Q24826,Q145,United Kingdom,Europe,English-speaking,Very high human development
Q575043,Q39121,Q145,United Kingdom,Europe,English-speaking,Very high human development
Q575345,Q60,Q30,United States,North America,English-speaking,Very high human development
Q575883,Q338861,Q17,Japan,Asia,West & South Asia,Very high human development
Q576143,Q36600,Q55,Netherlands,Europe,Protestant Europe,Very high human development
Q576143,Q36600,Q212278,,{},{},{}
Q576143,Q36600,Q71084,,{},{},{}
Q576143,Q36600,Q188553,,{},{},{}
Q576143,Q36600,Q170072,,{},{},{}
Q576143,Q36600,Q80702,,{},{},{}
Q576143,Q36600,Q1031430,,{},{},{}
Q576143,Q36600,Q762943,,{},{},{}
Q577180,Q11463266,Q17,Japan,Asia,West & South Asia,Very high human development
Q577180,Q7473516,Q17,Japan,Asia,West & South Asia,Very high human development
Q577548,Q378966,Q142,France,Europe,Catholic Europe,Very high human development
Q577565,Q589888,Q30,United States,North America,English-speaking,Very high human development
Q577826,Q34692,Q766,Jamaica,North America,English-speaking,High human development
Q578011,Q60,Q30,United States,North America,English-speaking,Very high human development
Q578031,Q80517,Q30,United States,North America,English-speaking,Very high human development
Q578932,Q209034,Q96,Mexico,North America,Latin America,High human development
Q579475,Q11299,Q30,United States,North America,English-speaking,Very high human development
Q580137,Q163948,Q142,France,Europe,Catholic Europe,Very high human development
Q580313,Q1345,Q30,United States,North America,English-speaking,Very high human development
Q583065,Q23482,Q142,France,Europe,Catholic Europe,Very high human development
Q583128,Q985279,Q145,United Kingdom,Europe,English-speaking,Very high human development
Q583527,Q55524890,Q17,Japan,Asia,West & South Asia,Very high human development
Q583783,Q84,Q2277,,{},{},{}
Q583783,Q84,Q110888,,{},{},{}
Q583783,Q84,Q105092,,{},{},{}
Q583783,Q84,Q105313,,{},{},{}
Q583783,Q84,Q179876,,{},{},{}
Q583783,Q84,Q161885,,{},{},{}
Q583783,Q84,Q174193,,{},{},{}
Q583783,Q84,Q145,United Kingdom,Europe,English-speaking,Very high human development
Q584083,Q1149173,Q142,France,Europe,Catholic Europe,Very high human development
Q584128,Q26339,Q30,United States,North America,English-speaking,Very high human development
Q585351,Q128147,Q145,United Kingdom,Europe,English-speaking,Very high human development
Q585351,Q128147,Q179876,,{},{},{}
Q586211,Q90,Q142,France,Europe,Catholic Europe,Very high human development
Q586211,Q90,Q70972,,{},{},{}
Q586211,Q90,Q146246,,{},{},{}
Q586211,Q90,Q2748708,,{},{},{}
Q586211,Q90,Q142,France,Europe,Catholic Europe,Very high human development
Q586211,Q90,Q71084,,{},{},{}
Q586211,Q90,Q58296,,{},{},{}
Q586388,Q511729,Q30,United States,North America,English-speaking,Very high human development
Q586776,Q60,Q30,United States,North America,English-speaking,Very high human development
Q587247,Q101081,Q142,France,Europe,Catholic Europe,Very high human development
Q587247,Q101081,Q12548,,{},{},{}
Q587247,Q101081,Q1256,,{},{},{}
Q587247,Q101081,Q70972,,{},{},{}
Q587247,Q101081,Q530670,,{},{},{}
Q587247,Q101081,Q38060,,{},{},{}
Q587247,Q101081,Q2991382,,{},{},{}
Q587247,Q101081,Q17167,,{},{},{}
Q587332,Q21269047,Q145,United Kingdom,Europe,English-speaking,Very high human development
Q587389,Q3561,Q262,Algeria,Africa,African-Islamic,High human development
Q587389,Q3561,Q142,France,Europe,Catholic Europe,Very high human development
Q587389,Q3561,Q3045696,,{},{},{}
Q587389,Q3561,Q307697,,{},{},{}
Q587389,Q3561,Q205718,,{},{},{}
Q587389,Q3561,Q588672,,{},{},{}
Q587389,Q3561,Q199688,,{},{},{}
Q588653,Q37320,Q30,United States,North America,English-speaking,Very high human development
Q588933,Q606212,Q408,Australia,Australia,English-speaking,Very high human development
Q589497,Q100,Q30,United States,North America,English-speaking,Very high human development
Q589497,Q100,Q2079909,,{},{},{}
Q589497,Q100,Q1191350,,{},{},{}
Q589562,Q90,Q142,France,Europe,Catholic Europe,Very high human development
Q589562,Q90,Q70972,,{},{},{}
Q589562,Q90,Q146246,,{},{},{}
Q589562,Q90,Q2748708,,{},{},{}
Q589562,Q90,Q142,France,Europe,Catholic Europe,Very high human development
Q589562,Q90,Q71084,,{},{},{}
Q589562,Q90,Q58296,,{},{},{}
Q589585,Q556266,Q218,Romania,Europe,Catholic Europe,Very high human development
Q589585,Q556266,Q842794,,{},{},{}
Q589585,Q556266,Q2685298,,{},{},{}
Q589585,Q556266,Q203493,,{},{},{}
Q589585,Q556266,Q958291,,{},{},{}
Q589585,Q556266,Q10957559,,{},{},{}
Q589863,Q839044,Q31,Belgium,Europe,Catholic Europe,Very high human development
Q590532,Q65,Q30,United States,North America,English-speaking,Very high human development
Q591270,Q448358,Q30,United States,North America,English-speaking,Very high human development
Q592511,Q60,Q30,United States,North America,English-speaking,Very high human development
Q592895,Q213318,Q17,Japan,Asia,West & South Asia,Very high human development
Q594438,Q79257,Q30,United States,North America,English-speaking,Very high human development
Q594644,Q141769,Q16,Canada,North America,English-speaking,Very high human development
Q594731,Q897435,Q30,United States,North America,English-speaking,Very high human development
Q595483,Q938359,Q30,United States,North America,English-speaking,Very high human development
Q595717,Q372637,Q30,United States,North America,English-speaking,Very high human development
Q595917,Q12273,Q29,Spain,Europe,Catholic Europe,Very high human development
Q596018,Q3463115,Q16,Canada,North America,English-speaking,Very high human development
Q596034,Q1397,Q30,United States,North America,English-speaking,Very high human development
Q596383,Q984377,Q30,United States,North America,English-speaking,Very high human development
Q596925,Q84,Q2277,,{},{},{}
Q596925,Q84,Q110888,,{},{},{}
Q596925,Q84,Q105092,,{},{},{}
Q596925,Q84,Q105313,,{},{},{}
Q596925,Q84,Q179876,,{},{},{}
Q596925,Q84,Q161885,,{},{},{}
Q596925,Q84,Q174193,,{},{},{}
Q596925,Q84,Q145,United Kingdom,Europe,English-speaking,Very high human development
Q597627,Q11462994,Q17,Japan,Asia,West & South Asia,Very high human development
Q598029,Q18125,Q145,United Kingdom,Europe,English-speaking,Very high human development
Q598029,Q18125,Q174193,,{},{},{}
Q598029,Q18125,Q161885,,{},{},{}
Q598029,Q18125,Q179876,,{},{},{}
Q598052,Q1522,Q30,United States,North America,English-speaking,Very high human development
Q598452,Q947333,Q262,Algeria,Africa,African-Islamic,High human development
Q598452,Q947333,Q142,France,Europe,Catholic Europe,Very high human development
Q598494,Q1408,Q30,United States,North America,English-speaking,Very high human development
Q598720,Q2868,Q419,Peru,South America,Latin America,High human development
Q598771,Q1010367,Q717,Venezuela,South America,Latin America,{}
Q600415,Q1193949,Q30,United States,North America,English-speaking,Very high human development
Q601133,Q178725,Q155,Brazil,South America,Latin America,High human development
Q601304,Q128114,Q30,United States,North America,English-speaking,Very high human development
Q601304,Q16552,Q30,United States,North America,English-speaking,Very high human development
Q601307,Q1002188,Q258,South Africa,Africa,Sub-Saharan Africa,High human development
Q601527,Q1530,Q796,Iraq,Asia,African-Islamic,Medium human development
Q601527,Q1530,Q12536,,{},{},{}
Q601527,Q1530,Q149805,,{},{},{}
Q601527,Q1530,Q146720,,{},{},{}
Q601527,Q1530,Q12560,,{},{},{}
Q601527,Q1530,Q178084,,{},{},{}
Q601527,Q1530,Q866716,,{},{},{}
Q601527,Q1530,Q324470,,{},{},{}
Q601527,Q1530,Q555994,,{},{},{}
Q601527,Q1530,Q18234383,,{},{},{}
Q601527,Q1530,Q12560,,{},{},{}
Q601527,Q1530,Q18234383,,{},{},{}
Q601527,Q1530,Q83891,,{},{},{}
Q601527,Q1530,Q273874,,{},{},{}
Q601709,Q373323,Q924,Tanzania,Africa,Sub-Saharan Africa,{}
Q602468,Q816097,Q142,France,Europe,Catholic Europe,Very high human development
Q602510,Q846044,Q30,United States,North America,English-speaking,Very high human development
Q602978,Q3130,Q408,Australia,Australia,English-speaking,Very high human development
Q604242,Q1204,Q30,United States,North America,English-speaking,Very high human development
Q604524,Q16739,Q30,United States,North America,English-speaking,Very high human development
Q604661,Q208257,Q145,United Kingdom,Europe,English-speaking,Very high human development
Q605532,Q2841,Q739,Colombia,South America,Latin America,High human development
Q605532,Q2841,Q630882,,{},{},{}
Q605532,Q2841,Q3591854,,{},{},{}
Q605989,Q550032,Q30,United States,North America,English-speaking,Very high human development
Q606149,Q44237,Q414,Argentina,South America,Latin America,Very high human development
Q606154,Q1345,Q30,United States,North America,English-speaking,Very high human development
Q606389,Q170540,Q155,Brazil,South America,Latin America,High human development
Q606543,Q43196,Q30,United States,North America,English-speaking,Very high human development
Q606656,Q11751,Q17,Japan,Asia,West & South Asia,Very high human development
Q607123,Q4093,Q145,United Kingdom,Europe,English-speaking,Very high human development
Q607123,Q4093,Q174193,,{},{},{}
Q607123,Q4093,Q161885,,{},{},{}
Q607123,Q4093,Q230791,,{},{},{}
Q607123,Q4093,Q145,United Kingdom,Europe,English-speaking,Very high human development
Q607299,Q270230,Q142,France,Europe,Catholic Europe,Very high human development
Q607503,Q60,Q30,United States,North America,English-speaking,Very high human development
Q607825,Q994,Q230,Georgia,Asia,Orthodox Europe,Very high human development
Q607825,Q994,Q15180,,{},{},{}
Q607825,Q994,Q545205,,{},{},{}
Q607825,Q994,Q245160,,{},{},{}
Q607825,Q994,Q330756,,{},{},{}
Q607825,Q994,Q2630860,,{},{},{}
Q607825,Q994,Q139319,,{},{},{}
Q607825,Q994,Q34266,,{},{},{}
Q607825,Q994,Q282475,,{},{},{}
Q607825,Q994,Q195972,,{},{},{}
Q607825,Q994,Q154667,,{},{},{}
Q608051,Q3461748,Q16,Canada,North America,English-speaking,Very high human development
Q609039,Q217161,Q142,France,Europe,Catholic Europe,Very high human development
Q609317,Q585,Q20,Norway,Europe,Protestant Europe,Very high human development
Q609317,Q585,Q62589,,{},{},{}
Q609317,Q585,Q2597352,,{},{},{}
Q609317,Q585,Q62651,,{},{},{}
Q610515,Q117040,Q241,Cuba,North America,Latin America,High human development
Q610515,Q117040,Q80702,,{},{},{}
Q610522,Q8686,Q148,People's Republic of China,Asia,Confucian,{}
Q610522,Q8686,Q13426199,,{},{},{}
Q610522,Q8686,Q696242,,{},{},{}
Q610522,Q8686,Q708865,,{},{},{}
Q610522,Q8686,Q4375948,,{},{},{}
Q610522,Q8686,Q13426199,,{},{},{}
Q610522,Q8686,Q148,People's Republic of China,Asia,Confucian,{}
Q610567,Q24826,Q145,United Kingdom,Europe,English-speaking,Very high human development
Q610567,Q145,Q145,United Kingdom,Europe,English-speaking,Very high human development
Q610679,Q622830,Q155,Brazil,South America,Latin America,High human development
Q610771,Q3141,Q408,Australia,Australia,English-speaking,Very high human development
Q611586,Q100,Q30,United States,North America,English-speaking,Very high human development
Q611586,Q100,Q2079909,,{},{},{}
Q611586,Q100,Q1191350,,{},{},{}
Q611672,Q632687,Q30,United States,North America,English-speaking,Very high human development
Q611828,Q2238035,Q145,United Kingdom,Europe,English-speaking,Very high human development
Q611959,Q1400,Q30,United States,North America,English-speaking,Very high human development
Q612005,Q14318,Q29,Spain,Europe,Catholic Europe,Very high human development
Q612005,Q14318,Q179293,,{},{},{}
Q613164,Q213294,Q142,France,Europe,Catholic Europe,Very high human development
Q613259,Q876191,Q30,United States,North America,English-speaking,Very high human development
Q613537,Q9005,Q31,Belgium,Europe,Catholic Europe,Very high human development
Q613537,Q9005,Q15864,,{},{},{}
Q613537,Q9005,Q142,France,Europe,Catholic Europe,Very high human development
Q613537,Q9005,Q700283,,{},{},{}
Q613537,Q9005,Q622783,,{},{},{}
Q613537,Q9005,Q1031430,,{},{},{}
Q613537,Q9005,Q157109,,{},{},{}
Q613537,Q9005,Q159856,,{},{},{}
Q613776,Q649,Q11750528,,{},{},{}
Q613776,Q649,Q170770,,{},{},{}
Q613776,Q649,Q186096,,{},{},{}
Q613776,Q649,Q34266,,{},{},{}
Q613776,Q649,Q139319,,{},{},{}
Q613776,Q649,Q2305208,,{},{},{}
Q613776,Q649,Q15180,,{},{},{}
Q613776,Q649,Q159,Russia,Europe,Orthodox Europe,{}
Q613846,Q1757,Q33,Finland,Europe,Catholic Europe,Very high human development
Q613846,Q1757,Q34266,,{},{},{}
Q613846,Q1757,Q34,Sweden,Europe,Protestant Europe,Very high human development
Q613846,Q1757,Q1811029,,{},{},{}
Q615129,Q181966,Q17,Japan,Asia,West & South Asia,Very high human development
Q615960,Q174691,Q17,Japan,Asia,West & South Asia,Very high human development
Q617215,Q1492,Q29,Spain,Europe,Catholic Europe,Very high human development
Q622232,Q943775,Q30,United States,North America,English-speaking,Very high human development
Q623737,Q42112,Q884,South Korea,Asia,West & South Asia,{}
Q623974,Q109356,Q423,North Korea,{},{},{}
Q623974,Q109356,Q503585,,{},{},{}
Q623974,Q109356,Q28233,,{},{},{}
Q624211,Q8684,Q884,South Korea,Asia,West & South Asia,{}
Q624211,Q8684,Q503585,,{},{},{}
Q624299,Q42148,Q884,South Korea,Asia,West & South Asia,{}
Q625272,Q1538,Q668,India,Asia,Indosphere,Medium human development
Q625336,Q196271,Q423,North Korea,{},{},{}
Q625336,Q196271,Q503585,,{},{},{}
Q625721,Q34820,Q786,Dominican Republic,North America,Latin America,High human development
Q625721,Q34820,Q142,France,Europe,Catholic Europe,Very high human development
Q625721,Q34820,Q11681694,,{},{},{}
Q626290,Q503585,Q188712,,{},{},{}
Q626412,Q3616,Q794,Iran,Asia,African-Islamic,{}
Q628479,Q10690,Q145,United Kingdom,Europe,English-speaking,Very high human development
Q628482,Q61,Q30,United States,North America,English-speaking,Very high human development
Q628838,Q1193420,Q17,Japan,Asia,West & South Asia,Very high human development
Q630446,Q6346,Q30,United States,North America,English-speaking,Very high human development
Q630454,Q123766,Q30,United States,North America,English-speaking,Very high human development
Q630464,Q81997,Q142,France,Europe,Catholic Europe,Very high human development
Q630558,Q1649,Q30,United States,North America,English-speaking,Very high human development
Q632079,Q1297,Q30,United States,North America,English-speaking,Very high human development
Q632861,Q2868,Q419,Peru,South America,Latin America,High human development
Q633302,Q90,Q142,France,Europe,Catholic Europe,Very high human development
Q633302,Q90,Q70972,,{},{},{}
Q633302,Q90,Q146246,,{},{},{}
Q633302,Q90,Q2748708,,{},{},{}
Q633302,Q90,Q142,France,Europe,Catholic Europe,Very high human development
Q633302,Q90,Q71084,,{},{},{}
Q633302,Q90,Q58296,,{},{},{}
Q634905,Q43196,Q30,United States,North America,English-speaking,Very high human development
Q634950,Q42716,Q142,France,Europe,Catholic Europe,Very high human development
Q635739,Q281749,Q145,United Kingdom,Europe,English-speaking,Very high human development
Q636037,Q100,Q30,United States,North America,English-speaking,Very high human development
Q636037,Q100,Q2079909,,{},{},{}
Q636037,Q100,Q1191350,,{},{},{}
Q636923,Q985456,Q33,Finland,Europe,Catholic Europe,Very high human development
Q636923,Q5408248,Q33,Finland,Europe,Catholic Europe,Very high human development
Q637306,Q546485,Q145,United Kingdom,Europe,English-speaking,Very high human development
Q637396,Q1515,Q1008,Ivory Coast,Africa,Sub-Saharan Africa,{}
Q637455,Q2464859,Q30,United States,North America,English-speaking,Very high human development
Q637689,Q34261,Q790,Haiti,North America,Latin America,Medium human development
Q638179,Q462799,Q30,United States,North America,English-speaking,Very high human development
Q639041,Q60,Q30,United States,North America,English-speaking,Very high human development
Q639360,Q185582,Q30,United States,North America,English-speaking,Very high human development
Q639538,Q271395,Q30,United States,North America,English-speaking,Very high human development
Q640352,Q3344,Q142,France,Europe,Catholic Europe,Very high human development
Q641046,Q30,Q30,United States,North America,English-speaking,Very high human development
Q642060,Q90,Q142,France,Europe,Catholic Europe,Very high human development
Q642060,Q90,Q70972,,{},{},{}
Q642060,Q90,Q146246,,{},{},{}
Q642060,Q90,Q2748708,,{},{},{}
Q642060,Q90,Q142,France,Europe,Catholic Europe,Very high human development
Q642060,Q90,Q71084,,{},{},{}
Q642060,Q90,Q58296,,{},{},{}
Q642680,Q1297,Q30,United States,North America,English-speaking,Very high human development
Q643408,Q259463,Q142,France,Europe,Catholic Europe,Very high human development
Q643644,Q10389,Q252,Indonesia,Asia,West & South Asia,High human development
Q643644,Q10389,Q188161,,{},{},{}
Q643904,Q1731,Q183,Germany,Europe,Catholic Europe,Very high human development
Q643904,Q1731,Q156199,,{},{},{}
Q643904,Q1731,Q153015,,{},{},{}
Q643904,Q1731,Q1206012,,{},{},{}
Q643904,Q1731,Q55300,,{},{},{}
Q643904,Q1731,Q16957,,{},{},{}
Q643904,Q1731,Q12548,,{},{},{}
Q643904,Q1731,Q170180,,{},{},{}
Q643904,Q1731,Q150981,,{},{},{}
Q644365,Q35765,Q17,Japan,Asia,West & South Asia,Very high human development
Q645141,Q10979461,Q29,Spain,Europe,Catholic Europe,Very high human development
Q645362,Q11299,Q30,United States,North America,English-speaking,Very high human development
Q645406,Q14328,Q29,Spain,Europe,Catholic Europe,Very high human development
Q646934,Q90,Q142,France,Europe,Catholic Europe,Very high human development
Q646934,Q90,Q70972,,{},{},{}
Q646934,Q90,Q146246,,{},{},{}
Q646934,Q90,Q2748708,,{},{},{}
Q646934,Q90,Q142,France,Europe,Catholic Europe,Very high human development
Q646934,Q90,Q71084,,{},{},{}
Q646934,Q90,Q58296,,{},{},{}
Q646986,Q90,Q142,France,Europe,Catholic Europe,Very high human development
Q646986,Q90,Q70972,,{},{},{}
Q646986,Q90,Q146246,,{},{},{}
Q646986,Q90,Q2748708,,{},{},{}
Q646986,Q90,Q142,France,Europe,Catholic Europe,Very high human development
Q646986,Q90,Q71084,,{},{},{}
Q646986,Q90,Q58296,,{},{},{}
Q647687,Q200707,Q17,Japan,Asia,West & South Asia,Very high human development
Q647747,Q641,Q38,Italy,Europe,Catholic Europe,Very high human development
Q647747,Q641,Q131964,,{},{},{}
Q647747,Q641,Q223936,,{},{},{}
Q647747,Q641,Q131964,,{},{},{}
Q647747,Q641,Q153136,,{},{},{}
Q647747,Q641,Q142,France,Europe,Catholic Europe,Very high human development
Q647747,Q641,Q4948,,{},{},{}
Q648920,Q59387,Q142,France,Europe,Catholic Europe,Very high human development
Q649054,Q2307535,Q30,United States,North America,English-speaking,Very high human development
Q649790,Q1899,Q212,Ukraine,Europe,Orthodox Europe,High human development
Q649790,Q1899,Q15180,,{},{},{}
Q649790,Q1899,Q243610,,{},{},{}
Q649790,Q1899,Q139319,,{},{},{}
Q649790,Q1899,Q34266,,{},{},{}
Q649790,Q1899,Q186096,,{},{},{}
Q649790,Q1899,Q172107,,{},{},{}
Q649790,Q1899,Q49683,,{},{},{}
Q649790,Q1899,Q79965,,{},{},{}
Q649790,Q1899,Q1108445,,{},{},{}
Q649790,Q1899,Q1508143,,{},{},{}
Q649790,Q1899,Q46315,,{},{},{}
Q649790,Q1899,Q15180,,{},{},{}
Q649790,Q1899,Q15180,,{},{},{}
Q650048,Q4093,Q145,United Kingdom,Europe,English-speaking,Very high human development
Q650048,Q4093,Q174193,,{},{},{}
Q650048,Q4093,Q161885,,{},{},{}
Q650048,Q4093,Q230791,,{},{},{}
Q650048,Q4093,Q145,United Kingdom,Europe,English-speaking,Very high human development
Q650332,Q99,Q30,United States,North America,English-speaking,Very high human development
Q650800,Q3290674,Q145,United Kingdom,Europe,English-speaking,Very high human development
Q651258,Q179691,Q17,Japan,Asia,West & South Asia,Very high human development
Q652253,Q80985,Q1028,Morocco,Africa,African-Islamic,High human development
Q652425,Q16563,Q30,United States,North America,English-speaking,Very high human development
Q653236,Q990168,Q145,United Kingdom,Europe,English-speaking,Very high human development
Q653236,Q163,Q145,United Kingdom,Europe,English-speaking,Very high human development
Q653366,Q49174,Q30,United States,North America,English-speaking,Very high human development
Q653496,Q925419,Q155,Brazil,South America,Latin America,High human development
Q654747,Q2335054,Q145,United Kingdom,Europe,English-speaking,Very high human development
Q654954,Q130290,Q17,Japan,Asia,West & South Asia,Very high human development
Q656292,Q167436,Q155,Brazil,South America,Latin America,High human development
Q657901,Q5083,Q30,United States,North America,English-speaking,Very high human development
Q658522,Q42448,Q145,United Kingdom,Europe,English-speaking,Very high human development
Q659003,Q2107368,Q408,Australia,Australia,English-speaking,Very high human development
Q659017,Q397343,Q145,United Kingdom,Europe,English-speaking,Very high human development
Q659027,Q1486,Q414,Argentina,South America,Latin America,Very high human development
Q659294,Q235297,Q142,France,Europe,Catholic Europe,Very high human development
Q659364,Q16562,Q30,United States,North America,English-speaking,Very high human development
Q660069,Q173695,Q142,France,Europe,Catholic Europe,Very high human development
Q660525,Q2716824,Q218,Romania,Europe,Catholic Europe,Very high human development
Q660525,Q2716824,Q842794,,{},{},{}
Q660525,Q2716824,Q2685298,,{},{},{}
Q660525,Q2716824,Q203493,,{},{},{}
Q660525,Q2716824,Q958291,,{},{},{}
Q660525,Q2716824,Q389004,,{},{},{}
Q660646,Q2145,Q16,Canada,North America,English-speaking,Very high human development
Q660670,Q178855,Q218,Romania,Europe,Catholic Europe,Very high human development
Q660670,Q178855,Q958291,,{},{},{}
Q660670,Q178855,Q10957559,,{},{},{}
Q660670,Q178855,Q842794,,{},{},{}
Q660670,Q178855,Q2685298,,{},{},{}
Q660670,Q178855,Q203493,,{},{},{}
Q661925,Q28198,Q30,United States,North America,English-speaking,Very high human development
Q662980,Q846338,Q17,Japan,Asia,West & South Asia,Very high human development
Q663705,Q65,Q30,United States,North America,English-speaking,Very high human development
Q663884,Q38283,Q17,Japan,Asia,West & South Asia,Very high human development
Q664673,Q34647,Q258,South Africa,Africa,Sub-Saharan Africa,High human development
Q665144,Q49196,Q30,United States,North America,English-speaking,Very high human development
Q665768,Q785408,Q30,United States,North America,English-speaking,Very high human development
Q668090,Q812906,Q145,United Kingdom,Europe,English-speaking,Very high human development
Q668511,Q950050,Q16,Canada,North America,English-speaking,Very high human development
Q670108,Q213465,Q145,United Kingdom,Europe,English-speaking,Very high human development
Q670179,Q216399,Q38,Italy,Europe,Catholic Europe,Very high human development
Q671852,Q485329,Q29,Spain,Europe,Catholic Europe,Very high human development
Q671951,Q161884,Q142,France,Europe,Catholic Europe,Very high human development
Q672440,Q220,Q38,Italy,Europe,Catholic Europe,Very high human development
Q672440,Q220,Q170174,,{},{},{}
Q672440,Q220,Q3755547,,{},{},{}
Q672440,Q220,Q583038,,{},{},{}
Q672440,Q220,Q12544,,{},{},{}
Q672440,Q220,Q172579,,{},{},{}
Q672440,Q220,Q201038,,{},{},{}
Q672440,Q220,Q17167,,{},{},{}
Q672440,Q220,Q2277,,{},{},{}
Q672440,Q220,Q42834,,{},{},{}
Q672440,Q220,Q237,Vatican City,{},{},{}
Q672816,Q8717,Q29,Spain,Europe,Catholic Europe,Very high human development
Q672816,Q8717,Q276951,,{},{},{}
Q673217,Q11696984,Q30,United States,North America,English-speaking,Very high human development
Q673567,Q688830,Q30,United States,North America,English-speaking,Very high human development
Q673985,Q60,Q30,United States,North America,English-speaking,Very high human development
Q675290,Q203380,Q664,New Zealand,Australia,English-speaking,Very high human development
Q675396,Q54138,Q30,United States,North America,English-speaking,Very high human development
Q675662,Q1368969,Q145,United Kingdom,Europe,English-speaking,Very high human development
Q675676,Q727,Q55,Netherlands,Europe,Protestant Europe,Very high human development
Q675676,Q727,Q596214,,{},{},{}
Q675676,Q727,Q55,Netherlands,Europe,Protestant Europe,Very high human development
Q675676,Q727,Q15864,,{},{},{}
Q675676,Q727,Q774783,,{},{},{}
Q675676,Q727,Q142,France,Europe,Catholic Europe,Very high human development
Q675676,Q727,Q212278,,{},{},{}
Q675676,Q727,Q188553,,{},{},{}
Q675676,Q727,Q170072,,{},{},{}
Q675676,Q727,Q1031430,,{},{},{}
Q675676,Q727,Q157109,,{},{},{}
Q675676,Q727,Q762943,,{},{},{}
Q676455,Q2887,Q298,Chile,South America,Latin America,Very high human development
Q676455,Q2887,Q763808,,{},{},{}
Q676455,Q2887,Q7145245,,{},{},{}
Q676455,Q2887,Q763808,,{},{},{}
Q677196,Q660468,Q40,Austria,Europe,Catholic Europe,Very high human development
Q678778,Q862733,Q30,United States,North America,English-speaking,Very high human development
Q679659,Q575875,Q30,United States,North America,English-speaking,Very high human development
Q680335,Q26339,Q30,United States,North America,English-speaking,Very high human development
Q680479,Q1297,Q30,United States,North America,English-speaking,Very high human development
Q682325,Q1489,Q96,Mexico,North America,Latin America,High human development
Q682356,Q60,Q30,United States,North America,English-speaking,Very high human development
Q682467,Q36091,Q30,United States,North America,English-speaking,Very high human development
Q682767,Q1650708,Q30,United States,North America,English-speaking,Very high human development
Q683445,Q2678895,Q145,United Kingdom,Europe,English-speaking,Very high human development
Q684481,Q11677414,Q17,Japan,Asia,West & South Asia,Very high human development
Q684748,Q1913106,Q30,United States,North America,English-speaking,Very high human development
Q686301,Q34404,Q30,United States,North America,English-speaking,Very high human development
Q686437,Q4191,Q39,Switzerland,Europe,Catholic Europe,Very high human development
Q687658,Q4259821,Q212,Ukraine,Europe,Orthodox Europe,High human development
Q688661,Q955473,Q30,United States,North America,English-speaking,Very high human development
Q688739,Q61,Q30,United States,North America,English-speaking,Very high human development
Q689828,Q2667633,Q711,Mongolia,Asia,West & South Asia,High human development
Q690103,Q985351,Q30,United States,North America,English-speaking,Very high human development
Q690233,Q955896,Q30,United States,North America,English-speaking,Very high human development
Q690304,Q125293,Q96,Mexico,North America,Latin America,High human development
Q690338,Q65,Q30,United States,North America,English-speaking,Very high human development
Q691479,Q48958,Q142,France,Europe,Catholic Europe,Very high human development
Q691796,Q1348,Q668,India,Asia,Indosphere,Medium human development
Q691796,Q1348,Q129286,,{},{},{}
Q691796,Q1348,Q2001966,,{},{},{}
Q692181,Q490,Q38,Italy,Europe,Catholic Europe,Very high human development
Q692181,Q490,Q172579,,{},{},{}
Q692181,Q490,Q131964,,{},{},{}
Q692181,Q490,Q165154,,{},{},{}
Q692181,Q490,Q223936,,{},{},{}
Q692181,Q490,Q723118,,{},{},{}
Q692181,Q490,Q213353,,{},{},{}
Q692181,Q490,Q729481,,{},{},{}
Q692181,Q490,Q153529,,{},{},{}
Q692181,Q490,Q15890801,,{},{},{}
Q692181,Q490,Q80702,,{},{},{}
Q692219,Q30,Q30,United States,North America,English-speaking,Very high human development
Q696666,Q8472483,Q148,People's Republic of China,Asia,Confucian,{}
Q696666,Q8472483,Q8733,,{},{},{}
Q696666,Q8472483,Q9903,,{},{},{}
Q696666,Q8472483,Q7313,,{},{},{}
Q696666,Q8472483,Q7462,,{},{},{}
Q696666,Q8472483,Q9683,,{},{},{}
Q697008,Q6918052,Q17,Japan,Asia,West & South Asia,Very high human development
Q697741,Q3711,Q171150,,{},{},{}
Q697741,Q3711,Q12560,,{},{},{}
Q697741,Q3711,Q153136,,{},{},{}
Q697741,Q3711,Q12560,,{},{},{}
Q697741,Q3711,Q684030,,{},{},{}
Q697741,Q3711,Q241748,,{},{},{}
Q697741,Q3711,Q191077,,{},{},{}
Q697741,Q3711,Q701914,,{},{},{}
Q697741,Q3711,Q191077,,{},{},{}
Q697741,Q3711,Q83286,,{},{},{}
Q697741,Q3711,Q838261,,{},{},{}
Q697741,Q3711,Q37024,,{},{},{}
Q697741,Q3711,Q403,Serbia,Europe,Orthodox Europe,Very high human development
Q697741,Q3711,Q1290149,,{},{},{}
Q697741,Q3711,Q12560,,{},{},{}
Q697741,Q3711,Q16086793,,{},{},{}
Q697943,Q15915511,Q188712,,{},{},{}
Q698372,Q30002,Q148,People's Republic of China,Asia,Confucian,{}
Q699393,Q2573679,Q262,Algeria,Africa,African-Islamic,High human development
Q699393,Q2573679,Q142,France,Europe,Catholic Europe,Very high human development
Q699401,Q376476,Q142,France,Europe,Catholic Europe,Very high human development
Q699722,Q956,Q148,People's Republic of China,Asia,Confucian,{}
Q699722,Q956,Q13426199,,{},{},{}
Q699722,Q956,Q696242,,{},{},{}
Q699722,Q956,Q704714,,{},{},{}
Q699722,Q956,Q13426199,,{},{},{}
Q699722,Q956,Q814959,,{},{},{}
Q699722,Q956,Q8733,,{},{},{}
Q699722,Q956,Q9903,,{},{},{}
Q700616,Q84,Q2277,,{},{},{}
Q700616,Q84,Q110888,,{},{},{}
Q700616,Q84,Q105092,,{},{},{}
Q700616,Q84,Q105313,,{},{},{}
Q700616,Q84,Q179876,,{},{},{}
Q700616,Q84,Q161885,,{},{},{}
Q700616,Q84,Q174193,,{},{},{}
Q700616,Q84,Q145,United Kingdom,Europe,English-speaking,Very high human development
Q700821,Q19853960,Q137816,,{},{},{}
Q702268,Q18537031,Q218,Romania,Europe,Catholic Europe,Very high human development
Q702468,Q8757,Q29,Spain,Europe,Catholic Europe,Very high human development
Q703476,Q24826,Q145,United Kingdom,Europe,English-speaking,Very high human development
Q703935,Q288781,Q145,United Kingdom,Europe,English-speaking,Very high human development
Q703935,Q288781,Q174193,,{},{},{}
Q703935,Q288781,Q161885,,{},{},{}
Q703935,Q288781,Q179876,,{},{},{}
Q704294,Q2634,Q38,Italy,Europe,Catholic Europe,Very high human development
Q704294,Q2634,Q180393,,{},{},{}
Q704294,Q2634,Q173065,,{},{},{}
Q704294,Q2634,Q514423,,{},{},{}
Q704294,Q2634,Q173065,,{},{},{}
Q704294,Q2634,Q1051600,,{},{},{}
Q704294,Q2634,Q188586,,{},{},{}
Q704553,Q1838999,Q30,United States,North America,English-speaking,Very high human development
Q704768,Q2751,Q38,Italy,Europe,Catholic Europe,Very high human development
Q704768,Q2751,Q736727,,{},{},{}
Q704860,Q131491,Q145,United Kingdom,Europe,English-speaking,Very high human development
Q704860,Q131491,Q174193,,{},{},{}
Q705022,Q33486,Q30,United States,North America,English-speaking,Very high human development
Q705058,Q492796,Q30,United States,North America,English-speaking,Very high human development
Q705074,Q1866604,Q953,Zambia,{},{},Medium human development
Q705464,Q22125933,Q17,Japan,Asia,West & South Asia,Very high human development
Q705827,Q42053,Q794,Iran,Asia,African-Islamic,{}
Q705999,Q1345,Q30,United States,North America,English-speaking,Very high human development
Q706016,Q8646,Q148,People's Republic of China,Asia,Confucian,{}
Q706016,Q8646,Q8680,,{},{},{}
Q706196,Q776450,Q17,Japan,Asia,West & South Asia,Very high human development
Q706258,Q210661,Q17,Japan,Asia,West & South Asia,Very high human development
Q706258,Q11546436,Q17,Japan,Asia,West & South Asia,Very high human development
Q706272,Q48278,Q739,Colombia,South America,Latin America,High human development
Q706445,Q487931,Q16,Canada,North America,English-speaking,Very high human development
Q706445,Q1904,Q16,Canada,North America,English-speaking,Very high human development
Q706445,Q3455555,Q16,Canada,North America,English-speaking,Very high human development
Q706516,Q2807,Q29,Spain,Europe,Catholic Europe,Very high human development
Q706658,Q107392,Q20,Norway,Europe,Protestant Europe,Very high human development
Q706668,Q5465,Q258,South Africa,Africa,Sub-Saharan Africa,High human development
Q706668,Q5465,Q193619,,{},{},{}
Q706668,Q5465,Q370736,,{},{},{}
Q706785,Q23482,Q142,France,Europe,Catholic Europe,Very high human development
Q706794,Q84,Q2277,,{},{},{}
Q706794,Q84,Q110888,,{},{},{}
Q706794,Q84,Q105092,,{},{},{}
Q706794,Q84,Q105313,,{},{},{}
Q706794,Q84,Q179876,,{},{},{}
Q706794,Q84,Q161885,,{},{},{}
Q706794,Q84,Q174193,,{},{},{}
Q706794,Q84,Q145,United Kingdom,Europe,English-speaking,Very high human development
Q706856,Q1425428,Q145,United Kingdom,Europe,English-speaking,Very high human development
Q706856,Q1425428,Q179876,,{},{},{}
Q706856,Q1425428,Q174193,,{},{},{}
Q706856,Q1425428,Q161885,,{},{},{}
Q706856,Q216372,Q145,United Kingdom,Europe,English-speaking,Very high human development
Q706935,Q246884,Q145,United Kingdom,Europe,English-speaking,Very high human development
Q706935,Q246884,Q179876,,{},{},{}
Q706935,Q665489,Q145,United Kingdom,Europe,English-speaking,Very high human development
Q706999,Q18767669,Q159,Russia,Europe,Orthodox Europe,{}
Q707117,Q724,Q30,United States,North America,English-speaking,Very high human development
Q707333,Q1342,Q30,United States,North America,English-speaking,Very high human development
Q707796,Q1615894,Q145,United Kingdom,Europe,English-speaking,Very high human development
Q708157,Q8652,Q30,United States,North America,English-speaking,Very high human development
Q708198,Q285599,Q30,United States,North America,English-speaking,Very high human development
Q708473,Q178855,Q218,Romania,Europe,Catholic Europe,Very high human development
Q708473,Q178855,Q958291,,{},{},{}
Q708473,Q178855,Q10957559,,{},{},{}
Q708473,Q178855,Q842794,,{},{},{}
Q708473,Q178855,Q2685298,,{},{},{}
Q708473,Q178855,Q203493,,{},{},{}
Q708581,Q39709,Q30,United States,North America,English-speaking,Very high human development
Q708647,Q206837,Q142,France,Europe,Catholic Europe,Very high human development
Q708679,Q11725,Q148,People's Republic of China,Asia,Confucian,{}
Q708679,Q11725,Q13426199,,{},{},{}
Q709295,Q2195634,Q30,United States,North America,English-speaking,Very high human development
Q709368,Q60,Q30,United States,North America,English-speaking,Very high human development
Q709534,Q1930,Q16,Canada,North America,English-speaking,Very high human development
Q709636,Q79867,Q30,United States,North America,English-speaking,Very high human development
Q709751,Q60,Q30,United States,North America,English-speaking,Very high human development
Q710334,Q60,Q30,United States,North America,English-speaking,Very high human development
Q710435,Q7127957,Q30,United States,North America,English-speaking,Very high human development
Q710519,Q4970,Q148,People's Republic of China,Asia,Confucian,{}
Q710823,Q3141,Q408,Australia,Australia,English-speaking,Very high human development
Q710876,Q7473516,Q17,Japan,Asia,West & South Asia,Very high human development
Q711137,Q5083,Q30,United States,North America,English-speaking,Very high human development
Q711312,Q84,Q2277,,{},{},{}
Q711312,Q84,Q110888,,{},{},{}
Q711312,Q84,Q105092,,{},{},{}
Q711312,Q84,Q105313,,{},{},{}
Q711312,Q84,Q179876,,{},{},{}
Q711312,Q84,Q161885,,{},{},{}
Q711312,Q84,Q174193,,{},{},{}
Q711312,Q84,Q145,United Kingdom,Europe,English-speaking,Very high human development
Q711479,Q42956,Q148,People's Republic of China,Asia,Confucian,{}
Q711479,Q42956,Q13426199,,{},{},{}
Q711479,Q42956,Q30623,,{},{},{}
Q711479,Q42956,Q13426199,,{},{},{}
Q711479,Q42956,Q12060881,,{},{},{}
Q711558,Q60,Q30,United States,North America,English-speaking,Very high human development
Q711701,Q1731,Q183,Germany,Europe,Catholic Europe,Very high human development
Q711701,Q1731,Q156199,,{},{},{}
Q711701,Q1731,Q153015,,{},{},{}
Q711701,Q1731,Q1206012,,{},{},{}
Q711701,Q1731,Q55300,,{},{},{}
Q711701,Q1731,Q16957,,{},{},{}
Q711701,Q1731,Q12548,,{},{},{}
Q711701,Q1731,Q170180,,{},{},{}
Q711701,Q1731,Q150981,,{},{},{}
Q711830,Q5465,Q258,South Africa,Africa,Sub-Saharan Africa,High human development
Q711830,Q5465,Q193619,,{},{},{}
Q711830,Q5465,Q370736,,{},{},{}
Q711909,Q138338,Q30,United States,North America,English-speaking,Very high human development
Q711926,Q47164,Q30,United States,North America,English-speaking,Very high human development
Q712191,Q84,Q2277,,{},{},{}
Q712191,Q84,Q110888,,{},{},{}
Q712191,Q84,Q105092,,{},{},{}
Q712191,Q84,Q105313,,{},{},{}
Q712191,Q84,Q179876,,{},{},{}
Q712191,Q84,Q161885,,{},{},{}
Q712191,Q84,Q174193,,{},{},{}
Q712191,Q84,Q145,United Kingdom,Europe,English-speaking,Very high human development
Q712555,Q491340,Q30,United States,North America,English-speaking,Very high human development
Q712596,Q1166,Q30,United States,North America,English-speaking,Very high human development
Q712653,Q31469957,Q31,Belgium,Europe,Catholic Europe,Very high human development
Q712675,Q1297,Q30,United States,North America,English-speaking,Very high human development
Q712734,Q35581,Q17,Japan,Asia,West & South Asia,Very high human development
Q712734,Q35581,Q188712,,{},{},{}
Q712741,Q189328,Q219,Bulgaria,Europe,{},Very high human development
Q712741,Q189328,Q12560,,{},{},{}
Q712746,Q1297,Q30,United States,North America,English-speaking,Very high human development
Q712791,Q742785,Q30,United States,North America,English-speaking,Very high human development
Q713110,Q25286,Q34,Sweden,Europe,Protestant Europe,Very high human development
Q713196,Q656,Q159,Russia,Europe,Orthodox Europe,{}
Q713196,Q656,Q15180,,{},{},{}
Q713196,Q656,Q2305208,,{},{},{}
Q713196,Q656,Q34266,,{},{},{}
Q713196,Q656,Q139319,,{},{},{}
Q713196,Q656,Q186096,,{},{},{}
Q713284,Q12460,Q31,Belgium,Europe,Catholic Europe,Very high human development
Q713284,Q31824079,Q31,Belgium,Europe,Catholic Europe,Very high human development
Q713658,Q2526316,Q215,Slovenia,Europe,Catholic Europe,Very high human development
Q713778,Q84,Q2277,,{},{},{}
Q713778,Q84,Q110888,,{},{},{}
Q713778,Q84,Q105092,,{},{},{}
Q713778,Q84,Q105313,,{},{},{}
Q713778,Q84,Q179876,,{},{},{}
Q713778,Q84,Q161885,,{},{},{}
Q713778,Q84,Q174193,,{},{},{}
Q713778,Q84,Q145,United Kingdom,Europe,English-speaking,Very high human development
Q713824,Q1025593,Q145,United Kingdom,Europe,English-speaking,Very high human development
Q714153,Q60,Q30,United States,North America,English-speaking,Very high human development
Q714250,Q988112,Q30,United States,North America,English-speaking,Very high human development
Q714485,Q485708,Q30,United States,North America,English-speaking,Very high human development
Q714712,Q217161,Q142,France,Europe,Catholic Europe,Very high human development
Q715241,Q1345,Q30,United States,North America,English-speaking,Very high human development
Q715256,Q828736,Q30,United States,North America,English-speaking,Very high human development
Q715505,Q41819,Q30,United States,North America,English-speaking,Very high human development
Q715692,Q653636,Q30,United States,North America,English-speaking,Very high human development
Q715796,Q2332842,Q145,United Kingdom,Europe,English-speaking,Very high human development
Q715814,Q38022,Q30,United States,North America,English-speaking,Very high human development
Q715945,Q3115091,Q225,Bosnia and Herzegovina,Europe,Orthodox Europe,Very high human development
Q715945,Q3115091,Q12560,,{},{},{}
Q716696,Q209809,Q218,Romania,Europe,Catholic Europe,Very high human development
Q716696,Q209809,Q28513,,{},{},{}
Q716696,Q209809,Q131964,,{},{},{}
Q716696,Q209809,Q153136,,{},{},{}
Q716696,Q209809,Q655621,,{},{},{}
Q716696,Q209809,Q842794,,{},{},{}
Q716696,Q209809,Q2685298,,{},{},{}
Q716696,Q209809,Q203493,,{},{},{}
Q716696,Q209809,Q516160,,{},{},{}
Q716696,Q209809,Q625380,,{},{},{}
Q716696,Q209809,Q16056854,,{},{},{}
Q717071,Q271395,Q30,United States,North America,English-speaking,Very high human development
Q717175,Q5644746,Q30,United States,North America,English-speaking,Very high human development
Q717204,Q84,Q2277,,{},{},{}
Q717204,Q84,Q110888,,{},{},{}
Q717204,Q84,Q105092,,{},{},{}
Q717204,Q84,Q105313,,{},{},{}
Q717204,Q84,Q179876,,{},{},{}
Q717204,Q84,Q161885,,{},{},{}
Q717204,Q84,Q174193,,{},{},{}
Q717204,Q84,Q145,United Kingdom,Europe,English-speaking,Very high human development
Q717520,Q7195881,Q145,United Kingdom,Europe,English-speaking,Very high human development
Q717602,Q3462367,Q16,Canada,North America,English-speaking,Very high human development
Q717771,Q1756813,Q30,United States,North America,English-speaking,Very high human development
Q717878,Q25739,Q822,Lebanon,Asia,African-Islamic,High human development
Q717936,Q35765,Q17,Japan,Asia,West & South Asia,Very high human development
Q718081,Q7003,Q142,France,Europe,Catholic Europe,Very high human development
Q718262,Q763595,Q1033,Nigeria,Africa,Sub-Saharan Africa,Medium human development
Q718262,Q682721,Q1033,Nigeria,Africa,Sub-Saharan Africa,Medium human development
Q718463,Q36091,Q30,United States,North America,English-speaking,Very high human development
Q718665,Q18419,Q30,United States,North America,English-speaking,Very high human development
Q719046,Q84,Q2277,,{},{},{}
Q719046,Q84,Q110888,,{},{},{}
Q719046,Q84,Q105092,,{},{},{}
Q719046,Q84,Q105313,,{},{},{}
Q719046,Q84,Q179876,,{},{},{}
Q719046,Q84,Q161885,,{},{},{}
Q719046,Q84,Q174193,,{},{},{}
Q719046,Q84,Q145,United Kingdom,Europe,English-speaking,Very high human development
Q719250,Q35765,Q17,Japan,Asia,West & South Asia,Very high human development
Q719545,Q3238,Q783,Honduras,North America,Latin America,Medium human development
Q719649,Q25319,Q35,Denmark,Europe,Protestant Europe,Very high human development
Q719735,Q244324,Q29,Spain,Europe,Catholic Europe,Very high human development
Q720182,Q128349,Q30,United States,North America,English-speaking,Very high human development
Q720182,Q1439,Q30,United States,North America,English-speaking,Very high human development
Q720199,Q2868,Q419,Peru,South America,Latin America,High human development
Q720242,Q1594054,Q30,United States,North America,English-speaking,Very high human development
Q720306,Q23154,Q145,United Kingdom,Europe,English-speaking,Very high human development
Q720306,Q23154,Q174193,,{},{},{}
Q720306,Q23154,Q161885,,{},{},{}
Q720306,Q23154,Q179876,,{},{},{}
Q720317,Q474605,Q145,United Kingdom,Europe,English-speaking,Very high human development
Q720370,Q702161,Q142,France,Europe,Catholic Europe,Very high human development
Q720435,Q61,Q30,United States,North America,English-speaking,Very high human development
Q720562,Q54140,Q30,United States,North America,English-speaking,Very high human development
Q720669,Q865,Q865,Taiwan,Asia,Confucian,{}
Q720779,Q43196,Q30,United States,North America,English-speaking,Very high human development
Q720782,Q2256,Q145,United Kingdom,Europe,English-speaking,Very high human development
Q720782,Q2256,Q174193,,{},{},{}
Q720782,Q2256,Q161885,,{},{},{}
Q720782,Q2256,Q179876,,{},{},{}
Q720782,Q397343,Q145,United Kingdom,Europe,English-speaking,Very high human development
Q720797,Q1211,Q30,United States,North America,English-speaking,Very high human development
Q720806,Q4093,Q145,United Kingdom,Europe,English-speaking,Very high human development
Q720806,Q4093,Q174193,,{},{},{}
Q720806,Q4093,Q161885,,{},{},{}
Q720806,Q4093,Q230791,,{},{},{}
Q720806,Q4093,Q145,United Kingdom,Europe,English-speaking,Very high human development
Q721013,Q1297,Q30,United States,North America,English-speaking,Very high human development
Q721268,Q1645069,Q30,United States,North America,English-speaking,Very high human development
Q721345,Q6225,Q145,United Kingdom,Europe,English-speaking,Very high human development
Q721578,Q33486,Q30,United States,North America,English-speaking,Very high human development
Q721578,Q30,Q30,United States,North America,English-speaking,Very high human development
Q721753,Q12716720,Q20,Norway,Europe,Protestant Europe,Very high human development
Q721999,Q1439,Q30,United States,North America,English-speaking,Very high human development
Q722103,Q3761,Q117,Ghana,Africa,Sub-Saharan Africa,Medium human development
Q722103,Q3761,Q503623,,{},{},{}
Q722103,Q3761,Q200464,,{},{},{}
Q722202,Q33935,Q801,Israel,Asia,West & South Asia,Very high human development
Q722202,Q33935,Q193714,,{},{},{}
Q722202,Q33935,Q7075820,,{},{},{}
Q722202,Q33935,Q12560,,{},{},{}
Q723159,Q37320,Q30,United States,North America,English-speaking,Very high human development
Q723354,Q80053,Q794,Iran,Asia,African-Islamic,{}
Q723354,Q80053,Q83891,,{},{},{}
Q723354,Q80053,Q7418448,,{},{},{}
Q723354,Q80053,Q178084,,{},{},{}
Q723354,Q80053,Q324470,,{},{},{}
Q723354,Q80053,Q555994,,{},{},{}
Q723354,Q80053,Q18234383,,{},{},{}
Q723374,Q43421,Q30,United States,North America,English-speaking,Very high human development
Q723439,Q18013,Q30,United States,North America,English-speaking,Very high human development
Q723468,Q693913,Q29,Spain,Europe,Catholic Europe,Very high human development
Q723591,Q30,Q30,United States,North America,English-speaking,Very high human development
Q723621,Q288,Q142,France,Europe,Catholic Europe,Very high human development
Q723621,Q288,Q46370,,{},{},{}
Q723621,Q288,Q146246,,{},{},{}
Q723761,Q2868,Q419,Peru,South America,Latin America,High human development
Q723839,Q388224,Q227,Azerbaijan,Asia,West & South Asia,High human development
Q723839,Q388224,Q131337,,{},{},{}
Q723839,Q388224,Q206411,,{},{},{}
Q723839,Q388224,Q34266,,{},{},{}
Q724395,Q128069,Q30,United States,North America,English-speaking,Very high human development
Q724672,Q13362,Q38,Italy,Europe,Catholic Europe,Very high human development
Q724672,Q13362,Q170174,,{},{},{}
Q724786,Q113464,Q16,Canada,North America,English-speaking,Very high human development
Q724874,Q48320,Q17,Japan,Asia,West & South Asia,Very high human development
Q725065,Q1345,Q30,United States,North America,English-speaking,Very high human development
Q725248,Q202973,Q16,Canada,North America,English-speaking,Very high human development
Q725344,Q22905,Q145,United Kingdom,Europe,English-speaking,Very high human development
Q725395,Q11299,Q30,United States,North America,English-speaking,Very high human development
Q725421,Q41262,Q145,United Kingdom,Europe,English-speaking,Very high human development
Q725445,Q660002,Q142,France,Europe,Catholic Europe,Very high human development
Q725475,Q42418318,Q31,Belgium,Europe,Catholic Europe,Very high human development
Q726071,Q913225,Q30,United States,North America,English-speaking,Very high human development
Q726177,Q165972,Q30,United States,North America,English-speaking,Very high human development
Q726194,Q1190876,Q145,United Kingdom,Europe,English-speaking,Very high human development
Q726529,Q2807,Q29,Spain,Europe,Catholic Europe,Very high human development
Q726581,Q192859,Q31,Belgium,Europe,Catholic Europe,Very high human development
Q726865,Q43196,Q30,United States,North America,English-speaking,Very high human development
Q726967,Q44160,Q142,France,Europe,Catholic Europe,Very high human development
Q727079,Q60,Q30,United States,North America,English-speaking,Very high human development
Q727148,Q841244,Q155,Brazil,South America,Latin America,High human development
Q727331,Q7981602,Q30,United States,North America,English-speaking,Very high human development
Q727416,Q8818,Q29,Spain,Europe,Catholic Europe,Very high human development
Q727416,Q8818,Q204920,,{},{},{}
Q727705,Q82174,Q28513,,{},{},{}
Q727705,Q82174,Q131964,,{},{},{}
Q727705,Q82174,Q153136,,{},{},{}
Q727705,Q82174,Q655621,,{},{},{}
Q727705,Q82174,Q625380,,{},{},{}
Q727705,Q82174,Q516160,,{},{},{}
Q727705,Q82174,Q2685298,,{},{},{}
Q727705,Q82174,Q203493,,{},{},{}
Q727705,Q82174,Q842794,,{},{},{}
Q727705,Q82174,Q218,Romania,Europe,Catholic Europe,Very high human development
Q727705,Q82174,Q16056854,,{},{},{}
Q727717,Q14317,Q29,Spain,Europe,Catholic Europe,Very high human development
Q727856,Q23092,Q145,United Kingdom,Europe,English-speaking,Very high human development
Q728348,Q7420331,Q96,Mexico,North America,Latin America,High human development
Q728348,Q2465593,Q96,Mexico,North America,Latin America,High human development
Q728405,Q12892,Q31,Belgium,Europe,Catholic Europe,Very high human development
Q728405,Q12892,Q622783,,{},{},{}
Q728405,Q12892,Q1031430,,{},{},{}
Q728405,Q12892,Q700283,,{},{},{}
Q728558,Q215030,Q145,United Kingdom,Europe,English-speaking,Very high human development
Q728558,Q880861,Q145,United Kingdom,Europe,English-speaking,Very high human development
Q729117,Q43196,Q30,United States,North America,English-speaking,Very high human development
Q729121,Q4093,Q145,United Kingdom,Europe,English-speaking,Very high human development
Q729121,Q4093,Q174193,,{},{},{}
Q729121,Q4093,Q161885,,{},{},{}
Q729121,Q4093,Q230791,,{},{},{}
Q729121,Q4093,Q145,United Kingdom,Europe,English-speaking,Very high human development
Q729541,Q5130128,Q145,United Kingdom,Europe,English-speaking,Very high human development
Q729951,Q1588,Q30,United States,North America,English-speaking,Very high human development
Q730116,Q205380,Q30,United States,North America,English-speaking,Very high human development
Q730223,Q124204,Q145,United Kingdom,Europe,English-speaking,Very high human development
Q731036,Q1646181,Q145,United Kingdom,Europe,English-speaking,Very high human development
Q731146,Q1339305,Q145,United Kingdom,Europe,English-speaking,Very high human development
Q732128,Q2868,Q419,Peru,South America,Latin America,High human development
Q732338,Q1156,Q668,India,Asia,Indosphere,Medium human development
Q732338,Q1156,Q200464,,{},{},{}
Q732338,Q1156,Q179876,,{},{},{}
Q732338,Q1156,Q2001966,,{},{},{}
Q732338,Q1156,Q129286,,{},{},{}
Q732434,Q1113311,Q843,Pakistan,Asia,Indosphere,Low human development
Q732434,Q1113311,Q129286,,{},{},{}
Q732434,Q1113311,Q83572,,{},{},{}
Q732434,Q1113311,Q467627,,{},{},{}
Q732513,Q8678,Q155,Brazil,South America,Latin America,High human development
Q732550,Q7232880,Q1006,Guinea,{},{},Low human development
Q732568,Q1183693,Q30,United States,North America,English-speaking,Very high human development
Q732618,Q223186,Q142,France,Europe,Catholic Europe,Very high human development
Q732668,Q90,Q142,France,Europe,Catholic Europe,Very high human development
Q732668,Q90,Q70972,,{},{},{}
Q732668,Q90,Q146246,,{},{},{}
Q732668,Q90,Q2748708,,{},{},{}
Q732668,Q90,Q142,France,Europe,Catholic Europe,Very high human development
Q732668,Q90,Q71084,,{},{},{}
Q732668,Q90,Q58296,,{},{},{}
Q732729,Q1434194,Q142,France,Europe,Catholic Europe,Very high human development
Q732980,Q340,Q16,Canada,North America,English-speaking,Very high human development
Q733112,Q90,Q142,France,Europe,Catholic Europe,Very high human development
Q733112,Q90,Q70972,,{},{},{}
Q733112,Q90,Q146246,,{},{},{}
Q733112,Q90,Q2748708,,{},{},{}
Q733112,Q90,Q142,France,Europe,Catholic Europe,Very high human development
Q733112,Q90,Q71084,,{},{},{}
Q733112,Q90,Q58296,,{},{},{}
Q733151,Q126898,Q142,France,Europe,Catholic Europe,Very high human development
Q733161,Q90,Q142,France,Europe,Catholic Europe,Very high human development
Q733161,Q90,Q70972,,{},{},{}
Q733161,Q90,Q146246,,{},{},{}
Q733161,Q90,Q2748708,,{},{},{}
Q733161,Q90,Q142,France,Europe,Catholic Europe,Very high human development
Q733161,Q90,Q71084,,{},{},{}
Q733161,Q90,Q58296,,{},{},{}
Q733174,Q504853,Q142,France,Europe,Catholic Europe,Very high human development
Q733235,Q90,Q142,France,Europe,Catholic Europe,Very high human development
Q733235,Q90,Q70972,,{},{},{}
Q733235,Q90,Q146246,,{},{},{}
Q733235,Q90,Q2748708,,{},{},{}
Q733235,Q90,Q142,France,Europe,Catholic Europe,Very high human development
Q733235,Q90,Q71084,,{},{},{}
Q733235,Q90,Q58296,,{},{},{}
Q733235,Q377932,Q142,France,Europe,Catholic Europe,Very high human development
Q733393,Q951439,Q79,Egypt,Africa,African-Islamic,High human development
Q733417,Q216638,Q145,United Kingdom,Europe,English-speaking,Very high human development
Q733547,Q40104,Q142,France,Europe,Catholic Europe,Very high human development
Q733850,Q16555,Q30,United States,North America,English-speaking,Very high human development
Q734018,Q30669,Q79,Egypt,Africa,African-Islamic,High human development
Q734092,Q2868,Q419,Peru,South America,Latin America,High human development
Q734278,Q2256,Q145,United Kingdom,Europe,English-speaking,Very high human development
Q734278,Q2256,Q174193,,{},{},{}
Q734278,Q2256,Q161885,,{},{},{}
Q734278,Q2256,Q179876,,{},{},{}
Q734397,Q732971,Q29,Spain,Europe,Catholic Europe,Very high human development
Q736123,Q931656,Q30,United States,North America,English-speaking,Very high human development
Q736137,Q24861,Q30,United States,North America,English-speaking,Very high human development
Q736143,Q79676,Q30,United States,North America,English-speaking,Very high human development
Q736343,Q493794,Q30,United States,North America,English-speaking,Very high human development
Q736447,Q986013,Q30,United States,North America,English-speaking,Very high human development
Q736570,Q503336,Q30,United States,North America,English-speaking,Very high human development
Q736597,Q220,Q38,Italy,Europe,Catholic Europe,Very high human development
Q736597,Q220,Q170174,,{},{},{}
Q736597,Q220,Q3755547,,{},{},{}
Q736597,Q220,Q583038,,{},{},{}
Q736597,Q220,Q12544,,{},{},{}
Q736597,Q220,Q172579,,{},{},{}
Q736597,Q220,Q201038,,{},{},{}
Q736597,Q220,Q17167,,{},{},{}
Q736597,Q220,Q2277,,{},{},{}
Q736597,Q220,Q42834,,{},{},{}
Q736597,Q220,Q237,Vatican City,{},{},{}
Q736900,Q597,Q45,Portugal,Europe,Catholic Europe,Very high human development
Q736900,Q597,Q17167,,{},{},{}
Q736900,Q597,Q1048918,,{},{},{}
Q736900,Q597,Q126936,,{},{},{}
Q736900,Q597,Q8575586,,{},{},{}
Q736900,Q597,Q1337854,,{},{},{}
Q736900,Q597,Q171740,,{},{},{}
Q736900,Q597,Q276841,,{},{},{}
Q736900,Q597,Q2620565,,{},{},{}
Q736900,Q597,Q276841,,{},{},{}
Q736900,Q597,Q75613,,{},{},{}
Q736990,Q1758503,Q29,Spain,Europe,Catholic Europe,Very high human development
Q737191,Q380096,Q115,Ethiopia,Africa,Sub-Saharan Africa,Low human development
Q737265,Q41211,Q30,United States,North America,English-speaking,Very high human development
Q737570,Q305076,Q145,United Kingdom,Europe,English-speaking,Very high human development
Q738114,Q11194,Q225,Bosnia and Herzegovina,Europe,Orthodox Europe,Very high human development
Q738114,Q11194,Q83286,,{},{},{}
Q738114,Q11194,Q191077,,{},{},{}
Q738114,Q11194,Q153128,,{},{},{}
Q738114,Q11194,Q191077,,{},{},{}
Q738114,Q11194,Q718374,,{},{},{}
Q738114,Q11194,Q28513,,{},{},{}
Q738114,Q11194,Q12560,,{},{},{}
Q738114,Q11194,Q609233,,{},{},{}
Q738248,Q60,Q30,United States,North America,English-speaking,Very high human development
Q738911,Q36091,Q30,United States,North America,English-speaking,Very high human development
Q739129,Q194087,Q17,Japan,Asia,West & South Asia,Very high human development
Q739385,Q26339,Q30,United States,North America,English-speaking,Very high human development
Q739555,Q48958,Q142,France,Europe,Catholic Europe,Very high human development
Q739973,Q3354,Q142,France,Europe,Catholic Europe,Very high human development
Q740130,Q2807,Q29,Spain,Europe,Catholic Europe,Very high human development
Q740256,Q13490,Q29,Spain,Europe,Catholic Europe,Very high human development
Q740374,Q200126,Q142,France,Europe,Catholic Europe,Very high human development
Q740374,Q90,Q142,France,Europe,Catholic Europe,Very high human development
Q740374,Q90,Q70972,,{},{},{}
Q740374,Q90,Q146246,,{},{},{}
Q740374,Q90,Q2748708,,{},{},{}
Q740374,Q90,Q142,France,Europe,Catholic Europe,Very high human development
Q740374,Q90,Q71084,,{},{},{}
Q740374,Q90,Q58296,,{},{},{}
Q740928,Q62,Q30,United States,North America,English-speaking,Very high human development
Q741508,Q60,Q30,United States,North America,English-speaking,Very high human development
Q741671,Q212406,Q142,France,Europe,Catholic Europe,Very high human development
Q741744,Q34370,Q55,Netherlands,Europe,Protestant Europe,Very high human development
Q741862,Q1308,Q38,Italy,Europe,Catholic Europe,Very high human development
Q741862,Q1308,Q2277,,{},{},{}
Q742170,Q21,Q145,United Kingdom,Europe,English-speaking,Very high human development
Q742170,Q21,Q174193,,{},{},{}
Q742170,Q21,Q161885,,{},{},{}
Q742622,Q623487,Q142,France,Europe,Catholic Europe,Very high human development
Q742632,Q49111,Q30,United States,North America,English-speaking,Very high human development
Q742918,Q179224,Q145,United Kingdom,Europe,English-speaking,Very high human development
Q743035,Q90,Q142,France,Europe,Catholic Europe,Very high human development
Q743035,Q90,Q70972,,{},{},{}
Q743035,Q90,Q146246,,{},{},{}
Q743035,Q90,Q2748708,,{},{},{}
Q743035,Q90,Q142,France,Europe,Catholic Europe,Very high human development
Q743035,Q90,Q71084,,{},{},{}
Q743035,Q90,Q58296,,{},{},{}
Q743035,Q175129,Q142,France,Europe,Catholic Europe,Very high human development
Q743079,Q334,Q8680,,{},{},{}
Q743079,Q334,Q334,Singapore,Asia,Confucian,Very high human development
Q743682,Q60,Q30,United States,North America,English-speaking,Very high human development
Q743767,Q200022,Q17,Japan,Asia,West & South Asia,Very high human development
Q744488,Q167141,Q142,France,Europe,Catholic Europe,Very high human development
Q744956,Q396590,Q224,Croatia,Europe,Catholic Europe,Very high human development
Q745244,Q84,Q2277,,{},{},{}
Q745244,Q84,Q110888,,{},{},{}
Q745244,Q84,Q105092,,{},{},{}
Q745244,Q84,Q105313,,{},{},{}
Q745244,Q84,Q179876,,{},{},{}
Q745244,Q84,Q161885,,{},{},{}
Q745244,Q84,Q174193,,{},{},{}
Q745244,Q84,Q145,United Kingdom,Europe,English-speaking,Very high human development
Q745363,Q2696182,Q213,Czech Republic,Europe,Orthodox Europe,{}
Q745528,Q90,Q142,France,Europe,Catholic Europe,Very high human development
Q745528,Q90,Q70972,,{},{},{}
Q745528,Q90,Q146246,,{},{},{}
Q745528,Q90,Q2748708,,{},{},{}
Q745528,Q90,Q142,France,Europe,Catholic Europe,Very high human development
Q745528,Q90,Q71084,,{},{},{}
Q745528,Q90,Q58296,,{},{},{}
Q745528,Q238723,Q142,France,Europe,Catholic Europe,Very high human development
Q746018,Q4413487,Q34,Sweden,Europe,Protestant Europe,Very high human development
Q746999,Q49236,Q30,United States,North America,English-speaking,Very high human development
Q747270,Q1441246,Q142,France,Europe,Catholic Europe,Very high human development
Q747284,Q40898,Q155019,,{},{},{}
Q747284,Q40898,Q142,France,Europe,Catholic Europe,Very high human development
Q749498,Q1017943,Q145,United Kingdom,Europe,English-speaking,Very high human development
Q749560,Q90,Q142,France,Europe,Catholic Europe,Very high human development
Q749560,Q90,Q70972,,{},{},{}
Q749560,Q90,Q146246,,{},{},{}
Q749560,Q90,Q2748708,,{},{},{}
Q749560,Q90,Q142,France,Europe,Catholic Europe,Very high human development
Q749560,Q90,Q71084,,{},{},{}
Q749560,Q90,Q58296,,{},{},{}
Q749714,Q642900,Q16,Canada,North America,English-speaking,Very high human development
Q750036,Q5092,Q30,United States,North America,English-speaking,Very high human development
Q751234,Q1010225,Q30,United States,North America,English-speaking,Very high human development
Q751592,Q2901513,Q30,United States,North America,English-speaking,Very high human development
Q752765,Q1187047,Q30,United States,North America,English-speaking,Very high human development
Q753365,Q1762816,Q30,United States,North America,English-speaking,Very high human development
Q758126,Q2152404,Q43,Turkey,Asia,West & South Asia,{}
Q759024,Q213814,Q30,United States,North America,English-speaking,Very high human development
Q760867,Q18419,Q30,United States,North America,English-speaking,Very high human development
Q761152,Q1400,Q30,United States,North America,English-speaking,Very high human development
Q761453,Q60,Q30,United States,North America,English-speaking,Very high human development
Q762719,Q1752868,Q29,Spain,Europe,Catholic Europe,Very high human development
Q763218,Q1297,Q30,United States,North America,English-speaking,Very high human development
Q763341,Q491533,Q30,United States,North America,English-speaking,Very high human development
Q764105,Q495,Q38,Italy,Europe,Catholic Europe,Very high human development
Q764105,Q495,Q165154,,{},{},{}
Q764105,Q495,Q426025,,{},{},{}
Q764105,Q495,Q1232887,,{},{},{}
Q764105,Q495,Q426488,,{},{},{}
Q764105,Q495,Q704484,,{},{},{}
Q764105,Q495,Q31929,,{},{},{}
Q764105,Q495,Q854415,,{},{},{}
Q764591,Q6106,Q30,United States,North America,English-speaking,Very high human development
Q764800,Q100,Q30,United States,North America,English-speaking,Very high human development
Q764800,Q100,Q2079909,,{},{},{}
Q764800,Q100,Q1191350,,{},{},{}
Q764889,Q85,Q79,Egypt,Africa,African-Islamic,High human development
Q764889,Q85,Q180114,,{},{},{}
Q764889,Q85,Q282428,,{},{},{}
Q764889,Q85,Q12560,,{},{},{}
Q764889,Q85,Q127861,,{},{},{}
Q764889,Q85,Q370173,,{},{},{}
Q764889,Q85,Q160307,,{},{},{}
Q765363,Q85,Q79,Egypt,Africa,African-Islamic,High human development
Q765363,Q85,Q180114,,{},{},{}
Q765363,Q85,Q282428,,{},{},{}
Q765363,Q85,Q12560,,{},{},{}
Q765363,Q85,Q127861,,{},{},{}
Q765363,Q85,Q370173,,{},{},{}
Q765363,Q85,Q160307,,{},{},{}
Q765423,Q2314977,Q30,United States,North America,English-speaking,Very high human development
Q765423,Q14709126,Q30,United States,North America,English-speaking,Very high human development
Q765747,Q3820,Q822,Lebanon,Asia,African-Islamic,High human development
Q765747,Q3820,Q108865218,,{},{},{}
Q765747,Q3820,Q108865226,,{},{},{}
Q765747,Q3820,Q7075820,,{},{},{}
Q765747,Q3820,Q12560,,{},{},{}
Q765755,Q1342,Q30,United States,North America,English-speaking,Very high human development
Q765918,Q23156,Q145,United Kingdom,Europe,English-speaking,Very high human development
Q766235,Q38283,Q17,Japan,Asia,West & South Asia,Very high human development
Q766723,Q462177,Q30,United States,North America,English-speaking,Very high human development
Q766768,Q90,Q142,France,Europe,Catholic Europe,Very high human development
Q766768,Q90,Q70972,,{},{},{}
Q766768,Q90,Q146246,,{},{},{}
Q766768,Q90,Q2748708,,{},{},{}
Q766768,Q90,Q142,France,Europe,Catholic Europe,Very high human development
Q766768,Q90,Q71084,,{},{},{}
Q766768,Q90,Q58296,,{},{},{}
Q767118,Q275118,Q142,France,Europe,Catholic Europe,Very high human development
Q767226,Q132705,Q17,Japan,Asia,West & South Asia,Very high human development
Q767437,Q1296,Q31,Belgium,Europe,Catholic Europe,Very high human development
Q767437,Q1296,Q15864,,{},{},{}
Q767437,Q1296,Q142,France,Europe,Catholic Europe,Very high human development
Q767437,Q1296,Q700283,,{},{},{}
Q767437,Q1296,Q622783,,{},{},{}
Q767437,Q1296,Q1031430,,{},{},{}
Q767437,Q1296,Q157109,,{},{},{}
Q767437,Q1296,Q157070,,{},{},{}
Q767439,Q1342,Q30,United States,North America,English-speaking,Very high human development
Q767547,Q166997,Q142,France,Europe,Catholic Europe,Very high human development
Q768296,Q1297,Q30,United States,North America,English-speaking,Very high human development
Q768776,Q1297,Q30,United States,North America,English-speaking,Very high human development
Q768810,Q60,Q30,United States,North America,English-speaking,Very high human development
Q768866,Q30,Q30,United States,North America,English-speaking,Very high human development
Q769236,Q1761606,Q155,Brazil,South America,Latin America,High human development
Q770423,Q158928,Q794,Iran,Asia,African-Islamic,{}
Q770929,Q92161,Q148,People's Republic of China,Asia,Confucian,{}
Q770929,Q92161,Q30623,,{},{},{}
Q771270,Q23436,Q145,United Kingdom,Europe,English-speaking,Very high human development
Q771270,Q23436,Q174193,,{},{},{}
Q771270,Q23436,Q161885,,{},{},{}
Q771270,Q23436,Q230791,,{},{},{}
Q771295,Q335506,Q77,Uruguay,South America,Latin America,Very high human development
Q771698,Q23220,Q145,United Kingdom,Europe,English-speaking,Very high human development
Q772240,Q42810,Q142,France,Europe,Catholic Europe,Very high human development
Q772618,Q1761,Q174193,,{},{},{}
Q772618,Q1761,Q215530,,{},{},{}
Q772618,Q1761,Q27,Ireland,Europe,English-speaking,Very high human development
Q772618,Q1761,Q31747,,{},{},{}
Q772618,Q1761,Q844250,,{},{},{}
Q773042,Q7880,Q142,France,Europe,Catholic Europe,Very high human development
Q773361,Q2145,Q16,Canada,North America,English-speaking,Very high human development
Q773389,Q16869,Q12544,,{},{},{}
Q773389,Q16869,Q178897,,{},{},{}
Q773389,Q16869,Q1747689,,{},{},{}
Q773389,Q16869,Q12560,,{},{},{}
Q773389,Q16869,Q43,Turkey,Asia,West & South Asia,{}
Q773828,Q2522343,Q754,Trinidad and Tobago,South America,Latin America,Very high human development
Q774280,Q478038,Q28,Hungary,Europe,Catholic Europe,Very high human development
Q774860,Q1345,Q30,United States,North America,English-speaking,Very high human development
Q776999,Q18419,Q30,United States,North America,English-speaking,Very high human development
Q777354,Q8717,Q29,Spain,Europe,Catholic Europe,Very high human development
Q777354,Q8717,Q276951,,{},{},{}
Q778347,Q849434,Q17,Japan,Asia,West & South Asia,Very high human development
Q778501,Q191066,Q142,France,Europe,Catholic Europe,Very high human development
Q778585,Q18419,Q30,United States,North America,English-speaking,Very high human development
Q778983,Q1072259,Q28,Hungary,Europe,Catholic Europe,Very high human development
Q779144,Q28726684,Q142,France,Europe,Catholic Europe,Very high human development
Q779248,Q463171,Q17,Japan,Asia,West & South Asia,Very high human development
Q779972,Q84,Q2277,,{},{},{}
Q779972,Q84,Q110888,,{},{},{}
Q779972,Q84,Q105092,,{},{},{}
Q779972,Q84,Q105313,,{},{},{}
Q779972,Q84,Q179876,,{},{},{}
Q779972,Q84,Q161885,,{},{},{}
Q779972,Q84,Q174193,,{},{},{}
Q779972,Q84,Q145,United Kingdom,Europe,English-speaking,Very high human development
Q780102,Q470594,Q16,Canada,North America,English-speaking,Very high human development
Q780739,Q1342,Q30,United States,North America,English-speaking,Very high human development
Q781094,Q523240,Q30,United States,North America,English-speaking,Very high human development
Q782738,Q2807,Q29,Spain,Europe,Catholic Europe,Very high human development
Q782813,Q1297,Q30,United States,North America,English-speaking,Very high human development
Q782991,Q128114,Q30,United States,North America,English-speaking,Very high human development
Q784797,Q2560090,Q30,United States,North America,English-speaking,Very high human development
Q785550,Q1603,Q30,United States,North America,English-speaking,Very high human development
Q786616,Q100,Q30,United States,North America,English-speaking,Very high human development
Q786616,Q100,Q2079909,,{},{},{}
Q786616,Q100,Q1191350,,{},{},{}
Q786927,Q65,Q30,United States,North America,English-speaking,Very high human development
Q787382,Q16555,Q30,United States,North America,English-speaking,Very high human development
Q791729,Q483235,Q30,United States,North America,English-speaking,Very high human development
Q792910,Q210205,Q28,Hungary,Europe,Catholic Europe,Very high human development
Q792910,Q210205,Q28513,,{},{},{}
Q792910,Q210205,Q171150,,{},{},{}
Q792956,Q243293,Q117,Ghana,Africa,Sub-Saharan Africa,Medium human development
Q793776,Q14424,Q28,Hungary,Europe,Catholic Europe,Very high human development
Q793808,Q11299,Q30,United States,North America,English-speaking,Very high human development
Q793808,Q60,Q30,United States,North America,English-speaking,Very high human development
Q793895,Q586762,Q30,United States,North America,English-speaking,Very high human development
Q794087,Q3348,Q142,France,Europe,Catholic Europe,Very high human development
Q794213,Q1320403,Q30,United States,North America,English-speaking,Very high human development
Q796362,Q1769542,Q30,United States,North America,English-speaking,Very high human development
Q797649,Q60,Q30,United States,North America,English-speaking,Very high human development
Q799227,Q11751,Q17,Japan,Asia,West & South Asia,Very high human development
Q799543,Q149787,Q145,United Kingdom,Europe,English-speaking,Very high human development
Q800187,Q81788,Q79,Egypt,Africa,African-Islamic,High human development
Q807448,Q1454,Q30,United States,North America,English-speaking,Very high human development
Q807448,Q659400,Q30,United States,North America,English-speaking,Very high human development
Q808178,Q577853,Q30,United States,North America,English-speaking,Very high human development
Q809012,Q25280,Q30,United States,North America,English-speaking,Very high human development
Q809020,Q7132514,Q664,New Zealand,Australia,English-speaking,Very high human development
Q809033,Q1408,Q30,United States,North America,English-speaking,Very high human development
Q809050,Q233129,Q30,United States,North America,English-speaking,Very high human development
Q809062,Q83065,Q145,United Kingdom,Europe,English-speaking,Very high human development
Q809062,Q83065,Q179876,,{},{},{}
Q809063,Q2037513,Q30,United States,North America,English-speaking,Very high human development
Q809093,Q852577,Q30,United States,North America,English-speaking,Very high human development
Q812105,Q1181684,Q30,United States,North America,English-speaking,Very high human development
Q813244,Q210476,Q145,United Kingdom,Europe,English-speaking,Very high human development
Q816409,Q23306,Q145,United Kingdom,Europe,English-speaking,Very high human development
Q816409,Q202088,Q145,United Kingdom,Europe,English-speaking,Very high human development
Q816429,Q172,Q16,Canada,North America,English-speaking,Very high human development
Q816553,Q1297,Q30,United States,North America,English-speaking,Very high human development
Q817380,Q60,Q30,United States,North America,English-speaking,Very high human development
Q817381,Q49156,Q30,United States,North America,English-speaking,Very high human development
Q817585,Q1261,Q30,United States,North America,English-speaking,Very high human development
Q817587,Q3761,Q117,Ghana,Africa,Sub-Saharan Africa,Medium human development
Q817587,Q3761,Q503623,,{},{},{}
Q817587,Q3761,Q200464,,{},{},{}
Q821018,Q329103,Q142,France,Europe,Catholic Europe,Very high human development
Q822155,Q851718,Q145,United Kingdom,Europe,English-speaking,Very high human development
Q822155,Q851718,Q179876,,{},{},{}
Q822793,Q49145,Q30,United States,North America,English-speaking,Very high human development
Q822971,Q8678,Q155,Brazil,South America,Latin America,High human development
Q823003,Q188905,Q155,Brazil,South America,Latin America,High human development
Q827708,Q331104,Q30,United States,North America,English-speaking,Very high human development
Q831125,Q504114,Q16,Canada,North America,English-speaking,Very high human development
Q835759,Q661038,Q17,Japan,Asia,West & South Asia,Very high human development
Q835759,Q34664,Q17,Japan,Asia,West & South Asia,Very high human development
Q835766,Q242108,Q17,Japan,Asia,West & South Asia,Very high human development
Q838661,Q25395,Q30,United States,North America,English-speaking,Very high human development
Q840990,Q35765,Q17,Japan,Asia,West & South Asia,Very high human development
Q841464,Q35765,Q17,Japan,Asia,West & South Asia,Very high human development
Q842334,Q7473516,Q17,Japan,Asia,West & South Asia,Very high human development
Q842464,Q35581,Q17,Japan,Asia,West & South Asia,Very high human development
Q842464,Q35581,Q188712,,{},{},{}
Q842534,Q6003003,Q17,Japan,Asia,West & South Asia,Very high human development
Q843541,Q1297,Q30,United States,North America,English-speaking,Very high human development
Q843699,Q11557222,Q17,Japan,Asia,West & South Asia,Very high human development
Q843830,Q496479,Q17,Japan,Asia,West & South Asia,Very high human development
Q843837,Q812,Q30,United States,North America,English-speaking,Very high human development
Q843837,Q49255,Q30,United States,North America,English-speaking,Very high human development
Q844318,Q1355506,Q17,Japan,Asia,West & South Asia,Very high human development
Q844318,Q35581,Q17,Japan,Asia,West & South Asia,Very high human development
Q844318,Q35581,Q188712,,{},{},{}
Q845622,Q80434,Q17,Japan,Asia,West & South Asia,Very high human development
Q848530,Q841125,Q17,Japan,Asia,West & South Asia,Very high human development
Q848716,Q956,Q148,People's Republic of China,Asia,Confucian,{}
Q848716,Q956,Q13426199,,{},{},{}
Q848716,Q956,Q696242,,{},{},{}
Q848716,Q956,Q704714,,{},{},{}
Q848716,Q956,Q13426199,,{},{},{}
Q848716,Q956,Q814959,,{},{},{}
Q848716,Q956,Q8733,,{},{},{}
Q848716,Q956,Q9903,,{},{},{}
Q848865,Q214056,Q17,Japan,Asia,West & South Asia,Very high human development
Q850141,Q84,Q2277,,{},{},{}
Q850141,Q84,Q110888,,{},{},{}
Q850141,Q84,Q105092,,{},{},{}
Q850141,Q84,Q105313,,{},{},{}
Q850141,Q84,Q179876,,{},{},{}
Q850141,Q84,Q161885,,{},{},{}
Q850141,Q84,Q174193,,{},{},{}
Q850141,Q84,Q145,United Kingdom,Europe,English-speaking,Very high human development
Q851805,Q320514,Q30,United States,North America,English-speaking,Very high human development
Q852306,Q491461,Q30,United States,North America,English-speaking,Very high human development
Q854737,Q320943,Q17,Japan,Asia,West & South Asia,Very high human development
Q856014,Q23436,Q145,United Kingdom,Europe,English-speaking,Very high human development
Q856014,Q23436,Q174193,,{},{},{}
Q856014,Q23436,Q161885,,{},{},{}
Q856014,Q23436,Q230791,,{},{},{}
Q857714,Q19660,Q389004,,{},{},{}
Q857714,Q19660,Q958291,,{},{},{}
Q857714,Q19660,Q203493,,{},{},{}
Q857714,Q19660,Q2685298,,{},{},{}
Q857714,Q19660,Q842794,,{},{},{}
Q857714,Q19660,Q218,Romania,Europe,Catholic Europe,Very high human development
Q859065,Q5083,Q30,United States,North America,English-speaking,Very high human development
Q859960,Q80011,Q17,Japan,Asia,West & South Asia,Very high human development
Q859960,Q170616,Q17,Japan,Asia,West & South Asia,Very high human development
Q860169,Q90,Q142,France,Europe,Catholic Europe,Very high human development
Q860169,Q90,Q70972,,{},{},{}
Q860169,Q90,Q146246,,{},{},{}
Q860169,Q90,Q2748708,,{},{},{}
Q860169,Q90,Q142,France,Europe,Catholic Europe,Very high human development
Q860169,Q90,Q71084,,{},{},{}
Q860169,Q90,Q58296,,{},{},{}
Q860495,Q317847,Q17,Japan,Asia,West & South Asia,Very high human development
Q861002,Q132720,Q17,Japan,Asia,West & South Asia,Very high human development
Q861482,Q49239,Q30,United States,North America,English-speaking,Very high human development
Q862329,Q966405,Q30,United States,North America,English-speaking,Very high human development
Q862364,Q934790,Q664,New Zealand,Australia,English-speaking,Very high human development
Q862387,Q720087,Q30,United States,North America,English-speaking,Very high human development
Q862935,Q29234,Q142,France,Europe,Catholic Europe,Very high human development
Q863049,Q729006,Q145,United Kingdom,Europe,English-speaking,Very high human development
Q864327,Q3141,Q408,Australia,Australia,English-speaking,Very high human development
Q865684,Q1490,Q17,Japan,Asia,West & South Asia,Very high human development
Q866183,Q200589,Q17,Japan,Asia,West & South Asia,Very high human development
Q866272,Q770184,Q1027,Mauritius,Africa,African-Islamic,Very high human development
Q866496,Q2127979,Q145,United Kingdom,Europe,English-speaking,Very high human development
Q867852,Q270230,Q142,France,Europe,Catholic Europe,Very high human development
Q867852,Q90,Q142,France,Europe,Catholic Europe,Very high human development
Q867852,Q90,Q70972,,{},{},{}
Q867852,Q90,Q146246,,{},{},{}
Q867852,Q90,Q2748708,,{},{},{}
Q867852,Q90,Q142,France,Europe,Catholic Europe,Very high human development
Q867852,Q90,Q71084,,{},{},{}
Q867852,Q90,Q58296,,{},{},{}
Q871235,Q1479,Q142,France,Europe,Catholic Europe,Very high human development
Q872066,Q484678,Q30,United States,North America,English-speaking,Very high human development
Q879237,Q6346073,Q1033,Nigeria,Africa,Sub-Saharan Africa,Medium human development
Q879550,Q3104,Q183,Germany,Europe,Catholic Europe,Very high human development
Q879550,Q3104,Q713750,,{},{},{}
Q879550,Q3104,Q1794352,,{},{},{}
Q879550,Q3104,Q12548,,{},{},{}
Q879550,Q3104,Q153080,,{},{},{}
Q879550,Q3104,Q142,France,Europe,Catholic Europe,Very high human development
Q879550,Q3104,Q27306,,{},{},{}
Q879550,Q3104,Q43287,,{},{},{}
Q879550,Q3104,Q41304,,{},{},{}
Q879550,Q3104,Q7318,,{},{},{}
Q879550,Q3104,Q2415901,,{},{},{}
Q881422,Q327012,Q30,United States,North America,English-speaking,Very high human development
Q882937,Q393,Q27306,,{},{},{}
Q882937,Q393,Q161036,,{},{},{}
Q882937,Q393,Q36,Poland,Europe,Catholic Europe,Very high human development
Q882937,Q393,Q215443,,{},{},{}
Q882937,Q393,Q696640,,{},{},{}
Q887050,Q883,Q159,Russia,Europe,Orthodox Europe,{}
Q887050,Q883,Q15180,,{},{},{}
Q887050,Q883,Q2305208,,{},{},{}
Q887050,Q883,Q139319,,{},{},{}
Q887050,Q883,Q34266,,{},{},{}
Q890980,Q967166,Q145,United Kingdom,Europe,English-speaking,Very high human development
Q892108,Q60,Q30,United States,North America,English-speaking,Very high human development
Q893138,Q6346,Q30,United States,North America,English-speaking,Very high human development
Q893781,Q23306,Q145,United Kingdom,Europe,English-speaking,Very high human development
Q894981,Q71202,Q30,United States,North America,English-speaking,Very high human development
Q896344,Q36,Q36,Poland,Europe,Catholic Europe,Very high human development
Q896817,Q12439,Q30,United States,North America,English-speaking,Very high human development
Q896846,Q18419,Q30,United States,North America,English-speaking,Very high human development
Q897008,Q1023029,Q30,United States,North America,English-speaking,Very high human development
Q898322,Q171866,Q145,United Kingdom,Europe,English-speaking,Very high human development
Q903331,Q7372487,Q30,United States,North America,English-speaking,Very high human development
Q904489,Q197609,Q159,Russia,Europe,Orthodox Europe,{}
Q904489,Q197609,Q34266,,{},{},{}
Q904489,Q197609,Q15180,,{},{},{}
Q904489,Q197609,Q188712,,{},{},{}
Q904686,Q7473516,Q17,Japan,Asia,West & South Asia,Very high human development
Q905100,Q44059,Q414,Argentina,South America,Latin America,Very high human development
Q905323,Q158245,Q213,Czech Republic,Europe,Orthodox Europe,{}
Q906193,Q84,Q2277,,{},{},{}
Q906193,Q84,Q110888,,{},{},{}
Q906193,Q84,Q105092,,{},{},{}
Q906193,Q84,Q105313,,{},{},{}
Q906193,Q84,Q179876,,{},{},{}
Q906193,Q84,Q161885,,{},{},{}
Q906193,Q84,Q174193,,{},{},{}
Q906193,Q84,Q145,United Kingdom,Europe,English-speaking,Very high human development
Q906814,Q123258,Q17,Japan,Asia,West & South Asia,Very high human development
Q907166,Q35581,Q17,Japan,Asia,West & South Asia,Very high human development
Q907166,Q35581,Q188712,,{},{},{}
Q908571,Q60,Q30,United States,North America,English-speaking,Very high human development
Q908573,Q237699,Q17,Japan,Asia,West & South Asia,Very high human development
Q908589,Q60,Q30,United States,North America,English-speaking,Very high human development
Q908592,Q482828,Q30,United States,North America,English-speaking,Very high human development
Q908648,Q260282,Q30,United States,North America,English-speaking,Very high human development
Q909874,Q1212,Q30,United States,North America,English-speaking,Very high human development
Q909874,Q26446,Q30,United States,North America,English-speaking,Very high human development
Q910123,Q23154,Q145,United Kingdom,Europe,English-speaking,Very high human development
Q910123,Q23154,Q174193,,{},{},{}
Q910123,Q23154,Q161885,,{},{},{}
Q910123,Q23154,Q179876,,{},{},{}
Q910538,Q462184,Q30,United States,North America,English-speaking,Very high human development
Q910762,Q7473516,Q17,Japan,Asia,West & South Asia,Very high human development
Q910800,Q1297,Q30,United States,North America,English-speaking,Very high human development
Q910839,Q3141,Q408,Australia,Australia,English-speaking,Very high human development
Q910874,Q694930,Q17,Japan,Asia,West & South Asia,Very high human development
Q911939,Q24639,Q16,Canada,North America,English-speaking,Very high human development
Q912023,Q375905,Q30,United States,North America,English-speaking,Very high human development
Q912271,Q45656,Q142,France,Europe,Catholic Europe,Very high human development
Q912348,Q1204,Q30,United States,North America,English-speaking,Very high human development
Q912443,Q1400,Q30,United States,North America,English-speaking,Very high human development
Q912602,Q23082,Q145,United Kingdom,Europe,English-speaking,Very high human development
Q912791,Q10686,Q174193,,{},{},{}
Q912791,Q10686,Q215530,,{},{},{}
Q912791,Q10686,Q844250,,{},{},{}
Q912791,Q10686,Q145,United Kingdom,Europe,English-speaking,Very high human development
Q912801,Q60,Q30,United States,North America,English-speaking,Very high human development
Q913028,Q54344,Q34,Sweden,Europe,Protestant Europe,Very high human development
Q913061,Q1086351,Q30,United States,North America,English-speaking,Very high human development
Q913403,Q1297,Q30,United States,North America,English-speaking,Very high human development
Q914014,Q623329,Q148,People's Republic of China,Asia,Confucian,{}
Q914014,Q623329,Q17,Japan,Asia,West & South Asia,Very high human development
Q914014,Q623329,Q34266,,{},{},{}
Q914014,Q623329,Q8733,,{},{},{}
Q914014,Q623329,Q17,Japan,Asia,West & South Asia,Very high human development
Q914014,Q623329,Q15180,,{},{},{}
Q914014,Q623329,Q148,People's Republic of China,Asia,Confucian,{}
Q916286,Q852276,Q262,Algeria,Africa,African-Islamic,High human development
Q916286,Q852276,Q142,France,Europe,Catholic Europe,Very high human development
Q917004,Q1242441,Q145,United Kingdom,Europe,English-speaking,Very high human development
Q917010,Q1569885,Q30,United States,North America,English-speaking,Very high human development
Q917570,Q992474,Q145,United Kingdom,Europe,English-speaking,Very high human development
Q918443,Q12439,Q30,United States,North America,English-speaking,Very high human development
Q918455,Q1486,Q414,Argentina,South America,Latin America,Very high human development
Q918553,Q982477,Q30,United States,North America,English-speaking,Very high human development
Q918764,Q191204,Q796,Iraq,Asia,African-Islamic,Medium human development
Q918937,Q1345,Q30,United States,North America,English-speaking,Very high human development
Q919277,Q23240,Q145,United Kingdom,Europe,English-speaking,Very high human development
Q919277,Q83364831,Q145,United Kingdom,Europe,English-speaking,Very high human development
Q919448,Q1913965,Q30,United States,North America,English-speaking,Very high human development
Q919515,Q2442951,Q30,United States,North America,English-speaking,Very high human development
Q919835,Q427792,Q145,United Kingdom,Europe,English-speaking,Very high human development
Q920901,Q955593,Q30,United States,North America,English-speaking,Very high human development
Q920996,Q84,Q2277,,{},{},{}
Q920996,Q84,Q110888,,{},{},{}
Q920996,Q84,Q105092,,{},{},{}
Q920996,Q84,Q105313,,{},{},{}
Q920996,Q84,Q179876,,{},{},{}
Q920996,Q84,Q161885,,{},{},{}
Q920996,Q84,Q174193,,{},{},{}
Q920996,Q84,Q145,United Kingdom,Europe,English-speaking,Very high human development
Q921225,Q60,Q30,United States,North America,English-speaking,Very high human development
Q921435,Q503623,Q145,United Kingdom,Europe,English-speaking,Very high human development
Q921435,Q14942632,Q117,Ghana,Africa,Sub-Saharan Africa,Medium human development
Q921584,Q11363094,Q17,Japan,Asia,West & South Asia,Very high human development
Q921603,Q172455,Q142,France,Europe,Catholic Europe,Very high human development
Q921808,Q27416,Q30,United States,North America,English-speaking,Very high human development
Q921925,Q100,Q30,United States,North America,English-speaking,Very high human development
Q921925,Q100,Q2079909,,{},{},{}
Q921925,Q100,Q1191350,,{},{},{}
Q922053,Q28218,Q30,United States,North America,English-speaking,Very high human development
Q922071,Q60,Q30,United States,North America,English-speaking,Very high human development
Q922191,Q49191,Q30,United States,North America,English-speaking,Very high human development
Q922345,Q823526,Q17,Japan,Asia,West & South Asia,Very high human development
Q922427,Q1289,Q142,France,Europe,Catholic Europe,Very high human development
Q922457,Q1345,Q30,United States,North America,English-speaking,Very high human development
Q922467,Q8678,Q155,Brazil,South America,Latin America,High human development
Q922760,Q1400,Q30,United States,North America,English-speaking,Very high human development
Q922795,Q33986,Q298,Chile,South America,Latin America,Very high human development
Q923019,Q207470,Q236,Montenegro,Europe,Orthodox Europe,Very high human development
Q923019,Q207470,Q37024,,{},{},{}
Q923019,Q207470,Q83286,,{},{},{}
Q923499,Q1799,Q577867,,{},{},{}
Q923499,Q1799,Q568638,,{},{},{}
Q923499,Q1799,Q325725,,{},{},{}
Q923499,Q1799,Q42585,,{},{},{}
Q923499,Q1799,Q171150,,{},{},{}
Q923499,Q1799,Q686971,,{},{},{}
Q923499,Q1799,Q27306,,{},{},{}
Q923499,Q1799,Q1206012,,{},{},{}
Q923499,Q1799,Q211274,,{},{},{}
Q923499,Q1799,Q36,Poland,Europe,Catholic Europe,Very high human development
Q924430,Q26793,Q20,Norway,Europe,Protestant Europe,Very high human development
Q924430,Q26793,Q62589,,{},{},{}
Q924430,Q26793,Q2597352,,{},{},{}
Q924430,Q26793,Q62651,,{},{},{}
Q925520,Q982636,Q30,United States,North America,English-speaking,Very high human development
Q926034,Q188806,Q17,Japan,Asia,West & South Asia,Very high human development
Q926338,Q23109,Q145,United Kingdom,Europe,English-speaking,Very high human development
Q926682,Q42448,Q145,United Kingdom,Europe,English-speaking,Very high human development
Q927759,Q502988,Q17,Japan,Asia,West & South Asia,Very high human development
Q928940,Q4318262,Q212,Ukraine,Europe,Orthodox Europe,High human development
Q929268,Q41819,Q30,United States,North America,English-speaking,Very high human development
Q929597,Q1297,Q30,United States,North America,English-speaking,Very high human development
Q930489,Q627650,Q17,Japan,Asia,West & South Asia,Very high human development
Q930619,Q23306,Q145,United Kingdom,Europe,English-speaking,Very high human development
Q931105,Q995267,Q30,United States,North America,English-speaking,Very high human development
Q931637,Q10562781,Q34,Sweden,Europe,Protestant Europe,Very high human development
Q931954,Q209126,Q27,Ireland,Europe,English-speaking,Very high human development
Q932891,Q1899,Q212,Ukraine,Europe,Orthodox Europe,High human development
Q932891,Q1899,Q15180,,{},{},{}
Q932891,Q1899,Q243610,,{},{},{}
Q932891,Q1899,Q139319,,{},{},{}
Q932891,Q1899,Q34266,,{},{},{}
Q932891,Q1899,Q186096,,{},{},{}
Q932891,Q1899,Q172107,,{},{},{}
Q932891,Q1899,Q49683,,{},{},{}
Q932891,Q1899,Q79965,,{},{},{}
Q932891,Q1899,Q1108445,,{},{},{}
Q932891,Q1899,Q1508143,,{},{},{}
Q932891,Q1899,Q46315,,{},{},{}
Q932891,Q1899,Q15180,,{},{},{}
Q932891,Q1899,Q15180,,{},{},{}
Q933019,Q1863,Q228,Andorra,Europe,Catholic Europe,Very high human development
Q933918,Q1934234,Q30,United States,North America,English-speaking,Very high human development
Q934642,Q61,Q30,United States,North America,English-speaking,Very high human development
Q934682,Q216990,Q262,Algeria,Africa,African-Islamic,High human development
Q934682,Q216990,Q142,France,Europe,Catholic Europe,Very high human development
Q935706,Q958555,Q30,United States,North America,English-speaking,Very high human development
Q936028,Q1006668,Q30,United States,North America,English-speaking,Very high human development
Q936029,Q48320,Q17,Japan,Asia,West & South Asia,Very high human development
Q937000,Q37836,Q30,United States,North America,English-speaking,Very high human development
Q937232,Q12439,Q30,United States,North America,English-speaking,Very high human development
Q937610,Q1184769,Q30,United States,North America,English-speaking,Very high human development
Q937697,Q369911,Q27,Ireland,Europe,English-speaking,Very high human development
Q937815,Q745989,Q27,Ireland,Europe,English-speaking,Very high human development
Q937835,Q49241,Q30,United States,North America,English-speaking,Very high human development
Q937897,Q1486,Q414,Argentina,South America,Latin America,Very high human development
Q938005,Q5092,Q30,United States,North America,English-speaking,Very high human development
Q938710,Q1861,Q869,Thailand,Asia,West & South Asia,High human development
Q938710,Q1861,Q1155700,,{},{},{}
Q938710,Q1861,Q1115291,,{},{},{}
Q938710,Q1861,Q1062422,,{},{},{}
Q938710,Q1861,Q841364,,{},{},{}
Q938844,Q5092,Q30,United States,North America,English-speaking,Very high human development
Q939797,Q37951,Q17,Japan,Asia,West & South Asia,Very high human development
Q940105,Q139208,Q16,Canada,North America,English-speaking,Very high human development
Q940594,Q1486,Q414,Argentina,South America,Latin America,Very high human development
Q940902,Q1000642,Q30,United States,North America,English-speaking,Very high human development
Q940958,Q16,Q16,Canada,North America,English-speaking,Very high human development
Q941334,Q65,Q30,United States,North America,English-speaking,Very high human development
Q941605,Q490638,Q29,Spain,Europe,Catholic Europe,Very high human development
Q941794,Q1537,Q30,United States,North America,English-speaking,Very high human development
Q941794,Q2402603,Q30,United States,North America,English-speaking,Very high human development
Q941810,Q3059402,Q145,United Kingdom,Europe,English-speaking,Very high human development
Q941966,Q32515,Q145,United Kingdom,Europe,English-speaking,Very high human development
Q942627,Q61,Q30,United States,North America,English-speaking,Very high human development
Q942627,Q49279759,Q30,United States,North America,English-speaking,Very high human development
Q942636,Q12258,Q29,Spain,Europe,Catholic Europe,Very high human development
Q942773,Q991369,Q30,United States,North America,English-speaking,Very high human development
Q942980,Q1085,Q213,Czech Republic,Europe,Orthodox Europe,{}
Q942980,Q1085,Q33946,,{},{},{}
Q942980,Q1085,Q28513,,{},{},{}
Q942980,Q1085,Q131964,,{},{},{}
Q942980,Q1085,Q42585,,{},{},{}
Q942980,Q1085,Q2162698,,{},{},{}
Q942980,Q1085,Q33946,,{},{},{}
Q942980,Q1085,Q152750,,{},{},{}
Q942980,Q1085,Q39193,,{},{},{}
Q942980,Q1085,Q12548,,{},{},{}
Q943273,Q767752,Q30,United States,North America,English-speaking,Very high human development
Q943567,Q205380,Q30,United States,North America,English-speaking,Very high human development
Q943997,Q128147,Q145,United Kingdom,Europe,English-speaking,Very high human development
Q943997,Q128147,Q179876,,{},{},{}
Q944204,Q1102275,Q27,Ireland,Europe,English-speaking,Very high human development
Q944409,Q43668,Q30,United States,North America,English-speaking,Very high human development
Q944894,Q11635404,Q17,Japan,Asia,West & South Asia,Very high human development
Q945893,Q16556,Q30,United States,North America,English-speaking,Very high human development
Q945929,Q12439,Q30,United States,North America,English-speaking,Very high human development
Q946031,Q2071178,Q16,Canada,North America,English-speaking,Very high human development
Q946237,Q1461,Q928,Philippines,Asia,West & South Asia,High human development
Q946599,Q1525982,Q739,Colombia,South America,Latin America,High human development
Q946733,Q180871,Q142,France,Europe,Catholic Europe,Very high human development
Q947012,Q187805,Q30,United States,North America,English-speaking,Very high human development
Q947821,Q37100,Q664,New Zealand,Australia,English-speaking,Very high human development
Q947986,Q938359,Q30,United States,North America,English-speaking,Very high human development
Q948301,Q23306,Q145,United Kingdom,Europe,English-speaking,Very high human development
Q948870,Q515150,Q30,United States,North America,English-speaking,Very high human development
Q948870,Q5489639,Q30,United States,North America,English-speaking,Very high human development
Q948960,Q65,Q30,United States,North America,English-speaking,Very high human development
Q949281,Q270230,Q142,France,Europe,Catholic Europe,Very high human development
Q949281,Q90,Q142,France,Europe,Catholic Europe,Very high human development
Q949281,Q90,Q70972,,{},{},{}
Q949281,Q90,Q146246,,{},{},{}
Q949281,Q90,Q2748708,,{},{},{}
Q949281,Q90,Q142,France,Europe,Catholic Europe,Very high human development
Q949281,Q90,Q71084,,{},{},{}
Q949281,Q90,Q58296,,{},{},{}
Q949700,Q90,Q142,France,Europe,Catholic Europe,Very high human development
Q949700,Q90,Q70972,,{},{},{}
Q949700,Q90,Q146246,,{},{},{}
Q949700,Q90,Q2748708,,{},{},{}
Q949700,Q90,Q142,France,Europe,Catholic Europe,Very high human development
Q949700,Q90,Q71084,,{},{},{}
Q949700,Q90,Q58296,,{},{},{}
Q949829,Q496381,Q30,United States,North America,English-speaking,Very high human development
Q950137,Q200030,Q858,Syria,Asia,African-Islamic,{}
Q950414,Q49241,Q30,United States,North America,English-speaking,Very high human development
Q950762,Q41819,Q30,United States,North America,English-speaking,Very high human development
Q950949,Q731069,Q145,United Kingdom,Europe,English-speaking,Very high human development
Q951110,Q84,Q2277,,{},{},{}
Q951110,Q84,Q110888,,{},{},{}
Q951110,Q84,Q105092,,{},{},{}
Q951110,Q84,Q105313,,{},{},{}
Q951110,Q84,Q179876,,{},{},{}
Q951110,Q84,Q161885,,{},{},{}
Q951110,Q84,Q174193,,{},{},{}
Q951110,Q84,Q145,United Kingdom,Europe,English-speaking,Very high human development
Q951250,Q61,Q30,United States,North America,English-speaking,Very high human development
Q951594,Q1017583,Q30,United States,North America,English-speaking,Very high human development
Q951657,Q1143278,Q145,United Kingdom,Europe,English-speaking,Very high human development
Q951657,Q23346,Q145,United Kingdom,Europe,English-speaking,Very high human development
Q951886,Q576671,Q30,United States,North America,English-speaking,Very high human development
Q951963,Q966486,Q30,United States,North America,English-speaking,Very high human development
Q952452,Q40191,Q408,Australia,Australia,English-speaking,Very high human development
Q952614,Q2302467,Q30,United States,North America,English-speaking,Very high human development
Q953153,Q1342,Q30,United States,North America,English-speaking,Very high human development
Q953288,Q28260,Q30,United States,North America,English-speaking,Very high human development
Q953410,Q16562,Q30,United States,North America,English-speaking,Very high human development
Q953849,Q7985314,Q145,United Kingdom,Europe,English-speaking,Very high human development
Q953962,Q1384,Q30,United States,North America,English-speaking,Very high human development
Q954378,Q12273,Q29,Spain,Europe,Catholic Europe,Very high human development
Q954383,Q55299,Q27,Ireland,Europe,English-speaking,Very high human development
Q954686,Q85,Q79,Egypt,Africa,African-Islamic,High human development
Q954686,Q85,Q180114,,{},{},{}
Q954686,Q85,Q282428,,{},{},{}
Q954686,Q85,Q12560,,{},{},{}
Q954686,Q85,Q127861,,{},{},{}
Q954686,Q85,Q370173,,{},{},{}
Q954686,Q85,Q160307,,{},{},{}
Q954997,Q16555,Q30,United States,North America,English-speaking,Very high human development
Q955586,Q101254,Q145,United Kingdom,Europe,English-speaking,Very high human development
Q956187,Q40269,Q155,Brazil,South America,Latin America,High human development
Q956400,Q853566,Q30,United States,North America,English-speaking,Very high human development
Q956459,Q42716,Q142,France,Europe,Catholic Europe,Very high human development
Q957931,Q30,Q30,United States,North America,English-speaking,Very high human development
Q957997,Q270814,Q17,Japan,Asia,West & South Asia,Very high human development
Q958743,Q41819,Q30,United States,North America,English-speaking,Very high human development
Q959020,Q994105,Q1033,Nigeria,Africa,Sub-Saharan Africa,Medium human development
Q959020,Q994105,Q4903979,,{},{},{}
Q959020,Q994105,Q585408,,{},{},{}
Q959020,Q994105,Q2046345,,{},{},{}
Q959020,Q994105,Q5440850,,{},{},{}
Q959020,Q994105,Q3511905,,{},{},{}
Q959020,Q994105,Q1033,Nigeria,Africa,Sub-Saharan Africa,Medium human development
Q959020,Q994105,Q3509510,,{},{},{}
Q959699,Q179385,Q145,United Kingdom,Europe,English-speaking,Very high human development
Q959699,Q179385,Q174193,,{},{},{}
Q959699,Q179385,Q161885,,{},{},{}
Q959699,Q179385,Q179876,,{},{},{}
Q959875,Q6169692,Q414,Argentina,South America,Latin America,Very high human development
Q960088,Q1479,Q142,France,Europe,Catholic Europe,Very high human development
Q960491,Q868647,Q145,United Kingdom,Europe,English-speaking,Very high human development
Q960612,Q60,Q30,United States,North America,English-speaking,Very high human development
Q960862,Q8692,Q29,Spain,Europe,Catholic Europe,Very high human development
Q961147,Q90,Q142,France,Europe,Catholic Europe,Very high human development
Q961147,Q90,Q70972,,{},{},{}
Q961147,Q90,Q146246,,{},{},{}
Q961147,Q90,Q2748708,,{},{},{}
Q961147,Q90,Q142,France,Europe,Catholic Europe,Very high human development
Q961147,Q90,Q71084,,{},{},{}
Q961147,Q90,Q58296,,{},{},{}
Q961221,Q605267,Q408,Australia,Australia,English-speaking,Very high human development
Q961244,Q49241,Q30,United States,North America,English-speaking,Very high human development
Q961263,Q2900,Q736,Ecuador,South America,Latin America,High human development
Q961328,Q17042,Q30,United States,North America,English-speaking,Very high human development
Q961645,Q3347161,Q17,Japan,Asia,West & South Asia,Very high human development
Q962004,Q60,Q30,United States,North America,English-speaking,Very high human development
Q962061,Q84,Q2277,,{},{},{}
Q962061,Q84,Q110888,,{},{},{}
Q962061,Q84,Q105092,,{},{},{}
Q962061,Q84,Q105313,,{},{},{}
Q962061,Q84,Q179876,,{},{},{}
Q962061,Q84,Q161885,,{},{},{}
Q962061,Q84,Q174193,,{},{},{}
Q962061,Q84,Q145,United Kingdom,Europe,English-speaking,Very high human development
Q963015,Q39121,Q145,United Kingdom,Europe,English-speaking,Very high human development
Q963625,Q1015681,Q664,New Zealand,Australia,English-speaking,Very high human development
Q963727,Q60,Q30,United States,North America,English-speaking,Very high human development
Q963799,Q623765,Q145,United Kingdom,Europe,English-speaking,Very high human development
Q964037,Q34370,Q55,Netherlands,Europe,Protestant Europe,Very high human development
Q964093,Q212987,Q142,France,Europe,Catholic Europe,Very high human development
Q964233,Q23436,Q145,United Kingdom,Europe,English-speaking,Very high human development
Q964233,Q23436,Q174193,,{},{},{}
Q964233,Q23436,Q161885,,{},{},{}
Q964233,Q23436,Q230791,,{},{},{}
Q964255,Q8652,Q30,United States,North America,English-speaking,Very high human development
Q964355,Q15682,Q29,Spain,Europe,Catholic Europe,Very high human development
Q964355,Q15682,Q2429397,,{},{},{}
Q964776,Q779115,Q142,France,Europe,Catholic Europe,Very high human development
Q964815,Q6346,Q30,United States,North America,English-speaking,Very high human development
Q965059,Q38234,Q17,Japan,Asia,West & South Asia,Very high human development
Q965059,Q38234,Q200464,,{},{},{}
Q965138,Q979357,Q145,United Kingdom,Europe,English-speaking,Very high human development
Q965359,Q193920,Q142,France,Europe,Catholic Europe,Very high human development
Q965456,Q192896,Q145,United Kingdom,Europe,English-speaking,Very high human development
Q965927,Q805406,Q27,Ireland,Europe,English-speaking,Very high human development
Q965935,Q12193,Q142,France,Europe,Catholic Europe,Very high human development
Q966061,Q14325,Q29,Spain,Europe,Catholic Europe,Very high human development
Q966228,Q1761,Q174193,,{},{},{}
Q966228,Q1761,Q215530,,{},{},{}
Q966228,Q1761,Q27,Ireland,Europe,English-speaking,Very high human development
Q966228,Q1761,Q31747,,{},{},{}
Q966228,Q1761,Q844250,,{},{},{}
Q966317,Q40435,Q30,United States,North America,English-speaking,Very high human development
Q966340,Q1297,Q30,United States,North America,English-speaking,Very high human development
Q966701,Q7473516,Q17,Japan,Asia,West & South Asia,Very high human development
Q966725,Q1345,Q30,United States,North America,English-speaking,Very high human development
Q967627,Q60,Q30,United States,North America,English-speaking,Very high human development
Q967640,Q577334,Q30,United States,North America,English-speaking,Very high human development
Q967704,Q90,Q142,France,Europe,Catholic Europe,Very high human development
Q967704,Q90,Q70972,,{},{},{}
Q967704,Q90,Q146246,,{},{},{}
Q967704,Q90,Q2748708,,{},{},{}
Q967704,Q90,Q142,France,Europe,Catholic Europe,Very high human development
Q967704,Q90,Q71084,,{},{},{}
Q967704,Q90,Q58296,,{},{},{}
Q967749,Q8851,Q29,Spain,Europe,Catholic Europe,Very high human development
Q968215,Q3398150,Q29,Spain,Europe,Catholic Europe,Very high human development
Q968259,Q200251,Q17,Japan,Asia,West & South Asia,Very high human development
Q968565,Q84,Q2277,,{},{},{}
Q968565,Q84,Q110888,,{},{},{}
Q968565,Q84,Q105092,,{},{},{}
Q968565,Q84,Q105313,,{},{},{}
Q968565,Q84,Q179876,,{},{},{}
Q968565,Q84,Q161885,,{},{},{}
Q968565,Q84,Q174193,,{},{},{}
Q968565,Q84,Q145,United Kingdom,Europe,English-speaking,Very high human development
Q968715,Q1113642,Q142,France,Europe,Catholic Europe,Very high human development
Q969099,Q509910,Q30,United States,North America,English-speaking,Very high human development
Q969099,Q2028322,Q30,United States,North America,English-speaking,Very high human development
Q969321,Q333559,Q142,France,Europe,Catholic Europe,Very high human development
Q970120,Q133924,Q17,Japan,Asia,West & South Asia,Very high human development
Q970421,Q734416,Q17,Japan,Asia,West & South Asia,Very high human development
Q970649,Q2841,Q739,Colombia,South America,Latin America,High human development
Q970649,Q2841,Q630882,,{},{},{}
Q970649,Q2841,Q3591854,,{},{},{}
Q970715,Q17012,Q142,France,Europe,Catholic Europe,Very high human development
Q970715,Q167024,Q142,France,Europe,Catholic Europe,Very high human development
Q971215,Q1479,Q142,France,Europe,Catholic Europe,Very high human development
Q971735,Q90,Q142,France,Europe,Catholic Europe,Very high human development
Q971735,Q90,Q70972,,{},{},{}
Q971735,Q90,Q146246,,{},{},{}
Q971735,Q90,Q2748708,,{},{},{}
Q971735,Q90,Q142,France,Europe,Catholic Europe,Very high human development
Q971735,Q90,Q71084,,{},{},{}
Q971735,Q90,Q58296,,{},{},{}
Q971919,Q340,Q16,Canada,North America,English-speaking,Very high human development
Q972526,Q8745,Q29,Spain,Europe,Catholic Europe,Very high human development
Q972560,Q60,Q30,United States,North America,English-speaking,Very high human development
Q972957,Q846406,Q30,United States,North America,English-speaking,Very high human development
Q972967,Q486479,Q30,United States,North America,English-speaking,Very high human development
Q973500,Q145,Q145,United Kingdom,Europe,English-speaking,Very high human development
Q973713,Q25610,Q174193,,{},{},{}
Q973713,Q25610,Q145,United Kingdom,Europe,English-speaking,Very high human development
Q973734,Q1012490,Q145,United Kingdom,Europe,English-speaking,Very high human development
Q973765,Q141940,Q16,Canada,North America,English-speaking,Very high human development
Q973791,Q1204,Q30,United States,North America,English-speaking,Very high human development
Q973961,Q41185,Q142,France,Europe,Catholic Europe,Very high human development
Q974114,Q90,Q142,France,Europe,Catholic Europe,Very high human development
Q974114,Q90,Q70972,,{},{},{}
Q974114,Q90,Q146246,,{},{},{}
Q974114,Q90,Q2748708,,{},{},{}
Q974114,Q90,Q142,France,Europe,Catholic Europe,Very high human development
Q974114,Q90,Q71084,,{},{},{}
Q974114,Q90,Q58296,,{},{},{}
Q974114,Q200126,Q142,France,Europe,Catholic Europe,Very high human development
Q974539,Q42448,Q145,United Kingdom,Europe,English-speaking,Very high human development
Q974678,Q34739,Q30,United States,North America,English-speaking,Very high human development
Q974852,Q72259,Q145,United Kingdom,Europe,English-speaking,Very high human development
Q974852,Q72259,Q174193,,{},{},{}
Q974852,Q72259,Q161885,,{},{},{}
Q974852,Q72259,Q179876,,{},{},{}
Q975273,Q2631862,Q17,Japan,Asia,West & South Asia,Very high human development
Q975994,Q60,Q30,United States,North America,English-speaking,Very high human development
Q976059,Q1022802,Q30,United States,North America,English-speaking,Very high human development
Q977066,Q1166,Q30,United States,North America,English-speaking,Very high human development
Q977462,Q597,Q45,Portugal,Europe,Catholic Europe,Very high human development
Q977462,Q597,Q17167,,{},{},{}
Q977462,Q597,Q1048918,,{},{},{}
Q977462,Q597,Q126936,,{},{},{}
Q977462,Q597,Q8575586,,{},{},{}
Q977462,Q597,Q1337854,,{},{},{}
Q977462,Q597,Q171740,,{},{},{}
Q977462,Q597,Q276841,,{},{},{}
Q977462,Q597,Q2620565,,{},{},{}
Q977462,Q597,Q276841,,{},{},{}
Q977462,Q597,Q75613,,{},{},{}
Q977651,Q3141,Q408,Australia,Australia,English-speaking,Very high human development
Q977700,Q37320,Q30,United States,North America,English-speaking,Very high human development
Q978089,Q6271966,Q408,Australia,Australia,English-speaking,Very high human development
Q978389,Q1489,Q96,Mexico,North America,Latin America,High human development
Q978830,Q3088462,Q30,United States,North America,English-speaking,Very high human development
Q978959,Q18383,Q30,United States,North America,English-speaking,Very high human development
Q979076,Q2670096,Q30,United States,North America,English-speaking,Very high human development
Q979076,Q1509,Q30,United States,North America,English-speaking,Very high human development
Q979307,Q2584915,Q145,United Kingdom,Europe,English-speaking,Very high human development
Q979457,Q23337,Q30,United States,North America,English-speaking,Very high human development
Q979465,Q16739,Q30,United States,North America,English-speaking,Very high human development
Q980844,Q60,Q30,United States,North America,English-speaking,Very high human development
Q980857,Q34006,Q30,United States,North America,English-speaking,Very high human development
Q980958,Q60,Q30,United States,North America,English-speaking,Very high human development
Q981086,Q1067477,Q145,United Kingdom,Europe,English-speaking,Very high human development
Q981256,Q194420,Q142,France,Europe,Catholic Europe,Very high human development
Q981352,Q385285,Q17,Japan,Asia,West & South Asia,Very high human development
Q981683,Q277624,Q408,Australia,Australia,English-speaking,Very high human development
Q981852,Q1011387,Q145,United Kingdom,Europe,English-speaking,Very high human development
Q981852,Q2342092,Q145,United Kingdom,Europe,English-speaking,Very high human development
Q981852,Q4852332,Q145,United Kingdom,Europe,English-speaking,Very high human development
Q982023,Q275118,Q142,France,Europe,Catholic Europe,Very high human development
Q982029,Q750226,Q142,France,Europe,Catholic Europe,Very high human development
Q982034,Q201311,Q142,France,Europe,Catholic Europe,Very high human development
Q982039,Q664650,Q142,France,Europe,Catholic Europe,Very high human development
Q982044,Q162022,Q31,Belgium,Europe,Catholic Europe,Very high human development
Q982058,Q1241308,Q142,France,Europe,Catholic Europe,Very high human development
Q982095,Q16555,Q30,United States,North America,English-speaking,Very high human development
Q982133,Q1297,Q30,United States,North America,English-speaking,Very high human development
Q982361,Q48958,Q142,France,Europe,Catholic Europe,Very high human development
Q982414,Q155915,Q43,Turkey,Asia,West & South Asia,{}
Q982489,Q1927620,Q30,United States,North America,English-speaking,Very high human development
Q982575,Q633922,Q17,Japan,Asia,West & South Asia,Very high human development
Q982838,Q407347,Q219,Bulgaria,Europe,{},Very high human development
Q982838,Q407347,Q121932,,{},{},{}
Q982838,Q407347,Q147909,,{},{},{}
Q982838,Q407347,Q117223201,,{},{},{}
Q982838,Q407347,Q12560,,{},{},{}
Q982838,Q7418368,Q12560,,{},{},{}
Q982838,Q1311980,Q12560,,{},{},{}
Q982880,Q1904322,Q30,United States,North America,English-speaking,Very high human development
Q983109,Q60,Q30,United States,North America,English-speaking,Very high human development
Q983113,Q2001693,Q30,United States,North America,English-speaking,Very high human development
Q983167,Q4132922,Q212,Ukraine,Europe,Orthodox Europe,High human development
Q983167,Q4132922,Q15180,,{},{},{}
Q983167,Q4132922,Q15180,,{},{},{}
Q983167,Q4132922,Q243610,,{},{},{}
Q983167,Q4132922,Q34266,,{},{},{}
Q983167,Q4132922,Q172107,,{},{},{}
Q983228,Q233467,Q664,New Zealand,Australia,English-speaking,Very high human development
Q983233,Q727,Q55,Netherlands,Europe,Protestant Europe,Very high human development
Q983233,Q727,Q596214,,{},{},{}
Q983233,Q727,Q55,Netherlands,Europe,Protestant Europe,Very high human development
Q983233,Q727,Q15864,,{},{},{}
Q983233,Q727,Q774783,,{},{},{}
Q983233,Q727,Q142,France,Europe,Catholic Europe,Very high human development
Q983233,Q727,Q212278,,{},{},{}
Q983233,Q727,Q188553,,{},{},{}
Q983233,Q727,Q170072,,{},{},{}
Q983233,Q727,Q1031430,,{},{},{}
Q983233,Q727,Q157109,,{},{},{}
Q983233,Q727,Q762943,,{},{},{}
Q983243,Q41819,Q30,United States,North America,English-speaking,Very high human development
Q983249,Q36600,Q55,Netherlands,Europe,Protestant Europe,Very high human development
Q983249,Q36600,Q212278,,{},{},{}
Q983249,Q36600,Q71084,,{},{},{}
Q983249,Q36600,Q188553,,{},{},{}
Q983249,Q36600,Q170072,,{},{},{}
Q983249,Q36600,Q80702,,{},{},{}
Q983249,Q36600,Q1031430,,{},{},{}
Q983249,Q36600,Q762943,,{},{},{}
Q983273,Q6410283,Q974,Democratic Republic of the Congo,Africa,Sub-Saharan Africa,{}
Q983421,Q862733,Q30,United States,North America,English-speaking,Very high human development
Q983431,Q3130,Q408,Australia,Australia,English-speaking,Very high human development
Q983544,Q186702,Q30,United States,North America,English-speaking,Very high human development
Q983672,Q36312,Q16,Canada,North America,English-speaking,Very high human development
Q983881,Q84,Q2277,,{},{},{}
Q983881,Q84,Q110888,,{},{},{}
Q983881,Q84,Q105092,,{},{},{}
Q983881,Q84,Q105313,,{},{},{}
Q983881,Q84,Q179876,,{},{},{}
Q983881,Q84,Q161885,,{},{},{}
Q983881,Q84,Q174193,,{},{},{}
Q983881,Q84,Q145,United Kingdom,Europe,English-speaking,Very high human development
Q984352,Q661707,Q145,United Kingdom,Europe,English-speaking,Very high human development
Q984415,Q934308,Q30,United States,North America,English-speaking,Very high human development
Q984452,Q1428659,Q30,United States,North America,English-speaking,Very high human development
Q984937,Q1335,Q77,Uruguay,South America,Latin America,Very high human development
Q985992,Q46747,Q17,Japan,Asia,West & South Asia,Very high human development
Q986753,Q44830,Q17,Japan,Asia,West & South Asia,Very high human development
Q991720,Q60,Q30,United States,North America,English-speaking,Very high human development
Q992969,Q169293,Q142,France,Europe,Catholic Europe,Very high human development
Q994434,Q133879,Q17,Japan,Asia,West & South Asia,Very high human development
Q995016,Q193714,Q8680,,{},{},{}
Q995688,Q7473516,Q17,Japan,Asia,West & South Asia,Very high human development
Q996720,Q26600,Q17,Japan,Asia,West & South Asia,Very high human development
Q997095,Q506323,Q183,Germany,Europe,Catholic Europe,Very high human development
Q999726,Q1166,Q30,United States,North America,English-speaking,Very high human development
Q999904,Q825883,Q29,Spain,Europe,Catholic Europe,Very high human development
Q999928,Q1781,Q28,Hungary,Europe,Catholic Europe,Very high human development
Q999928,Q1781,Q600018,,{},{},{}
Q999928,Q1781,Q16985296,,{},{},{}
Q999928,Q1781,Q243652,,{},{},{}
Q999928,Q1781,Q516160,,{},{},{}
Q999928,Q1781,Q28513,,{},{},{}
Q999928,Q1781,Q516160,,{},{},{}
Q999928,Q1781,Q940741,,{},{},{}
Q999928,Q1781,Q16410,,{},{},{}
Q1002127,Q16425680,Q218,Romania,Europe,Catholic Europe,Very high human development
Q1002127,Q16425680,Q842794,,{},{},{}
Q1002127,Q16425680,Q2685298,,{},{},{}
Q1002127,Q16425680,Q203493,,{},{},{}
Q1002127,Q16425680,Q516160,,{},{},{}
Q1002127,Q16425680,Q28513,,{},{},{}
Q1002127,Q16425680,Q131964,,{},{},{}
Q1002127,Q16425680,Q153136,,{},{},{}
Q1002127,Q16425680,Q12560,,{},{},{}
Q1002127,Q16425680,Q625380,,{},{},{}
Q1002127,Q16425680,Q16056854,,{},{},{}
Q1002759,Q1781,Q28,Hungary,Europe,Catholic Europe,Very high human development
Q1002759,Q1781,Q600018,,{},{},{}
Q1002759,Q1781,Q16985296,,{},{},{}
Q1002759,Q1781,Q243652,,{},{},{}
Q1002759,Q1781,Q516160,,{},{},{}
Q1002759,Q1781,Q28513,,{},{},{}
Q1002759,Q1781,Q516160,,{},{},{}
Q1002759,Q1781,Q940741,,{},{},{}
Q1002759,Q1781,Q16410,,{},{},{}
Q1002882,Q1781,Q28,Hungary,Europe,Catholic Europe,Very high human development
Q1002882,Q1781,Q600018,,{},{},{}
Q1002882,Q1781,Q16985296,,{},{},{}
Q1002882,Q1781,Q243652,,{},{},{}
Q1002882,Q1781,Q516160,,{},{},{}
Q1002882,Q1781,Q28513,,{},{},{}
Q1002882,Q1781,Q516160,,{},{},{}
Q1002882,Q1781,Q940741,,{},{},{}
Q1002882,Q1781,Q16410,,{},{},{}
Q1005559,Q26600,Q17,Japan,Asia,West & South Asia,Very high human development
Q1006918,Q1223,Q30,United States,North America,English-speaking,Very high human development
Q1009504,Q17,Q17,Japan,Asia,West & South Asia,Very high human development
Q1018468,Q1490,Q17,Japan,Asia,West & South Asia,Very high human development
Q1021166,Q2060398,Q148,People's Republic of China,Asia,Confucian,{}
Q1022460,Q52535,Q414,Argentina,South America,Latin America,Very high human development
Q1026532,Q11299,Q30,United States,North America,English-speaking,Very high human development
Q1028359,Q1527,Q30,United States,North America,English-speaking,Very high human development
Q1028373,Q81824,Q30,United States,North America,English-speaking,Very high human development
Q1028991,Q84,Q2277,,{},{},{}
Q1028991,Q84,Q110888,,{},{},{}
Q1028991,Q84,Q105092,,{},{},{}
Q1028991,Q84,Q105313,,{},{},{}
Q1028991,Q84,Q179876,,{},{},{}
Q1028991,Q84,Q161885,,{},{},{}
Q1028991,Q84,Q174193,,{},{},{}
Q1028991,Q84,Q145,United Kingdom,Europe,English-speaking,Very high human development
Q1029497,Q33486,Q30,United States,North America,English-speaking,Very high human development
Q1029714,Q1408,Q30,United States,North America,English-speaking,Very high human development
Q1031167,Q1989,Q16,Canada,North America,English-speaking,Very high human development
Q1031954,Q85,Q79,Egypt,Africa,African-Islamic,High human development
Q1031954,Q85,Q180114,,{},{},{}
Q1031954,Q85,Q282428,,{},{},{}
Q1031954,Q85,Q12560,,{},{},{}
Q1031954,Q85,Q127861,,{},{},{}
Q1031954,Q85,Q370173,,{},{},{}
Q1031954,Q85,Q160307,,{},{},{}
Q1032009,Q1408,Q30,United States,North America,English-speaking,Very high human development
Q1032912,Q720644,Q17,Japan,Asia,West & South Asia,Very high human development
Q1032915,Q100,Q30,United States,North America,English-speaking,Very high human development
Q1032915,Q100,Q2079909,,{},{},{}
Q1032915,Q100,Q1191350,,{},{},{}
Q1035947,Q34109,Q30,United States,North America,English-speaking,Very high human development
Q1036535,Q1754,Q34,Sweden,Europe,Protestant Europe,Very high human development
Q1036535,Q1754,Q62623,,{},{},{}
Q1036535,Q1754,Q62589,,{},{},{}
Q1038200,Q111039,Q20,Norway,Europe,Protestant Europe,Very high human development
Q1038440,Q1133274,Q30,United States,North America,English-speaking,Very high human development
Q1038466,Q7473516,Q17,Japan,Asia,West & South Asia,Very high human development
Q1041625,Q1492,Q29,Spain,Europe,Catholic Europe,Very high human development
Q1041766,Q2966,Q183,Germany,Europe,Catholic Europe,Very high human development
Q1041766,Q2966,Q713750,,{},{},{}
Q1041766,Q2966,Q2415901,,{},{},{}
Q1041766,Q2966,Q7318,,{},{},{}
Q1041766,Q2966,Q41304,,{},{},{}
Q1041766,Q2966,Q43287,,{},{},{}
Q1041766,Q2966,Q186320,,{},{},{}
Q1041766,Q2966,Q637238,,{},{},{}
Q1041766,Q2966,Q22880,,{},{},{}
Q1041766,Q2966,Q703265,,{},{},{}
Q1041766,Q2966,Q22880,,{},{},{}
Q1041766,Q2966,Q690821,,{},{},{}
Q1043099,Q40269,Q155,Brazil,South America,Latin America,High human development
Q1043323,Q12829733,Q155,Brazil,South America,Latin America,High human development
Q1044165,Q23306,Q145,United Kingdom,Europe,English-speaking,Very high human development
Q1044175,Q1345,Q30,United States,North America,English-speaking,Very high human development
Q1044412,Q1735,Q40,Austria,Europe,Catholic Europe,Very high human development
Q1044412,Q1735,Q154195,,{},{},{}
Q1044412,Q1735,Q28513,,{},{},{}
Q1044447,Q2096,Q16,Canada,North America,English-speaking,Very high human development
Q1044457,Q23306,Q145,United Kingdom,Europe,English-speaking,Very high human development
Q1044457,Q26328,Q145,United Kingdom,Europe,English-speaking,Very high human development
Q1044643,Q1822215,Q30,United States,North America,English-speaking,Very high human development
Q1044643,Q384464,Q30,United States,North America,English-speaking,Very high human development
Q1045347,Q1726,Q183,Germany,Europe,Catholic Europe,Very high human development
Q1045347,Q1726,Q713750,,{},{},{}
Q1045347,Q1726,Q2415901,,{},{},{}
Q1045347,Q1726,Q7318,,{},{},{}
Q1045347,Q1726,Q41304,,{},{},{}
Q1045347,Q1726,Q43287,,{},{},{}
Q1045347,Q1726,Q154195,,{},{},{}
Q1045347,Q1726,Q256961,,{},{},{}
Q1045347,Q1726,Q47261,,{},{},{}
Q1046243,Q30,Q30,United States,North America,English-speaking,Very high human development
Q1046980,Q2001181,Q30,United States,North America,English-speaking,Very high human development
Q1047108,Q336438,Q17,Japan,Asia,West & South Asia,Very high human development
Q1049096,Q7473516,Q17,Japan,Asia,West & South Asia,Very high human development
Q1049526,Q1348788,Q17,Japan,Asia,West & South Asia,Very high human development
Q1050940,Q4093,Q145,United Kingdom,Europe,English-speaking,Very high human development
Q1050940,Q4093,Q174193,,{},{},{}
Q1050940,Q4093,Q161885,,{},{},{}
Q1050940,Q4093,Q230791,,{},{},{}
Q1050940,Q4093,Q145,United Kingdom,Europe,English-speaking,Very high human development
Q1050951,Q60,Q30,United States,North America,English-speaking,Very high human development
Q1051041,Q11025,Q252,Indonesia,Asia,West & South Asia,High human development
Q1051041,Q11025,Q188161,,{},{},{}
Q1051093,Q1973,Q16,Canada,North America,English-speaking,Very high human development
Q1051441,Q11618304,Q17,Japan,Asia,West & South Asia,Very high human development
Q1053204,Q161176,Q17,Japan,Asia,West & South Asia,Very high human development
Q1053363,Q21184,Q35,Denmark,Europe,Protestant Europe,Very high human development
Q1053551,Q38234,Q17,Japan,Asia,West & South Asia,Very high human development
Q1053551,Q38234,Q200464,,{},{},{}
Q1053737,Q1490,Q17,Japan,Asia,West & South Asia,Very high human development
Q1054177,Q2566566,Q16,Canada,North America,English-speaking,Very high human development
Q1054316,Q2634,Q38,Italy,Europe,Catholic Europe,Very high human development
Q1054316,Q2634,Q180393,,{},{},{}
Q1054316,Q2634,Q173065,,{},{},{}
Q1054316,Q2634,Q514423,,{},{},{}
Q1054316,Q2634,Q173065,,{},{},{}
Q1054316,Q2634,Q1051600,,{},{},{}
Q1054316,Q2634,Q188586,,{},{},{}
Q1054731,Q16869,Q12544,,{},{},{}
Q1054731,Q16869,Q178897,,{},{},{}
Q1054731,Q16869,Q1747689,,{},{},{}
Q1054731,Q16869,Q12560,,{},{},{}
Q1054731,Q16869,Q43,Turkey,Asia,West & South Asia,{}
Q1055110,Q877190,Q17,Japan,Asia,West & South Asia,Very high human development
Q1055352,Q220,Q38,Italy,Europe,Catholic Europe,Very high human development
Q1055352,Q220,Q170174,,{},{},{}
Q1055352,Q220,Q3755547,,{},{},{}
Q1055352,Q220,Q583038,,{},{},{}
Q1055352,Q220,Q12544,,{},{},{}
Q1055352,Q220,Q172579,,{},{},{}
Q1055352,Q220,Q201038,,{},{},{}
Q1055352,Q220,Q17167,,{},{},{}
Q1055352,Q220,Q2277,,{},{},{}
Q1055352,Q220,Q42834,,{},{},{}
Q1055352,Q220,Q237,Vatican City,{},{},{}
Q1055480,Q713996,Q218,Romania,Europe,Catholic Europe,Very high human development
Q1055480,Q713996,Q842794,,{},{},{}
Q1055480,Q713996,Q2685298,,{},{},{}
Q1055480,Q713996,Q203493,,{},{},{}
Q1055480,Q713996,Q600018,,{},{},{}
Q1055480,Q713996,Q516160,,{},{},{}
Q1055480,Q713996,Q28513,,{},{},{}
Q1055480,Q713996,Q131964,,{},{},{}
Q1055480,Q713996,Q153136,,{},{},{}
Q1055480,Q713996,Q655621,,{},{},{}
Q1055480,Q713996,Q625380,,{},{},{}
Q1055480,Q713996,Q16056854,,{},{},{}
Q1056256,Q11229057,Q17,Japan,Asia,West & South Asia,Very high human development
Q1058570,Q40340,Q30,United States,North America,English-speaking,Very high human development
Q1059572,Q85,Q79,Egypt,Africa,African-Islamic,High human development
Q1059572,Q85,Q180114,,{},{},{}
Q1059572,Q85,Q282428,,{},{},{}
Q1059572,Q85,Q12560,,{},{},{}
Q1059572,Q85,Q127861,,{},{},{}
Q1059572,Q85,Q370173,,{},{},{}
Q1059572,Q85,Q160307,,{},{},{}
Q1059718,Q38234,Q17,Japan,Asia,West & South Asia,Very high human development
Q1059718,Q38234,Q200464,,{},{},{}
Q1059911,Q200251,Q17,Japan,Asia,West & South Asia,Very high human development
Q1060636,Q62,Q30,United States,North America,English-speaking,Very high human development
Q1061225,Q84,Q2277,,{},{},{}
Q1061225,Q84,Q110888,,{},{},{}
Q1061225,Q84,Q105092,,{},{},{}
Q1061225,Q84,Q105313,,{},{},{}
Q1061225,Q84,Q179876,,{},{},{}
Q1061225,Q84,Q161885,,{},{},{}
Q1061225,Q84,Q174193,,{},{},{}
Q1061225,Q84,Q145,United Kingdom,Europe,English-speaking,Very high human development
Q1061645,Q1456,Q30,United States,North America,English-speaking,Very high human development
Q1061645,Q1456,Q30,United States,North America,English-speaking,Very high human development
Q1062289,Q131358,Q17,Japan,Asia,West & South Asia,Very high human development
Q1062830,Q127513,Q17,Japan,Asia,West & South Asia,Very high human development
Q1063851,Q60,Q30,United States,North America,English-speaking,Very high human development
Q1063855,Q61,Q30,United States,North America,English-speaking,Very high human development
Q1063915,Q1009298,Q145,United Kingdom,Europe,English-speaking,Very high human development
Q1064052,Q184023,Q142,France,Europe,Catholic Europe,Very high human development
Q1064108,Q160506,Q142,France,Europe,Catholic Europe,Very high human development
Q1064272,Q191130,Q17,Japan,Asia,West & South Asia,Very high human development
Q1064421,Q242108,Q17,Japan,Asia,West & South Asia,Very high human development
Q1064454,Q648501,Q30,United States,North America,English-speaking,Very high human development
Q1064513,Q34404,Q30,United States,North America,English-speaking,Very high human development
Q1064794,Q585790,Q30,United States,North America,English-speaking,Very high human development
Q1065212,Q174,Q155,Brazil,South America,Latin America,High human development
Q1065287,Q122892,Q145,United Kingdom,Europe,English-speaking,Very high human development
Q1065689,Q34932,Q408,Australia,Australia,English-speaking,Very high human development
Q1065801,Q2799765,Q31,Belgium,Europe,Catholic Europe,Very high human development
Q1065817,Q79489,Q30,United States,North America,English-speaking,Very high human development
Q1065901,Q462799,Q30,United States,North America,English-speaking,Very high human development
Q1066407,Q62,Q30,United States,North America,English-speaking,Very high human development
Q1066431,Q33405,Q30,United States,North America,English-speaking,Very high human development
Q1066431,Q33405,Q81931,,{},{},{}
Q1066431,Q33405,Q30,United States,North America,English-speaking,Very high human development
Q1066463,Q925598,Q30,United States,North America,English-speaking,Very high human development
Q1066587,Q9909,Q55,Netherlands,Europe,Protestant Europe,Very high human development
Q1066666,Q632822,Q142,France,Europe,Catholic Europe,Very high human development
Q1066918,Q17042,Q30,United States,North America,English-speaking,Very high human development
Q1067552,Q131281,Q17,Japan,Asia,West & South Asia,Very high human development
Q1068950,Q79385,Q17,Japan,Asia,West & South Asia,Very high human development
Q1069448,Q128186,Q17,Japan,Asia,West & South Asia,Very high human development
Q1070628,Q4093,Q145,United Kingdom,Europe,English-speaking,Very high human development
Q1070628,Q4093,Q174193,,{},{},{}
Q1070628,Q4093,Q161885,,{},{},{}
Q1070628,Q4093,Q230791,,{},{},{}
Q1070628,Q4093,Q145,United Kingdom,Europe,English-speaking,Very high human development
Q1070662,Q2901023,Q30,United States,North America,English-speaking,Very high human development
Q1071361,Q1973,Q16,Canada,North America,English-speaking,Very high human development
Q1071789,Q649,Q11750528,,{},{},{}
Q1071789,Q649,Q170770,,{},{},{}
Q1071789,Q649,Q186096,,{},{},{}
Q1071789,Q649,Q34266,,{},{},{}
Q1071789,Q649,Q139319,,{},{},{}
Q1071789,Q649,Q2305208,,{},{},{}
Q1071789,Q649,Q15180,,{},{},{}
Q1071789,Q649,Q159,Russia,Europe,Orthodox Europe,{}
Q1072569,Q338861,Q17,Japan,Asia,West & South Asia,Very high human development
Q1072588,Q48320,Q17,Japan,Asia,West & South Asia,Very high human development
Q1072604,Q132936,Q17,Japan,Asia,West & South Asia,Very high human development
Q1072659,Q199889,Q17,Japan,Asia,West & South Asia,Very high human development
Q1072923,Q16739,Q30,United States,North America,English-speaking,Very high human development
Q1076511,Q130191,Q145,United Kingdom,Europe,English-speaking,Very high human development
Q1076930,Q61,Q30,United States,North America,English-speaking,Very high human development
Q1076935,Q4689247,Q1033,Nigeria,Africa,Sub-Saharan Africa,Medium human development
Q1076935,Q3331566,Q1033,Nigeria,Africa,Sub-Saharan Africa,Medium human development
Q1077057,Q43301,Q30,United States,North America,English-speaking,Very high human development
Q1077103,Q84,Q2277,,{},{},{}
Q1077103,Q84,Q110888,,{},{},{}
Q1077103,Q84,Q105092,,{},{},{}
Q1077103,Q84,Q105313,,{},{},{}
Q1077103,Q84,Q179876,,{},{},{}
Q1077103,Q84,Q161885,,{},{},{}
Q1077103,Q84,Q174193,,{},{},{}
Q1077103,Q84,Q145,United Kingdom,Europe,English-speaking,Very high human development
Q1077137,Q34739,Q30,United States,North America,English-speaking,Very high human development
Q1077137,Q1517180,Q30,United States,North America,English-speaking,Very high human development
Q1077554,Q30,Q30,United States,North America,English-speaking,Very high human development
Q1077566,Q49188,Q30,United States,North America,English-speaking,Very high human development
Q1077730,Q128147,Q145,United Kingdom,Europe,English-speaking,Very high human development
Q1077730,Q128147,Q179876,,{},{},{}
Q1079574,Q18818575,Q30,United States,North America,English-speaking,Very high human development
Q1079854,Q42807,Q142,France,Europe,Catholic Europe,Very high human development
Q1080528,Q1748,Q35,Denmark,Europe,Protestant Europe,Very high human development
Q1080528,Q1748,Q756617,,{},{},{}
Q1081242,Q34404,Q30,United States,North America,English-speaking,Very high human development
Q1081888,Q484678,Q30,United States,North America,English-speaking,Very high human development
Q1083392,Q15911,Q215,Slovenia,Europe,Catholic Europe,Very high human development
Q1085452,Q695895,Q17,Japan,Asia,West & South Asia,Very high human development
Q1086549,Q60,Q30,United States,North America,English-speaking,Very high human development
Q1086776,Q40191,Q408,Australia,Australia,English-speaking,Very high human development
Q1086932,Q484678,Q30,United States,North America,English-speaking,Very high human development
Q1087071,Q148349,Q145,United Kingdom,Europe,English-speaking,Very high human development
Q1087071,Q148349,Q179876,,{},{},{}
Q1087887,Q35765,Q17,Japan,Asia,West & South Asia,Very high human development
Q1089124,Q22,Q145,United Kingdom,Europe,English-speaking,Very high human development
Q1090406,Q65,Q30,United States,North America,English-speaking,Very high human development
Q1091045,Q281271,Q16,Canada,North America,English-speaking,Very high human development
Q1091103,Q84,Q2277,,{},{},{}
Q1091103,Q84,Q110888,,{},{},{}
Q1091103,Q84,Q105092,,{},{},{}
Q1091103,Q84,Q105313,,{},{},{}
Q1091103,Q84,Q179876,,{},{},{}
Q1091103,Q84,Q161885,,{},{},{}
Q1091103,Q84,Q174193,,{},{},{}
Q1091103,Q84,Q145,United Kingdom,Europe,English-speaking,Very high human development
Q1091123,Q11666797,Q17,Japan,Asia,West & South Asia,Very high human development
Q1091150,Q5701070,Q16,Canada,North America,English-speaking,Very high human development
Q1092277,Q369628,Q17,Japan,Asia,West & South Asia,Very high human development
Q1092277,Q17173402,Q17,Japan,Asia,West & South Asia,Very high human development
Q1092277,Q504373,Q17,Japan,Asia,West & South Asia,Very high human development
Q1093783,Q1433284,Q17,Japan,Asia,West & South Asia,Very high human development
Q1094991,Q813745,Q30,United States,North America,English-speaking,Very high human development
Q1095223,Q384395,Q36,Poland,Europe,Catholic Europe,Very high human development
Q1095459,Q12439,Q30,United States,North America,English-speaking,Very high human development
Q1095691,Q14424,Q28,Hungary,Europe,Catholic Europe,Very high human development
Q1095977,Q171224,Q30,United States,North America,English-speaking,Very high human development
Q1096358,Q7473516,Q17,Japan,Asia,West & South Asia,Very high human development
Q1096768,Q340,Q16,Canada,North America,English-speaking,Very high human development
Q1096967,Q1095557,Q766,Jamaica,North America,English-speaking,High human development
Q1097274,Q1186623,Q30,United States,North America,English-speaking,Very high human development
Q1098512,Q7473516,Q17,Japan,Asia,West & South Asia,Very high human development
Q1099318,Q932561,Q30,United States,North America,English-speaking,Very high human development
Q1099987,Q13298,Q40,Austria,Europe,Catholic Europe,Very high human development
Q1099987,Q13298,Q596239,,{},{},{}
Q1099987,Q13298,Q7318,,{},{},{}
Q1099987,Q13298,Q176495,,{},{},{}
Q1099987,Q13298,Q518101,,{},{},{}
Q1099987,Q13298,Q268970,,{},{},{}
Q1099987,Q13298,Q28513,,{},{},{}
Q1099987,Q13298,Q131964,,{},{},{}
Q1099987,Q13298,Q153136,,{},{},{}
Q1100524,Q30,Q30,United States,North America,English-speaking,Very high human development
Q1101228,Q502564,Q30,United States,North America,English-speaking,Very high human development
Q1101262,Q84,Q2277,,{},{},{}
Q1101262,Q84,Q110888,,{},{},{}
Q1101262,Q84,Q105092,,{},{},{}
Q1101262,Q84,Q105313,,{},{},{}
Q1101262,Q84,Q179876,,{},{},{}
Q1101262,Q84,Q161885,,{},{},{}
Q1101262,Q84,Q174193,,{},{},{}
Q1101262,Q84,Q145,United Kingdom,Europe,English-speaking,Very high human development
Q1102013,Q748078,Q145,United Kingdom,Europe,English-speaking,Very high human development
Q1103301,Q659400,Q30,United States,North America,English-speaking,Very high human development
Q1108068,Q49218,Q30,United States,North America,English-speaking,Very high human development
Q1108416,Q84,Q2277,,{},{},{}
Q1108416,Q84,Q110888,,{},{},{}
Q1108416,Q84,Q105092,,{},{},{}
Q1108416,Q84,Q105313,,{},{},{}
Q1108416,Q84,Q179876,,{},{},{}
Q1108416,Q84,Q161885,,{},{},{}
Q1108416,Q84,Q174193,,{},{},{}
Q1108416,Q84,Q145,United Kingdom,Europe,English-speaking,Very high human development
Q1108424,Q84,Q2277,,{},{},{}
Q1108424,Q84,Q110888,,{},{},{}
Q1108424,Q84,Q105092,,{},{},{}
Q1108424,Q84,Q105313,,{},{},{}
Q1108424,Q84,Q179876,,{},{},{}
Q1108424,Q84,Q161885,,{},{},{}
Q1108424,Q84,Q174193,,{},{},{}
Q1108424,Q84,Q145,United Kingdom,Europe,English-speaking,Very high human development
Q1108453,Q23306,Q145,United Kingdom,Europe,English-speaking,Very high human development
Q1108495,Q1345,Q30,United States,North America,English-speaking,Very high human development
Q1108739,Q84,Q2277,,{},{},{}
Q1108739,Q84,Q110888,,{},{},{}
Q1108739,Q84,Q105092,,{},{},{}
Q1108739,Q84,Q105313,,{},{},{}
Q1108739,Q84,Q179876,,{},{},{}
Q1108739,Q84,Q161885,,{},{},{}
Q1108739,Q84,Q174193,,{},{},{}
Q1108739,Q84,Q145,United Kingdom,Europe,English-speaking,Very high human development
Q1110463,Q84,Q2277,,{},{},{}
Q1110463,Q84,Q110888,,{},{},{}
Q1110463,Q84,Q105092,,{},{},{}
Q1110463,Q84,Q105313,,{},{},{}
Q1110463,Q84,Q179876,,{},{},{}
Q1110463,Q84,Q161885,,{},{},{}
Q1110463,Q84,Q174193,,{},{},{}
Q1110463,Q84,Q145,United Kingdom,Europe,English-speaking,Very high human development
Q1111769,Q2256,Q145,United Kingdom,Europe,English-speaking,Very high human development
Q1111769,Q2256,Q174193,,{},{},{}
Q1111769,Q2256,Q161885,,{},{},{}
Q1111769,Q2256,Q179876,,{},{},{}
Q1114941,Q84,Q2277,,{},{},{}
Q1114941,Q84,Q110888,,{},{},{}
Q1114941,Q84,Q105092,,{},{},{}
Q1114941,Q84,Q105313,,{},{},{}
Q1114941,Q84,Q179876,,{},{},{}
Q1114941,Q84,Q161885,,{},{},{}
Q1114941,Q84,Q174193,,{},{},{}
Q1114941,Q84,Q145,United Kingdom,Europe,English-speaking,Very high human development
Q1115121,Q49145,Q30,United States,North America,English-speaking,Very high human development
Q1116251,Q10566,Q16,Canada,North America,English-speaking,Very high human development
Q1117569,Q325164,Q912,Mali,Africa,Sub-Saharan Africa,Low human development
Q1118750,Q1342,Q30,United States,North America,English-speaking,Very high human development
Q1119823,Q208110,Q214,Slovakia,Europe,{},Very high human development
Q1119823,Q208110,Q33946,,{},{},{}
Q1119823,Q208110,Q154401,,{},{},{}
Q1119823,Q208110,Q33946,,{},{},{}
Q1119823,Q208110,Q28513,,{},{},{}
Q1119823,Q208110,Q131964,,{},{},{}
Q1119823,Q208110,Q153136,,{},{},{}
Q1119823,Q208110,Q7245120,,{},{},{}
Q1119823,Q208110,Q153136,,{},{},{}
Q1119823,Q208110,Q171150,,{},{},{}
Q1120674,Q193420,Q203493,,{},{},{}
Q1120674,Q193420,Q600018,,{},{},{}
Q1120674,Q193420,Q203493,,{},{},{}
Q1120674,Q193420,Q516160,,{},{},{}
Q1120674,Q193420,Q28513,,{},{},{}
Q1120674,Q193420,Q131964,,{},{},{}
Q1120674,Q193420,Q153136,,{},{},{}
Q1120674,Q193420,Q655621,,{},{},{}
Q1120674,Q193420,Q625380,,{},{},{}
Q1120674,Q193420,Q2685298,,{},{},{}
Q1120674,Q193420,Q842794,,{},{},{}
Q1120674,Q193420,Q218,Romania,Europe,Catholic Europe,Very high human development
Q1120674,Q193420,Q16056854,,{},{},{}
Q1121861,Q36091,Q30,United States,North America,English-speaking,Very high human development
Q1122051,Q7985314,Q145,United Kingdom,Europe,English-speaking,Very high human development
Q1122303,Q99,Q30,United States,North America,English-speaking,Very high human development
Q1124931,Q5092,Q30,United States,North America,English-speaking,Very high human development
Q1125856,Q84,Q2277,,{},{},{}
Q1125856,Q84,Q110888,,{},{},{}
Q1125856,Q84,Q105092,,{},{},{}
Q1125856,Q84,Q105313,,{},{},{}
Q1125856,Q84,Q179876,,{},{},{}
Q1125856,Q84,Q161885,,{},{},{}
Q1125856,Q84,Q174193,,{},{},{}
Q1125856,Q84,Q145,United Kingdom,Europe,English-speaking,Very high human development
Q1127023,Q1003286,Q145,United Kingdom,Europe,English-speaking,Very high human development
Q1127989,Q3878768,Q218,Romania,Europe,Catholic Europe,Very high human development
Q1127989,Q3878768,Q842794,,{},{},{}
Q1127989,Q3878768,Q2685298,,{},{},{}
Q1127989,Q3878768,Q203493,,{},{},{}
Q1127989,Q3878768,Q958291,,{},{},{}
Q1127989,Q3878768,Q10957559,,{},{},{}
Q1130939,Q6122,Q38,Italy,Europe,Catholic Europe,Very high human development
Q1131827,Q8678,Q155,Brazil,South America,Latin America,High human development
Q1131856,Q1297,Q30,United States,North America,English-speaking,Very high human development
Q1132175,Q122723,Q17,Japan,Asia,West & South Asia,Very high human development
Q1134053,Q25415,Q34,Sweden,Europe,Protestant Europe,Very high human development
Q1135505,Q127264,Q17,Japan,Asia,West & South Asia,Very high human development
Q1136761,Q406,Q43,Turkey,Asia,West & South Asia,{}
Q1136761,Q406,Q12560,,{},{},{}
Q1136761,Q406,Q12544,,{},{},{}
Q1136761,Q406,Q178897,,{},{},{}
Q1136761,Q406,Q12544,,{},{},{}
Q1136761,Q406,Q2277,,{},{},{}
Q1137066,Q43668,Q30,United States,North America,English-speaking,Very high human development
Q1137125,Q3183,Q408,Australia,Australia,English-speaking,Very high human development
Q1137438,Q2807,Q29,Spain,Europe,Catholic Europe,Very high human development
Q1137821,Q60,Q30,United States,North America,English-speaking,Very high human development
Q1138463,Q11650614,Q17,Japan,Asia,West & South Asia,Very high human development
Q1138463,Q7473516,Q17,Japan,Asia,West & South Asia,Very high human development
Q1138553,Q39121,Q145,United Kingdom,Europe,English-speaking,Very high human development
Q1138661,Q201149,Q145,United Kingdom,Europe,English-speaking,Very high human development
Q1139463,Q984571,Q155,Brazil,South America,Latin America,High human development
Q1140408,Q80007,Q96,Mexico,North America,Latin America,High human development
Q1140743,Q1772662,Q155,Brazil,South America,Latin America,High human development
Q1142305,Q305640,Q17,Japan,Asia,West & South Asia,Very high human development
Q1142761,Q207309,Q17,Japan,Asia,West & South Asia,Very high human development
Q1143660,Q236197,Q17,Japan,Asia,West & South Asia,Very high human development
Q1148069,Q172,Q16,Canada,North America,English-speaking,Very high human development
Q1148078,Q288781,Q145,United Kingdom,Europe,English-speaking,Very high human development
Q1148078,Q288781,Q174193,,{},{},{}
Q1148078,Q288781,Q161885,,{},{},{}
Q1148078,Q288781,Q179876,,{},{},{}
Q1148083,Q1026182,Q145,United Kingdom,Europe,English-speaking,Very high human development
Q1148083,Q84,Q2277,,{},{},{}
Q1148083,Q84,Q110888,,{},{},{}
Q1148083,Q84,Q105092,,{},{},{}
Q1148083,Q84,Q105313,,{},{},{}
Q1148083,Q84,Q179876,,{},{},{}
Q1148083,Q84,Q161885,,{},{},{}
Q1148083,Q84,Q174193,,{},{},{}
Q1148083,Q84,Q145,United Kingdom,Europe,English-speaking,Very high human development
Q1148376,Q21,Q145,United Kingdom,Europe,English-speaking,Very high human development
Q1148376,Q21,Q174193,,{},{},{}
Q1148376,Q21,Q161885,,{},{},{}
Q1150101,Q60,Q30,United States,North America,English-speaking,Very high human development
Q1150116,Q78,Q39,Switzerland,Europe,Catholic Europe,Very high human development
Q1150122,Q4191,Q39,Switzerland,Europe,Catholic Europe,Very high human development
Q1150163,Q90,Q142,France,Europe,Catholic Europe,Very high human development
Q1150163,Q90,Q70972,,{},{},{}
Q1150163,Q90,Q146246,,{},{},{}
Q1150163,Q90,Q2748708,,{},{},{}
Q1150163,Q90,Q142,France,Europe,Catholic Europe,Very high human development
Q1150163,Q90,Q71084,,{},{},{}
Q1150163,Q90,Q58296,,{},{},{}
Q1150798,Q165090,Q142,France,Europe,Catholic Europe,Very high human development
Q1150798,Q165090,Q426025,,{},{},{}
Q1150820,Q174,Q155,Brazil,South America,Latin America,High human development
Q1151388,Q1297,Q30,United States,North America,English-speaking,Very high human development
Q1151724,Q85,Q79,Egypt,Africa,African-Islamic,High human development
Q1151724,Q85,Q180114,,{},{},{}
Q1151724,Q85,Q282428,,{},{},{}
Q1151724,Q85,Q12560,,{},{},{}
Q1151724,Q85,Q127861,,{},{},{}
Q1151724,Q85,Q370173,,{},{},{}
Q1151724,Q85,Q160307,,{},{},{}
Q1152905,Q659400,Q30,United States,North America,English-speaking,Very high human development
Q1153256,Q60,Q30,United States,North America,English-speaking,Very high human development
Q1154316,Q657,Q657,Chad,{},{},Low human development
Q1155639,Q1858,Q881,Vietnam,Asia,Confucian,{}
Q1156074,Q1921917,Q399,Armenia,Asia,Orthodox Europe,Very high human development
Q1157861,Q18438,Q30,United States,North America,English-speaking,Very high human development
Q1158494,Q7315303,Q408,Australia,Australia,English-speaking,Very high human development
Q1159062,Q16565,Q30,United States,North America,English-speaking,Very high human development
Q1159091,Q2031037,Q30,United States,North America,English-speaking,Very high human development
Q1159094,Q747362,Q17,Japan,Asia,West & South Asia,Very high human development
Q1159871,Q34804,Q30,United States,North America,English-speaking,Very high human development
Q1160619,Q34404,Q30,United States,North America,English-speaking,Very high human development
Q1160785,Q60,Q30,United States,North America,English-speaking,Very high human development
Q1161320,Q1757,Q33,Finland,Europe,Catholic Europe,Very high human development
Q1161320,Q1757,Q34266,,{},{},{}
Q1161320,Q1757,Q34,Sweden,Europe,Protestant Europe,Very high human development
Q1161320,Q1757,Q1811029,,{},{},{}
Q1162833,Q1088776,Q30,United States,North America,English-speaking,Very high human development
Q1163210,Q135615,Q30,United States,North America,English-speaking,Very high human development
Q1163833,Q33935,Q801,Israel,Asia,West & South Asia,Very high human development
Q1163833,Q33935,Q193714,,{},{},{}
Q1163833,Q33935,Q7075820,,{},{},{}
Q1163833,Q33935,Q12560,,{},{},{}
Q1165217,Q34261,Q790,Haiti,North America,Latin America,Medium human development
Q1165426,Q3551,Q1028,Morocco,Africa,African-Islamic,High human development
Q1165505,Q3141,Q408,Australia,Australia,English-speaking,Very high human development
Q1165505,Q408,Q408,Australia,Australia,English-speaking,Very high human development
Q1165624,Q1408,Q30,United States,North America,English-speaking,Very high human development
Q1165731,Q65,Q30,United States,North America,English-speaking,Very high human development
Q1165735,Q488125,Q30,United States,North America,English-speaking,Very high human development
Q1165983,Q755271,Q30,United States,North America,English-speaking,Very high human development
Q1166012,Q967384,Q30,United States,North America,English-speaking,Very high human development
Q1167088,Q100,Q30,United States,North America,English-speaking,Very high human development
Q1167088,Q100,Q2079909,,{},{},{}
Q1167088,Q100,Q1191350,,{},{},{}
Q1171128,Q1391,Q30,United States,North America,English-speaking,Very high human development
Q1173398,Q40268,Q30,United States,North America,English-speaking,Very high human development
Q1173565,Q2078535,Q145,United Kingdom,Europe,English-speaking,Very high human development
Q1173640,Q37100,Q664,New Zealand,Australia,English-speaking,Very high human development
Q1174238,Q484678,Q30,United States,North America,English-speaking,Very high human development
Q1174339,Q490,Q38,Italy,Europe,Catholic Europe,Very high human development
Q1174339,Q490,Q172579,,{},{},{}
Q1174339,Q490,Q131964,,{},{},{}
Q1174339,Q490,Q165154,,{},{},{}
Q1174339,Q490,Q223936,,{},{},{}
Q1174339,Q490,Q723118,,{},{},{}
Q1174339,Q490,Q213353,,{},{},{}
Q1174339,Q490,Q729481,,{},{},{}
Q1174339,Q490,Q153529,,{},{},{}
Q1174339,Q490,Q15890801,,{},{},{}
Q1174339,Q490,Q80702,,{},{},{}
Q1174351,Q202954,Q31,Belgium,Europe,Catholic Europe,Very high human development
Q1174481,Q172,Q16,Canada,North America,English-speaking,Very high human development
Q1174539,Q1297,Q30,United States,North America,English-speaking,Very high human development
Q1174548,Q92561,Q16,Canada,North America,English-speaking,Very high human development
Q1174564,Q1345,Q30,United States,North America,English-speaking,Very high human development
Q1174627,Q5083,Q30,United States,North America,English-speaking,Very high human development
Q1174766,Q60,Q30,United States,North America,English-speaking,Very high human development
Q1174815,Q49111,Q30,United States,North America,English-speaking,Very high human development
Q1175073,Q970495,Q30,United States,North America,English-speaking,Very high human development
Q1175150,Q1342,Q30,United States,North America,English-speaking,Very high human development
Q1175275,Q6537297,Q145,United Kingdom,Europe,English-speaking,Very high human development
Q1175302,Q1408,Q30,United States,North America,English-speaking,Very high human development
Q1175967,Q1931996,Q16,Canada,North America,English-speaking,Very high human development
Q1176073,Q1788889,Q145,United Kingdom,Europe,English-speaking,Very high human development
Q1176199,Q84,Q2277,,{},{},{}
Q1176199,Q84,Q110888,,{},{},{}
Q1176199,Q84,Q105092,,{},{},{}
Q1176199,Q84,Q105313,,{},{},{}
Q1176199,Q84,Q179876,,{},{},{}
Q1176199,Q84,Q161885,,{},{},{}
Q1176199,Q84,Q174193,,{},{},{}
Q1176199,Q84,Q145,United Kingdom,Europe,English-speaking,Very high human development
Q1176217,Q952615,Q30,United States,North America,English-speaking,Very high human development
Q1176836,Q649,Q11750528,,{},{},{}
Q1176836,Q649,Q170770,,{},{},{}
Q1176836,Q649,Q186096,,{},{},{}
Q1176836,Q649,Q34266,,{},{},{}
Q1176836,Q649,Q139319,,{},{},{}
Q1176836,Q649,Q2305208,,{},{},{}
Q1176836,Q649,Q15180,,{},{},{}
Q1176836,Q649,Q159,Russia,Europe,Orthodox Europe,{}
Q1176847,Q23306,Q145,United Kingdom,Europe,English-speaking,Very high human development
Q1176847,Q84,Q2277,,{},{},{}
Q1176847,Q84,Q110888,,{},{},{}
Q1176847,Q84,Q105092,,{},{},{}
Q1176847,Q84,Q105313,,{},{},{}
Q1176847,Q84,Q179876,,{},{},{}
Q1176847,Q84,Q161885,,{},{},{}
Q1176847,Q84,Q174193,,{},{},{}
Q1176847,Q84,Q145,United Kingdom,Europe,English-speaking,Very high human development
Q1176950,Q176381,Q30,United States,North America,English-speaking,Very high human development
Q1177006,Q16554,Q30,United States,North America,English-speaking,Very high human development
Q1177114,Q49192,Q30,United States,North America,English-speaking,Very high human development
Q1177138,Q16555,Q30,United States,North America,English-speaking,Very high human development
Q1177322,Q49239,Q30,United States,North America,English-speaking,Very high human development
Q1181085,Q16559,Q30,United States,North America,English-speaking,Very high human development
Q1185232,Q236713,Q30,United States,North America,English-speaking,Very high human development
Q1185444,Q43509,Q736,Ecuador,South America,Latin America,High human development
Q1185444,Q43509,Q199821,,{},{},{}
Q1185444,Q43509,Q3892131,,{},{},{}
Q1185444,Q43509,Q80702,,{},{},{}
Q1185444,Q43509,Q28573,,{},{},{}
Q1185444,Q43509,Q736,Ecuador,South America,Latin America,High human development
Q1185834,Q336431,Q17,Japan,Asia,West & South Asia,Very high human development
Q1187562,Q2807,Q29,Spain,Europe,Catholic Europe,Very high human development
Q1189056,Q485176,Q30,United States,North America,English-speaking,Very high human development
Q1189280,Q961380,Q30,United States,North America,English-speaking,Very high human development
Q1190579,Q174224,Q30,United States,North America,English-speaking,Very high human development
Q1190926,Q8652,Q30,United States,North America,English-speaking,Very high human development
Q1191104,Q84,Q2277,,{},{},{}
Q1191104,Q84,Q110888,,{},{},{}
Q1191104,Q84,Q105092,,{},{},{}
Q1191104,Q84,Q105313,,{},{},{}
Q1191104,Q84,Q179876,,{},{},{}
Q1191104,Q84,Q161885,,{},{},{}
Q1191104,Q84,Q174193,,{},{},{}
Q1191104,Q84,Q145,United Kingdom,Europe,English-speaking,Very high human development
Q1191142,Q48320,Q17,Japan,Asia,West & South Asia,Very high human development
Q1191315,Q486168,Q30,United States,North America,English-speaking,Very high human development
Q1191514,Q819587,Q17,Japan,Asia,West & South Asia,Very high human development
Q1192277,Q199797,Q30,United States,North America,English-speaking,Very high human development
Q1192885,Q79474,Q30,United States,North America,English-speaking,Very high human development
Q1193106,Q966449,Q30,United States,North America,English-speaking,Very high human development
Q1193270,Q35765,Q17,Japan,Asia,West & South Asia,Very high human development
Q1193871,Q23197,Q30,United States,North America,English-speaking,Very high human development
Q1196609,Q452634,Q17,Japan,Asia,West & South Asia,Very high human development
Q1197320,Q34664,Q17,Japan,Asia,West & South Asia,Very high human development
Q1206866,Q44843,Q17,Japan,Asia,West & South Asia,Very high human development
Q1207120,Q725518,Q17,Japan,Asia,West & South Asia,Very high human development
Q1207132,Q16552,Q30,United States,North America,English-speaking,Very high human development
Q1207530,Q861221,Q17,Japan,Asia,West & South Asia,Very high human development
Q1208781,Q84,Q2277,,{},{},{}
Q1208781,Q84,Q110888,,{},{},{}
Q1208781,Q84,Q105092,,{},{},{}
Q1208781,Q84,Q105313,,{},{},{}
Q1208781,Q84,Q179876,,{},{},{}
Q1208781,Q84,Q161885,,{},{},{}
Q1208781,Q84,Q174193,,{},{},{}
Q1208781,Q84,Q145,United Kingdom,Europe,English-speaking,Very high human development
Q1208954,Q490584,Q30,United States,North America,English-speaking,Very high human development
Q1208990,Q123766,Q30,United States,North America,English-speaking,Very high human development
Q1210536,Q160506,Q142,France,Europe,Catholic Europe,Very high human development
Q1213039,Q282647,Q214,Slovakia,Europe,{},Very high human development
Q1215270,Q48958,Q142,France,Europe,Catholic Europe,Very high human development
Q1215607,Q17042,Q30,United States,North America,English-speaking,Very high human development
Q1215607,Q62,Q30,United States,North America,English-speaking,Very high human development
Q1215723,Q269943,Q38,Italy,Europe,Catholic Europe,Very high human development
Q1216039,Q997107,Q155,Brazil,South America,Latin America,High human development
Q1217640,Q35726263,Q683,Samoa,{},{},High human development
Q1221489,Q44160,Q142,France,Europe,Catholic Europe,Very high human development
Q1221893,Q60,Q30,United States,North America,English-speaking,Very high human development
Q1225086,Q341915,Q30,United States,North America,English-speaking,Very high human development
Q1225937,Q13121,Q31,Belgium,Europe,Catholic Europe,Very high human development
Q1226282,Q1914026,Q30,United States,North America,English-speaking,Very high human development
Q1226282,Q1546,Q30,United States,North America,English-speaking,Very high human development
Q1228133,Q49145,Q30,United States,North America,English-speaking,Very high human development
Q1230637,Q2966,Q183,Germany,Europe,Catholic Europe,Very high human development
Q1230637,Q2966,Q713750,,{},{},{}
Q1230637,Q2966,Q2415901,,{},{},{}
Q1230637,Q2966,Q7318,,{},{},{}
Q1230637,Q2966,Q41304,,{},{},{}
Q1230637,Q2966,Q43287,,{},{},{}
Q1230637,Q2966,Q186320,,{},{},{}
Q1230637,Q2966,Q637238,,{},{},{}
Q1230637,Q2966,Q22880,,{},{},{}
Q1230637,Q2966,Q703265,,{},{},{}
Q1230637,Q2966,Q22880,,{},{},{}
Q1230637,Q2966,Q690821,,{},{},{}
Q1230705,Q529402,Q142,France,Europe,Catholic Europe,Very high human development
Q1230753,Q60,Q30,United States,North America,English-speaking,Very high human development
Q1230809,Q3130,Q408,Australia,Australia,English-speaking,Very high human development
Q1230982,Q2807,Q29,Spain,Europe,Catholic Europe,Very high human development
Q1231493,Q84,Q2277,,{},{},{}
Q1231493,Q84,Q110888,,{},{},{}
Q1231493,Q84,Q105092,,{},{},{}
Q1231493,Q84,Q105313,,{},{},{}
Q1231493,Q84,Q179876,,{},{},{}
Q1231493,Q84,Q161885,,{},{},{}
Q1231493,Q84,Q174193,,{},{},{}
Q1231493,Q84,Q145,United Kingdom,Europe,English-speaking,Very high human development
Q1231493,Q6512849,Q145,United Kingdom,Europe,English-speaking,Very high human development
Q1233018,Q2429969,Q145,United Kingdom,Europe,English-speaking,Very high human development
Q1234248,Q90,Q142,France,Europe,Catholic Europe,Very high human development
Q1234248,Q90,Q70972,,{},{},{}
Q1234248,Q90,Q146246,,{},{},{}
Q1234248,Q90,Q2748708,,{},{},{}
Q1234248,Q90,Q142,France,Europe,Catholic Europe,Very high human development
Q1234248,Q90,Q71084,,{},{},{}
Q1234248,Q90,Q58296,,{},{},{}
Q1235215,Q60,Q30,United States,North America,English-speaking,Very high human development
Q1235251,Q6252,Q38,Italy,Europe,Catholic Europe,Very high human development
Q1235251,Q6252,Q172579,,{},{},{}
Q1235251,Q6252,Q131964,,{},{},{}
Q1235251,Q6252,Q2577303,,{},{},{}
Q1235251,Q6252,Q223936,,{},{},{}
Q1235251,Q6252,Q723118,,{},{},{}
Q1235251,Q6252,Q213353,,{},{},{}
Q1235251,Q6252,Q729481,,{},{},{}
Q1235251,Q6252,Q153529,,{},{},{}
Q1236131,Q6454,Q142,France,Europe,Catholic Europe,Very high human development
Q1236772,Q79867,Q30,United States,North America,English-speaking,Very high human development
Q1237807,Q30974,Q142,France,Europe,Catholic Europe,Very high human development
Q1237856,Q41185,Q142,France,Europe,Catholic Europe,Very high human development
Q1237904,Q334,Q8680,,{},{},{}
Q1237904,Q334,Q334,Singapore,Asia,Confucian,Very high human development
Q1238567,Q270230,Q142,France,Europe,Catholic Europe,Very high human development
Q1238574,Q172455,Q142,France,Europe,Catholic Europe,Very high human development
Q1238584,Q187153,Q142,France,Europe,Catholic Europe,Very high human development
Q1238593,Q12892,Q31,Belgium,Europe,Catholic Europe,Very high human development
Q1238593,Q12892,Q622783,,{},{},{}
Q1238593,Q12892,Q1031430,,{},{},{}
Q1238593,Q12892,Q700283,,{},{},{}
Q1238602,Q172455,Q142,France,Europe,Catholic Europe,Very high human development
Q1238618,Q239,Q31,Belgium,Europe,Catholic Europe,Very high human development
Q1238618,Q2603135,Q31,Belgium,Europe,Catholic Europe,Very high human development
Q1238618,Q272262,Q31,Belgium,Europe,Catholic Europe,Very high human development
Q1238669,Q36600,Q55,Netherlands,Europe,Protestant Europe,Very high human development
Q1238669,Q36600,Q212278,,{},{},{}
Q1238669,Q36600,Q71084,,{},{},{}
Q1238669,Q36600,Q188553,,{},{},{}
Q1238669,Q36600,Q170072,,{},{},{}
Q1238669,Q36600,Q80702,,{},{},{}
Q1238669,Q36600,Q1031430,,{},{},{}
Q1238669,Q36600,Q762943,,{},{},{}
Q1238811,Q1297,Q30,United States,North America,English-speaking,Very high human development
Q1239077,Q671431,Q16,Canada,North America,English-speaking,Very high human development
Q1239116,Q92212,Q36,Poland,Europe,Catholic Europe,Very high human development
Q1239116,Q92212,Q1206012,,{},{},{}
Q1239116,Q92212,Q27306,,{},{},{}
Q1239116,Q92212,Q5311376,,{},{},{}
Q1239116,Q92212,Q661980,,{},{},{}
Q1239116,Q92212,Q661980,,{},{},{}
Q1239670,Q36091,Q30,United States,North America,English-speaking,Very high human development
Q1239798,Q502479,Q30,United States,North America,English-speaking,Very high human development
Q1240267,Q6422852,Q30,United States,North America,English-speaking,Very high human development
Q1240467,Q28848,Q30,United States,North America,English-speaking,Very high human development
Q1240486,Q23556,Q30,United States,North America,English-speaking,Very high human development
Q1240552,Q26410,Q17,Japan,Asia,West & South Asia,Very high human development
Q1241451,Q85,Q79,Egypt,Africa,African-Islamic,High human development
Q1241451,Q85,Q180114,,{},{},{}
Q1241451,Q85,Q282428,,{},{},{}
Q1241451,Q85,Q12560,,{},{},{}
Q1241451,Q85,Q127861,,{},{},{}
Q1241451,Q85,Q370173,,{},{},{}
Q1241451,Q85,Q160307,,{},{},{}
Q1241759,Q8652,Q30,United States,North America,English-speaking,Very high human development
Q1242472,Q134672,Q145,United Kingdom,Europe,English-speaking,Very high human development
Q1242613,Q979889,Q30,United States,North America,English-speaking,Very high human development
Q1242948,Q18419,Q30,United States,North America,English-speaking,Very high human development
Q1243147,Q84,Q2277,,{},{},{}
Q1243147,Q84,Q110888,,{},{},{}
Q1243147,Q84,Q105092,,{},{},{}
Q1243147,Q84,Q105313,,{},{},{}
Q1243147,Q84,Q179876,,{},{},{}
Q1243147,Q84,Q161885,,{},{},{}
Q1243147,Q84,Q174193,,{},{},{}
Q1243147,Q84,Q145,United Kingdom,Europe,English-speaking,Very high human development
Q1243368,Q1449,Q38,Italy,Europe,Catholic Europe,Very high human development
Q1243368,Q1449,Q165154,,{},{},{}
Q1243368,Q1449,Q142,France,Europe,Catholic Europe,Very high human development
Q1243368,Q1449,Q659312,,{},{},{}
Q1243368,Q1449,Q174306,,{},{},{}
Q1243368,Q1449,Q5343710,,{},{},{}
Q1243441,Q1345,Q30,United States,North America,English-speaking,Very high human development
Q1243973,Q692961,Q40,Austria,Europe,Catholic Europe,Very high human development
Q1245105,Q90,Q142,France,Europe,Catholic Europe,Very high human development
Q1245105,Q90,Q70972,,{},{},{}
Q1245105,Q90,Q146246,,{},{},{}
Q1245105,Q90,Q2748708,,{},{},{}
Q1245105,Q90,Q142,France,Europe,Catholic Europe,Very high human development
Q1245105,Q90,Q71084,,{},{},{}
Q1245105,Q90,Q58296,,{},{},{}
Q1245508,Q2751,Q38,Italy,Europe,Catholic Europe,Very high human development
Q1245508,Q2751,Q736727,,{},{},{}
Q1245984,Q187153,Q142,France,Europe,Catholic Europe,Very high human development
Q1246353,Q508288,Q30,United States,North America,English-speaking,Very high human development
Q1246814,Q1415,Q30,United States,North America,English-speaking,Very high human development
Q1246814,Q1019255,Q30,United States,North America,English-speaking,Very high human development
Q1246921,Q936780,Q30,United States,North America,English-speaking,Very high human development
Q1248054,Q49236,Q30,United States,North America,English-speaking,Very high human development
Q1248648,Q3902,Q183,Germany,Europe,Catholic Europe,Very high human development
Q1248648,Q3902,Q713750,,{},{},{}
Q1249485,Q1794,Q146246,,{},{},{}
Q1249485,Q1794,Q153080,,{},{},{}
Q1249485,Q1794,Q12548,,{},{},{}
Q1249485,Q1794,Q704312,,{},{},{}
Q1249485,Q1794,Q704300,,{},{},{}
Q1249485,Q1794,Q151624,,{},{},{}
Q1249485,Q1794,Q27306,,{},{},{}
Q1249485,Q1794,Q1206012,,{},{},{}
Q1249485,Q1794,Q41304,,{},{},{}
Q1249485,Q1794,Q7318,,{},{},{}
Q1249485,Q1794,Q2415901,,{},{},{}
Q1249485,Q1794,Q713750,,{},{},{}
Q1249485,Q1794,Q183,Germany,Europe,Catholic Europe,Very high human development
Q1251800,Q49238,Q30,United States,North America,English-speaking,Very high human development
Q1251926,Q51691,Q30,United States,North America,English-speaking,Very high human development
Q1251971,Q100188,Q203493,,{},{},{}
Q1251971,Q100188,Q600018,,{},{},{}
Q1251971,Q100188,Q28513,,{},{},{}
Q1251971,Q100188,Q131964,,{},{},{}
Q1251971,Q100188,Q153136,,{},{},{}
Q1251971,Q100188,Q655621,,{},{},{}
Q1251971,Q100188,Q625380,,{},{},{}
Q1251971,Q100188,Q516160,,{},{},{}
Q1251971,Q100188,Q2685298,,{},{},{}
Q1251971,Q100188,Q842794,,{},{},{}
Q1251971,Q100188,Q218,Romania,Europe,Catholic Europe,Very high human development
Q1251971,Q100188,Q16056854,,{},{},{}
Q1252469,Q954764,Q145,United Kingdom,Europe,English-speaking,Very high human development
Q1252645,Q84,Q2277,,{},{},{}
Q1252645,Q84,Q110888,,{},{},{}
Q1252645,Q84,Q105092,,{},{},{}
Q1252645,Q84,Q105313,,{},{},{}
Q1252645,Q84,Q179876,,{},{},{}
Q1252645,Q84,Q161885,,{},{},{}
Q1252645,Q84,Q174193,,{},{},{}
Q1252645,Q84,Q145,United Kingdom,Europe,English-speaking,Very high human development
Q1253264,Q994,Q230,Georgia,Asia,Orthodox Europe,Very high human development
Q1253264,Q994,Q15180,,{},{},{}
Q1253264,Q994,Q545205,,{},{},{}
Q1253264,Q994,Q245160,,{},{},{}
Q1253264,Q994,Q330756,,{},{},{}
Q1253264,Q994,Q2630860,,{},{},{}
Q1253264,Q994,Q139319,,{},{},{}
Q1253264,Q994,Q34266,,{},{},{}
Q1253264,Q994,Q282475,,{},{},{}
Q1253264,Q994,Q195972,,{},{},{}
Q1253264,Q994,Q154667,,{},{},{}
Q1253923,Q1663,Q224,Croatia,Europe,Catholic Europe,Very high human development
Q1253923,Q1663,Q83286,,{},{},{}
Q1253923,Q1663,Q131964,,{},{},{}
Q1253923,Q1663,Q28513,,{},{},{}
Q1256957,Q376330,Q30,United States,North America,English-speaking,Very high human development
Q1256957,Q17183555,Q30,United States,North America,English-speaking,Very high human development
Q1258235,Q12439,Q30,United States,North America,English-speaking,Very high human development
Q1258959,Q1297,Q30,United States,North America,English-speaking,Very high human development
Q1259446,Q483984,Q503585,,{},{},{}
Q1259713,Q1013970,Q145,United Kingdom,Europe,English-speaking,Very high human development
Q1261117,Q656,Q159,Russia,Europe,Orthodox Europe,{}
Q1261117,Q656,Q15180,,{},{},{}
Q1261117,Q656,Q2305208,,{},{},{}
Q1261117,Q656,Q34266,,{},{},{}
Q1261117,Q656,Q139319,,{},{},{}
Q1261117,Q656,Q186096,,{},{},{}
Q1262212,Q3820,Q822,Lebanon,Asia,African-Islamic,High human development
Q1262212,Q3820,Q108865218,,{},{},{}
Q1262212,Q3820,Q108865226,,{},{},{}
Q1262212,Q3820,Q7075820,,{},{},{}
Q1262212,Q3820,Q12560,,{},{},{}
Q1262216,Q84,Q2277,,{},{},{}
Q1262216,Q84,Q110888,,{},{},{}
Q1262216,Q84,Q105092,,{},{},{}
Q1262216,Q84,Q105313,,{},{},{}
Q1262216,Q84,Q179876,,{},{},{}
Q1262216,Q84,Q161885,,{},{},{}
Q1262216,Q84,Q174193,,{},{},{}
Q1262216,Q84,Q145,United Kingdom,Europe,English-speaking,Very high human development
Q1264643,Q28271,Q30,United States,North America,English-speaking,Very high human development
Q1266083,Q11299,Q30,United States,North America,English-speaking,Very high human development
Q1267116,Q1000133,Q408,Australia,Australia,English-speaking,Very high human development
Q1268311,Q12439,Q30,United States,North America,English-speaking,Very high human development
Q1268581,Q60,Q30,United States,North America,English-speaking,Very high human development
Q1269275,Q1967748,Q30,United States,North America,English-speaking,Very high human development
Q1269550,Q656,Q159,Russia,Europe,Orthodox Europe,{}
Q1269550,Q656,Q15180,,{},{},{}
Q1269550,Q656,Q2305208,,{},{},{}
Q1269550,Q656,Q34266,,{},{},{}
Q1269550,Q656,Q139319,,{},{},{}
Q1269550,Q656,Q186096,,{},{},{}
Q1270441,Q124184,Q145,United Kingdom,Europe,English-speaking,Very high human development
Q1270673,Q40608,Q145,United Kingdom,Europe,English-speaking,Very high human development
Q1272457,Q11376984,Q17,Japan,Asia,West & South Asia,Very high human development
Q1273517,Q490584,Q30,United States,North America,English-speaking,Very high human development
Q1273533,Q60,Q30,United States,North America,English-speaking,Very high human development
Q1275257,Q3370,Q224,Croatia,Europe,Catholic Europe,Very high human development
Q1275257,Q3370,Q4948,,{},{},{}
Q1275257,Q3370,Q191077,,{},{},{}
Q1275257,Q3370,Q83286,,{},{},{}
Q1276490,Q25395,Q30,United States,North America,English-speaking,Very high human development
Q1276720,Q23436,Q145,United Kingdom,Europe,English-speaking,Very high human development
Q1276720,Q23436,Q174193,,{},{},{}
Q1276720,Q23436,Q161885,,{},{},{}
Q1276720,Q23436,Q230791,,{},{},{}
Q1276843,Q1290067,Q224,Croatia,Europe,Catholic Europe,Very high human development
Q1276843,Q1290067,Q191077,,{},{},{}
Q1277237,Q221507,Q142,France,Europe,Catholic Europe,Very high human development
Q1277467,Q61,Q30,United States,North America,English-speaking,Very high human development
Q1277641,Q1761,Q174193,,{},{},{}
Q1277641,Q1761,Q215530,,{},{},{}
Q1277641,Q1761,Q27,Ireland,Europe,English-speaking,Very high human development
Q1277641,Q1761,Q31747,,{},{},{}
Q1277641,Q1761,Q844250,,{},{},{}
Q1277983,Q60,Q30,United States,North America,English-speaking,Very high human development
Q1277990,Q212991,Q30,United States,North America,English-speaking,Very high human development
Q1278407,Q1869251,Q145,United Kingdom,Europe,English-speaking,Very high human development
Q1278677,Q215030,Q145,United Kingdom,Europe,English-speaking,Very high human development
Q1280035,Q49186,Q30,United States,North America,English-speaking,Very high human development
Q1280205,Q231765,Q408,Australia,Australia,English-speaking,Very high human development
Q1281119,Q279890,Q30,United States,North America,English-speaking,Very high human development
Q1281196,Q37100,Q664,New Zealand,Australia,English-speaking,Very high human development
Q1281738,Q1297,Q30,United States,North America,English-speaking,Very high human development
Q1282338,Q537877,Q30,United States,North America,English-speaking,Very high human development
Q1282471,Q1297,Q30,United States,North America,English-speaking,Very high human development
Q1282826,Q1721,Q183,Germany,Europe,Catholic Europe,Very high human development
Q1282826,Q1721,Q713750,,{},{},{}
Q1282826,Q1721,Q2415901,,{},{},{}
Q1282826,Q1721,Q7318,,{},{},{}
Q1282826,Q1721,Q41304,,{},{},{}
Q1282826,Q1721,Q43287,,{},{},{}
Q1282826,Q1721,Q38872,,{},{},{}
Q1282826,Q1721,Q836680,,{},{},{}
Q1283557,Q695221,Q668,India,Asia,Indosphere,Medium human development
Q1283560,Q15238615,Q16,Canada,North America,English-speaking,Very high human development
Q1284085,Q60,Q30,United States,North America,English-speaking,Very high human development
Q1285184,Q172,Q16,Canada,North America,English-speaking,Very high human development
Q1285419,Q156588,Q212,Ukraine,Europe,Orthodox Europe,High human development
Q1285419,Q156588,Q15180,,{},{},{}
Q1285419,Q156588,Q207272,,{},{},{}
Q1285419,Q156588,Q457167,,{},{},{}
Q1285419,Q156588,Q28513,,{},{},{}
Q1285562,Q1000717,Q145,United Kingdom,Europe,English-speaking,Very high human development
Q1285562,Q2469409,Q145,United Kingdom,Europe,English-speaking,Very high human development
Q1285600,Q1220518,Q754,Trinidad and Tobago,South America,Latin America,Very high human development
Q1285626,Q216820,Q30,United States,North America,English-speaking,Very high human development
Q1285626,Q216820,Q1397,,{},{},{}
Q1286138,Q26534676,Q145,United Kingdom,Europe,English-speaking,Very high human development
Q1287502,Q786126,Q29,Spain,Europe,Catholic Europe,Very high human development
Q1287768,Q40325,Q30,United States,North America,English-speaking,Very high human development
Q1288644,Q171866,Q145,United Kingdom,Europe,English-speaking,Very high human development
Q1288774,Q36600,Q55,Netherlands,Europe,Protestant Europe,Very high human development
Q1288774,Q36600,Q212278,,{},{},{}
Q1288774,Q36600,Q71084,,{},{},{}
Q1288774,Q36600,Q188553,,{},{},{}
Q1288774,Q36600,Q170072,,{},{},{}
Q1288774,Q36600,Q80702,,{},{},{}
Q1288774,Q36600,Q1031430,,{},{},{}
Q1288774,Q36600,Q762943,,{},{},{}
Q1289140,Q84,Q2277,,{},{},{}
Q1289140,Q84,Q110888,,{},{},{}
Q1289140,Q84,Q105092,,{},{},{}
Q1289140,Q84,Q105313,,{},{},{}
Q1289140,Q84,Q179876,,{},{},{}
Q1289140,Q84,Q161885,,{},{},{}
Q1289140,Q84,Q174193,,{},{},{}
Q1289140,Q84,Q145,United Kingdom,Europe,English-speaking,Very high human development
Q1289151,Q780944,Q30,United States,North America,English-speaking,Very high human development
Q1291185,Q371354,Q414,Argentina,South America,Latin America,Very high human development
Q1291185,Q1486,Q414,Argentina,South America,Latin America,Very high human development
Q1292004,Q49218,Q30,United States,North America,English-speaking,Very high human development
Q1292012,Q100,Q30,United States,North America,English-speaking,Very high human development
Q1292012,Q100,Q2079909,,{},{},{}
Q1292012,Q100,Q1191350,,{},{},{}
Q1292087,Q107397,Q27,Ireland,Europe,English-speaking,Very high human development
Q1292087,Q104356630,Q145,United Kingdom,Europe,English-speaking,Very high human development
Q1292166,Q2495519,Q30,United States,North America,English-speaking,Very high human development
Q1292432,Q143405,Q30,United States,North America,English-speaking,Very high human development
Q1292826,Q60,Q30,United States,North America,English-speaking,Very high human development
Q1293447,Q60,Q30,United States,North America,English-speaking,Very high human development
Q1293611,Q84,Q2277,,{},{},{}
Q1293611,Q84,Q110888,,{},{},{}
Q1293611,Q84,Q105092,,{},{},{}
Q1293611,Q84,Q105313,,{},{},{}
Q1293611,Q84,Q179876,,{},{},{}
Q1293611,Q84,Q161885,,{},{},{}
Q1293611,Q84,Q174193,,{},{},{}
Q1293611,Q84,Q145,United Kingdom,Europe,English-speaking,Very high human development
Q1293793,Q40435,Q30,United States,North America,English-speaking,Very high human development
Q1293795,Q138311,Q30,United States,North America,English-speaking,Very high human development
Q1294088,Q48370,Q30,United States,North America,English-speaking,Very high human development
Q1294553,Q128069,Q30,United States,North America,English-speaking,Very high human development
Q1297391,Q64,Q148499,,{},{},{}
Q1297391,Q64,Q157367,,{},{},{}
Q1297391,Q64,Q27306,,{},{},{}
Q1297391,Q64,Q150981,,{},{},{}
Q1297391,Q64,Q43287,,{},{},{}
Q1297391,Q64,Q41304,,{},{},{}
Q1297391,Q64,Q7318,,{},{},{}
Q1297391,Q64,Q55300,,{},{},{}
Q1297391,Q64,Q16957,,{},{},{}
Q1297391,Q64,Q183,Germany,Europe,Catholic Europe,Very high human development
Q1297391,Q64,Q713750,,{},{},{}
Q1298183,Q1934446,Q30,United States,North America,English-speaking,Very high human development
Q1300112,Q1774629,Q145,United Kingdom,Europe,English-speaking,Very high human development
Q1303498,Q3141,Q408,Australia,Australia,English-speaking,Very high human development
Q1303988,Q980109,Q30,United States,North America,English-speaking,Very high human development
Q1304934,Q1718,Q183,Germany,Europe,Catholic Europe,Very high human development
Q1305870,Q2509222,Q189,Iceland,Europe,Protestant Europe,Very high human development
Q1307719,Q1345,Q30,United States,North America,English-speaking,Very high human development
Q1308340,Q265071,Q17,Japan,Asia,West & South Asia,Very high human development
Q1308730,Q727,Q55,Netherlands,Europe,Protestant Europe,Very high human development
Q1308730,Q727,Q596214,,{},{},{}
Q1308730,Q727,Q55,Netherlands,Europe,Protestant Europe,Very high human development
Q1308730,Q727,Q15864,,{},{},{}
Q1308730,Q727,Q774783,,{},{},{}
Q1308730,Q727,Q142,France,Europe,Catholic Europe,Very high human development
Q1308730,Q727,Q212278,,{},{},{}
Q1308730,Q727,Q188553,,{},{},{}
Q1308730,Q727,Q170072,,{},{},{}
Q1308730,Q727,Q1031430,,{},{},{}
Q1308730,Q727,Q157109,,{},{},{}
Q1308730,Q727,Q762943,,{},{},{}
Q1309970,Q172455,Q142,France,Europe,Catholic Europe,Very high human development
Q1311305,Q1563,Q241,Cuba,North America,Latin America,High human development
Q1311305,Q1563,Q80702,,{},{},{}
Q1312287,Q2123,Q16,Canada,North America,English-speaking,Very high human development
Q1315386,Q34261,Q790,Haiti,North America,Latin America,Medium human development
Q1315862,Q93358,Q203493,,{},{},{}
Q1315862,Q93358,Q203493,,{},{},{}
Q1315862,Q93358,Q28513,,{},{},{}
Q1315862,Q93358,Q131964,,{},{},{}
Q1315862,Q93358,Q153136,,{},{},{}
Q1315862,Q93358,Q655621,,{},{},{}
Q1315862,Q93358,Q12560,,{},{},{}
Q1315862,Q93358,Q655621,,{},{},{}
Q1315862,Q93358,Q625380,,{},{},{}
Q1315862,Q93358,Q2685298,,{},{},{}
Q1315862,Q93358,Q842794,,{},{},{}
Q1315862,Q93358,Q218,Romania,Europe,Catholic Europe,Very high human development
Q1315862,Q93358,Q516160,,{},{},{}
Q1315862,Q93358,Q16056854,,{},{},{}
Q1315862,Q93358,Q600018,,{},{},{}
Q1316586,Q249498,Q28,Hungary,Europe,Catholic Europe,Very high human development
Q1316719,Q852693,Q30,United States,North America,English-speaking,Very high human development
Q1318617,Q507399,Q30,United States,North America,English-speaking,Very high human development
Q1319237,Q188806,Q17,Japan,Asia,West & South Asia,Very high human development
Q1319539,Q331397,Q30,United States,North America,English-speaking,Very high human development
Q1320146,Q630963,Q30,United States,North America,English-speaking,Very high human development
Q1320489,Q39561,Q30,United States,North America,English-speaking,Very high human development
Q1320567,Q1781,Q28,Hungary,Europe,Catholic Europe,Very high human development
Q1320567,Q1781,Q600018,,{},{},{}
Q1320567,Q1781,Q16985296,,{},{},{}
Q1320567,Q1781,Q243652,,{},{},{}
Q1320567,Q1781,Q516160,,{},{},{}
Q1320567,Q1781,Q28513,,{},{},{}
Q1320567,Q1781,Q516160,,{},{},{}
Q1320567,Q1781,Q940741,,{},{},{}
Q1320567,Q1781,Q16410,,{},{},{}
Q1322301,Q1207735,Q188712,,{},{},{}
Q1322851,Q84,Q2277,,{},{},{}
Q1322851,Q84,Q110888,,{},{},{}
Q1322851,Q84,Q105092,,{},{},{}
Q1322851,Q84,Q105313,,{},{},{}
Q1322851,Q84,Q179876,,{},{},{}
Q1322851,Q84,Q161885,,{},{},{}
Q1322851,Q84,Q174193,,{},{},{}
Q1322851,Q84,Q145,United Kingdom,Europe,English-speaking,Very high human development
Q1324172,Q1335,Q77,Uruguay,South America,Latin America,Very high human development
Q1324800,Q60,Q30,United States,North America,English-speaking,Very high human development
Q1324816,Q207371,Q145,United Kingdom,Europe,English-speaking,Very high human development
Q1324878,Q60,Q30,United States,North America,English-speaking,Very high human development
Q1325374,Q267258,Q17,Japan,Asia,West & South Asia,Very high human development
Q1325821,Q203645,Q142,France,Europe,Catholic Europe,Very high human development
Q1326764,Q7143099,Q30,United States,North America,English-speaking,Very high human development
Q1330299,Q3569613,Q30,United States,North America,English-speaking,Very high human development
Q1330663,Q1477912,Q183,Germany,Europe,Catholic Europe,Very high human development
Q1331219,Q10686,Q174193,,{},{},{}
Q1331219,Q10686,Q215530,,{},{},{}
Q1331219,Q10686,Q844250,,{},{},{}
Q1331219,Q10686,Q145,United Kingdom,Europe,English-speaking,Very high human development
Q1331244,Q19798,Q145,United Kingdom,Europe,English-speaking,Very high human development
Q1331252,Q16555,Q30,United States,North America,English-speaking,Very high human development
Q1332098,Q122892,Q145,United Kingdom,Europe,English-speaking,Very high human development
Q1332944,Q108534,Q30,United States,North America,English-speaking,Very high human development
Q1333841,Q200028,Q664,New Zealand,Australia,English-speaking,Very high human development
Q1333848,Q18419,Q30,United States,North America,English-speaking,Very high human development
Q1334139,Q656,Q159,Russia,Europe,Orthodox Europe,{}
Q1334139,Q656,Q15180,,{},{},{}
Q1334139,Q656,Q2305208,,{},{},{}
Q1334139,Q656,Q34266,,{},{},{}
Q1334139,Q656,Q139319,,{},{},{}
Q1334139,Q656,Q186096,,{},{},{}
Q1334230,Q177544,Q145,United Kingdom,Europe,English-speaking,Very high human development
Q1334281,Q44255,Q414,Argentina,South America,Latin America,Very high human development
Q1334326,Q1486,Q414,Argentina,South America,Latin America,Very high human development
Q1334536,Q84,Q2277,,{},{},{}
Q1334536,Q84,Q110888,,{},{},{}
Q1334536,Q84,Q105092,,{},{},{}
Q1334536,Q84,Q105313,,{},{},{}
Q1334536,Q84,Q179876,,{},{},{}
Q1334536,Q84,Q161885,,{},{},{}
Q1334536,Q84,Q174193,,{},{},{}
Q1334536,Q84,Q145,United Kingdom,Europe,English-speaking,Very high human development
Q1335032,Q8717,Q29,Spain,Europe,Catholic Europe,Very high human development
Q1335032,Q8717,Q276951,,{},{},{}
Q1335454,Q130290,Q17,Japan,Asia,West & South Asia,Very high human development
Q1335686,Q5092,Q30,United States,North America,English-speaking,Very high human development
Q1336654,Q496558,Q30,United States,North America,English-speaking,Very high human development
Q1337482,Q179691,Q17,Japan,Asia,West & South Asia,Very high human development
Q1337504,Q142486,Q30,United States,North America,English-speaking,Very high human development
Q1338016,Q819689,Q17,Japan,Asia,West & South Asia,Very high human development
Q1338209,Q90,Q142,France,Europe,Catholic Europe,Very high human development
Q1338209,Q90,Q70972,,{},{},{}
Q1338209,Q90,Q146246,,{},{},{}
Q1338209,Q90,Q2748708,,{},{},{}
Q1338209,Q90,Q142,France,Europe,Catholic Europe,Very high human development
Q1338209,Q90,Q71084,,{},{},{}
Q1338209,Q90,Q58296,,{},{},{}
Q1338416,Q131818,Q262,Algeria,Africa,African-Islamic,High human development
Q1338416,Q131818,Q142,France,Europe,Catholic Europe,Very high human development
Q1338671,Q103892,Q36,Poland,Europe,Catholic Europe,Very high human development
Q1338671,Q103892,Q183,Germany,Europe,Catholic Europe,Very high human development
Q1338846,Q993714,Q16,Canada,North America,English-speaking,Very high human development
Q1339252,Q18097,Q165292,,{},{},{}
Q1339252,Q18097,Q715257,,{},{},{}
Q1339252,Q18097,Q698268,,{},{},{}
Q1339252,Q18097,Q28208,,{},{},{}
Q1339252,Q18097,Q28179,,{},{},{}
Q1339252,Q18097,Q28233,,{},{},{}
Q1339252,Q18097,Q188712,,{},{},{}
Q1339265,Q10876907,Q17,Japan,Asia,West & South Asia,Very high human development
Q1339944,Q80011,Q17,Japan,Asia,West & South Asia,Very high human development
Q1340511,Q5046429,Q244,Barbados,North America,Latin America,Very high human development
Q1340586,Q3462202,Q16,Canada,North America,English-speaking,Very high human development
Q1340595,Q7994799,Q408,Australia,Australia,English-speaking,Very high human development
Q1340677,Q39709,Q30,United States,North America,English-speaking,Very high human development
Q1341654,Q6537297,Q145,United Kingdom,Europe,English-speaking,Very high human development
Q1342082,Q388108,Q79,Egypt,Africa,African-Islamic,High human development
Q1342895,Q270230,Q142,France,Europe,Catholic Europe,Very high human development
Q1343486,Q84,Q2277,,{},{},{}
Q1343486,Q84,Q110888,,{},{},{}
Q1343486,Q84,Q105092,,{},{},{}
Q1343486,Q84,Q105313,,{},{},{}
Q1343486,Q84,Q179876,,{},{},{}
Q1343486,Q84,Q161885,,{},{},{}
Q1343486,Q84,Q174193,,{},{},{}
Q1343486,Q84,Q145,United Kingdom,Europe,English-speaking,Very high human development
Q1343550,Q721163,Q17,Japan,Asia,West & South Asia,Very high human development
Q1343550,Q961511,Q17,Japan,Asia,West & South Asia,Very high human development
Q1343804,Q134902,Q145,United Kingdom,Europe,English-speaking,Very high human development
Q1343944,Q44210,Q414,Argentina,South America,Latin America,Very high human development
Q1343973,Q2868,Q419,Peru,South America,Latin America,High human development
Q1344032,Q2887,Q298,Chile,South America,Latin America,Very high human development
Q1344032,Q2887,Q763808,,{},{},{}
Q1344032,Q2887,Q7145245,,{},{},{}
Q1344032,Q2887,Q763808,,{},{},{}
Q1344078,Q61,Q30,United States,North America,English-speaking,Very high human development
Q1344217,Q65,Q30,United States,North America,English-speaking,Very high human development
Q1344250,Q84,Q2277,,{},{},{}
Q1344250,Q84,Q110888,,{},{},{}
Q1344250,Q84,Q105092,,{},{},{}
Q1344250,Q84,Q105313,,{},{},{}
Q1344250,Q84,Q179876,,{},{},{}
Q1344250,Q84,Q161885,,{},{},{}
Q1344250,Q84,Q174193,,{},{},{}
Q1344250,Q84,Q145,United Kingdom,Europe,English-speaking,Very high human development
Q1344451,Q7473516,Q17,Japan,Asia,West & South Asia,Very high human development
Q1344495,Q18419,Q30,United States,North America,English-speaking,Very high human development
Q1344495,Q60,Q30,United States,North America,English-speaking,Very high human development
Q1344686,Q128147,Q145,United Kingdom,Europe,English-speaking,Very high human development
Q1344686,Q128147,Q179876,,{},{},{}
Q1345080,Q1765256,Q29,Spain,Europe,Catholic Europe,Very high human development
Q1345227,Q35765,Q17,Japan,Asia,West & South Asia,Very high human development
Q1346126,Q16555,Q30,United States,North America,English-speaking,Very high human development
Q1346664,Q42800,Q155,Brazil,South America,Latin America,High human development
Q1346678,Q131491,Q145,United Kingdom,Europe,English-speaking,Very high human development
Q1346678,Q131491,Q174193,,{},{},{}
Q1346691,Q49174,Q30,United States,North America,English-speaking,Very high human development
Q1346885,Q35765,Q17,Japan,Asia,West & South Asia,Very high human development
Q1346976,Q18419,Q30,United States,North America,English-speaking,Very high human development
Q1347163,Q998675,Q30,United States,North America,English-speaking,Very high human development
Q1347232,Q485176,Q30,United States,North America,English-speaking,Very high human development
Q1347301,Q100,Q30,United States,North America,English-speaking,Very high human development
Q1347301,Q100,Q2079909,,{},{},{}
Q1347301,Q100,Q1191350,,{},{},{}
Q1347607,Q1033731,Q408,Australia,Australia,English-speaking,Very high human development
Q1347607,Q29303,Q145,United Kingdom,Europe,English-speaking,Very high human development
Q1347607,Q29303,Q174193,,{},{},{}
Q1347607,Q29303,Q161885,,{},{},{}
Q1347607,Q29303,Q179876,,{},{},{}
Q1347607,Q29303,Q105313,,{},{},{}
Q1347607,Q29303,Q328818,,{},{},{}
Q1348138,Q1132267,Q30,United States,North America,English-speaking,Very high human development
Q1348153,Q36647,Q27,Ireland,Europe,English-speaking,Very high human development
Q1348334,Q191066,Q142,France,Europe,Catholic Europe,Very high human development
Q1348713,Q1795214,Q17,Japan,Asia,West & South Asia,Very high human development
Q1348768,Q8678,Q155,Brazil,South America,Latin America,High human development
Q1349027,Q1022,Q183,Germany,Europe,Catholic Europe,Very high human development
Q1349027,Q1022,Q7318,,{},{},{}
Q1349027,Q1022,Q41304,,{},{},{}
Q1349027,Q1022,Q43287,,{},{},{}
Q1349027,Q1022,Q159631,,{},{},{}
Q1349027,Q1022,Q2172530,,{},{},{}
Q1349027,Q1022,Q2227570,,{},{},{}
Q1349144,Q18419,Q30,United States,North America,English-speaking,Very high human development
Q1349245,Q60,Q30,United States,North America,English-speaking,Very high human development
Q1349276,Q371748,Q29,Spain,Europe,Catholic Europe,Very high human development
Q1349297,Q37320,Q30,United States,North America,English-speaking,Very high human development
Q1349663,Q1022236,Q43,Turkey,Asia,West & South Asia,{}
Q1350599,Q7996944,Q145,United Kingdom,Europe,English-speaking,Very high human development
Q1351191,Q941931,Q408,Australia,Australia,English-speaking,Very high human development
Q1351304,Q8652,Q30,United States,North America,English-speaking,Very high human development
Q1351447,Q981218,Q30,United States,North America,English-speaking,Very high human development
Q1351464,Q40435,Q30,United States,North America,English-speaking,Very high human development
Q1351554,Q755026,Q30,United States,North America,English-speaking,Very high human development
Q1351819,Q233892,Q30,United States,North America,English-speaking,Very high human development
Q1352236,Q1342,Q30,United States,North America,English-speaking,Very high human development
Q1352305,Q128147,Q145,United Kingdom,Europe,English-speaking,Very high human development
Q1352305,Q128147,Q179876,,{},{},{}
Q1353673,Q1182077,Q30,United States,North America,English-speaking,Very high human development
Q1353956,Q43196,Q30,United States,North America,English-speaking,Very high human development
Q1354130,Q23337,Q30,United States,North America,English-speaking,Very high human development
Q1354247,Q304036,Q30,United States,North America,English-speaking,Very high human development
Q1354608,Q2414159,Q30,United States,North America,English-speaking,Very high human development
Q1356059,Q1384,Q30,United States,North America,English-speaking,Very high human development
Q1356200,Q28848,Q30,United States,North America,English-speaking,Very high human development
Q1356259,Q18125,Q145,United Kingdom,Europe,English-speaking,Very high human development
Q1356259,Q18125,Q174193,,{},{},{}
Q1356259,Q18125,Q161885,,{},{},{}
Q1356259,Q18125,Q179876,,{},{},{}
Q1356272,Q1016159,Q30,United States,North America,English-speaking,Very high human development
Q1356427,Q60,Q30,United States,North America,English-speaking,Very high human development
Q1356435,Q16556,Q30,United States,North America,English-speaking,Very high human development
Q1356499,Q90,Q142,France,Europe,Catholic Europe,Very high human development
Q1356499,Q90,Q70972,,{},{},{}
Q1356499,Q90,Q146246,,{},{},{}
Q1356499,Q90,Q2748708,,{},{},{}
Q1356499,Q90,Q142,France,Europe,Catholic Europe,Very high human development
Q1356499,Q90,Q71084,,{},{},{}
Q1356499,Q90,Q58296,,{},{},{}
Q1356507,Q37320,Q30,United States,North America,English-speaking,Very high human development
Q1357524,Q128114,Q30,United States,North America,English-speaking,Very high human development
Q1359140,Q1855418,Q414,Argentina,South America,Latin America,Very high human development
Q1360009,Q43668,Q30,United States,North America,English-speaking,Very high human development
Q1360721,Q115061,Q30,United States,North America,English-speaking,Very high human development
Q1361931,Q84,Q2277,,{},{},{}
Q1361931,Q84,Q110888,,{},{},{}
Q1361931,Q84,Q105092,,{},{},{}
Q1361931,Q84,Q105313,,{},{},{}
Q1361931,Q84,Q179876,,{},{},{}
Q1361931,Q84,Q161885,,{},{},{}
Q1361931,Q84,Q174193,,{},{},{}
Q1361931,Q84,Q145,United Kingdom,Europe,English-speaking,Very high human development
Q1362244,Q1757,Q33,Finland,Europe,Catholic Europe,Very high human development
Q1362244,Q1757,Q34266,,{},{},{}
Q1362244,Q1757,Q34,Sweden,Europe,Protestant Europe,Very high human development
Q1362244,Q1757,Q1811029,,{},{},{}
Q1362359,Q3230904,Q142,France,Europe,Catholic Europe,Very high human development
Q1362359,Q23482,Q142,France,Europe,Catholic Europe,Very high human development
Q1363121,Q207736,Q145,United Kingdom,Europe,English-speaking,Very high human development
Q1363572,Q84,Q2277,,{},{},{}
Q1363572,Q84,Q110888,,{},{},{}
Q1363572,Q84,Q105092,,{},{},{}
Q1363572,Q84,Q105313,,{},{},{}
Q1363572,Q84,Q179876,,{},{},{}
Q1363572,Q84,Q161885,,{},{},{}
Q1363572,Q84,Q174193,,{},{},{}
Q1363572,Q84,Q145,United Kingdom,Europe,English-speaking,Very high human development
Q1363756,Q4280113,Q217,Moldova,Europe,Orthodox Europe,{}
Q1363756,Q4280113,Q15180,,{},{},{}
Q1363756,Q4280113,Q203493,,{},{},{}
Q1363756,Q4280113,Q15180,,{},{},{}
Q1363756,Q4280113,Q203493,,{},{},{}
Q1363756,Q4280113,Q964024,,{},{},{}
Q1363756,Q4280113,Q139319,,{},{},{}
Q1363756,Q4280113,Q34266,,{},{},{}
Q1363756,Q4280113,Q10957559,,{},{},{}
Q1363814,Q84,Q2277,,{},{},{}
Q1363814,Q84,Q110888,,{},{},{}
Q1363814,Q84,Q105092,,{},{},{}
Q1363814,Q84,Q105313,,{},{},{}
Q1363814,Q84,Q179876,,{},{},{}
Q1363814,Q84,Q161885,,{},{},{}
Q1363814,Q84,Q174193,,{},{},{}
Q1363814,Q84,Q145,United Kingdom,Europe,English-speaking,Very high human development
Q1363986,Q3141,Q408,Australia,Australia,English-speaking,Very high human development
Q1364100,Q444210,Q30,United States,North America,English-speaking,Very high human development
Q1364205,Q1342,Q30,United States,North America,English-speaking,Very high human development
Q1366068,Q45798,Q17,Japan,Asia,West & South Asia,Very high human development
Q1366693,Q406,Q43,Turkey,Asia,West & South Asia,{}
Q1366693,Q406,Q12560,,{},{},{}
Q1366693,Q406,Q12544,,{},{},{}
Q1366693,Q406,Q178897,,{},{},{}
Q1366693,Q406,Q12544,,{},{},{}
Q1366693,Q406,Q2277,,{},{},{}
Q1366759,Q576562,Q145,United Kingdom,Europe,English-speaking,Very high human development
Q1366759,Q23436,Q145,United Kingdom,Europe,English-speaking,Very high human development
Q1366759,Q23436,Q174193,,{},{},{}
Q1366759,Q23436,Q161885,,{},{},{}
Q1366759,Q23436,Q230791,,{},{},{}
Q1367133,Q84,Q2277,,{},{},{}
Q1367133,Q84,Q110888,,{},{},{}
Q1367133,Q84,Q105092,,{},{},{}
Q1367133,Q84,Q105313,,{},{},{}
Q1367133,Q84,Q179876,,{},{},{}
Q1367133,Q84,Q161885,,{},{},{}
Q1367133,Q84,Q174193,,{},{},{}
Q1367133,Q84,Q145,United Kingdom,Europe,English-speaking,Very high human development
Q1367624,Q130191,Q145,United Kingdom,Europe,English-speaking,Very high human development
Q1367995,Q24603,Q30,United States,North America,English-speaking,Very high human development
Q1367996,Q1013827,Q145,United Kingdom,Europe,English-speaking,Very high human development
Q1368134,Q28218,Q30,United States,North America,English-speaking,Very high human development
Q1368527,Q22690,Q142,France,Europe,Catholic Europe,Very high human development
Q1368527,Q22690,Q43287,,{},{},{}
Q1368527,Q22690,Q183,Germany,Europe,Catholic Europe,Very high human development
Q1368527,Q22690,Q142,France,Europe,Catholic Europe,Very high human development
Q1369013,Q25319,Q35,Denmark,Europe,Protestant Europe,Very high human development
Q1369211,Q823493,Q17,Japan,Asia,West & South Asia,Very high human development
Q1369224,Q975,Q30,United States,North America,English-speaking,Very high human development
Q1369254,Q43196,Q30,United States,North America,English-speaking,Very high human development
Q1369803,Q577853,Q30,United States,North America,English-speaking,Very high human development
Q1370880,Q1605993,Q29,Spain,Europe,Catholic Europe,Very high human development
Q1370880,Q6161712,Q29,Spain,Europe,Catholic Europe,Very high human development
Q1371108,Q1400,Q30,United States,North America,English-speaking,Very high human development
Q1371154,Q1297,Q30,United States,North America,English-speaking,Very high human development
Q1371409,Q100,Q30,United States,North America,English-speaking,Very high human development
Q1371409,Q100,Q2079909,,{},{},{}
Q1371409,Q100,Q1191350,,{},{},{}
Q1371628,Q3471356,Q717,Venezuela,South America,Latin America,{}
Q1372703,Q690991,Q30,United States,North America,English-speaking,Very high human development
Q1372850,Q3708396,Q30,United States,North America,English-speaking,Very high human development
Q1372851,Q474463,Q159,Russia,Europe,Orthodox Europe,{}
Q1372851,Q474463,Q15180,,{},{},{}
Q1372993,Q23140,Q145,United Kingdom,Europe,English-speaking,Very high human development
Q1373060,Q1590850,Q30,United States,North America,English-speaking,Very high human development
Q1373183,Q85,Q79,Egypt,Africa,African-Islamic,High human development
Q1373183,Q85,Q180114,,{},{},{}
Q1373183,Q85,Q282428,,{},{},{}
Q1373183,Q85,Q12560,,{},{},{}
Q1373183,Q85,Q127861,,{},{},{}
Q1373183,Q85,Q370173,,{},{},{}
Q1373183,Q85,Q160307,,{},{},{}
Q1373235,Q765553,Q794,Iran,Asia,African-Islamic,{}
Q1374243,Q18426,Q30,United States,North America,English-speaking,Very high human development
Q1374400,Q18419,Q30,United States,North America,English-speaking,Very high human development
Q1374829,Q60,Q30,United States,North America,English-speaking,Very high human development
Q1375319,Q9920,Q55,Netherlands,Europe,Protestant Europe,Very high human development
Q1377013,Q23556,Q30,United States,North America,English-speaking,Very high human development
Q1377923,Q49218,Q30,United States,North America,English-speaking,Very high human development
Q1378188,Q5083,Q30,United States,North America,English-speaking,Very high human development
Q1378375,Q1000656,Q145,United Kingdom,Europe,English-speaking,Very high human development
Q1378641,Q7473516,Q17,Japan,Asia,West & South Asia,Very high human development
Q1379189,Q138518,Q30,United States,North America,English-speaking,Very high human development
Q1379443,Q172,Q16,Canada,North America,English-speaking,Very high human development
Q1379791,Q30096,Q35,Denmark,Europe,Protestant Europe,Very high human development
Q1380960,Q2123194,Q145,United Kingdom,Europe,English-speaking,Very high human development
Q1381427,Q606775,Q1028,Morocco,Africa,African-Islamic,High human development
Q1381627,Q734432,Q17,Japan,Asia,West & South Asia,Very high human development
Q1381985,Q1380988,Q30,United States,North America,English-speaking,Very high human development
Q1382720,Q84,Q2277,,{},{},{}
Q1382720,Q84,Q110888,,{},{},{}
Q1382720,Q84,Q105092,,{},{},{}
Q1382720,Q84,Q105313,,{},{},{}
Q1382720,Q84,Q179876,,{},{},{}
Q1382720,Q84,Q161885,,{},{},{}
Q1382720,Q84,Q174193,,{},{},{}
Q1382720,Q84,Q145,United Kingdom,Europe,English-speaking,Very high human development
Q1383270,Q2009813,Q145,United Kingdom,Europe,English-speaking,Very high human development
Q1383662,Q1135768,Q142,France,Europe,Catholic Europe,Very high human development
Q1383799,Q23079,Q145,United Kingdom,Europe,English-speaking,Very high human development
Q1383799,Q23079,Q179876,,{},{},{}
Q1383799,Q1734413,Q145,United Kingdom,Europe,English-speaking,Very high human development
Q1384133,Q54758,Q34,Sweden,Europe,Protestant Europe,Very high human development
Q1384905,Q26600,Q17,Japan,Asia,West & South Asia,Very high human development
Q1385478,Q90,Q142,France,Europe,Catholic Europe,Very high human development
Q1385478,Q90,Q70972,,{},{},{}
Q1385478,Q90,Q146246,,{},{},{}
Q1385478,Q90,Q2748708,,{},{},{}
Q1385478,Q90,Q142,France,Europe,Catholic Europe,Very high human development
Q1385478,Q90,Q71084,,{},{},{}
Q1385478,Q90,Q58296,,{},{},{}
Q1385598,Q845857,Q17,Japan,Asia,West & South Asia,Very high human development
Q1385614,Q823927,Q17,Japan,Asia,West & South Asia,Very high human development
Q1385758,Q124046,Q145,United Kingdom,Europe,English-speaking,Very high human development
Q1386705,Q18419,Q30,United States,North America,English-speaking,Very high human development
Q1386967,Q1492,Q29,Spain,Europe,Catholic Europe,Very high human development
Q1387224,Q6226,Q145,United Kingdom,Europe,English-speaking,Very high human development
Q1387224,Q84,Q2277,,{},{},{}
Q1387224,Q84,Q110888,,{},{},{}
Q1387224,Q84,Q105092,,{},{},{}
Q1387224,Q84,Q105313,,{},{},{}
Q1387224,Q84,Q179876,,{},{},{}
Q1387224,Q84,Q161885,,{},{},{}
Q1387224,Q84,Q174193,,{},{},{}
Q1387224,Q84,Q145,United Kingdom,Europe,English-speaking,Very high human development
Q1387642,Q1490,Q17,Japan,Asia,West & South Asia,Very high human development
Q1387643,Q62,Q30,United States,North America,English-speaking,Very high human development
Q1389731,Q1320403,Q30,United States,North America,English-speaking,Very high human development
Q1390604,Q126269,Q145,United Kingdom,Europe,English-speaking,Very high human development
Q1391196,Q1345,Q30,United States,North America,English-speaking,Very high human development
Q1391927,Q23169,Q145,United Kingdom,Europe,English-speaking,Very high human development
Q1391927,Q23169,Q179876,,{},{},{}
Q1392021,Q8646,Q148,People's Republic of China,Asia,Confucian,{}
Q1392021,Q8646,Q8680,,{},{},{}
Q1392121,Q1772591,Q155,Brazil,South America,Latin America,High human development
Q1392250,Q184090,Q145,United Kingdom,Europe,English-speaking,Very high human development
Q1392415,Q2297044,Q145,United Kingdom,Europe,English-speaking,Very high human development
Q1393036,Q41604,Q142,France,Europe,Catholic Europe,Very high human development
Q1393069,Q625208,Q142,France,Europe,Catholic Europe,Very high human development
Q1393111,Q42053,Q794,Iran,Asia,African-Islamic,{}
Q1393388,Q2384721,Q142,France,Europe,Catholic Europe,Very high human development
Q1393388,Q1241308,Q142,France,Europe,Catholic Europe,Very high human development
Q1393443,Q221517,Q142,France,Europe,Catholic Europe,Very high human development
Q1393517,Q76817,Q142,France,Europe,Catholic Europe,Very high human development
Q1393749,Q1492,Q29,Spain,Europe,Catholic Europe,Very high human development
Q1393935,Q52535,Q414,Argentina,South America,Latin America,Very high human development
Q1394609,Q537877,Q30,United States,North America,English-speaking,Very high human development
Q1394747,Q11875632,Q33,Finland,Europe,Catholic Europe,Very high human development
Q1395092,Q585,Q20,Norway,Europe,Protestant Europe,Very high human development
Q1395092,Q585,Q62589,,{},{},{}
Q1395092,Q585,Q2597352,,{},{},{}
Q1395092,Q585,Q62651,,{},{},{}
Q1395161,Q2868,Q419,Peru,South America,Latin America,High human development
Q1395379,Q15695,Q29,Spain,Europe,Catholic Europe,Very high human development
Q1395538,Q237896,Q30,United States,North America,English-speaking,Very high human development
Q1395688,Q7473516,Q17,Japan,Asia,West & South Asia,Very high human development
Q1395770,Q38733,Q30,United States,North America,English-speaking,Very high human development
Q1395866,Q8678,Q155,Brazil,South America,Latin America,High human development
Q1395915,Q60,Q30,United States,North America,English-speaking,Very high human development
Q1395915,Q184090,Q145,United Kingdom,Europe,English-speaking,Very high human development
Q1396074,Q1073114,Q142,France,Europe,Catholic Europe,Very high human development
Q1396387,Q600301,Q30,United States,North America,English-speaking,Very high human development
Q1396654,Q18426,Q30,United States,North America,English-speaking,Very high human development
Q1396664,Q416131,Q17,Japan,Asia,West & South Asia,Very high human development
Q1396763,Q41819,Q30,United States,North America,English-speaking,Very high human development
Q1396764,Q386110,Q17,Japan,Asia,West & South Asia,Very high human development
Q1397159,Q824,Q30,United States,North America,English-speaking,Very high human development
Q1397305,Q18419,Q30,United States,North America,English-speaking,Very high human development
Q1397543,Q734416,Q17,Japan,Asia,West & South Asia,Very high human development
Q1397660,Q905641,Q233,Malta,Europe,Catholic Europe,Very high human development
Q1397722,Q4093,Q145,United Kingdom,Europe,English-speaking,Very high human development
Q1397722,Q4093,Q174193,,{},{},{}
Q1397722,Q4093,Q161885,,{},{},{}
Q1397722,Q4093,Q230791,,{},{},{}
Q1397722,Q4093,Q145,United Kingdom,Europe,English-speaking,Very high human development
Q1398498,Q996487,Q27,Ireland,Europe,English-speaking,Very high human development
Q1398751,Q5092,Q30,United States,North America,English-speaking,Very high human development
Q1398786,Q26793,Q20,Norway,Europe,Protestant Europe,Very high human development
Q1398786,Q26793,Q62589,,{},{},{}
Q1398786,Q26793,Q2597352,,{},{},{}
Q1398786,Q26793,Q62651,,{},{},{}
Q1399133,Q47135,Q142,France,Europe,Catholic Europe,Very high human development
Q1399160,Q23556,Q30,United States,North America,English-speaking,Very high human development
Q1399272,Q18426,Q30,United States,North America,English-speaking,Very high human development
Q1399341,Q3616,Q794,Iran,Asia,African-Islamic,{}
Q1399502,Q90,Q142,France,Europe,Catholic Europe,Very high human development
Q1399502,Q90,Q70972,,{},{},{}
Q1399502,Q90,Q146246,,{},{},{}
Q1399502,Q90,Q2748708,,{},{},{}
Q1399502,Q90,Q142,France,Europe,Catholic Europe,Very high human development
Q1399502,Q90,Q71084,,{},{},{}
Q1399502,Q90,Q58296,,{},{},{}
Q1399502,Q163948,Q142,France,Europe,Catholic Europe,Very high human development
Q1399637,Q2868,Q419,Peru,South America,Latin America,High human development
Q1400307,Q60,Q30,United States,North America,English-speaking,Very high human development
Q1402991,Q60,Q30,United States,North America,English-speaking,Very high human development
Q1403035,Q1022,Q183,Germany,Europe,Catholic Europe,Very high human development
Q1403035,Q1022,Q7318,,{},{},{}
Q1403035,Q1022,Q41304,,{},{},{}
Q1403035,Q1022,Q43287,,{},{},{}
Q1403035,Q1022,Q159631,,{},{},{}
Q1403035,Q1022,Q2172530,,{},{},{}
Q1403035,Q1022,Q2227570,,{},{},{}
Q1404768,Q193019,Q155,Brazil,South America,Latin America,High human development
Q1405032,Q240891,Q17,Japan,Asia,West & South Asia,Very high human development
Q1405996,Q17432475,Q145,United Kingdom,Europe,English-speaking,Very high human development
Q1405996,Q17432475,Q174193,,{},{},{}
Q1406489,Q1055,Q12548,,{},{},{}
Q1406489,Q1055,Q1055,,{},{},{}
Q1406489,Q1055,Q71084,,{},{},{}
Q1406489,Q1055,Q151624,,{},{},{}
Q1406489,Q1055,Q150981,,{},{},{}
Q1406489,Q1055,Q43287,,{},{},{}
Q1406489,Q1055,Q41304,,{},{},{}
Q1406489,Q1055,Q7318,,{},{},{}
Q1406489,Q1055,Q2415901,,{},{},{}
Q1406489,Q1055,Q713750,,{},{},{}
Q1406489,Q1055,Q183,Germany,Europe,Catholic Europe,Very high human development
Q1407898,Q61,Q30,United States,North America,English-speaking,Very high human development
Q1408025,Q1558,Q30,United States,North America,English-speaking,Very high human development
Q1408040,Q60,Q30,United States,North America,English-speaking,Very high human development
Q1409320,Q3834,Q183,Germany,Europe,Catholic Europe,Very high human development
Q1409320,Q3834,Q186320,,{},{},{}
Q1409320,Q3834,Q637238,,{},{},{}
Q1409320,Q3834,Q896856,,{},{},{}
Q1409570,Q995533,Q30,United States,North America,English-speaking,Very high human development
Q1409989,Q7473516,Q17,Japan,Asia,West & South Asia,Very high human development
Q1410240,Q1990478,Q736,Ecuador,South America,Latin America,High human development
Q1412142,Q949596,Q30,United States,North America,English-speaking,Very high human development
Q1413561,Q835831,Q30,United States,North America,English-speaking,Very high human development
Q1416142,Q43301,Q30,United States,North America,English-speaking,Very high human development
Q1417672,Q41262,Q145,United Kingdom,Europe,English-speaking,Very high human development
Q1417699,Q1649,Q30,United States,North America,English-speaking,Very high human development
Q1418536,Q36312,Q16,Canada,North America,English-speaking,Very high human development
Q1419656,Q1012047,Q145,United Kingdom,Europe,English-speaking,Very high human development
Q1419759,Q18424,Q30,United States,North America,English-speaking,Very high human development
Q1420273,Q665489,Q145,United Kingdom,Europe,English-speaking,Very high human development
Q1422252,Q35581,Q17,Japan,Asia,West & South Asia,Very high human development
Q1422252,Q35581,Q188712,,{},{},{}
Q1422430,Q1022,Q183,Germany,Europe,Catholic Europe,Very high human development
Q1422430,Q1022,Q7318,,{},{},{}
Q1422430,Q1022,Q41304,,{},{},{}
Q1422430,Q1022,Q43287,,{},{},{}
Q1422430,Q1022,Q159631,,{},{},{}
Q1422430,Q1022,Q2172530,,{},{},{}
Q1422430,Q1022,Q2227570,,{},{},{}
Q1422563,Q84,Q2277,,{},{},{}
Q1422563,Q84,Q110888,,{},{},{}
Q1422563,Q84,Q105092,,{},{},{}
Q1422563,Q84,Q105313,,{},{},{}
Q1422563,Q84,Q179876,,{},{},{}
Q1422563,Q84,Q161885,,{},{},{}
Q1422563,Q84,Q174193,,{},{},{}
Q1422563,Q84,Q145,United Kingdom,Europe,English-speaking,Very high human development
Q1434265,Q1513,Q668,India,Asia,Indosphere,Medium human development
Q1434539,Q67499,Q39,Switzerland,Europe,Catholic Europe,Very high human development
Q1434616,Q22905,Q145,United Kingdom,Europe,English-speaking,Very high human development
Q1434925,Q1327004,Q30,United States,North America,English-speaking,Very high human development
Q1435287,Q244248,Q142,France,Europe,Catholic Europe,Very high human development
Q1437441,Q3141,Q408,Australia,Australia,English-speaking,Very high human development
Q1439360,Q350,Q145,United Kingdom,Europe,English-speaking,Very high human development
Q1439360,Q350,Q161885,,{},{},{}
Q1439360,Q350,Q179876,,{},{},{}
Q1439360,Q350,Q174193,,{},{},{}
Q1439360,Q350,Q145,United Kingdom,Europe,English-speaking,Very high human development
Q1439406,Q64,Q148499,,{},{},{}
Q1439406,Q64,Q157367,,{},{},{}
Q1439406,Q64,Q27306,,{},{},{}
Q1439406,Q64,Q150981,,{},{},{}
Q1439406,Q64,Q43287,,{},{},{}
Q1439406,Q64,Q41304,,{},{},{}
Q1439406,Q64,Q7318,,{},{},{}
Q1439406,Q64,Q55300,,{},{},{}
Q1439406,Q64,Q16957,,{},{},{}
Q1439406,Q64,Q183,Germany,Europe,Catholic Europe,Very high human development
Q1439406,Q64,Q713750,,{},{},{}
Q1440732,Q188806,Q17,Japan,Asia,West & South Asia,Very high human development
Q1440805,Q34227,Q16,Canada,North America,English-speaking,Very high human development
Q1441447,Q174,Q155,Brazil,South America,Latin America,High human development
Q1441798,Q84,Q2277,,{},{},{}
Q1441798,Q84,Q110888,,{},{},{}
Q1441798,Q84,Q105092,,{},{},{}
Q1441798,Q84,Q105313,,{},{},{}
Q1441798,Q84,Q179876,,{},{},{}
Q1441798,Q84,Q161885,,{},{},{}
Q1441798,Q84,Q174193,,{},{},{}
Q1441798,Q84,Q145,United Kingdom,Europe,English-speaking,Very high human development
Q1441997,Q1489,Q96,Mexico,North America,Latin America,High human development
Q1442249,Q1489,Q96,Mexico,North America,Latin America,High human development
Q1443018,Q544890,Q30,United States,North America,English-speaking,Very high human development
Q1443070,Q60,Q30,United States,North America,English-speaking,Very high human development
Q1443099,Q60,Q30,United States,North America,English-speaking,Very high human development
Q1443129,Q60,Q30,United States,North America,English-speaking,Very high human development
Q1443787,Q1003074,Q30,United States,North America,English-speaking,Very high human development
Q1444002,Q1345,Q30,United States,North America,English-speaking,Very high human development
Q1444221,Q3971,Q183,Germany,Europe,Catholic Europe,Very high human development
Q1444297,Q60,Q30,United States,North America,English-speaking,Very high human development
Q1444345,Q989909,Q30,United States,North America,English-speaking,Very high human development
Q1444495,Q181962,Q30,United States,North America,English-speaking,Very high human development
Q1445190,Q184154,Q142,France,Europe,Catholic Europe,Very high human development
Q1445580,Q1499314,Q213,Czech Republic,Europe,Orthodox Europe,{}
Q1445641,Q585,Q20,Norway,Europe,Protestant Europe,Very high human development
Q1445641,Q585,Q62589,,{},{},{}
Q1445641,Q585,Q2597352,,{},{},{}
Q1445641,Q585,Q62651,,{},{},{}
Q1446393,Q1579457,Q739,Colombia,South America,Latin America,High human development
Q1446683,Q138518,Q30,United States,North America,English-speaking,Very high human development
Q1448642,Q17139,Q17,Japan,Asia,West & South Asia,Very high human development
Q1448930,Q33486,Q30,United States,North America,English-speaking,Very high human development
Q1449113,Q81137,Q213,Czech Republic,Europe,Orthodox Europe,{}
Q1449113,Q81137,Q33946,,{},{},{}
Q1449113,Q81137,Q152750,,{},{},{}
Q1449113,Q81137,Q213,Czech Republic,Europe,Orthodox Europe,{}
Q1449422,Q1851,Q159,Russia,Europe,Orthodox Europe,{}
Q1449422,Q1851,Q15180,,{},{},{}
Q1449422,Q1851,Q2305208,,{},{},{}
Q1449422,Q1851,Q139319,,{},{},{}
Q1449422,Q1851,Q34266,,{},{},{}
Q1449422,Q1851,Q186096,,{},{},{}
Q1452295,Q60,Q30,United States,North America,English-speaking,Very high human development
Q1452749,Q43788,Q30,United States,North America,English-speaking,Very high human development
Q1452794,Q16555,Q30,United States,North America,English-speaking,Very high human development
Q1452807,Q60,Q30,United States,North America,English-speaking,Very high human development
Q1452813,Q18419,Q30,United States,North America,English-speaking,Very high human development
Q1452818,Q79848,Q145,United Kingdom,Europe,English-speaking,Very high human development
Q1452818,Q79848,Q174193,,{},{},{}
Q1452818,Q79848,Q161885,,{},{},{}
Q1452818,Q79848,Q179876,,{},{},{}
Q1452818,Q84,Q2277,,{},{},{}
Q1452818,Q84,Q110888,,{},{},{}
Q1452818,Q84,Q105092,,{},{},{}
Q1452818,Q84,Q105313,,{},{},{}
Q1452818,Q84,Q179876,,{},{},{}
Q1452818,Q84,Q161885,,{},{},{}
Q1452818,Q84,Q174193,,{},{},{}
Q1452818,Q84,Q145,United Kingdom,Europe,English-speaking,Very high human development
Q1453258,Q10545885,Q34,Sweden,Europe,Protestant Europe,Very high human development
Q1453258,Q1754,Q34,Sweden,Europe,Protestant Europe,Very high human development
Q1453258,Q1754,Q62623,,{},{},{}
Q1453258,Q1754,Q62589,,{},{},{}
Q1453423,Q232631,Q17,Japan,Asia,West & South Asia,Very high human development
Q1453544,Q502209,Q17,Japan,Asia,West & South Asia,Very high human development
Q1453687,Q60,Q30,United States,North America,English-speaking,Very high human development
Q1453743,Q60,Q30,United States,North America,English-speaking,Very high human development
Q1456366,Q64,Q148499,,{},{},{}
Q1456366,Q64,Q157367,,{},{},{}
Q1456366,Q64,Q27306,,{},{},{}
Q1456366,Q64,Q150981,,{},{},{}
Q1456366,Q64,Q43287,,{},{},{}
Q1456366,Q64,Q41304,,{},{},{}
Q1456366,Q64,Q7318,,{},{},{}
Q1456366,Q64,Q55300,,{},{},{}
Q1456366,Q64,Q16957,,{},{},{}
Q1456366,Q64,Q183,Germany,Europe,Catholic Europe,Very high human development
Q1456366,Q64,Q713750,,{},{},{}
Q1456539,Q1055,Q12548,,{},{},{}
Q1456539,Q1055,Q1055,,{},{},{}
Q1456539,Q1055,Q71084,,{},{},{}
Q1456539,Q1055,Q151624,,{},{},{}
Q1456539,Q1055,Q150981,,{},{},{}
Q1456539,Q1055,Q43287,,{},{},{}
Q1456539,Q1055,Q41304,,{},{},{}
Q1456539,Q1055,Q7318,,{},{},{}
Q1456539,Q1055,Q2415901,,{},{},{}
Q1456539,Q1055,Q713750,,{},{},{}
Q1456539,Q1055,Q183,Germany,Europe,Catholic Europe,Very high human development
Q1457862,Q861610,Q17,Japan,Asia,West & South Asia,Very high human development
Q1458319,Q490077,Q30,United States,North America,English-speaking,Very high human development
Q1458612,Q49111,Q30,United States,North America,English-speaking,Very high human development
Q1460605,Q4181,Q183,Germany,Europe,Catholic Europe,Very high human development
Q1465790,Q7473516,Q17,Japan,Asia,West & South Asia,Very high human development
Q1468771,Q856938,Q30,United States,North America,English-speaking,Very high human development
Q1468786,Q142024,Q16,Canada,North America,English-speaking,Very high human development
Q1469672,Q1022,Q183,Germany,Europe,Catholic Europe,Very high human development
Q1469672,Q1022,Q7318,,{},{},{}
Q1469672,Q1022,Q41304,,{},{},{}
Q1469672,Q1022,Q43287,,{},{},{}
Q1469672,Q1022,Q159631,,{},{},{}
Q1469672,Q1022,Q2172530,,{},{},{}
Q1469672,Q1022,Q2227570,,{},{},{}
Q1470827,Q253696,Q183,Germany,Europe,Catholic Europe,Very high human development
Q1470827,Q253696,Q142,France,Europe,Catholic Europe,Very high human development
Q1473365,Q7473516,Q17,Japan,Asia,West & South Asia,Very high human development
Q1474002,Q7473516,Q17,Japan,Asia,West & South Asia,Very high human development
Q1475238,Q156243,Q423,North Korea,{},{},{}
Q1475327,Q1754,Q34,Sweden,Europe,Protestant Europe,Very high human development
Q1475327,Q1754,Q62623,,{},{},{}
Q1475327,Q1754,Q62589,,{},{},{}
Q1475826,Q504850,Q30,United States,North America,English-speaking,Very high human development
Q1477082,Q3750,Q183,Germany,Europe,Catholic Europe,Very high human development
Q1477910,Q7473516,Q17,Japan,Asia,West & South Asia,Very high human development
Q1479296,Q899813,Q30,United States,North America,English-speaking,Very high human development
Q1480556,Q42956,Q148,People's Republic of China,Asia,Confucian,{}
Q1480556,Q42956,Q13426199,,{},{},{}
Q1480556,Q42956,Q30623,,{},{},{}
Q1480556,Q42956,Q13426199,,{},{},{}
Q1480556,Q42956,Q12060881,,{},{},{}
Q1481362,Q84,Q2277,,{},{},{}
Q1481362,Q84,Q110888,,{},{},{}
Q1481362,Q84,Q105092,,{},{},{}
Q1481362,Q84,Q105313,,{},{},{}
Q1481362,Q84,Q179876,,{},{},{}
Q1481362,Q84,Q161885,,{},{},{}
Q1481362,Q84,Q174193,,{},{},{}
Q1481362,Q84,Q145,United Kingdom,Europe,English-speaking,Very high human development
Q1483872,Q133073,Q664,New Zealand,Australia,English-speaking,Very high human development
Q1487925,Q90,Q142,France,Europe,Catholic Europe,Very high human development
Q1487925,Q90,Q70972,,{},{},{}
Q1487925,Q90,Q146246,,{},{},{}
Q1487925,Q90,Q2748708,,{},{},{}
Q1487925,Q90,Q142,France,Europe,Catholic Europe,Very high human development
Q1487925,Q90,Q71084,,{},{},{}
Q1487925,Q90,Q58296,,{},{},{}
Q1489518,Q532153,Q1033,Nigeria,Africa,Sub-Saharan Africa,Medium human development
Q1490388,Q207639,Q145,United Kingdom,Europe,English-speaking,Very high human development
Q1490603,Q64,Q148499,,{},{},{}
Q1490603,Q64,Q157367,,{},{},{}
Q1490603,Q64,Q27306,,{},{},{}
Q1490603,Q64,Q150981,,{},{},{}
Q1490603,Q64,Q43287,,{},{},{}
Q1490603,Q64,Q41304,,{},{},{}
Q1490603,Q64,Q7318,,{},{},{}
Q1490603,Q64,Q55300,,{},{},{}
Q1490603,Q64,Q16957,,{},{},{}
Q1490603,Q64,Q183,Germany,Europe,Catholic Europe,Very high human development
Q1490603,Q64,Q713750,,{},{},{}
Q1491217,Q172,Q16,Canada,North America,English-speaking,Very high human development
Q1493271,Q16552,Q30,United States,North America,English-speaking,Very high human development
Q1494824,Q1297,Q30,United States,North America,English-speaking,Very high human development
Q1495313,Q17327,Q38,Italy,Europe,Catholic Europe,Very high human development
Q1496335,Q83730006,Q142,France,Europe,Catholic Europe,Very high human development
Q1496441,Q2256,Q145,United Kingdom,Europe,English-speaking,Very high human development
Q1496441,Q2256,Q174193,,{},{},{}
Q1496441,Q2256,Q161885,,{},{},{}
Q1496441,Q2256,Q179876,,{},{},{}
Q1496463,Q36198,Q38,Italy,Europe,Catholic Europe,Very high human development
Q1496570,Q606169,Q408,Australia,Australia,English-speaking,Very high human development
Q1497733,Q1085,Q213,Czech Republic,Europe,Orthodox Europe,{}
Q1497733,Q1085,Q33946,,{},{},{}
Q1497733,Q1085,Q28513,,{},{},{}
Q1497733,Q1085,Q131964,,{},{},{}
Q1497733,Q1085,Q42585,,{},{},{}
Q1497733,Q1085,Q2162698,,{},{},{}
Q1497733,Q1085,Q33946,,{},{},{}
Q1497733,Q1085,Q152750,,{},{},{}
Q1497733,Q1085,Q39193,,{},{},{}
Q1497733,Q1085,Q12548,,{},{},{}
Q1499302,Q191066,Q142,France,Europe,Catholic Europe,Very high human development
Q1502441,Q2119,Q183,Germany,Europe,Catholic Europe,Very high human development
Q1502441,Q2119,Q43287,,{},{},{}
Q1502441,Q2119,Q2415901,,{},{},{}
Q1502441,Q2119,Q713750,,{},{},{}
Q1502441,Q2119,Q7318,,{},{},{}
Q1502441,Q2119,Q41304,,{},{},{}
Q1502441,Q2119,Q186320,,{},{},{}
Q1502441,Q2119,Q154741,,{},{},{}
Q1502441,Q2119,Q22880,,{},{},{}
Q1502441,Q2119,Q637238,,{},{},{}
Q1502891,Q206988,Q145,United Kingdom,Europe,English-speaking,Very high human development
Q1505328,Q350,Q145,United Kingdom,Europe,English-speaking,Very high human development
Q1505328,Q350,Q161885,,{},{},{}
Q1505328,Q350,Q179876,,{},{},{}
Q1505328,Q350,Q174193,,{},{},{}
Q1505328,Q350,Q145,United Kingdom,Europe,English-speaking,Very high human development
Q1506319,Q373107,Q17,Japan,Asia,West & South Asia,Very high human development
Q1506837,Q1916654,Q30,United States,North America,English-speaking,Very high human development
Q1506962,Q18419,Q30,United States,North America,English-speaking,Very high human development
Q1506997,Q217831,Q145,United Kingdom,Europe,English-speaking,Very high human development
Q1507305,Q1973829,Q16,Canada,North America,English-speaking,Very high human development
Q1507366,Q808535,Q30,United States,North America,English-speaking,Very high human development
Q1507770,Q27840,Q30,United States,North America,English-speaking,Very high human development
Q1508039,Q61,Q30,United States,North America,English-speaking,Very high human development
Q1508054,Q84,Q2277,,{},{},{}
Q1508054,Q84,Q110888,,{},{},{}
Q1508054,Q84,Q105092,,{},{},{}
Q1508054,Q84,Q105313,,{},{},{}
Q1508054,Q84,Q179876,,{},{},{}
Q1508054,Q84,Q161885,,{},{},{}
Q1508054,Q84,Q174193,,{},{},{}
Q1508054,Q84,Q145,United Kingdom,Europe,English-speaking,Very high human development
Q1508382,Q23635,Q145,United Kingdom,Europe,English-speaking,Very high human development
Q1508545,Q34404,Q30,United States,North America,English-speaking,Very high human development
Q1508785,Q34261,Q790,Haiti,North America,Latin America,Medium human development
Q1508877,Q1470209,Q142,France,Europe,Catholic Europe,Very high human development
Q1509017,Q83065,Q145,United Kingdom,Europe,English-speaking,Very high human development
Q1509017,Q83065,Q179876,,{},{},{}
Q1509108,Q1479,Q142,France,Europe,Catholic Europe,Very high human development
Q1509898,Q133315,Q27,Ireland,Europe,English-speaking,Very high human development
Q1510036,Q36091,Q30,United States,North America,English-speaking,Very high human development
Q1515266,Q754475,Q30,United States,North America,English-speaking,Very high human development
Q1515450,Q2568548,Q183,Germany,Europe,Catholic Europe,Very high human development
Q1515618,Q68155,Q39,Switzerland,Europe,Catholic Europe,Very high human development
Q1515710,Q68965,Q39,Switzerland,Europe,Catholic Europe,Very high human development
Q1518033,Q43199,Q30,United States,North America,English-speaking,Very high human development
Q1518051,Q1115796,Q142,France,Europe,Catholic Europe,Very high human development
Q1518400,Q1490,Q17,Japan,Asia,West & South Asia,Very high human development
Q1521073,Q41819,Q30,United States,North America,English-speaking,Very high human development
Q1522366,Q18383,Q30,United States,North America,English-speaking,Very high human development
Q1522742,Q61,Q30,United States,North America,English-speaking,Very high human development
Q1524017,Q548727,Q142,France,Europe,Catholic Europe,Very high human development
Q1524029,Q988568,Q30,United States,North America,English-speaking,Very high human development
Q1524218,Q2090,Q183,Germany,Europe,Catholic Europe,Very high human development
Q1524218,Q2090,Q7318,,{},{},{}
Q1524218,Q2090,Q41304,,{},{},{}
Q1524218,Q2090,Q43287,,{},{},{}
Q1524218,Q2090,Q154195,,{},{},{}
Q1524218,Q2090,Q256961,,{},{},{}
Q1524218,Q2090,Q47261,,{},{},{}
Q1524218,Q2090,Q713750,,{},{},{}
Q1524218,Q2090,Q2415901,,{},{},{}
Q1524574,Q190088,Q17,Japan,Asia,West & South Asia,Very high human development
Q1524648,Q585,Q20,Norway,Europe,Protestant Europe,Very high human development
Q1524648,Q585,Q62589,,{},{},{}
Q1524648,Q585,Q2597352,,{},{},{}
Q1524648,Q585,Q62651,,{},{},{}
Q1524828,Q23154,Q145,United Kingdom,Europe,English-speaking,Very high human development
Q1524828,Q23154,Q174193,,{},{},{}
Q1524828,Q23154,Q161885,,{},{},{}
Q1524828,Q23154,Q179876,,{},{},{}
Q1526851,Q3936,Q12548,,{},{},{}
Q1526851,Q3936,Q154195,,{},{},{}
Q1526851,Q3936,Q1206012,,{},{},{}
Q1526851,Q3936,Q183,Germany,Europe,Catholic Europe,Very high human development
Q1529940,Q158821,Q212,Ukraine,Europe,Orthodox Europe,High human development
Q1529940,Q158821,Q131964,,{},{},{}
Q1529940,Q158821,Q28513,,{},{},{}
Q1529940,Q158821,Q15180,,{},{},{}
Q1530365,Q1761,Q174193,,{},{},{}
Q1530365,Q1761,Q215530,,{},{},{}
Q1530365,Q1761,Q27,Ireland,Europe,English-speaking,Very high human development
Q1530365,Q1761,Q31747,,{},{},{}
Q1530365,Q1761,Q844250,,{},{},{}
Q1530410,Q84,Q2277,,{},{},{}
Q1530410,Q84,Q110888,,{},{},{}
Q1530410,Q84,Q105092,,{},{},{}
Q1530410,Q84,Q105313,,{},{},{}
Q1530410,Q84,Q179876,,{},{},{}
Q1530410,Q84,Q161885,,{},{},{}
Q1530410,Q84,Q174193,,{},{},{}
Q1530410,Q84,Q145,United Kingdom,Europe,English-speaking,Very high human development
Q1530473,Q16567,Q30,United States,North America,English-speaking,Very high human development
Q1530559,Q23958042,Q159,Russia,Europe,Orthodox Europe,{}
Q1530559,Q23958042,Q15180,,{},{},{}
Q1530913,Q1006309,Q408,Australia,Australia,English-speaking,Very high human development
Q1532067,Q60,Q30,United States,North America,English-speaking,Very high human development
Q1532656,Q49229,Q30,United States,North America,English-speaking,Very high human development
Q1534323,Q132751,Q17,Japan,Asia,West & South Asia,Very high human development
Q1536854,Q35765,Q17,Japan,Asia,West & South Asia,Very high human development
Q1536860,Q74881,Q148,People's Republic of China,Asia,Confucian,{}
Q1536860,Q74881,Q188712,,{},{},{}
Q1536860,Q74881,Q34266,,{},{},{}
Q1540592,Q43199,Q30,United States,North America,English-speaking,Very high human development
Q1541271,Q568563,Q30,United States,North America,English-speaking,Very high human development
Q1543221,Q18383,Q30,United States,North America,English-speaking,Very high human development
Q1544898,Q988568,Q30,United States,North America,English-speaking,Very high human development
Q1544958,Q118152,Q30,United States,North America,English-speaking,Very high human development
Q1545030,Q62,Q30,United States,North America,English-speaking,Very high human development
Q1545386,Q2559909,Q30,United States,North America,English-speaking,Very high human development
Q1546178,Q862832,Q145,United Kingdom,Europe,English-speaking,Very high human development
Q1553867,Q1345,Q30,United States,North America,English-speaking,Very high human development
Q1555435,Q100,Q30,United States,North America,English-speaking,Very high human development
Q1555435,Q100,Q2079909,,{},{},{}
Q1555435,Q100,Q1191350,,{},{},{}
Q1555931,Q79929,Q30,United States,North America,English-speaking,Very high human development
Q1556811,Q1002577,Q739,Colombia,South America,Latin America,High human development
Q1559438,Q23103,Q145,United Kingdom,Europe,English-speaking,Very high human development
Q1559438,Q23103,Q161885,,{},{},{}
Q1561296,Q3711,Q171150,,{},{},{}
Q1561296,Q3711,Q12560,,{},{},{}
Q1561296,Q3711,Q153136,,{},{},{}
Q1561296,Q3711,Q12560,,{},{},{}
Q1561296,Q3711,Q684030,,{},{},{}
Q1561296,Q3711,Q241748,,{},{},{}
Q1561296,Q3711,Q191077,,{},{},{}
Q1561296,Q3711,Q701914,,{},{},{}
Q1561296,Q3711,Q191077,,{},{},{}
Q1561296,Q3711,Q83286,,{},{},{}
Q1561296,Q3711,Q838261,,{},{},{}
Q1561296,Q3711,Q37024,,{},{},{}
Q1561296,Q3711,Q403,Serbia,Europe,Orthodox Europe,Very high human development
Q1561296,Q3711,Q1290149,,{},{},{}
Q1561296,Q3711,Q12560,,{},{},{}
Q1561296,Q3711,Q16086793,,{},{},{}
Q1561616,Q79848,Q145,United Kingdom,Europe,English-speaking,Very high human development
Q1561616,Q79848,Q174193,,{},{},{}
Q1561616,Q79848,Q161885,,{},{},{}
Q1561616,Q79848,Q179876,,{},{},{}
Q1562225,Q23564,Q236,Montenegro,Europe,Orthodox Europe,Very high human development
Q1562225,Q23564,Q37024,,{},{},{}
Q1562225,Q23564,Q83286,,{},{},{}
Q1562225,Q23564,Q191077,,{},{},{}
Q1562225,Q23564,Q386496,,{},{},{}
Q1562225,Q23564,Q779011,,{},{},{}
Q1562225,Q23564,Q838261,,{},{},{}
Q1562225,Q23564,Q236,Montenegro,Europe,Orthodox Europe,Very high human development
Q1562897,Q3711,Q171150,,{},{},{}
Q1562897,Q3711,Q12560,,{},{},{}
Q1562897,Q3711,Q153136,,{},{},{}
Q1562897,Q3711,Q12560,,{},{},{}
Q1562897,Q3711,Q684030,,{},{},{}
Q1562897,Q3711,Q241748,,{},{},{}
Q1562897,Q3711,Q191077,,{},{},{}
Q1562897,Q3711,Q701914,,{},{},{}
Q1562897,Q3711,Q191077,,{},{},{}
Q1562897,Q3711,Q83286,,{},{},{}
Q1562897,Q3711,Q838261,,{},{},{}
Q1562897,Q3711,Q37024,,{},{},{}
Q1562897,Q3711,Q403,Serbia,Europe,Orthodox Europe,Very high human development
Q1562897,Q3711,Q1290149,,{},{},{}
Q1562897,Q3711,Q12560,,{},{},{}
Q1562897,Q3711,Q16086793,,{},{},{}
Q1563125,Q483950,Q30,United States,North America,English-speaking,Very high human development
Q1563821,Q6226,Q145,United Kingdom,Europe,English-speaking,Very high human development
Q1563964,Q84,Q2277,,{},{},{}
Q1563964,Q84,Q110888,,{},{},{}
Q1563964,Q84,Q105092,,{},{},{}
Q1563964,Q84,Q105313,,{},{},{}
Q1563964,Q84,Q179876,,{},{},{}
Q1563964,Q84,Q161885,,{},{},{}
Q1563964,Q84,Q174193,,{},{},{}
Q1563964,Q84,Q145,United Kingdom,Europe,English-speaking,Very high human development
Q1567034,Q49111,Q30,United States,North America,English-speaking,Very high human development
Q1567518,Q490,Q38,Italy,Europe,Catholic Europe,Very high human development
Q1567518,Q490,Q172579,,{},{},{}
Q1567518,Q490,Q131964,,{},{},{}
Q1567518,Q490,Q165154,,{},{},{}
Q1567518,Q490,Q223936,,{},{},{}
Q1567518,Q490,Q723118,,{},{},{}
Q1567518,Q490,Q213353,,{},{},{}
Q1567518,Q490,Q729481,,{},{},{}
Q1567518,Q490,Q153529,,{},{},{}
Q1567518,Q490,Q15890801,,{},{},{}
Q1567518,Q490,Q80702,,{},{},{}
Q1568679,Q3852743,Q668,India,Asia,Indosphere,Medium human development
Q1568956,Q169923,Q27,Ireland,Europe,English-speaking,Very high human development
Q1570571,Q2000611,Q29,Spain,Europe,Catholic Europe,Very high human development
Q1571552,Q25409,Q214,Slovakia,Europe,{},Very high human development
Q1571552,Q25409,Q33946,,{},{},{}
Q1571552,Q25409,Q600018,,{},{},{}
Q1571552,Q25409,Q33946,,{},{},{}
Q1571552,Q25409,Q516160,,{},{},{}
Q1571552,Q25409,Q28513,,{},{},{}
Q1571552,Q25409,Q131964,,{},{},{}
Q1571552,Q25409,Q153136,,{},{},{}
Q1571552,Q25409,Q7245120,,{},{},{}
Q1571552,Q25409,Q153136,,{},{},{}
Q1571552,Q25409,Q171150,,{},{},{}
Q1571850,Q239078,Q142,France,Europe,Catholic Europe,Very high human development
Q1573270,Q203299,Q79,Egypt,Africa,African-Islamic,High human development
Q1573454,Q34404,Q30,United States,North America,English-speaking,Very high human development
Q1574176,Q132790,Q142,France,Europe,Catholic Europe,Very high human development
Q1575073,Q60,Q30,United States,North America,English-speaking,Very high human development
Q1578894,Q2079,Q156199,,{},{},{}
Q1578894,Q2079,Q153015,,{},{},{}
Q1578894,Q2079,Q150981,,{},{},{}
Q1578894,Q2079,Q1206012,,{},{},{}
Q1578894,Q2079,Q55300,,{},{},{}
Q1578894,Q2079,Q16957,,{},{},{}
Q1578894,Q2079,Q183,Germany,Europe,Catholic Europe,Very high human development
Q1578894,Q2079,Q41304,,{},{},{}
Q1578894,Q2079,Q7318,,{},{},{}
Q1584576,Q41329,Q40,Austria,Europe,Catholic Europe,Very high human development
Q1584576,Q41329,Q28513,,{},{},{}
Q1584951,Q1342,Q30,United States,North America,English-speaking,Very high human development
Q1585832,Q2495519,Q30,United States,North America,English-speaking,Very high human development
Q1585875,Q1342,Q30,United States,North America,English-speaking,Very high human development
Q1585984,Q2755081,Q414,Argentina,South America,Latin America,Very high human development
Q1586159,Q502952,Q30,United States,North America,English-speaking,Very high human development
Q1586250,Q134509,Q79,Egypt,Africa,African-Islamic,High human development
Q1586451,Q2478924,Q30,United States,North America,English-speaking,Very high human development
Q1586611,Q60,Q30,United States,North America,English-speaking,Very high human development
Q1588385,Q60,Q30,United States,North America,English-speaking,Very high human development
Q1592436,Q6225,Q145,United Kingdom,Europe,English-speaking,Very high human development
Q1593961,Q744948,Q30,United States,North America,English-speaking,Very high human development
Q1594680,Q1077109,Q30,United States,North America,English-speaking,Very high human development
Q1595809,Q1189121,Q17,Japan,Asia,West & South Asia,Very high human development
Q1595809,Q7473516,Q17,Japan,Asia,West & South Asia,Very high human development
Q1598125,Q60,Q30,United States,North America,English-speaking,Very high human development
Q1601829,Q49191,Q30,United States,North America,English-speaking,Very high human development
Q1601880,Q1335,Q77,Uruguay,South America,Latin America,Very high human development
Q1601998,Q14960,Q213,Czech Republic,Europe,Orthodox Europe,{}
Q1601998,Q14960,Q33946,,{},{},{}
Q1601998,Q14960,Q152750,,{},{},{}
Q1601998,Q14960,Q33946,,{},{},{}
Q1601998,Q14960,Q28513,,{},{},{}
Q1601998,Q14960,Q131964,,{},{},{}
Q1601998,Q14960,Q153136,,{},{},{}
Q1601998,Q14960,Q686971,,{},{},{}
Q1604549,Q60,Q30,United States,North America,English-speaking,Very high human development
Q1606343,Q633810,Q183,Germany,Europe,Catholic Europe,Very high human development
Q1606714,Q84,Q2277,,{},{},{}
Q1606714,Q84,Q110888,,{},{},{}
Q1606714,Q84,Q105092,,{},{},{}
Q1606714,Q84,Q105313,,{},{},{}
Q1606714,Q84,Q179876,,{},{},{}
Q1606714,Q84,Q161885,,{},{},{}
Q1606714,Q84,Q174193,,{},{},{}
Q1606714,Q84,Q145,United Kingdom,Europe,English-speaking,Very high human development
Q1606880,Q1400,Q30,United States,North America,English-speaking,Very high human development
Q1607063,Q100,Q30,United States,North America,English-speaking,Very high human development
Q1607063,Q100,Q2079909,,{},{},{}
Q1607063,Q100,Q1191350,,{},{},{}
Q1607236,Q138311,Q30,United States,North America,English-speaking,Very high human development
Q1608527,Q19660,Q389004,,{},{},{}
Q1608527,Q19660,Q958291,,{},{},{}
Q1608527,Q19660,Q203493,,{},{},{}
Q1608527,Q19660,Q2685298,,{},{},{}
Q1608527,Q19660,Q842794,,{},{},{}
Q1608527,Q19660,Q218,Romania,Europe,Catholic Europe,Very high human development
Q1609112,Q38022,Q30,United States,North America,English-speaking,Very high human development
Q1612773,Q7473516,Q17,Japan,Asia,West & South Asia,Very high human development
Q1613614,Q2833,Q183,Germany,Europe,Catholic Europe,Very high human development
Q1613614,Q2833,Q55309,,{},{},{}
Q1613614,Q2833,Q186320,,{},{},{}
Q1613614,Q2833,Q637238,,{},{},{}
Q1613614,Q2833,Q1206012,,{},{},{}
Q1615369,Q983837,Q30,United States,North America,English-speaking,Very high human development
Q1615734,Q17139,Q17,Japan,Asia,West & South Asia,Very high human development
Q1617184,Q309442,Q77,Uruguay,South America,Latin America,Very high human development
Q1617365,Q45798,Q17,Japan,Asia,West & South Asia,Very high human development
Q1618607,Q270,Q36,Poland,Europe,Catholic Europe,Very high human development
Q1618607,Q270,Q156111,,{},{},{}
Q1618607,Q270,Q207272,,{},{},{}
Q1618607,Q270,Q696908,,{},{},{}
Q1618607,Q270,Q34266,,{},{},{}
Q1618607,Q270,Q152115,,{},{},{}
Q1618607,Q270,Q27306,,{},{},{}
Q1618607,Q270,Q172107,,{},{},{}
Q1618607,Q270,Q1649871,,{},{},{}
Q1618607,Q270,Q577867,,{},{},{}
Q1618607,Q270,Q11750128,,{},{},{}
Q1619374,Q1588,Q30,United States,North America,English-speaking,Very high human development
Q1620007,Q167600,Q142,France,Europe,Catholic Europe,Very high human development
Q1620148,Q7473516,Q17,Japan,Asia,West & South Asia,Very high human development
Q1620233,Q234,Q31,Belgium,Europe,Catholic Europe,Very high human development
Q1620233,Q234,Q142,France,Europe,Catholic Europe,Very high human development
Q1620233,Q234,Q55,Netherlands,Europe,Protestant Europe,Very high human development
Q1620233,Q822651,Q31,Belgium,Europe,Catholic Europe,Very high human development
Q1620306,Q38234,Q17,Japan,Asia,West & South Asia,Very high human development
Q1620306,Q38234,Q200464,,{},{},{}
Q1620313,Q123258,Q17,Japan,Asia,West & South Asia,Very high human development
Q1620636,Q7473516,Q17,Japan,Asia,West & South Asia,Very high human development
Q1620971,Q1000642,Q30,United States,North America,English-speaking,Very high human development
Q1621326,Q172455,Q142,France,Europe,Catholic Europe,Very high human development
Q1621598,Q3477005,Q30,United States,North America,English-speaking,Very high human development
Q1622795,Q60,Q30,United States,North America,English-speaking,Very high human development
Q1623364,Q60,Q30,United States,North America,English-speaking,Very high human development
Q1623364,Q744948,Q30,United States,North America,English-speaking,Very high human development
Q1626025,Q957684,Q30,United States,North America,English-speaking,Very high human development
Q1627461,Q18419,Q30,United States,North America,English-speaking,Very high human development
Q1627887,Q340,Q16,Canada,North America,English-speaking,Very high human development
Q1628278,Q30,Q30,United States,North America,English-speaking,Very high human development
Q1629792,Q23436,Q145,United Kingdom,Europe,English-speaking,Very high human development
Q1629792,Q23436,Q174193,,{},{},{}
Q1629792,Q23436,Q161885,,{},{},{}
Q1629792,Q23436,Q230791,,{},{},{}
Q1631799,Q126805,Q16,Canada,North America,English-speaking,Very high human development
Q1633025,Q18419,Q30,United States,North America,English-speaking,Very high human development
Q1633338,Q37320,Q30,United States,North America,English-speaking,Very high human development
Q1633343,Q208713,Q31,Belgium,Europe,Catholic Europe,Very high human development
Q1634009,Q208262,Q145,United Kingdom,Europe,English-speaking,Very high human development
Q1634191,Q1023544,Q30,United States,North America,English-speaking,Very high human development
Q1634842,Q18419,Q30,United States,North America,English-speaking,Very high human development
Q1634842,Q60,Q30,United States,North America,English-speaking,Very high human development
Q1634870,Q2807,Q29,Spain,Europe,Catholic Europe,Very high human development
Q1635435,Q3630,Q252,Indonesia,Asia,West & South Asia,High human development
Q1635919,Q23197,Q30,United States,North America,English-speaking,Very high human development
Q1636074,Q142,Q142,France,Europe,Catholic Europe,Very high human development
Q1637205,Q817960,Q145,United Kingdom,Europe,English-speaking,Very high human development
Q1639201,Q1297,Q30,United States,North America,English-speaking,Very high human development
Q1639223,Q79848,Q145,United Kingdom,Europe,English-speaking,Very high human development
Q1639223,Q79848,Q174193,,{},{},{}
Q1639223,Q79848,Q161885,,{},{},{}
Q1639223,Q79848,Q179876,,{},{},{}
Q1642211,Q128228,Q30,United States,North America,English-speaking,Very high human development
Q1642740,Q1774629,Q145,United Kingdom,Europe,English-speaking,Very high human development
Q1642918,Q166640,Q142,France,Europe,Catholic Europe,Very high human development
Q1643790,Q1486,Q414,Argentina,South America,Latin America,Very high human development
Q1645179,Q1297,Q30,United States,North America,English-speaking,Very high human development
Q1647133,Q83285,Q222,Albania,Europe,Catholic Europe,Very high human development
Q1647940,Q26418,Q17,Japan,Asia,West & South Asia,Very high human development
Q1648047,Q44244,Q414,Argentina,South America,Latin America,Very high human development
Q1648830,Q16562,Q30,United States,North America,English-speaking,Very high human development
Q1648986,Q33959,Q142,France,Europe,Catholic Europe,Very high human development
Q1648986,Q33959,Q165154,,{},{},{}
Q1648986,Q33959,Q142,France,Europe,Catholic Europe,Very high human development
Q1648986,Q33959,Q165154,,{},{},{}
Q1649511,Q100,Q30,United States,North America,English-speaking,Very high human development
Q1649511,Q100,Q2079909,,{},{},{}
Q1649511,Q100,Q1191350,,{},{},{}
Q1652128,Q168888,Q155,Brazil,South America,Latin America,High human development
Q1653062,Q18125,Q145,United Kingdom,Europe,English-speaking,Very high human development
Q1653062,Q18125,Q174193,,{},{},{}
Q1653062,Q18125,Q161885,,{},{},{}
Q1653062,Q18125,Q179876,,{},{},{}
Q1655990,Q60,Q30,United States,North America,English-speaking,Very high human development
Q1656572,Q717933,Q36,Poland,Europe,Catholic Europe,Very high human development
Q1657241,Q14318,Q29,Spain,Europe,Catholic Europe,Very high human development
Q1657241,Q14318,Q179293,,{},{},{}
Q1657847,Q9365,Q863,Tajikistan,{},{},Medium human development
Q1657847,Q9365,Q15180,,{},{},{}
Q1657847,Q9365,Q746558,,{},{},{}
Q1659739,Q999654,Q16,Canada,North America,English-speaking,Very high human development
Q1660170,Q24826,Q145,United Kingdom,Europe,English-speaking,Very high human development
Q1660382,Q34863,Q30,United States,North America,English-speaking,Very high human development
Q1662872,Q13298,Q40,Austria,Europe,Catholic Europe,Very high human development
Q1662872,Q13298,Q596239,,{},{},{}
Q1662872,Q13298,Q7318,,{},{},{}
Q1662872,Q13298,Q176495,,{},{},{}
Q1662872,Q13298,Q518101,,{},{},{}
Q1662872,Q13298,Q268970,,{},{},{}
Q1662872,Q13298,Q28513,,{},{},{}
Q1662872,Q13298,Q131964,,{},{},{}
Q1662872,Q13298,Q153136,,{},{},{}
Q1663385,Q1006629,Q212,Ukraine,Europe,Orthodox Europe,High human development
Q1663385,Q1006629,Q15180,,{},{},{}
Q1663385,Q1006629,Q34266,,{},{},{}
Q1669437,Q26339,Q30,United States,North America,English-speaking,Very high human development
Q1669902,Q49238,Q30,United States,North America,English-speaking,Very high human development
Q1670229,Q1354333,Q17,Japan,Asia,West & South Asia,Very high human development
Q1671867,Q23306,Q145,United Kingdom,Europe,English-speaking,Very high human development
Q1671870,Q211760,Q96,Mexico,North America,Latin America,High human development
Q1672502,Q60,Q30,United States,North America,English-speaking,Very high human development
Q1673149,Q2112,Q183,Germany,Europe,Catholic Europe,Very high human development
Q1673149,Q2112,Q1206012,,{},{},{}
Q1673149,Q2112,Q713750,,{},{},{}
Q1673532,Q49146,Q30,United States,North America,English-speaking,Very high human development
Q1673604,Q49218,Q30,United States,North America,English-speaking,Very high human development
Q1673745,Q128186,Q17,Japan,Asia,West & South Asia,Very high human development
Q1675392,Q128196,Q17,Japan,Asia,West & South Asia,Very high human development
Q1675840,Q84,Q2277,,{},{},{}
Q1675840,Q84,Q110888,,{},{},{}
Q1675840,Q84,Q105092,,{},{},{}
Q1675840,Q84,Q105313,,{},{},{}
Q1675840,Q84,Q179876,,{},{},{}
Q1675840,Q84,Q161885,,{},{},{}
Q1675840,Q84,Q174193,,{},{},{}
Q1675840,Q84,Q145,United Kingdom,Europe,English-speaking,Very high human development
Q1675887,Q84,Q2277,,{},{},{}
Q1675887,Q84,Q110888,,{},{},{}
Q1675887,Q84,Q105092,,{},{},{}
Q1675887,Q84,Q105313,,{},{},{}
Q1675887,Q84,Q179876,,{},{},{}
Q1675887,Q84,Q161885,,{},{},{}
Q1675887,Q84,Q174193,,{},{},{}
Q1675887,Q84,Q145,United Kingdom,Europe,English-speaking,Very high human development
