entity,P569
Q42,+1952-03-11T00:00:00Z
Q272,+1888-03-13T00:00:00Z
Q410,+1934-11-09T00:00:00Z
Q448,+1713-10-05T00:00:00Z
Q448,+1713-00-00T00:00:00Z
Q448,+1713-10-00T00:00:00Z
Q502,+1783-01-23T00:00:00Z
Q504,+1840-04-02T00:00:00Z
Q504,+1840-00-00T00:00:00Z
Q535,+1802-02-26T00:00:00Z
Q563,+1939-06-24T00:00:00Z
Q651,+1807-06-30T00:00:00Z
Q835,+1891-05-03T00:00:00Z
Q835,+1891-05-15T00:00:00Z
Q892,+1892-01-03T00:00:00Z
Q905,+1883-07-03T00:00:00Z
Q920,+1937-01-14T00:00:00Z
Q927,+1927-07-29T00:00:00Z
Q984,+1879-10-14T00:00:00Z
Q991,+1821-11-11T00:00:00Z
Q991,+1821-10-30T00:00:00Z
Q991,+1821-01-01T00:00:00Z
Q1064,+1785-03-07T00:00:00Z
Q1276,+1934-09-21T00:00:00Z
Q1316,+1937-04-28T00:00:00Z
Q1379,+1938-07-27T00:00:00Z
Q1403,+1867-06-28T00:00:00Z
Q1512,+1850-11-13T00:00:00Z
Q1646,+1935-06-21T00:00:00Z
Q2754,+1883-04-30T00:00:00Z
Q2908,+1900-06-29T00:00:00Z
Q3102,+1725-01-01T00:00:00Z
Q3816,+1804-07-01T00:00:00Z
Q4025,+1970-09-08T00:00:00Z
Q4128,+1897-10-03T00:00:00Z
Q4137,+1896-09-12T00:00:00Z
Q4137,+1896-09-25T00:00:00Z
Q4137,+1896-00-00T00:00:00Z
Q4247,+1799-01-31T00:00:00Z
Q4302,+1135-00-00T00:00:00Z
Q4487,+1864-01-01T00:00:00Z
Q4487,+1864-12-22T00:00:00Z
Q4731,+1968-06-06T00:00:00Z
Q4985,+1819-08-01T00:00:00Z
Q5673,+1805-04-02T00:00:00Z
Q5673,+1805-01-01T00:00:00Z
Q5682,+1547-09-29T00:00:00Z
Q5682,+1547-01-01T00:00:00Z
Q5686,+1812-02-07T00:00:00Z
Q5686,+1812-00-00T00:00:00Z
Q5878,+1927-03-06T00:00:00Z
Q5879,+1749-08-28T00:00:00Z
Q5879,+1749-08-22T00:00:00Z
Q5879,+1749-00-00T00:00:00Z
Q6050,+1876-11-15T00:00:00Z
Q6512,+1813-05-05T00:00:00Z
Q6515,+1911-07-09T00:00:00Z
Q6519,+1960-12-14T00:00:00Z
Q6527,+1712-06-28T00:00:00Z
Q6538,+1927-10-16T00:00:00Z
Q6882,+1882-02-02T00:00:00Z
Q6950,+1953-06-12T00:00:00Z
Q7176,+1911-12-11T00:00:00Z
Q7197,+1908-01-09T00:00:00Z
Q7199,+1871-07-10T00:00:00Z
Q7200,+1799-05-26T00:00:00Z
Q7200,+1799-05-27T00:00:00Z
Q7200,+1799-06-06T00:00:00Z
Q7200,+1799-01-01T00:00:00Z
Q7241,+1861-05-07T00:00:00Z
Q7241,+1861-05-06T00:00:00Z
Q7243,+1828-08-28T00:00:00Z
Q7243,+1828-09-09T00:00:00Z
Q7245,+1835-11-30T00:00:00Z
Q7345,+1964-06-22T00:00:00Z
Q7724,+1849-01-22T00:00:00Z
Q7728,+1871-09-27T00:00:00Z
Q7728,+1871-11-11T00:00:00Z
Q7841,+1873-09-08T00:00:00Z
Q7841,+1873-10-08T00:00:00Z
Q7934,+1920-10-08T00:00:00Z
Q8312,+1945-12-24T00:00:00Z
Q8998,+1955-02-17T00:00:00Z
Q9327,+1850-08-05T00:00:00Z
Q9364,+1905-06-21T00:00:00Z
Q9711,+1799-05-20T00:00:00Z
Q9711,+1799-01-01T00:00:00Z
Q10731,+1965-06-07T00:00:00Z
Q12706,+1868-03-16T00:00:00Z
Q12706,+1868-03-14T00:00:00Z
Q12706,+1868-00-00T00:00:00Z
Q12706,+1868-03-28T00:00:00Z
Q12773,+1891-01-13T00:00:00Z
Q12807,+1932-01-05T00:00:00Z
Q12881,+1947-08-24T00:00:00Z
Q12903,+1934-11-16T00:00:00Z
Q12903,+1934-11-17T00:00:00Z
Q13012,+1908-06-27T00:00:00Z
Q13914,+1963-06-25T00:00:00Z
Q14063,+1957-10-09T00:00:00Z
Q14105,+1977-04-30T00:00:00Z
Q15809,+1876-05-10T00:00:00Z
Q15975,+1689-01-18T00:00:00Z
Q16285,+1920-09-14T00:00:00Z
Q16297,+1931-03-22T00:00:00Z
Q16400,+1917-09-12T00:00:00Z
Q16400,+1916-09-12T00:00:00Z
Q16867,+1809-01-19T00:00:00Z
Q16873,+1909-07-01T00:00:00Z
Q18143,+1940-01-04T00:00:00Z
Q18227,+1916-11-24T00:00:00Z
Q18349,+1883-01-30T00:00:00Z
Q18391,+1928-09-30T00:00:00Z
Q18404,+1873-05-17T00:00:00Z
Q18445,+1921-07-21T00:00:00Z
Q18456,+1843-06-09T00:00:00Z
Q18914,+1915-03-26T00:00:00Z
Q19330,+1940-10-27T00:00:00Z
Q19526,+1928-04-04T00:00:00Z
Q19526,+1928-00-00T00:00:00Z
Q20733,+1884-06-30T00:00:00Z
Q22665,+1864-02-28T00:00:00Z
Q22670,+1759-11-10T00:00:00Z
Q22714,+1842-02-25T00:00:00Z
Q23114,+1881-09-25T00:00:00Z
Q23434,+1899-07-21T00:00:00Z
Q23441,+1848-02-16T00:00:00Z
Q23685,+1924-10-01T00:00:00Z
Q24261,+1922-02-26T00:00:00Z
Q24632,+1967-03-11T00:00:00Z
Q25120,+1922-03-05T00:00:00Z
Q25161,+1916-09-13T00:00:00Z
Q25885,+1824-04-09T00:00:00Z
Q25973,+1877-07-02T00:00:00Z
Q25973,+1877-01-01T00:00:00Z
Q26116,+1972-08-06T00:00:00Z
Q26412,+1932-10-23T00:00:00Z
Q26993,+1817-09-14T00:00:00Z
Q28480,+1884-05-27T00:00:00Z
Q28494,+1777-10-18T00:00:00Z
Q29344,+1959-07-28T00:00:00Z
Q29621,+1953-04-16T00:00:00Z
Q30875,+1854-10-16T00:00:00Z
Q30875,+1854-06-16T00:00:00Z
Q31215,+1893-10-26T00:00:00Z
Q31215,+1893-00-00T00:00:00Z
Q31220,+1621-00-00T00:00:00Z
Q31220,+1622-06-00T00:00:00Z
Q31220,+1622-03-17T00:00:00Z
Q31220,+1625-00-00T00:00:00Z
Q31231,+1931-01-14T00:00:00Z
Q31984,+1928-01-16T00:00:00Z
Q32529,+1969-11-12T00:00:00Z
Q32661,+1970-06-11T00:00:00Z
Q33055,+1894-09-27T00:00:00Z
Q33055,+1893-09-23T00:00:00Z
Q33476,+1959-05-21T00:00:00Z
Q33977,+1828-02-08T00:00:00Z
Q34190,+1707-04-22T00:00:00Z
Q34190,+1707-00-00T00:00:00Z
Q34474,+1918-12-11T00:00:00Z
Q34474,+1918-01-01T00:00:00Z
Q34660,+1965-07-31T00:00:00Z
Q34670,+1913-11-07T00:00:00Z
Q34743,+1865-12-30T00:00:00Z
Q34782,+1876-10-31T00:00:00Z
Q34970,+1885-09-11T00:00:00Z
Q34970,+1885-01-01T00:00:00Z
Q34981,+1920-01-02T00:00:00Z
Q35064,+1890-09-15T00:00:00Z
Q35064,+1890-01-01T00:00:00Z
Q35064,+1891-00-00T00:00:00Z
Q35155,+1937-05-08T00:00:00Z
Q35610,+1859-05-22T00:00:00Z
Q36184,+1847-11-08T00:00:00Z
Q36184,+1847-03-08T00:00:00Z
Q36322,+1775-12-16T00:00:00Z
Q36322,+1775-01-01T00:00:00Z
Q36591,+1899-04-10T00:00:00Z
Q36591,+1899-04-22T00:00:00Z
Q36591,+1899-04-23T00:00:00Z
Q36951,+1900-04-11T00:00:00Z
Q37030,+1875-06-06T00:00:00Z
Q37060,+1922-11-16T00:00:00Z
Q37327,+1906-04-13T00:00:00Z
Q38049,+1953-08-17T00:00:00Z
Q38082,+1832-01-27T00:00:00Z
Q38082,+1832-01-01T00:00:00Z
Q38337,+1802-07-24T00:00:00Z
Q38337,+1802-00-00T00:00:00Z
Q38337,+1802-07-24T00:00:00Z
Q38392,+1897-09-25T00:00:00Z
Q38849,+1932-09-30T00:00:00Z
Q39212,+1902-02-27T00:00:00Z
Q39803,+1936-03-28T00:00:00Z
Q39829,+1947-09-21T00:00:00Z
Q39987,+1967-07-30T00:00:00Z
Q40479,+1969-01-12T00:00:00Z
Q40826,+1859-08-04T00:00:00Z
Q40874,+1919-10-22T00:00:00Z
Q40909,+1882-01-25T00:00:00Z
Q40946,+1660-09-13T00:00:00Z
Q40946,+1660-04-03T00:00:00Z
Q40946,+1660-09-30T00:00:00Z
Q40946,+1660-00-00T00:00:00Z
Q41042,+1930-10-10T00:00:00Z
Q41130,+1928-01-22T00:00:00Z
Q41166,+1667-11-30T00:00:00Z
Q41223,+1890-02-10T00:00:00Z
Q41223,+1890-01-30T00:00:00Z
Q41223,+1890-01-29T00:00:00Z
Q41488,+1934-07-13T00:00:00Z
Q41502,+1846-05-05T00:00:00Z
Q41590,+1907-03-09T00:00:00Z
Q42037,+1940-04-13T00:00:00Z
Q42398,+1905-05-11T00:00:00Z
Q42398,+1905-05-24T00:00:00Z
Q42443,+1844-04-16T00:00:00Z
Q42443,+1844-00-00T00:00:00Z
Q42511,+1866-09-21T00:00:00Z
Q42544,+1478-02-07T00:00:00Z
Q42747,+1917-12-21T00:00:00Z
Q42831,+1818-10-28T00:00:00Z
Q42831,+1818-11-09T00:00:00Z
Q43227,+1900-09-09T00:00:00Z
Q43293,+1940-02-09T00:00:00Z
Q43293,+1940-01-01T00:00:00Z
Q43444,+1821-12-12T00:00:00Z
Q43444,+1821-00-00T00:00:00Z
Q43523,+1862-11-15T00:00:00Z
Q43523,+1862-01-01T00:00:00Z
Q43730,+1960-04-20T00:00:00Z
Q43736,+1899-06-11T00:00:00Z
Q44183,+1911-09-19T00:00:00Z
Q44219,+1969-09-30T00:00:00Z
Q44306,+1947-06-19T00:00:00Z
Q44306,+1947-00-00T00:00:00Z
Q44331,+1862-05-15T00:00:00Z
Q44336,+1931-02-09T00:00:00Z
Q44490,+1801-02-21T00:00:00Z
Q44519,+1858-11-20T00:00:00Z
Q44520,+1820-01-17T00:00:00Z
Q44540,+1894-07-22T00:00:00Z
Q44540,+1894-00-00T00:00:00Z
Q44593,+1932-08-17T00:00:00Z
Q44593,+1932-08-00T00:00:00Z
Q45124,+1889-02-22T00:00:00Z
Q45221,+1938-11-23T00:00:00Z
Q45221,+1938-11-25T00:00:00Z
Q45765,+1876-01-12T00:00:00Z
Q46248,+1948-04-28T00:00:00Z
Q46599,+1814-10-03T00:00:00Z
Q46599,+1814-10-02T00:00:00Z
Q46599,+1814-10-15T00:00:00Z
Q47087,+1917-12-16T00:00:00Z
Q47152,+1797-08-30T00:00:00Z
Q47162,+1866-01-29T00:00:00Z
Q47243,+1946-10-20T00:00:00Z
Q47293,+1898-06-22T00:00:00Z
Q47484,+1869-11-22T00:00:00Z
Q47561,+1892-10-09T00:00:00Z
Q47561,+1892-10-10T00:00:00Z
Q47619,+1923-11-20T00:00:00Z
Q47755,+1929-11-09T00:00:00Z
Q48559,+1972-02-01T00:00:00Z
Q76003,+1973-09-21T00:00:00Z
Q76189,+1866-08-31T00:00:00Z
Q76258,+1954-05-24T00:00:00Z
Q76370,+1954-04-09T00:00:00Z
Q76409,+1920-08-16T00:00:00Z
Q76480,+1871-03-27T00:00:00Z
Q76483,+1875-12-04T00:00:00Z
Q76487,+1830-03-15T00:00:00Z
Q76487,+1830-03-13T00:00:00Z
Q76487,+1830-01-01T00:00:00Z
Q76492,+1810-11-07T00:00:00Z
Q76534,+1913-04-10T00:00:00Z
Q76539,+1893-07-21T00:00:00Z
Q76546,+1899-02-23T00:00:00Z
Q76632,+1819-12-30T00:00:00Z
Q76632,+1819-00-00T00:00:00Z
Q76699,+1944-07-06T00:00:00Z
Q76755,+1811-03-17T00:00:00Z
Q76755,+1811-00-00T00:00:00Z
Q76949,+1946-06-23T00:00:00Z
Q77037,+1926-04-02T00:00:00Z
Q77079,+1763-03-21T00:00:00Z
Q77087,+1906-11-18T00:00:00Z
Q77204,+1788-03-10T00:00:00Z
Q77204,+1788-00-00T00:00:00Z
Q77206,+1931-03-11T00:00:00Z
Q77206,+1931-01-01T00:00:00Z
Q77208,+1930-05-07T00:00:00Z
Q77226,+1879-03-04T00:00:00Z
Q77319,+1978-03-17T00:00:00Z
Q77489,+1902-08-10T00:00:00Z
Q77497,+1944-04-08T00:00:00Z
Q77497,+1944-01-01T00:00:00Z
Q77549,+1909-07-27T00:00:00Z
Q77728,+1913-02-26T00:00:00Z
Q77733,+1926-05-25T00:00:00Z
Q77751,+1931-01-29T00:00:00Z
Q77753,+1915-03-11T00:00:00Z
Q78003,+1951-07-31T00:00:00Z
Q78386,+1952-08-12T00:00:00Z
Q78487,+1880-11-06T00:00:00Z
Q78491,+1881-11-28T00:00:00Z
Q78494,+1905-09-05T00:00:00Z
Q78511,+1868-01-19T00:00:00Z
Q78644,+1965-10-21T00:00:00Z
Q79025,+1771-08-15T00:00:00Z
Q79089,+1961-06-03T00:00:00Z
Q79153,+1793-03-03T00:00:00Z
Q79153,+1793-01-01T00:00:00Z
Q79904,+1919-01-01T00:00:00Z
Q80064,+1905-07-25T00:00:00Z
Q80095,+1935-01-31T00:00:00Z
Q80137,+1818-07-30T00:00:00Z
Q80321,+1902-04-23T00:00:00Z
Q80596,+1915-10-17T00:00:00Z
Q80889,+1882-05-20T00:00:00Z
Q80900,+1892-06-26T00:00:00Z
Q80900,+1892-00-00T00:00:00Z
Q81071,+1892-07-01T00:00:00Z
Q81438,+1819-05-31T00:00:00Z
Q81447,+1894-07-26T00:00:00Z
Q81685,+1885-10-11T00:00:00Z
Q81731,+0973-00-00T00:00:00Z
Q81731,+0978-00-00T00:00:00Z
Q81731,+0972-00-00T00:00:00Z
Q81731,+0974-00-00T00:00:00Z
Q81731,+0975-00-00T00:00:00Z
Q81731,+0970-00-00T00:00:00Z
Q81731,+0970-00-00T00:00:00Z
Q81731,+0973-00-00T00:00:00Z
Q81796,+1860-05-09T00:00:00Z
Q81796,+1860-01-01T00:00:00Z
Q82006,+1804-12-21T00:00:00Z
Q82006,+1804-01-01T00:00:00Z
Q82032,+1924-11-21T00:00:00Z
Q82075,+1959-01-01T00:00:00Z
Q82104,+1908-05-28T00:00:00Z
Q82104,+1908-12-28T00:00:00Z
Q82217,+1921-07-12T00:00:00Z
Q82248,+1867-08-14T00:00:00Z
Q82248,+1867-00-00T00:00:00Z
Q82349,+1977-03-04T00:00:00Z
Q82925,+1857-12-03T00:00:00Z
Q82925,+1857-01-01T00:00:00Z
Q83059,+1915-06-10T00:00:00Z
Q83059,+1915-07-10T00:00:00Z
Q83158,+1889-07-05T00:00:00Z
Q83321,+1725-04-02T00:00:00Z
Q83321,+1725-01-01T00:00:00Z
Q83566,+1942-08-02T00:00:00Z
Q84011,+1973-06-02T00:00:00Z
Q85361,+1967-03-12T00:00:00Z
Q85463,+1938-10-24T00:00:00Z
Q85590,+1878-11-27T00:00:00Z
Q85756,+1779-09-27T00:00:00Z
Q86232,+1897-11-21T00:00:00Z
Q86407,+1920-08-22T00:00:00Z
Q86407,+1920-01-01T00:00:00Z
Q86487,+1924-10-05T00:00:00Z
Q86983,+1816-09-16T00:00:00Z
Q86994,+1956-04-27T00:00:00Z
Q87120,+1952-12-19T00:00:00Z
Q87120,+1952-11-19T00:00:00Z
Q87487,+1823-01-31T00:00:00Z
Q88252,+1951-11-03T00:00:00Z
Q88984,+1950-06-28T00:00:00Z
Q88984,+1950-01-01T00:00:00Z
Q89261,+1902-03-16T00:00:00Z
Q89261,+1902-01-01T00:00:00Z
Q89265,+1893-10-21T00:00:00Z
Q89265,+1894-11-21T00:00:00Z
Q89265,+1894-01-01T00:00:00Z
Q89560,+1887-10-12T00:00:00Z
Q89560,+1887-00-00T00:00:00Z
Q89891,+1953-01-01T00:00:00Z
Q89992,+1810-08-08T00:00:00Z
Q90009,+1910-12-31T00:00:00Z
Q90217,+1944-04-04T00:00:00Z
Q90238,+1828-02-12T00:00:00Z
Q90459,+1938-04-17T00:00:00Z
Q90459,+1938-01-01T00:00:00Z
Q90929,+1974-06-09T00:00:00Z
Q91059,+1910-07-22T00:00:00Z
Q91288,+1851-01-15T00:00:00Z
Q91589,+1755-04-04T00:00:00Z
Q92129,+1961-07-21T00:00:00Z
Q92162,+1935-10-08T00:00:00Z
Q92562,+1867-11-16T00:00:00Z
Q92775,+1946-04-29T00:00:00Z
Q92849,+1946-03-22T00:00:00Z
Q93166,+1929-04-01T00:00:00Z
Q49001,+1955-11-13T00:00:00Z
Q49017,+1959-06-11T00:00:00Z
Q49061,+1859-10-01T00:00:00Z
Q49065,+1954-11-16T00:00:00Z
Q49065,+1954-11-06T00:00:00Z
Q49072,+1915-05-27T00:00:00Z
Q49478,+1688-02-04T00:00:00Z
Q49637,+1925-10-31T00:00:00Z
Q49767,+1768-09-04T00:00:00Z
Q50038,+1972-12-20T00:00:00Z
Q50038,+1972-01-01T00:00:00Z
Q50713,+1894-09-15T00:00:00Z
Q50764,+1920-03-21T00:00:00Z
Q51107,+1858-06-25T00:00:00Z
Q51513,+1874-02-01T00:00:00Z
Q51513,+1874-01-01T00:00:00Z
Q52045,+1892-04-12T00:00:00Z
Q52255,+1969-10-24T00:00:00Z
Q53672,+1962-01-01T00:00:00Z
Q53672,+1962-01-02T00:00:00Z
Q54543,+1905-10-06T00:00:00Z
Q54545,+1956-10-18T00:00:00Z
Q55211,+1957-05-29T00:00:00Z
Q55428,+1950-02-25T00:00:00Z
Q55767,+1907-11-14T00:00:00Z
Q55773,+1942-01-01T00:00:00Z
Q55773,+1941-06-27T00:00:00Z
Q55993,+1896-08-27T00:00:00Z
Q57236,+1785-04-04T00:00:00Z
Q57236,+1785-00-00T00:00:00Z
Q57239,+1773-05-31T00:00:00Z
Q57277,+1886-05-02T00:00:00Z
Q57307,+1797-01-10T00:00:00Z
Q57307,+1797-01-12T00:00:00Z
Q57307,+1797-00-00T00:00:00Z
Q57382,+1929-03-18T00:00:00Z
Q57387,+1927-03-24T00:00:00Z
Q57389,+1878-08-10T00:00:00Z
Q57393,+1900-11-19T00:00:00Z
Q57477,+1975-01-13T00:00:00Z
Q57629,+1843-12-29T00:00:00Z
Q58057,+1891-05-22T00:00:00Z
Q58612,+1924-05-03T00:00:00Z
Q58811,+1816-07-13T00:00:00Z
Q58811,+1816-00-00T00:00:00Z
Q58836,+1881-01-25T00:00:00Z
Q59076,+1899-07-05T00:00:00Z
Q59152,+1982-11-08T00:00:00Z
Q59441,+1973-03-11T00:00:00Z
Q59896,+1963-03-07T00:00:00Z
Q60369,+1873-03-10T00:00:00Z
Q60647,+1831-09-08T00:00:00Z
Q60753,+1921-05-28T00:00:00Z
Q60753,+1921-00-00T00:00:00Z
Q60785,+1864-07-18T00:00:00Z
Q60785,+1864-01-01T00:00:00Z
Q60851,+1914-02-04T00:00:00Z
Q60953,+1914-05-24T00:00:00Z
Q60955,+1944-12-02T00:00:00Z
Q61198,+1943-05-08T00:00:00Z
Q61220,+1957-05-28T00:00:00Z
Q61522,+1975-06-23T00:00:00Z
Q61522,+1975-00-00T00:00:00Z
Q61601,+1887-10-30T00:00:00Z
Q61627,+1934-07-20T00:00:00Z
Q61629,+1940-03-30T00:00:00Z
Q61629,+1940-00-00T00:00:00Z
Q62365,+1901-01-31T00:00:00Z
Q62559,+1952-01-09T00:00:00Z
Q62559,+1952-04-10T00:00:00Z
Q62753,+1926-11-01T00:00:00Z
Q62892,+1968-10-28T00:00:00Z
Q62950,+1825-12-05T00:00:00Z
Q63011,+1935-09-29T00:00:00Z
Q63837,+1914-12-05T00:00:00Z
Q64069,+1953-12-26T00:00:00Z
Q64248,+1906-06-23T00:00:00Z
Q64397,+1942-11-02T00:00:00Z
Q64577,+1934-03-20T00:00:00Z
Q65504,+1900-01-28T00:00:00Z
Q66207,+1771-03-22T00:00:00Z
Q66207,+1777-03-22T00:00:00Z
Q66213,+1962-12-15T00:00:00Z
Q66248,+1943-01-22T00:00:00Z
Q66426,+1941-08-31T00:00:00Z
Q66950,+1940-04-16T00:00:00Z
Q67423,+1953-05-10T00:00:00Z
Q67504,+1965-10-24T00:00:00Z
Q68036,+1906-06-26T00:00:00Z
Q69139,+1960-12-22T00:00:00Z
Q69339,+1804-07-04T00:00:00Z
Q69339,+1804-01-01T00:00:00Z
Q69973,+1964-05-12T00:00:00Z
Q70988,+1781-01-26T00:00:00Z
Q70988,+1781-01-01T00:00:00Z
Q71309,+1920-06-13T00:00:00Z
Q71378,+1969-12-31T00:00:00Z
Q71618,+1962-06-02T00:00:00Z
Q71624,+1925-04-28T00:00:00Z
Q71640,+1953-01-16T00:00:00Z
Q71714,+1901-04-09T00:00:00Z
Q72334,+1931-02-18T00:00:00Z
Q72541,+1943-01-11T00:00:00Z
Q72653,+1947-08-14T00:00:00Z
Q72653,+1950-08-14T00:00:00Z
Q72705,+1911-03-16T00:00:00Z
Q72833,+1943-02-13T00:00:00Z
Q72867,+1962-05-17T00:00:00Z
Q73176,+1962-10-11T00:00:00Z
Q73418,+1904-10-21T00:00:00Z
Q73506,+1958-05-08T00:00:00Z
Q74465,+1816-11-01T00:00:00Z
Q74465,+1816-00-00T00:00:00Z
Q75059,+1866-03-19T00:00:00Z
Q75059,+1866-01-01T00:00:00Z
Q75612,+1903-11-21T00:00:00Z
Q75612,+1904-07-14T00:00:00Z
Q75612,+1904-00-00T00:00:00Z
Q75649,+1956-12-09T00:00:00Z
Q75733,+1950-01-09T00:00:00Z
Q75868,+1887-11-10T00:00:00Z
Q75889,+1770-03-20T00:00:00Z
Q75889,+1770-01-01T00:00:00Z
Q93343,+1792-08-04T00:00:00Z
Q93354,+1896-09-24T00:00:00Z
Q93450,+1882-11-02T00:00:00Z
Q93514,+1921-11-01T00:00:00Z
Q93514,+1921-00-00T00:00:00Z
Q93525,+1830-09-13T00:00:00Z
Q93525,+1830-01-01T00:00:00Z
Q93620,+1983-11-17T00:00:00Z
Q93718,+1839-11-29T00:00:00Z
Q93718,+1839-11-20T00:00:00Z
Q93718,+1839-01-01T00:00:00Z
Q93797,+1896-09-05T00:00:00Z
Q93959,+1961-03-08T00:00:00Z
Q94186,+1961-06-16T00:00:00Z
Q94273,+1942-06-24T00:00:00Z
Q94280,+1927-06-12T00:00:00Z
Q94480,+1902-12-17T00:00:00Z
Q95207,+1961-11-16T00:00:00Z
Q95231,+1933-07-21T00:00:00Z
Q95443,+1951-02-13T00:00:00Z
Q95443,+1951-01-01T00:00:00Z
Q96087,+1934-08-07T00:00:00Z
Q96426,+1950-07-29T00:00:00Z
Q96453,+1802-11-08T00:00:00Z
Q96453,+1806-11-08T00:00:00Z
Q96453,+1806-00-00T00:00:00Z
Q96688,+1883-05-17T00:00:00Z
Q96817,+1934-05-12T00:00:00Z
Q96912,+1925-11-15T00:00:00Z
Q97142,+1964-11-30T00:00:00Z
Q97477,+1911-09-03T00:00:00Z
Q98444,+1854-11-26T00:00:00Z
Q98929,+1899-05-21T00:00:00Z
Q98929,+1899-01-01T00:00:00Z
Q100035,+1800-01-01T00:00:00Z
Q100035,+1800-04-19T00:00:00Z
Q101529,+1885-05-20T00:00:00Z
Q101638,+1759-04-27T00:00:00Z
Q101871,+1902-09-21T00:00:00Z
Q101878,+1890-10-02T00:00:00Z
Q101878,+1890-01-01T00:00:00Z
Q102034,+1857-05-13T00:00:00Z
Q102513,+1811-06-14T00:00:00Z
Q102669,+1941-07-29T00:00:00Z
Q102852,+1908-06-01T00:00:00Z
Q103035,+1768-07-28T00:00:00Z
Q103035,+1768-01-01T00:00:00Z
Q103114,+1956-02-26T00:00:00Z
Q103797,+1985-04-20T00:00:00Z
Q104081,+1920-09-23T00:00:00Z
Q104081,+1920-01-01T00:00:00Z
Q105118,+1917-02-11T00:00:00Z
Q105163,+1817-04-01T00:00:00Z
Q105167,+1947-04-12T00:00:00Z
Q105756,+1932-03-18T00:00:00Z
Q105994,+1949-03-26T00:00:00Z
Q106018,+1942-07-29T00:00:00Z
Q106073,+1932-05-21T00:00:00Z
Q106083,+1984-11-14T00:00:00Z
Q106285,+1966-03-04T00:00:00Z
Q106366,+1938-10-15T00:00:00Z
Q106465,+1955-02-08T00:00:00Z
Q106606,+1940-12-29T00:00:00Z
Q106740,+1893-06-13T00:00:00Z
Q106795,+1967-11-30T00:00:00Z
Q107002,+1903-10-28T00:00:00Z
Q108206,+1628-11-28T00:00:00Z
Q108206,+1628-11-28T00:00:00Z
Q108206,+1628-01-01T00:00:00Z
Q108611,+1890-12-07T00:00:00Z
Q108941,+1956-10-21T00:00:00Z
Q110197,+1859-10-14T00:00:00Z
Q110506,+1943-08-26T00:00:00Z
Q110506,+1943-01-01T00:00:00Z
Q111619,+1985-01-01T00:00:00Z
Q111673,+1820-01-21T00:00:00Z
Q112169,+1901-08-07T00:00:00Z
Q112391,+1961-07-16T00:00:00Z
Q113233,+1963-06-13T00:00:00Z
Q113265,+1941-08-31T00:00:00Z
Q113433,+1967-03-01T00:00:00Z
Q113554,+1939-07-24T00:00:00Z
Q113681,+1864-01-21T00:00:00Z
Q113681,+1864-02-14T00:00:00Z
Q113964,+1947-02-07T00:00:00Z
Q113974,+1949-10-15T00:00:00Z
Q114509,+1898-05-23T00:00:00Z
Q115243,+1949-02-25T00:00:00Z
Q115483,+1911-05-15T00:00:00Z
Q115674,+1911-10-02T00:00:00Z
Q115683,+1895-11-16T00:00:00Z
Q115754,+1923-06-22T00:00:00Z
Q116055,+1934-01-20T00:00:00Z
Q116055,+1934-00-00T00:00:00Z
Q116133,+1924-01-30T00:00:00Z
Q116258,+1829-07-19T00:00:00Z
Q116258,+1829-07-18T00:00:00Z
Q116288,+1948-05-18T00:00:00Z
Q116692,+1975-09-30T00:00:00Z
Q117425,+1950-07-22T00:00:00Z
Q117425,+1948-07-22T00:00:00Z
Q117455,+1948-02-29T00:00:00Z
Q117664,+1947-12-27T00:00:00Z
Q117913,+1790-03-10T00:00:00Z
Q117913,+1790-01-01T00:00:00Z
Q118057,+1738-05-31T00:00:00Z
Q118057,+1738-05-21T00:00:00Z
Q118969,+1959-08-18T00:00:00Z
Q118973,+1971-12-30T00:00:00Z
Q119101,+1973-06-15T00:00:00Z
Q119142,+1956-12-05T00:00:00Z
Q119358,+1954-01-12T00:00:00Z
Q119563,+1910-07-19T00:00:00Z
Q120085,+1908-11-08T00:00:00Z
Q120432,+1917-02-22T00:00:00Z
Q120578,+1905-05-02T00:00:00Z
Q120946,+1972-03-02T00:00:00Z
Q121060,+1775-07-09T00:00:00Z
Q121180,+1867-05-07T00:00:00Z
Q121778,+1956-02-21T00:00:00Z
Q121899,+1962-06-15T00:00:00Z
Q122020,+1987-09-28T00:00:00Z
Q122358,+1797-10-04T00:00:00Z
Q122358,+1797-00-00T00:00:00Z
Q122370,+1819-07-19T00:00:00Z
Q122591,+1954-05-06T00:00:00Z
Q122644,+1905-06-26T00:00:00Z
Q122743,+1974-08-01T00:00:00Z
Q122939,+1912-01-14T00:00:00Z
Q123053,+1827-06-12T00:00:00Z
Q123080,+1887-09-01T00:00:00Z
Q123117,+1917-06-20T00:00:00Z
Q123269,+1940-09-17T00:00:00Z
Q123269,+1940-01-01T00:00:00Z
Q123283,+1907-09-29T00:00:00Z
Q123332,+1901-08-14T00:00:00Z
Q123386,+1740-10-20T00:00:00Z
Q123386,+1740-01-01T00:00:00Z
Q123389,+1919-07-19T00:00:00Z
Q123389,+1919-06-19T00:00:00Z
Q123392,+1964-11-12T00:00:00Z
Q123402,+1944-02-04T00:00:00Z
Q123421,+1864-06-06T00:00:00Z
Q123469,+1885-02-07T00:00:00Z
Q123469,+1885-05-07T00:00:00Z
Q123491,+1939-10-16T00:00:00Z
Q123740,+1865-12-28T00:00:00Z
Q123867,+1740-06-02T00:00:00Z
Q124262,+1967-08-27T00:00:00Z
Q124372,+1942-07-10T00:00:00Z
Q124527,+1894-12-08T00:00:00Z
Q124527,+1894-12-18T00:00:00Z
Q124633,+1929-03-28T00:00:00Z
Q124735,+1886-09-20T00:00:00Z
Q124847,+1813-09-13T00:00:00Z
Q125175,+1861-06-28T00:00:00Z
Q125364,+1860-02-23T00:00:00Z
Q125364,+1860-01-01T00:00:00Z
Q125484,+1954-04-16T00:00:00Z
Q125598,+1963-01-18T00:00:00Z
Q125780,+1957-01-01T00:00:00Z
Q125780,+1957-03-18T00:00:00Z
Q125970,+1958-02-04T00:00:00Z
Q126029,+1809-03-09T00:00:00Z
Q126377,+1915-04-04T00:00:00Z
Q126687,+1944-02-21T00:00:00Z
Q126687,+1944-01-01T00:00:00Z
Q126941,+1954-07-17T00:00:00Z
Q127079,+1924-06-18T00:00:00Z
Q127332,+1816-04-21T00:00:00Z
Q127332,+1816-01-01T00:00:00Z
Q127539,+1853-12-26T00:00:00Z
Q128560,+1904-10-02T00:00:00Z
Q128653,+1917-03-26T00:00:00Z
Q128714,+1905-03-29T00:00:00Z
Q128714,+1905-01-01T00:00:00Z
Q128790,+1903-02-13T00:00:00Z
Q128837,+1933-08-14T00:00:00Z
Q128837,+1933-01-01T00:00:00Z
Q129187,+1912-05-28T00:00:00Z
Q129371,+1944-01-01T00:00:00Z
Q129478,+1959-02-20T00:00:00Z
Q129851,+1977-04-18T00:00:00Z
Q130141,+1883-02-05T00:00:00Z
Q130385,
Q130779,+1952-03-23T00:00:00Z
Q130780,+1946-03-19T00:00:00Z
Q130780,+1946-01-01T00:00:00Z
Q130786,+1947-04-20T00:00:00Z
Q130786,+1947-04-00T00:00:00Z
Q131018,+1494-01-01T00:00:00Z
Q131018,+1500-00-00T00:00:00Z
Q131326,+1900-07-29T00:00:00Z
Q131333,+1819-11-22T00:00:00Z
Q131333,+1819-00-00T00:00:00Z
Q131487,+1857-00-00T00:00:00Z
Q131487,+1857-06-02T00:00:00Z
Q131549,+1913-10-10T00:00:00Z
Q132111,+1906-10-20T00:00:00Z
Q132138,+1765-10-31T00:00:00Z
Q132162,+1939-12-06T00:00:00Z
Q132524,+1905-02-02T00:00:00Z
Q132589,+1916-05-11T00:00:00Z
Q132695,+1904-05-06T00:00:00Z
Q132695,+1904-01-01T00:00:00Z
Q132723,+1888-09-16T00:00:00Z
Q132805,+1840-06-02T00:00:00Z
Q132805,+1840-01-01T00:00:00Z
Q133042,+1887-08-08T00:00:00Z
Q133042,+1888-00-00T00:00:00Z
Q133054,+1932-10-27T00:00:00Z
Q133562,+1949-01-01T00:00:00Z
Q133869,+1947-06-12T00:00:00Z
Q134180,+1924-09-30T00:00:00Z
Q134262,+1911-03-26T00:00:00Z
Q134262,+1914-03-26T00:00:00Z
Q134456,+1925-01-14T00:00:00Z
Q134477,+1923-04-22T00:00:00Z
Q134798,+1949-01-12T00:00:00Z
Q134898,+1949-07-04T00:00:00Z
Q134942,+1874-01-25T00:00:00Z
Q137679,+1857-10-30T00:00:00Z
Q137679,+1858-01-14T00:00:00Z
Q137679,+1857-01-01T00:00:00Z
Q137819,+1811-06-17T00:00:00Z
Q137819,+1811-01-01T00:00:00Z
Q138882,+1937-08-17T00:00:00Z
Q139348,+1928-01-12T00:00:00Z
Q139506,+1921-05-19T00:00:00Z
Q139739,+1934-01-01T00:00:00Z
Q140052,+1975-10-25T00:00:00Z
Q140193,+1916-04-26T00:00:00Z
Q140193,+1916-04-25T00:00:00Z
Q140201,+1930-11-15T00:00:00Z
Q141649,+1955-03-18T00:00:00Z
Q142106,+1906-09-01T00:00:00Z
Q142106,+1906-01-01T00:00:00Z
Q142383,+1958-12-08T00:00:00Z
Q142444,+1900-01-17T00:00:00Z
Q142590,+1906-09-27T00:00:00Z
Q144090,+1890-05-02T00:00:00Z
Q144391,+1926-01-14T00:00:00Z
Q144391,+1926-01-01T00:00:00Z
Q144439,+1847-08-20T00:00:00Z
Q146763,+1872-01-31T00:00:00Z
Q148234,+1875-09-01T00:00:00Z
Q148234,+1875-02-23T00:00:00Z
Q149489,+1973-02-21T00:00:00Z
Q149499,+1952-01-01T00:00:00Z
Q150471,+1776-01-24T00:00:00Z
Q150471,+1776-01-01T00:00:00Z
Q150943,+1930-01-30T00:00:00Z
Q151164,+1901-11-03T00:00:00Z
Q151403,+1795-12-04T00:00:00Z
Q151403,+1795-01-01T00:00:00Z
Q151720,+1976-01-01T00:00:00Z
Q151820,+1894-05-27T00:00:00Z
Q151872,+1939-05-04T00:00:00Z
Q152513,+1807-02-27T00:00:00Z
Q152513,+1807-01-01T00:00:00Z
Q152690,+1940-05-28T00:00:00Z
Q152690,+1939-05-28T00:00:00Z
Q152690,+1939-05-29T00:00:00Z
Q152824,+1933-01-16T00:00:00Z
Q152843,+1933-05-23T00:00:00Z
Q153177,+1945-03-18T00:00:00Z
Q153248,+1914-04-04T00:00:00Z
Q153670,+1918-07-31T00:00:00Z
Q153670,+1919-07-31T00:00:00Z
Q153670,+1919-00-00T00:00:00Z
Q153701,+1962-01-01T00:00:00Z
Q154691,+1928-11-11T00:00:00Z
Q154756,+1923-10-15T00:00:00Z
Q154756,+1923-01-15T00:00:00Z
Q155087,+1897-04-17T00:00:00Z
Q155106,+1951-11-25T00:00:00Z
Q155106,+1951-11-24T00:00:00Z
Q155286,+1962-01-01T00:00:00Z
Q155845,+1930-11-16T00:00:00Z
Q155855,+1890-01-09T00:00:00Z
Q157004,+1923-12-10T00:00:00Z
Q157271,+1772-03-10T00:00:00Z
Q157271,+1772-01-01T00:00:00Z
Q157303,+1936-03-07T00:00:00Z
Q157322,+1914-05-08T00:00:00Z
Q157322,+1914-05-21T00:00:00Z
Q157322,+1914-01-01T00:00:00Z
Q157326,+1920-10-17T00:00:00Z
Q157970,+1820-02-04T00:00:00Z
Q157970,+1820-02-05T00:00:00Z
Q157970,+1818-05-02T00:00:00Z
Q158060,+1868-02-23T00:00:00Z
Q158060,+1868-01-01T00:00:00Z
Q158394,+1933-07-31T00:00:00Z
Q158878,+1925-12-25T00:00:00Z
Q158997,+1918-10-19T00:00:00Z
Q159552,+1873-01-20T00:00:00Z
Q159876,+1941-06-24T00:00:00Z
Q160219,+1973-12-24T00:00:00Z
Q160263,+1954-01-25T00:00:00Z
Q160534,+1922-03-12T00:00:00Z
Q160534,+1922-03-13T00:00:00Z
Q160783,+1924-12-19T00:00:00Z
Q161819,+1935-10-01T00:00:00Z
Q161819,+1934-01-01T00:00:00Z
Q161842,+1920-02-19T00:00:00Z
Q161955,+1896-02-19T00:00:00Z
Q161955,+1896-02-18T00:00:00Z
Q162136,+1968-04-06T00:00:00Z
Q162511,+1940-02-25T00:00:00Z
Q162740,+1946-11-29T00:00:00Z
Q162778,+1936-04-12T00:00:00Z
Q162917,+1931-07-04T00:00:00Z
Q162917,+1931-07-05T00:00:00Z
Q163069,+1866-10-22T00:00:00Z
Q163118,+1903-06-08T00:00:00Z
Q163118,+1903-06-07T00:00:00Z
Q163557,+1928-07-20T00:00:00Z
Q163747,+1869-09-06T00:00:00Z
Q163747,+1867-09-06T00:00:00Z
Q164401,+1835-03-12T00:00:00Z
Q164967,+1928-09-09T00:00:00Z
Q165357,+1917-09-11T00:00:00Z
Q165801,+1959-06-12T00:00:00Z
Q166351,+1948-10-17T00:00:00Z
Q166590,+1949-02-23T00:00:00Z
Q166590,+1949-01-01T00:00:00Z
Q167289,+1955-03-07T00:00:00Z
Q167768,+1811-07-18T00:00:00Z
Q167821,+1925-10-03T00:00:00Z
Q167856,+1789-09-15T00:00:00Z
Q167856,+1789-01-01T00:00:00Z
Q168004,+1743-01-25T00:00:00Z
Q168040,+1967-08-13T00:00:00Z
Q168040,+1966-07-09T00:00:00Z
Q168269,+1953-06-15T00:00:00Z
Q168431,+1900-05-01T00:00:00Z
Q168441,+1903-02-24T00:00:00Z
Q168441,+1903-02-11T00:00:00Z
Q169566,+1890-08-20T00:00:00Z
Q170509,+1843-04-15T00:00:00Z
Q170509,+1843-01-01T00:00:00Z
Q170512,+0125-00-00T00:00:00Z
Q170512,+0200-00-00T00:00:00Z
Q171091,+1928-12-16T00:00:00Z
Q171202,+0585-00-00T00:00:00Z
Q171672,+1931-06-29T00:00:00Z
Q171672,+1931-07-29T00:00:00Z
Q171730,+1841-09-28T00:00:00Z
Q172140,+1942-10-23T00:00:00Z
Q172684,+1875-10-12T00:00:00Z
Q173540,+1900-11-08T00:00:00Z
Q173540,+1900-11-09T00:00:00Z
Q174152,+1880-07-31T00:00:00Z
Q174181,+1897-09-03T00:00:00Z
Q174204,+1972-01-24T00:00:00Z
Q175204,+1902-10-28T00:00:00Z
Q175205,+1826-05-31T00:00:00Z
Q175205,+1826-00-00T00:00:00Z
Q175392,+1966-12-30T00:00:00Z
Q176049,+1977-03-28T00:00:00Z
Q176246,+1961-10-16T00:00:00Z
Q176405,+1957-02-19T00:00:00Z
Q176405,+1960-00-00T00:00:00Z
Q176558,+1945-04-30T00:00:00Z
Q176579,+1864-09-18T00:00:00Z
Q176579,+1864-01-01T00:00:00Z
Q176668,+1952-10-26T00:00:00Z
Q176736,+1913-03-13T00:00:00Z
Q176736,+1913-03-23T00:00:00Z
Q176896,+1930-05-27T00:00:00Z
Q176909,+1916-05-28T00:00:00Z
Q177300,+1883-01-01T00:00:00Z
Q177411,+1895-03-30T00:00:00Z
Q177565,+1792-03-15T00:00:00Z
Q178100,+1955-07-05T00:00:00Z
Q178225,+1930-12-15T00:00:00Z
Q178403,+1958-09-27T00:00:00Z
Q178403,+1951-00-00T00:00:00Z
Q178403,+1961-00-00T00:00:00Z
Q178403,+1957-00-00T00:00:00Z
Q178403,+1958-09-00T00:00:00Z
Q178602,+1919-06-05T00:00:00Z
Q179059,+1896-07-19T00:00:00Z
Q179065,+1947-01-01T00:00:00Z
Q179463,+1961-12-18T00:00:00Z
Q179680,+1810-12-11T00:00:00Z
Q179695,+1936-01-28T00:00:00Z
Q180038,+1853-05-22T00:00:00Z
Q180223,+1975-10-02T00:00:00Z
Q180251,+1923-01-29T00:00:00Z
Q180339,+1778-11-05T00:00:00Z
Q180339,+1778-01-01T00:00:00Z
Q180373,+1964-01-01T00:00:00Z
Q180377,+1888-07-23T00:00:00Z
Q180626,+1924-03-10T00:00:00Z
Q180680,+1954-11-21T00:00:00Z
Q180680,+1954-01-01T00:00:00Z
Q180903,+1867-02-09T00:00:00Z
Q180903,+1867-01-01T00:00:00Z
Q180962,+1923-01-31T00:00:00Z
Q181034,+1927-09-24T00:00:00Z
Q181034,+1928-09-24T00:00:00Z
Q181082,+1957-04-13T00:00:00Z
Q181573,+1929-03-06T00:00:00Z
Q181659,+1929-10-21T00:00:00Z
Q181667,+1783-04-03T00:00:00Z
Q181677,+1948-09-20T00:00:00Z
Q181716,+1963-05-05T00:00:00Z
Q181730,+1944-05-22T00:00:00Z
Q181799,+1947-10-29T00:00:00Z
Q181917,+1910-03-01T00:00:00Z
Q181920,+1925-05-27T00:00:00Z
Q182047,+1963-09-18T00:00:00Z
Q182658,+1926-04-28T00:00:00Z
Q182788,+1943-06-17T00:00:00Z
Q182870,+1920-10-15T00:00:00Z
Q182874,+1724-07-12T00:00:00Z
Q182934,+1959-01-01T00:00:00Z
Q183007,+1738-07-24T00:00:00Z
Q183167,+1874-05-29T00:00:00Z
Q183492,+1939-11-18T00:00:00Z
Q183713,+1811-08-30T00:00:00Z
Q183713,+1811-08-31T00:00:00Z
Q183713,+1811-00-00T00:00:00Z
Q184440,+1912-08-10T00:00:00Z
Q184535,+1850-01-15T00:00:00Z
Q184535,+1850-01-03T00:00:00Z
Q184622,+1910-12-19T00:00:00Z
Q184785,+1941-10-04T00:00:00Z
Q185085,+1864-09-29T00:00:00Z
Q185333,+1905-08-11T00:00:00Z
Q185406,+1871-01-26T00:00:00Z
Q185548,+1952-08-08T00:00:00Z
Q185636,+1947-01-01T00:00:00Z
Q185636,+1948-00-00T00:00:00Z
Q185696,+1832-11-29T00:00:00Z
Q185696,+1832-01-01T00:00:00Z
Q185714,+1927-08-09T00:00:00Z
Q185735,+1974-09-22T00:00:00Z
Q185735,+1974-01-01T00:00:00Z
Q185743,+1916-12-19T00:00:00Z
Q185860,+1940-08-04T00:00:00Z
Q186221,+1808-11-24T00:00:00Z
Q186273,+1924-03-07T00:00:00Z
Q186326,+1892-03-01T00:00:00Z
Q186326,+1892-01-01T00:00:00Z
Q186335,+1894-05-27T00:00:00Z
Q186335,+1894-06-25T00:00:00Z
Q186630,+1911-06-24T00:00:00Z
Q186779,+1966-03-01T00:00:00Z
Q187019,+1933-03-19T00:00:00Z
Q187019,+1933-03-18T00:00:00Z
Q187085,+1955-04-23T00:00:00Z
Q187324,+1900-07-24T00:00:00Z
Q187324,+1900-00-00T00:00:00Z
Q187331,+1898-07-05T00:00:00Z
Q187424,+1952-11-16T00:00:00Z
Q187765,+1891-12-26T00:00:00Z
Q188093,+1902-02-01T00:00:00Z
Q188093,+1901-02-01T00:00:00Z
Q188117,+1952-01-12T00:00:00Z
Q188176,+1914-02-05T00:00:00Z
Q188286,+1931-05-02T00:00:00Z
Q188388,+1961-07-23T00:00:00Z
Q188440,+1916-03-19T00:00:00Z
Q188569,+1756-03-03T00:00:00Z
Q188569,+1756-00-00T00:00:00Z
Q188838,+1900-04-26T00:00:00Z
Q188838,+1900-04-02T00:00:00Z
Q188848,+1930-02-01T00:00:00Z
Q188987,+1948-03-17T00:00:00Z
Q189042,+1933-09-15T00:00:00Z
Q189119,+1879-01-01T00:00:00Z
Q189642,+1917-11-01T00:00:00Z
Q189869,+1843-05-10T00:00:00Z
Q189869,+1843-01-01T00:00:00Z
Q190220,+1946-10-19T00:00:00Z
Q190379,+1948-06-21T00:00:00Z
Q191023,+1914-10-27T00:00:00Z
Q191305,+1808-05-22T00:00:00Z
Q191716,+1921-08-19T00:00:00Z
Q192069,+1897-08-11T00:00:00Z
Q192279,+1882-12-29T00:00:00Z
Q192279,+1883-01-10T00:00:00Z
Q192331,+1828-07-12T00:00:00Z
Q192668,+1957-09-22T00:00:00Z
Q192912,+1957-08-24T00:00:00Z
Q192912,+1957-01-01T00:00:00Z
Q193111,+1908-09-19T00:00:00Z
Q193116,+1965-03-04T00:00:00Z
Q193156,+1934-02-27T00:00:00Z
Q193357,+1907-05-13T00:00:00Z
Q193608,+1878-01-06T00:00:00Z
Q193660,+1232-00-00T00:00:00Z
Q196773,+1959-04-13T00:00:00Z
Q197155,+1920-09-30T00:00:00Z
Q197155,+1920-09-20T00:00:00Z
Q197155,+1921-00-00T00:00:00Z
Q198025,+1973-01-04T00:00:00Z
Q198621,+1858-11-25T00:00:00Z
Q198621,+1857-11-25T00:00:00Z
Q198644,+1852-09-02T00:00:00Z
Q198644,+1852-01-01T00:00:00Z
Q199228,+1850-08-15T00:00:00Z
Q199588,+1826-11-24T00:00:00Z
Q199588,+1826-00-00T00:00:00Z
Q199644,+1867-05-29T00:00:00Z
Q200661,+1917-05-16T00:00:00Z
Q200661,+1918-05-16T00:00:00Z
Q201315,+1584-09-14T00:00:00Z
Q201315,+1580-09-17T00:00:00Z
Q201315,+1580-09-14T00:00:00Z
Q201433,+1923-05-21T00:00:00Z
Q201579,+1921-06-02T00:00:00Z
Q201580,+1909-12-21T00:00:00Z
Q201732,+1895-07-24T00:00:00Z
Q201858,+1862-04-29T00:00:00Z
Q201862,+1921-03-11T00:00:00Z
Q201862,+1921-00-00T00:00:00Z
Q202122,+1961-10-22T00:00:00Z
Q202355,+1874-03-05T00:00:00Z
Q202355,+1874-03-18T00:00:00Z
Q202355,+1874-03-15T00:00:00Z
Q202693,+1960-03-29T00:00:00Z
Q203460,+1909-02-18T00:00:00Z
Q203533,+1932-05-03T00:00:00Z
Q203533,+1932-03-03T00:00:00Z
Q203533,+1931-05-03T00:00:00Z
Q203533,+1931-03-03T00:00:00Z
Q203623,+1893-10-09T00:00:00Z
Q204168,+1957-01-13T00:00:00Z
Q204426,+1946-04-05T00:00:00Z
Q204868,+1884-01-20T00:00:00Z
Q204868,+1884-02-01T00:00:00Z
Q204868,+1884-01-01T00:00:00Z
Q205111,+1809-01-26T00:00:00Z
Q205739,+1953-11-18T00:00:00Z
Q206022,+1981-01-06T00:00:00Z
Q206534,+1871-11-01T00:00:00Z
Q206534,+1871-01-01T00:00:00Z
Q207036,+1882-01-18T00:00:00Z
Q207356,+1908-08-31T00:00:00Z
Q207515,+1881-10-15T00:00:00Z
Q207544,+1856-05-15T00:00:00Z
Q207544,+1856-01-01T00:00:00Z
Q207640,+1906-01-22T00:00:00Z
Q207676,+1957-01-27T00:00:00Z
Q208101,+1923-05-01T00:00:00Z
Q208117,+1997-10-08T00:00:00Z
Q208685,+1959-05-29T00:00:00Z
Q208869,+1930-08-19T00:00:00Z
Q209004,+1831-02-04T00:00:00Z
Q209004,+1831-00-00T00:00:00Z
Q209004,+1831-02-16T00:00:00Z
Q209641,+1931-10-19T00:00:00Z
Q210059,+1960-11-10T00:00:00Z
Q210669,+1949-06-05T00:00:00Z
Q210740,+1824-01-08T00:00:00Z
Q210740,+1824-01-01T00:00:00Z
Q210741,+1943-03-29T00:00:00Z
Q210798,+1848-02-05T00:00:00Z
Q210798,+1848-01-01T00:00:00Z
Q211029,+1929-06-10T00:00:00Z
Q211039,+1866-09-10T00:00:00Z
Q211542,+1942-04-20T00:00:00Z
Q211566,+1990-05-27T00:00:00Z
Q211785,+1826-01-15T00:00:00Z
Q211785,+1826-01-27T00:00:00Z
Q211785,+1826-01-25T00:00:00Z
Q211893,+1965-05-14T00:00:00Z
Q212097,+1971-01-01T00:00:00Z
Q212476,+1741-10-18T00:00:00Z
Q212575,+1817-08-24T00:00:00Z
Q212575,+1817-09-05T00:00:00Z
Q212575,+1817-00-00T00:00:00Z
Q212632,+1880-10-14T00:00:00Z
Q212632,+1880-01-01T00:00:00Z
Q212632,+1880-10-26T00:00:00Z
Q212727,+1964-06-05T00:00:00Z
Q212801,+1961-11-24T00:00:00Z
Q212801,+1961-11-23T00:00:00Z
Q212801,+1961-09-24T00:00:00Z
Q213482,+1896-12-23T00:00:00Z
Q213549,+1752-02-17T00:00:00Z
Q213549,+1752-00-00T00:00:00Z
Q213614,+1619-03-06T00:00:00Z
Q213614,+1619-01-01T00:00:00Z
Q213806,+1931-12-24T00:00:00Z
Q213997,+1880-08-11T00:00:00Z
Q213997,+1880-08-23T00:00:00Z
Q213997,+1880-05-23T00:00:00Z
Q214042,+1888-12-23T00:00:00Z
Q214565,+1866-07-28T00:00:00Z
Q214622,+1883-02-18T00:00:00Z
Q214623,+1869-08-22T00:00:00Z
Q214642,+1947-02-03T00:00:00Z
Q214660,+1926-03-31T00:00:00Z
Q214677,+1941-05-19T00:00:00Z
Q214798,+1934-01-01T00:00:00Z
Q215436,+1928-03-09T00:00:00Z
Q215436,+1928-03-08T00:00:00Z
Q215868,+1944-02-09T00:00:00Z
Q216098,+1932-04-15T00:00:00Z
Q216127,+1750-12-03T00:00:00Z
Q216134,+1878-09-20T00:00:00Z
Q216143,+1901-07-07T00:00:00Z
Q216195,+1930-03-02T00:00:00Z
Q216266,+1922-08-18T00:00:00Z
Q216398,+1928-03-04T00:00:00Z
Q216466,+1904-12-26T00:00:00Z
Q216478,+1861-12-19T00:00:00Z
Q216692,+1684-12-03T00:00:00Z
Q216692,+1684-01-01T00:00:00Z
Q216896,+1911-03-13T00:00:00Z
Q216904,+1834-10-10T00:00:00Z
Q217110,+1951-08-24T00:00:00Z
Q217388,+1970-12-09T00:00:00Z
Q217470,+1749-08-20T00:00:00Z
Q217470,+1749-08-20T00:00:00Z
Q217470,+1749-08-31T00:00:00Z
Q217495,+1919-07-15T00:00:00Z
Q217557,+1938-06-16T00:00:00Z
Q217619,+1917-02-25T00:00:00Z
Q218001,+1912-09-30T00:00:00Z
Q218679,+1873-01-28T00:00:00Z
Q218690,+1903-02-21T00:00:00Z
Q218698,+1859-05-02T00:00:00Z
Q218698,+1859-08-25T00:00:00Z
Q218960,+1713-11-24T00:00:00Z
Q219124,+1964-10-09T00:00:00Z
Q219377,+1965-12-31T00:00:00Z
Q219377,+1965-01-01T00:00:00Z
Q219607,+1849-10-26T00:00:00Z
Q219607,+1849-01-01T00:00:00Z
Q219622,+1705-11-04T00:00:00Z
Q219646,+1867-01-29T00:00:00Z
Q219646,+1867-01-01T00:00:00Z
Q219780,+1937-07-18T00:00:00Z
Q219784,+1912-02-27T00:00:00Z
Q219784,+1912-01-01T00:00:00Z
Q219829,+1874-08-26T00:00:00Z
Q219829,+1874-00-00T00:00:00Z
Q219862,+1938-05-25T00:00:00Z
Q219910,+1912-02-20T00:00:00Z
Q220018,+1903-02-21T00:00:00Z
Q220078,+1922-04-16T00:00:00Z
Q220480,+1891-01-07T00:00:00Z
Q220512,+1971-05-23T00:00:00Z
Q220864,+1933-06-09T00:00:00Z
Q220883,+1926-11-25T00:00:00Z
Q220980,+1872-12-28T00:00:00Z
Q221771,+1951-07-27T00:00:00Z
Q221843,+1924-10-10T00:00:00Z
Q221917,+1904-04-24T00:00:00Z
Q221957,+1892-08-11T00:00:00Z
Q221957,+1892-01-01T00:00:00Z
Q222509,+1950-01-01T00:00:00Z
Q222708,+1921-05-18T00:00:00Z
Q222744,+1892-03-16T00:00:00Z
Q222791,+1910-03-05T00:00:00Z
Q224029,+1885-07-26T00:00:00Z
Q224113,+1927-05-25T00:00:00Z
Q225089,+1955-09-02T00:00:00Z
Q225554,+1857-07-24T00:00:00Z
Q227099,+1916-03-31T00:00:00Z
Q227108,+1959-05-02T00:00:00Z
Q227113,+1965-07-07T00:00:00Z
Q227137,+1948-11-23T00:00:00Z
Q227395,+1946-06-27T00:00:00Z
Q227395,+1947-06-27T00:00:00Z
Q228546,+1840-05-13T00:00:00Z
Q228546,+1840-00-00T00:00:00Z
Q228589,+1971-09-03T00:00:00Z
Q228624,+1962-08-10T00:00:00Z
Q228638,+1976-02-03T00:00:00Z
Q228755,+1967-03-16T00:00:00Z
Q228801,+1937-06-01T00:00:00Z
Q228901,+1899-08-09T00:00:00Z
Q229002,+1990-01-22T00:00:00Z
Q229226,+1810-09-29T00:00:00Z
Q229369,+1949-11-02T00:00:00Z
Q229403,+1981-09-30T00:00:00Z
Q229480,+1873-12-07T00:00:00Z
Q229480,+1873-01-01T00:00:00Z
Q229840,+1935-08-22T00:00:00Z
Q229996,+1936-02-18T00:00:00Z
Q230141,+1977-09-15T00:00:00Z
Q230299,+1864-05-05T00:00:00Z
Q230299,+1861-00-00T00:00:00Z
Q230299,+1865-00-00T00:00:00Z
Q230476,+1850-02-08T00:00:00Z
Q230586,+1950-09-30T00:00:00Z
Q230591,+1917-02-19T00:00:00Z
Q230598,+1890-08-24T00:00:00Z
Q231121,+1929-03-22T00:00:00Z
Q231270,+1984-06-27T00:00:00Z
Q231320,+1974-08-30T00:00:00Z
Q231356,+1950-10-10T00:00:00Z
Q231424,+1969-07-18T00:00:00Z
Q231460,+1968-02-18T00:00:00Z
Q231467,+1956-06-09T00:00:00Z
Q231736,+1927-12-24T00:00:00Z
Q231736,+1929-12-24T00:00:00Z
Q231841,+1967-02-01T00:00:00Z
Q231886,+1640-07-10T00:00:00Z
Q231886,+1640-01-01T00:00:00Z
Q231886,+1640-01-01T00:00:00Z
Q231944,+1764-07-09T00:00:00Z
Q232109,+1906-05-03T00:00:00Z
Q232113,+1940-09-22T00:00:00Z
Q232212,+1962-10-19T00:00:00Z
Q232260,+1930-02-17T00:00:00Z
Q232359,+1958-02-19T00:00:00Z
Q232417,+1936-08-24T00:00:00Z
Q232772,+1959-11-01T00:00:00Z
Q232772,+1959-11-16T00:00:00Z
Q233033,+1948-03-16T00:00:00Z
Q233046,+1926-04-01T00:00:00Z
Q233207,+1917-04-06T00:00:00Z
Q233424,+1958-09-04T00:00:00Z
Q233424,+1965-09-04T00:00:00Z
Q233510,+1989-07-02T00:00:00Z
Q233566,+1951-11-25T00:00:00Z
Q233584,+1959-08-27T00:00:00Z
Q233891,+1931-05-28T00:00:00Z
Q233898,+1876-09-13T00:00:00Z
Q233911,+1989-04-18T00:00:00Z
Q233953,+1977-01-07T00:00:00Z
Q233956,+1918-02-01T00:00:00Z
Q234030,+1942-09-01T00:00:00Z
Q234255,+1970-06-27T00:00:00Z
Q234289,+1884-06-11T00:00:00Z
Q234289,+1883-00-00T00:00:00Z
Q234324,+1910-08-25T00:00:00Z
Q234392,+1895-04-23T00:00:00Z
Q234403,+1952-03-05T00:00:00Z
Q234443,+1966-05-19T00:00:00Z
Q234519,+1940-05-07T00:00:00Z
Q234530,+1865-09-23T00:00:00Z
Q234530,+1865-09-27T00:00:00Z
Q234570,+1802-06-12T00:00:00Z
Q234579,+1925-03-25T00:00:00Z
Q234621,+1957-12-12T00:00:00Z
Q234663,+1908-10-10T00:00:00Z
Q234700,+1945-12-31T00:00:00Z
Q234718,+1964-07-03T00:00:00Z
Q234721,+1892-06-12T00:00:00Z
Q234819,+1931-07-10T00:00:00Z
Q234865,+1940-04-24T00:00:00Z
Q234928,+1915-08-24T00:00:00Z
Q234928,+1916-01-01T00:00:00Z
Q234989,+1952-02-19T00:00:00Z
Q234992,+1941-08-14T00:00:00Z
Q235014,+1969-12-12T00:00:00Z
Q235014,+1969-12-12T00:00:00Z
Q235308,+1899-06-07T00:00:00Z
Q235354,+1905-09-04T00:00:00Z
Q235364,+1973-07-27T00:00:00Z
Q235364,+1973-07-31T00:00:00Z
Q235403,+1925-07-26T00:00:00Z
Q235403,+1926-07-26T00:00:00Z
Q235515,+1951-04-07T00:00:00Z
Q235615,+1941-10-25T00:00:00Z
Q235644,+1757-06-07T00:00:00Z
Q235665,+1785-11-13T00:00:00Z
Q235731,+1969-05-28T00:00:00Z
Q235759,+1927-05-07T00:00:00Z
Q235899,+1912-02-17T00:00:00Z
Q235955,+1920-12-10T00:00:00Z
Q235955,+1925-00-00T00:00:00Z
Q235965,+1901-07-09T00:00:00Z
Q236236,+1728-11-10T00:00:00Z
Q236236,+1730-11-10T00:00:00Z
Q236309,+1957-10-11T00:00:00Z
Q236321,+1932-10-31T00:00:00Z
Q236482,+1939-02-10T00:00:00Z
Q236669,+1892-12-21T00:00:00Z
Q236684,+1951-10-07T00:00:00Z
Q236727,+1949-02-26T00:00:00Z
Q236829,+1934-08-16T00:00:00Z
Q236848,+1935-05-23T00:00:00Z
Q236916,+1938-12-23T00:00:00Z
Q236950,+1942-03-26T00:00:00Z
Q236958,+1890-05-15T00:00:00Z
Q236993,+1966-12-07T00:00:00Z
Q237087,+1957-06-07T00:00:00Z
Q237090,+1634-03-18T00:00:00Z
Q237090,+1634-03-16T00:00:00Z
Q237095,+1607-11-15T00:00:00Z
Q237106,+1967-06-04T00:00:00Z
Q237196,+1856-06-22T00:00:00Z
Q237196,+1856-00-00T00:00:00Z
Q237235,+1913-09-28T00:00:00Z
Q237242,+1932-11-21T00:00:00Z
Q237242,+1934-11-21T00:00:00Z
Q237413,+1900-10-26T00:00:00Z
Q237416,+1949-03-27T00:00:00Z
Q237420,+1942-09-28T00:00:00Z
Q237514,+1867-02-07T00:00:00Z
Q237514,+1867-00-00T00:00:00Z
Q237555,+1966-07-21T00:00:00Z
Q237560,+1940-11-11T00:00:00Z
Q237575,+1768-01-01T00:00:00Z
Q237575,+1768-00-00T00:00:00Z
Q237575,+1767-00-00T00:00:00Z
Q237602,+1978-05-22T00:00:00Z
Q237639,+1880-08-12T00:00:00Z
Q237684,+1953-09-16T00:00:00Z
Q237687,+1928-07-16T00:00:00Z
Q237703,+1933-08-27T00:00:00Z
Q237833,+1863-12-16T00:00:00Z
Q237948,+1872-05-02T00:00:00Z
Q238124,+1937-03-20T00:00:00Z
Q238140,+1876-07-24T00:00:00Z
Q238295,+1949-09-26T00:00:00Z
Q238331,+1957-06-14T00:00:00Z
Q238331,+1957-00-00T00:00:00Z
Q238438,+1948-01-20T00:00:00Z
Q238438,+1948-01-01T00:00:00Z
Q238514,+1931-10-27T00:00:00Z
Q238702,+1925-08-18T00:00:00Z
Q238817,+1939-07-22T00:00:00Z
Q238823,+1955-07-06T00:00:00Z
Q238970,+1964-07-24T00:00:00Z
Q239307,+1939-06-05T00:00:00Z
Q239652,+1924-05-09T00:00:00Z
Q239656,+1954-07-04T00:00:00Z
Q239656,+1954-04-01T00:00:00Z
Q239739,+1947-06-22T00:00:00Z
Q239910,+1916-12-14T00:00:00Z
Q239911,+1955-06-04T00:00:00Z
Q239923,+1964-12-26T00:00:00Z
Q239934,+1963-09-06T00:00:00Z
Q239934,+1962-09-06T00:00:00Z
Q239944,+1960-04-30T00:00:00Z
Q240212,+1954-01-09T00:00:00Z
Q240253,+1918-02-26T00:00:00Z
Q240515,+1969-01-01T00:00:00Z
Q240547,+1943-04-22T00:00:00Z
Q240647,+1945-12-17T00:00:00Z
Q240786,+1953-12-15T00:00:00Z
Q241098,+1876-04-04T00:00:00Z
Q241215,+1924-08-28T00:00:00Z
Q241248,+1952-06-07T00:00:00Z
Q241398,+1946-09-26T00:00:00Z
Q241470,+1876-10-08T00:00:00Z
Q241583,+1964-03-07T00:00:00Z
Q241615,+1967-02-02T00:00:00Z
Q241714,+1962-04-27T00:00:00Z
Q241903,+1918-08-20T00:00:00Z
Q242095,+1906-10-16T00:00:00Z
Q242130,+1914-03-28T00:00:00Z
Q242162,+1948-08-28T00:00:00Z
Q242166,+1927-03-28T00:00:00Z
Q242351,+1949-02-20T00:00:00Z
Q242423,+1889-10-06T00:00:00Z
Q242423,+1892-01-01T00:00:00Z
Q242526,+1971-01-17T00:00:00Z
Q242530,+1911-01-24T00:00:00Z
Q242530,+1911-00-00T00:00:00Z
Q242571,+1900-04-24T00:00:00Z
Q242613,+1963-01-28T00:00:00Z
Q242613,+1963-01-23T00:00:00Z
Q242643,+1973-04-30T00:00:00Z
Q242796,+1932-08-27T00:00:00Z
Q242956,+1944-11-28T00:00:00Z
Q243027,+1945-03-07T00:00:00Z
Q243066,+1942-01-16T00:00:00Z
Q244390,+1935-09-17T00:00:00Z
Q244997,+1930-04-24T00:00:00Z
Q245257,+1925-06-11T00:00:00Z
Q245787,+1926-07-01T00:00:00Z
Q246303,+1911-08-21T00:00:00Z
Q246617,+1922-11-10T00:00:00Z
Q246722,+1962-11-22T00:00:00Z
Q246953,+1871-11-18T00:00:00Z
Q246953,+1871-01-01T00:00:00Z
Q247473,+1814-06-08T00:00:00Z
Q247526,+1916-07-02T00:00:00Z
Q248244,+1905-11-15T00:00:00Z
Q248867,+1921-05-23T00:00:00Z
Q249164,+1896-02-20T00:00:00Z
Q249197,+1938-08-25T00:00:00Z
Q249496,+1847-05-10T00:00:00Z
Q249544,+1920-04-05T00:00:00Z
Q249686,+1979-01-01T00:00:00Z
Q250539,+1933-12-31T00:00:00Z
Q250637,+1938-03-18T00:00:00Z
Q251038,+1924-03-24T00:00:00Z
Q251038,+1924-03-26T00:00:00Z
Q251123,+1923-08-25T00:00:00Z
Q251215,+1939-06-23T00:00:00Z
Q252017,+1957-07-17T00:00:00Z
Q252049,+1964-01-01T00:00:00Z
Q252307,+1867-10-13T00:00:00Z
Q252776,+1814-12-28T00:00:00Z
Q252896,+1970-03-14T00:00:00Z
Q253453,+1805-12-31T00:00:00Z
Q253926,+1943-11-26T00:00:00Z
Q253998,+1906-11-23T00:00:00Z
Q254032,+1962-01-29T00:00:00Z
Q254215,+1920-12-14T00:00:00Z
Q254240,+1924-09-22T00:00:00Z
Q254524,+1812-07-28T00:00:00Z
Q254524,+1812-07-26T00:00:00Z
Q254524,+1812-06-28T00:00:00Z
Q254524,+1812-01-01T00:00:00Z
Q254635,+1965-09-24T00:00:00Z
Q254820,+1958-12-01T00:00:00Z
Q255339,+1963-12-23T00:00:00Z
Q255359,+1942-12-06T00:00:00Z
Q255862,+1977-10-27T00:00:00Z
Q256177,+1922-04-25T00:00:00Z
Q256257,+1963-09-04T00:00:00Z
Q256763,+1958-11-16T00:00:00Z
Q256789,+1954-11-06T00:00:00Z
Q256821,+1969-10-23T00:00:00Z
Q256959,+1947-08-21T00:00:00Z
Q256959,+1943-08-21T00:00:00Z
Q257121,+1951-12-11T00:00:00Z
Q257121,+1951-12-25T00:00:00Z
Q257121,+1951-01-01T00:00:00Z
Q257261,+1918-11-29T00:00:00Z
Q257723,+1948-11-11T00:00:00Z
Q258001,+1839-01-01T00:00:00Z
Q258096,+1948-03-12T00:00:00Z
Q258431,+1931-07-17T00:00:00Z
Q258586,+1957-05-21T00:00:00Z
Q258669,+1881-02-13T00:00:00Z
Q258741,+1820-03-30T00:00:00Z
Q258741,+1820-03-20T00:00:00Z
Q258753,+1948-12-20T00:00:00Z
Q258897,+1803-11-24T00:00:00Z
Q259096,+1957-01-14T00:00:00Z
Q259200,+1963-09-10T00:00:00Z
Q259217,+1966-03-14T00:00:00Z
Q259364,+1909-04-13T00:00:00Z
Q259530,+1752-06-13T00:00:00Z
Q259530,+1752-01-01T00:00:00Z
Q259543,+1955-02-19T00:00:00Z
Q259653,+1934-01-08T00:00:00Z
Q259888,+1952-06-10T00:00:00Z
Q259956,+1935-06-02T00:00:00Z
Q259979,+1928-08-03T00:00:00Z
Q260006,+1652-00-00T00:00:00Z
Q260006,+1650-00-00T00:00:00Z
Q260011,+1955-09-14T00:00:00Z
Q260026,+1904-11-28T00:00:00Z
Q260054,+1955-11-06T00:00:00Z
Q260262,+1914-01-02T00:00:00Z
Q260560,+1928-06-08T00:00:00Z
Q260670,+1890-12-06T00:00:00Z
Q260670,+1891-00-00T00:00:00Z
Q260730,+1956-07-19T00:00:00Z
Q260730,+1956-10-09T00:00:00Z
Q260879,+1920-06-16T00:00:00Z
Q260893,+1937-05-03T00:00:00Z
Q260893,+1938-01-01T00:00:00Z
Q260893,+1936-00-00T00:00:00Z
Q260982,+1882-11-24T00:00:00Z
Q261054,+1961-09-26T00:00:00Z
Q261066,+1953-01-01T00:00:00Z
Q261397,+1932-05-19T00:00:00Z
Q261397,+1933-00-00T00:00:00Z
Q261521,+1896-07-25T00:00:00Z
Q261627,+1554-00-00T00:00:00Z
Q261962,+1947-09-19T00:00:00Z
Q261981,+1961-06-27T00:00:00Z
Q262170,+1961-03-29T00:00:00Z
Q262253,+1963-08-24T00:00:00Z
Q262274,+1933-03-17T00:00:00Z
Q262479,+1912-08-12T00:00:00Z
Q262561,+1913-06-20T00:00:00Z
Q262565,+1973-04-18T00:00:00Z
Q262712,+1956-01-06T00:00:00Z
Q262816,
Q262850,+1905-03-07T00:00:00Z
Q262850,+1905-03-20T00:00:00Z
Q262962,+1963-12-24T00:00:00Z
Q262997,+1984-06-05T00:00:00Z
Q262997,+1984-01-01T00:00:00Z
Q263201,+1935-07-13T00:00:00Z
Q263201,+1935-01-01T00:00:00Z
Q263213,+1921-12-17T00:00:00Z
Q263254,+1855-05-01T00:00:00Z
Q263254,+1855-01-01T00:00:00Z
Q263552,+1941-12-24T00:00:00Z
Q263599,+1942-08-29T00:00:00Z
Q263613,+1947-03-09T00:00:00Z
Q263648,+1924-09-04T00:00:00Z
Q263807,+1921-04-28T00:00:00Z
Q263997,+1805-01-06T00:00:00Z
Q264247,+1905-10-02T00:00:00Z
Q264283,+1962-09-07T00:00:00Z
Q264730,+1924-02-20T00:00:00Z
Q265270,+1937-02-22T00:00:00Z
Q265603,+1925-01-21T00:00:00Z
Q265603,+1925-01-25T00:00:00Z
Q265756,+1903-12-10T00:00:00Z
Q265792,+1887-08-30T00:00:00Z
Q265796,+1872-03-20T00:00:00Z
Q266073,+1943-03-16T00:00:00Z
Q266073,+1943-01-01T00:00:00Z
Q266173,+1971-11-10T00:00:00Z
Q266187,+1964-03-04T00:00:00Z
Q266205,+1904-05-20T00:00:00Z
Q266205,+1904-01-01T00:00:00Z
Q266337,+1595-01-01T00:00:00Z
Q266368,+1931-05-23T00:00:00Z
Q266802,+1932-01-01T00:00:00Z
Q266816,+1911-01-18T00:00:00Z
Q266947,+1953-09-10T00:00:00Z
Q266959,+1924-02-17T00:00:00Z
Q266984,+1984-02-01T00:00:00Z
Q267186,+1911-01-09T00:00:00Z
Q267186,+1911-01-08T00:00:00Z
Q267186,+1914-01-08T00:00:00Z
Q267242,+1901-02-23T00:00:00Z
Q267356,+1961-12-26T00:00:00Z
Q267441,+1894-02-28T00:00:00Z
Q267542,+1972-03-23T00:00:00Z
Q267691,+1934-12-05T00:00:00Z
Q267698,+1964-03-11T00:00:00Z
Q267746,+1918-03-19T00:00:00Z
Q267748,+1916-12-17T00:00:00Z
Q267769,+1891-03-27T00:00:00Z
Q267962,+1668-05-06T00:00:00Z
Q268024,+1923-03-04T00:00:00Z
Q268024,+1923-01-01T00:00:00Z
Q268147,+1912-06-21T00:00:00Z
Q268181,+1962-02-21T00:00:00Z
Q268254,+1937-09-29T00:00:00Z
Q268371,+1948-04-02T00:00:00Z
Q268466,+1952-07-31T00:00:00Z
Q268495,+1937-06-24T00:00:00Z
Q268582,+1925-12-08T00:00:00Z
Q268755,+1948-02-29T00:00:00Z
Q268829,+1915-02-05T00:00:00Z
Q269123,+1921-09-06T00:00:00Z
Q269129,+1924-08-03T00:00:00Z
Q269927,+1947-11-30T00:00:00Z
Q269982,+1942-02-05T00:00:00Z
Q269992,+1947-01-01T00:00:00Z
Q270070,+1980-11-25T00:00:00Z
Q270199,+1981-03-21T00:00:00Z
Q270204,+1960-12-20T00:00:00Z
Q270487,+1946-10-12T00:00:00Z
Q270601,+1924-05-12T00:00:00Z
Q270617,+1836-10-04T00:00:00Z
Q270617,+1836-00-00T00:00:00Z
Q270635,+1921-01-19T00:00:00Z
Q270641,+1947-04-18T00:00:00Z
Q270641,+1944-04-18T00:00:00Z
Q270643,+1892-03-01T00:00:00Z
Q270648,+1920-08-03T00:00:00Z
Q270715,+1917-06-07T00:00:00Z
Q270739,+1971-10-25T00:00:00Z
Q271111,+1916-09-17T00:00:00Z
Q271111,+1916-08-17T00:00:00Z
Q271423,+1973-05-10T00:00:00Z
Q271448,+1934-07-01T00:00:00Z
Q271457,+1870-08-26T00:00:00Z
Q271457,+1870-09-07T00:00:00Z
Q271494,+1957-12-03T00:00:00Z
Q271824,+1875-04-01T00:00:00Z
Q271825,+1940-08-31T00:00:00Z
Q271895,+1988-06-22T00:00:00Z
Q271931,+1929-11-21T00:00:00Z
Q271931,+1929-00-00T00:00:00Z
Q271961,+1780-03-10T00:00:00Z
Q271961,+1780-00-00T00:00:00Z
Q271973,+1955-03-09T00:00:00Z
Q272076,+1945-07-09T00:00:00Z
Q272088,+1889-04-26T00:00:00Z
Q272088,+1888-04-26T00:00:00Z
Q272163,+1950-01-01T00:00:00Z
Q272194,+1930-08-17T00:00:00Z
Q272492,+1952-01-11T00:00:00Z
Q272550,+1935-02-14T00:00:00Z
Q272585,+1913-06-02T00:00:00Z
Q272610,+1933-07-20T00:00:00Z
Q272622,+1951-12-20T00:00:00Z
Q272638,+1926-09-03T00:00:00Z
Q272706,+1902-08-16T00:00:00Z
Q272748,+1945-01-13T00:00:00Z
Q272767,+1948-12-11T00:00:00Z
Q272794,+1952-09-19T00:00:00Z
Q272811,+1926-01-13T00:00:00Z
Q272855,+1954-11-08T00:00:00Z
Q272861,+1952-06-06T00:00:00Z
Q273001,+1948-03-05T00:00:00Z
Q273007,+1935-05-21T00:00:00Z
Q273034,+1874-11-30T00:00:00Z
Q273077,+1885-07-10T00:00:00Z
Q273105,+1907-11-24T00:00:00Z
Q273156,+1910-06-08T00:00:00Z
Q273156,+1909-00-00T00:00:00Z
Q273170,+1862-10-10T00:00:00Z
Q273196,+1933-05-24T00:00:00Z
Q273200,+1776-07-01T00:00:00Z
Q273200,+1776-00-00T00:00:00Z
Q273207,+1859-12-14T00:00:00Z
Q273207,+1860-00-00T00:00:00Z
Q273210,+1924-08-02T00:00:00Z
Q273266,+1966-00-00T00:00:00Z
Q273311,+1915-05-10T00:00:00Z
Q273385,+1936-03-31T00:00:00Z
Q273400,+1947-01-30T00:00:00Z
Q273406,+1955-04-09T00:00:00Z
Q273448,+1913-04-17T00:00:00Z
Q273453,+1957-01-01T00:00:00Z
Q273677,+1952-03-10T00:00:00Z
Q273712,+1956-04-23T00:00:00Z
Q273730,+1896-12-15T00:00:00Z
Q273799,+1923-08-25T00:00:00Z
Q273799,+1923-01-01T00:00:00Z
Q273843,+1960-10-01T00:00:00Z
Q273873,+1936-03-12T00:00:00Z
Q273911,+1944-07-23T00:00:00Z
Q273938,+1935-09-27T00:00:00Z
Q273950,+1850-03-06T00:00:00Z
Q273950,+1850-01-01T00:00:00Z
Q274003,+1905-10-03T00:00:00Z
Q274016,+1967-01-01T00:00:00Z
Q274090,+1957-10-23T00:00:00Z
Q274090,+1957-01-01T00:00:00Z
Q274144,+1903-08-19T00:00:00Z
Q274219,+1835-05-08T00:00:00Z
Q274219,+1856-00-00T00:00:00Z
Q274219,+1835-00-00T00:00:00Z
Q274296,+1958-07-27T00:00:00Z
Q274319,+1928-09-21T00:00:00Z
Q274324,+1834-08-01T00:00:00Z
Q274348,+1960-05-07T00:00:00Z
Q274404,+1939-04-10T00:00:00Z
Q274500,+1950-08-08T00:00:00Z
Q274708,+1942-05-24T00:00:00Z
Q274730,+1925-08-25T00:00:00Z
Q274766,+1983-07-03T00:00:00Z
Q274933,+1838-02-14T00:00:00Z
Q274941,+1949-12-13T00:00:00Z
Q275012,+1949-04-11T00:00:00Z
Q275092,+1945-01-01T00:00:00Z
Q275092,+1945-12-24T00:00:00Z
Q275146,+1921-06-28T00:00:00Z
Q275146,+1921-01-01T00:00:00Z
Q275172,+1942-09-15T00:00:00Z
Q275175,+1904-08-04T00:00:00Z
Q275328,+1963-11-21T00:00:00Z
Q275367,+1861-11-10T00:00:00Z
Q275392,+1925-01-19T00:00:00Z
Q275563,+1957-04-12T00:00:00Z
Q275601,+1949-05-25T00:00:00Z
Q275602,+1962-05-15T00:00:00Z
Q275633,+1936-03-21T00:00:00Z
Q275648,+1897-08-09T00:00:00Z
Q275707,+1938-06-30T00:00:00Z
Q275719,+1889-10-18T00:00:00Z
Q275719,+1889-10-19T00:00:00Z
Q275908,+1940-12-10T00:00:00Z
Q275908,+1940-12-11T00:00:00Z
Q275929,+1851-09-16T00:00:00Z
Q275955,+1923-06-06T00:00:00Z
Q275979,+1912-08-18T00:00:00Z
Q276028,+1849-11-24T00:00:00Z
Q276028,+1849-01-01T00:00:00Z
Q276032,+1862-01-24T00:00:00Z
Q276260,+1904-09-01T00:00:00Z
Q276304,+1923-01-21T00:00:00Z
Q276332,+1933-03-23T00:00:00Z
Q276332,+1931-03-23T00:00:00Z
Q276355,+1966-10-23T00:00:00Z
Q276375,+1895-10-16T00:00:00Z
Q276421,+1852-10-31T00:00:00Z
Q276421,+1852-00-00T00:00:00Z
Q276472,+1943-11-06T00:00:00Z
Q276607,+1956-11-10T00:00:00Z
Q276607,+1956-07-23T00:00:00Z
Q276782,+1953-00-00T00:00:00Z
Q276817,+1950-06-01T00:00:00Z
Q277308,+1969-05-10T00:00:00Z
Q278510,+1951-09-20T00:00:00Z
Q278543,+1901-01-13T00:00:00Z
Q278543,+1901-00-00T00:00:00Z
Q278573,+1912-03-28T00:00:00Z
Q278573,+1912-01-01T00:00:00Z
Q278862,+1953-01-01T00:00:00Z
Q278862,+1953-03-23T00:00:00Z
Q278872,+1965-10-22T00:00:00Z
Q278917,+1968-01-01T00:00:00Z
Q278924,+1973-01-12T00:00:00Z
Q278953,+1961-12-18T00:00:00Z
Q279305,+1955-04-05T00:00:00Z
Q279361,+1979-01-20T00:00:00Z
Q279550,+1912-03-13T00:00:00Z
Q279973,+1959-02-08T00:00:00Z
Q279987,+1885-05-22T00:00:00Z
Q280001,+1951-07-26T00:00:00Z
Q280556,+1903-01-01T00:00:00Z
Q280730,+1965-01-01T00:00:00Z
Q281036,+1962-04-29T00:00:00Z
Q281501,+1922-10-07T00:00:00Z
Q281501,+1921-01-01T00:00:00Z
Q282859,+1893-07-01T00:00:00Z
Q283094,+1819-07-24T00:00:00Z
Q283094,+1819-01-01T00:00:00Z
Q283267,+1926-12-25T00:00:00Z
Q283353,+1814-03-23T00:00:00Z
Q283353,+1814-12-11T00:00:00Z
Q283353,+1814-00-00T00:00:00Z
Q283408,+1979-06-12T00:00:00Z
Q283496,+1885-08-15T00:00:00Z
Q283496,+1887-01-01T00:00:00Z
Q283496,+1887-08-15T00:00:00Z
Q283531,+1912-02-19T00:00:00Z
Q283531,+1888-00-00T00:00:00Z
Q283659,+1941-08-26T00:00:00Z
Q283964,+1910-11-17T00:00:00Z
Q284171,+1935-01-16T00:00:00Z
Q284287,+1949-03-24T00:00:00Z
Q284560,+1932-12-28T00:00:00Z
Q285007,+1939-04-20T00:00:00Z
Q285084,+1951-08-08T00:00:00Z
Q285876,+1962-10-11T00:00:00Z
Q286116,+1913-12-18T00:00:00Z
Q286475,+1806-04-15T00:00:00Z
Q286701,+1958-04-01T00:00:00Z
Q287189,+1935-09-22T00:00:00Z
Q287460,+1913-08-11T00:00:00Z
Q287644,+1871-01-15T00:00:00Z
Q287679,+1901-04-10T00:00:00Z
Q287713,+1892-12-24T00:00:00Z
Q287752,+1860-07-03T00:00:00Z
Q287762,+1880-06-10T00:00:00Z
Q287828,+1960-03-28T00:00:00Z
Q287876,+1957-01-01T00:00:00Z
Q287898,+1951-09-24T00:00:00Z
Q288198,+1951-08-28T00:00:00Z
Q288306,+1915-03-29T00:00:00Z
Q288501,+1905-12-17T00:00:00Z
Q288627,+1938-10-28T00:00:00Z
Q288721,+1952-02-14T00:00:00Z
Q288769,+1814-07-24T00:00:00Z
Q288916,+1946-11-10T00:00:00Z
Q289032,+1971-05-28T00:00:00Z
Q289054,+1948-07-13T00:00:00Z
Q289377,+1957-12-31T00:00:00Z
Q289501,+1947-02-14T00:00:00Z
Q289812,+1977-10-26T00:00:00Z
Q289947,+1966-08-21T00:00:00Z
Q289990,+1878-08-02T00:00:00Z
Q290021,+1960-12-23T00:00:00Z
Q290070,+1770-11-16T00:00:00Z
Q290143,+1945-11-12T00:00:00Z
Q290220,+1964-01-01T00:00:00Z
Q290261,+1964-04-08T00:00:00Z
Q290261,+1964-00-00T00:00:00Z
Q290306,+1946-02-17T00:00:00Z
Q290502,+1941-11-12T00:00:00Z
Q290633,+1915-07-01T00:00:00Z
Q290686,+1946-12-26T00:00:00Z
Q290686,+1944-12-26T00:00:00Z
Q291016,+1873-03-02T00:00:00Z
Q291016,+1873-01-01T00:00:00Z
Q291016,+1879-01-01T00:00:00Z
Q291025,+1976-06-10T00:00:00Z
Q291285,+1903-09-09T00:00:00Z
Q291397,+1796-12-24T00:00:00Z
Q291397,+1796-01-01T00:00:00Z
Q291397,+1796-12-25T00:00:00Z
Q291672,+1947-03-30T00:00:00Z
Q291774,+1948-08-12T00:00:00Z
Q291779,+1939-06-03T00:00:00Z
Q291806,+1957-04-11T00:00:00Z
Q291806,+1957-04-00T00:00:00Z
Q291890,+1965-12-03T00:00:00Z
Q292071,+1976-11-12T00:00:00Z
Q292175,+1960-01-01T00:00:00Z
Q292223,+1906-06-27T00:00:00Z
Q292223,+1906-06-20T00:00:00Z
Q292423,+1952-02-16T00:00:00Z
Q293028,+1943-01-19T00:00:00Z
Q293141,+1981-11-18T00:00:00Z
Q293236,+1974-05-25T00:00:00Z
Q293259,+1955-09-13T00:00:00Z
Q293279,+1960-06-07T00:00:00Z
Q294321,+1868-10-28T00:00:00Z
Q294625,+1904-08-03T00:00:00Z
Q294992,+1965-11-03T00:00:00Z
Q294999,+1909-03-22T00:00:00Z
Q294999,+1909-03-25T00:00:00Z
Q295015,+1969-06-13T00:00:00Z
Q295406,+1937-05-13T00:00:00Z
Q295431,+1946-01-19T00:00:00Z
Q295589,+1958-01-25T00:00:00Z
Q295941,+1689-08-19T00:00:00Z
Q295941,+1687-08-19T00:00:00Z
Q295941,+1689-07-31T00:00:00Z
Q296069,+1921-08-11T00:00:00Z
Q296256,+1918-01-26T00:00:00Z
Q296256,+1918-00-00T00:00:00Z
Q296299,+1974-10-23T00:00:00Z
Q296609,+1975-06-04T00:00:00Z
Q296752,+1964-09-25T00:00:00Z
Q297504,+1884-03-11T00:00:00Z
Q297510,+1961-10-26T00:00:00Z
Q297538,+1948-04-04T00:00:00Z
Q297542,+1916-04-15T00:00:00Z
Q297736,+1932-07-18T00:00:00Z
Q297752,+1961-02-20T00:00:00Z
Q297758,+1900-07-18T00:00:00Z
Q297758,+1902-07-18T00:00:00Z
Q297770,+1886-01-28T00:00:00Z
Q297770,+1888-01-28T00:00:00Z
Q297794,+1959-05-01T00:00:00Z
Q297881,+1902-04-04T00:00:00Z
Q298025,+1964-06-23T00:00:00Z
Q298025,+1964-01-23T00:00:00Z
Q298051,+1910-07-27T00:00:00Z
Q298152,+1816-06-02T00:00:00Z
Q298152,+1816-01-01T00:00:00Z
Q298221,+1948-07-07T00:00:00Z
Q298221,+1950-00-00T00:00:00Z
Q298224,+1942-03-23T00:00:00Z
Q298229,+1963-02-19T00:00:00Z
Q298234,+1950-06-24T00:00:00Z
Q298242,+1915-12-07T00:00:00Z
Q298334,+1935-10-07T00:00:00Z
Q298358,+1939-10-05T00:00:00Z
Q298358,+1939-00-00T00:00:00Z
Q298394,+1886-10-03T00:00:00Z
Q298417,+2000-00-00T00:00:00Z
Q298651,+1938-04-07T00:00:00Z
Q298703,+1894-10-14T00:00:00Z
Q298761,+1952-10-05T00:00:00Z
Q298827,+1868-05-06T00:00:00Z
Q298938,+1914-10-07T00:00:00Z
Q299161,+1951-09-20T00:00:00Z
Q299347,+1969-11-28T00:00:00Z
Q299539,+1922-08-19T00:00:00Z
Q299545,+1819-03-05T00:00:00Z
Q299871,+1663-04-07T00:00:00Z
Q299871,+1663-01-01T00:00:00Z
Q299871,+1670-01-01T00:00:00Z
Q299933,+1959-02-13T00:00:00Z
Q299933,+1959-01-01T00:00:00Z
Q299965,+1914-03-01T00:00:00Z
Q301106,+1945-12-11T00:00:00Z
Q301372,+1928-09-20T00:00:00Z
Q301632,+1960-12-08T00:00:00Z
Q302296,+1908-01-23T00:00:00Z
Q302296,+1908-00-00T00:00:00Z
Q302315,+1906-11-15T00:00:00Z
Q302433,+1900-04-19T00:00:00Z
Q302768,+1965-07-20T00:00:00Z
Q302910,+1938-01-05T00:00:00Z
Q304874,+1924-07-30T00:00:00Z
Q305051,+1885-02-06T00:00:00Z
Q305402,+1938-12-21T00:00:00Z
Q305523,+1949-04-26T00:00:00Z
Q305907,+1973-03-03T00:00:00Z
Q305909,+1957-05-17T00:00:00Z
Q307988,+1973-08-08T00:00:00Z
Q307988,+1973-01-01T00:00:00Z
Q308021,+1946-01-17T00:00:00Z
Q309702,+1797-03-27T00:00:00Z
Q309716,+1926-09-14T00:00:00Z
Q309759,+1812-05-12T00:00:00Z
Q309768,+1932-08-11T00:00:00Z
Q309786,+1862-08-21T00:00:00Z
Q309850,+1917-03-06T00:00:00Z
Q309903,+1717-09-24T00:00:00Z
Q309974,+1882-10-29T00:00:00Z
Q310048,+1936-11-20T00:00:00Z
Q310111,+1904-08-26T00:00:00Z
Q310176,+1949-08-25T00:00:00Z
Q310257,+1952-11-06T00:00:00Z
Q310379,+1942-03-02T00:00:00Z
Q310464,+1903-12-17T00:00:00Z
Q310562,+1935-02-22T00:00:00Z
Q310630,+1850-07-09T00:00:00Z
Q310630,+1850-06-27T00:00:00Z
Q311001,+1866-10-28T00:00:00Z
Q311005,+1937-01-17T00:00:00Z
Q311145,+1839-06-21T00:00:00Z
Q311145,+1839-01-01T00:00:00Z
Q311167,+1906-03-16T00:00:00Z
Q311253,+1934-05-27T00:00:00Z
Q311401,+1884-08-02T00:00:00Z
Q311476,+1934-09-23T00:00:00Z
Q311480,+1697-04-01T00:00:00Z
Q311526,+1870-12-18T00:00:00Z
Q311591,+1976-01-04T00:00:00Z
Q311592,+1967-03-07T00:00:00Z
Q311671,+1947-03-22T00:00:00Z
Q311684,+1947-05-12T00:00:00Z
Q311684,+1947-01-01T00:00:00Z
Q311744,+1965-08-04T00:00:00Z
Q311755,+1971-02-24T00:00:00Z
Q311854,+1850-01-14T00:00:00Z
Q312242,+1884-08-16T00:00:00Z
Q312405,+1944-10-02T00:00:00Z
Q312407,+1896-01-14T00:00:00Z
Q312579,+1954-02-16T00:00:00Z
Q312632,+1916-08-28T00:00:00Z
Q312637,+1898-06-09T00:00:00Z
Q312641,+1919-11-26T00:00:00Z
Q312720,+1905-04-24T00:00:00Z
Q312747,+1852-04-25T00:00:00Z
Q312829,+1835-12-04T00:00:00Z
Q312829,+1835-01-01T00:00:00Z
Q312851,+1880-06-17T00:00:00Z
Q312853,+1959-10-31T00:00:00Z
Q312995,+1954-04-14T00:00:00Z
Q313001,+1935-01-28T00:00:00Z
Q313007,+1957-04-17T00:00:00Z
Q313038,+1952-07-14T00:00:00Z
Q313077,+1945-12-08T00:00:00Z
Q313185,+1910-12-24T00:00:00Z
Q313193,+1956-07-21T00:00:00Z
Q313246,+1962-02-21T00:00:00Z
Q313254,+1943-05-07T00:00:00Z
Q313289,+1920-05-09T00:00:00Z
Q313289,+1920-05-10T00:00:00Z
Q313377,+1940-04-11T00:00:00Z
Q313461,+1805-01-01T00:00:00Z
Q313461,+1809-10-15T00:00:00Z
Q313461,+1804-01-01T00:00:00Z
Q313461,+1805-10-15T00:00:00Z
Q313461,+1809-01-01T00:00:00Z
Q313466,+1963-05-24T00:00:00Z
Q313489,+1940-04-15T00:00:00Z
Q313509,+1948-11-05T00:00:00Z
Q313509,+1948-11-04T00:00:00Z
Q313589,+1956-07-22T00:00:00Z
Q313593,+1943-09-12T00:00:00Z
Q313673,+1903-07-10T00:00:00Z
Q313727,+1927-08-09T00:00:00Z
Q313739,+1937-12-17T00:00:00Z
Q313767,+1905-11-29T00:00:00Z
Q313767,+1905-12-12T00:00:00Z
Q313981,+1957-03-07T00:00:00Z
Q314158,+1867-05-27T00:00:00Z
Q314158,+1867-01-01T00:00:00Z
Q314179,+1945-09-01T00:00:00Z
Q314215,+1932-01-18T00:00:00Z
Q314256,+1900-10-03T00:00:00Z
Q314416,+1957-11-13T00:00:00Z
Q314553,+1935-01-15T00:00:00Z
Q314787,+1943-10-21T00:00:00Z
Q314843,+1933-10-06T00:00:00Z
Q314897,+1859-03-08T00:00:00Z
Q314897,+1859-00-00T00:00:00Z
Q314929,+1920-10-31T00:00:00Z
Q314957,+1862-08-19T00:00:00Z
Q314963,+1808-11-02T00:00:00Z
Q314963,+1808-01-01T00:00:00Z
Q314969,+1967-10-10T00:00:00Z
Q314969,+1967-01-01T00:00:00Z
Q314972,+1965-09-21T00:00:00Z
Q314987,+1864-02-22T00:00:00Z
Q314987,+1867-01-01T00:00:00Z
Q314993,+1864-11-11T00:00:00Z
Q314993,+1864-12-11T00:00:00Z
Q315003,+1830-05-20T00:00:00Z
Q315017,+1903-02-17T00:00:00Z
Q315017,+1902-00-00T00:00:00Z
Q315024,+1943-07-16T00:00:00Z
Q315059,+1912-04-26T00:00:00Z
Q315069,+1950-10-06T00:00:00Z
Q315072,+1888-02-20T00:00:00Z
Q315136,+1864-10-08T00:00:00Z
Q315147,+1899-08-16T00:00:00Z
Q315147,+1899-08-28T00:00:00Z
Q315147,+1899-09-01T00:00:00Z
Q315167,+1899-02-03T00:00:00Z
Q315185,+1932-08-20T00:00:00Z
Q315220,+1804-01-26T00:00:00Z
Q315220,+1804-12-10T00:00:00Z
Q315220,+1804-01-01T00:00:00Z
Q315220,+1804-01-20T00:00:00Z
Q315343,+1937-06-16T00:00:00Z
Q315362,+1959-03-15T00:00:00Z
Q315380,+1913-02-27T00:00:00Z
Q315509,+1554-11-30T00:00:00Z
Q315683,+1930-05-27T00:00:00Z
Q315949,+1908-08-29T00:00:00Z
Q316048,+1954-05-26T00:00:00Z
Q316138,+1939-12-18T00:00:00Z
Q316213,+1886-07-24T00:00:00Z
Q316217,+1923-03-27T00:00:00Z
Q316313,+1907-11-27T00:00:00Z
Q316327,+1845-11-25T00:00:00Z
Q316381,+1793-11-28T00:00:00Z
Q316381,+1793-01-01T00:00:00Z
Q316431,+1959-01-20T00:00:00Z
Q316607,+1959-08-17T00:00:00Z
Q316610,+1938-04-30T00:00:00Z
Q316616,+1547-09-00T00:00:00Z
Q316616,+1547-01-01T00:00:00Z
Q316616,+1547-09-28T00:00:00Z
Q316788,+1908-04-29T00:00:00Z
Q316802,+1921-10-10T00:00:00Z
Q316806,+1799-02-04T00:00:00Z
Q316806,+1799-00-00T00:00:00Z
Q316884,+1939-06-14T00:00:00Z
Q316884,+1939-07-27T00:00:00Z
Q317142,+1921-01-08T00:00:00Z
Q317160,+1785-08-15T00:00:00Z
Q317160,+1785-00-00T00:00:00Z
Q317200,+1520-00-00T00:00:00Z
Q317491,+1951-08-20T00:00:00Z
Q317631,+1929-08-27T00:00:00Z
Q317631,+1928-08-27T00:00:00Z
Q317685,+1909-06-19T00:00:00Z
Q317877,+1948-01-01T00:00:00Z
Q317877,+1948-12-20T00:00:00Z
Q318026,+1902-03-29T00:00:00Z
Q318099,+1962-01-04T00:00:00Z
Q318099,+1964-01-04T00:00:00Z
Q318212,+1903-06-26T00:00:00Z
Q318297,+1915-12-13T00:00:00Z
Q318390,+1854-09-23T00:00:00Z
Q318390,+1855-09-23T00:00:00Z
Q318391,+1883-12-19T00:00:00Z
Q318399,+1815-04-24T00:00:00Z
Q318412,+1920-03-03T00:00:00Z
Q318431,+1960-04-28T00:00:00Z
Q318431,+1960-00-00T00:00:00Z
Q318440,+1861-02-03T00:00:00Z
Q318462,+1803-05-25T00:00:00Z
Q318462,+1803-01-01T00:00:00Z
Q318462,+1803-05-23T00:00:00Z
Q318487,+1948-03-04T00:00:00Z
Q318525,+1935-03-27T00:00:00Z
Q318845,+1944-01-08T00:00:00Z
Q318860,+1943-09-10T00:00:00Z
Q319169,+1949-10-05T00:00:00Z
Q319196,+1972-09-06T00:00:00Z
Q319261,+1791-12-24T00:00:00Z
Q319447,+1933-06-14T00:00:00Z
Q319461,+1906-11-23T00:00:00Z
Q319746,+1909-04-08T00:00:00Z
Q319820,+1908-09-04T00:00:00Z
Q319829,+1809-08-29T00:00:00Z
Q319829,+1809-01-01T00:00:00Z
Q320352,+1890-09-01T00:00:00Z
Q320358,+1934-07-26T00:00:00Z
Q320358,+1934-06-26T00:00:00Z
Q320497,+1974-01-01T00:00:00Z
Q320507,+1910-11-14T00:00:00Z
Q320573,+1984-02-18T00:00:00Z
Q320664,+1947-06-25T00:00:00Z
Q320884,+1954-08-05T00:00:00Z
Q321066,+1931-08-25T00:00:00Z
Q321071,+1944-01-01T00:00:00Z
Q321123,+1942-05-13T00:00:00Z
Q321126,+1951-10-20T00:00:00Z
Q321372,+1966-11-10T00:00:00Z
Q321731,+1765-11-01T00:00:00Z
Q321917,+1941-06-05T00:00:00Z
Q322060,+1961-12-30T00:00:00Z
Q322718,+1903-01-01T00:00:00Z
Q322859,+1960-01-01T00:00:00Z
Q322871,+1863-11-21T00:00:00Z
Q322900,+1830-01-02T00:00:00Z
Q323166,+1916-03-26T00:00:00Z
Q323344,+1945-11-24T00:00:00Z
Q323353,+1956-11-02T00:00:00Z
Q323353,+1956-11-25T00:00:00Z
Q323419,+1924-01-15T00:00:00Z
Q323553,+1928-08-08T00:00:00Z
Q323626,+1833-01-09T00:00:00Z
Q323626,+1833-01-00T00:00:00Z
Q323985,+1894-08-22T00:00:00Z
Q324060,+1909-05-29T00:00:00Z
Q324134,+1948-08-04T00:00:00Z
Q324283,+1903-08-14T00:00:00Z
Q324321,+1937-09-12T00:00:00Z
Q324944,+1936-11-28T00:00:00Z
Q325130,+1926-02-20T00:00:00Z
Q325308,+1891-04-04T00:00:00Z
Q325422,+1929-07-10T00:00:00Z
Q325422,+1929-07-29T00:00:00Z
Q325664,+1934-08-16T00:00:00Z
Q325936,+1954-12-05T00:00:00Z
Q326138,+1862-05-01T00:00:00Z
Q326176,+1944-07-21T00:00:00Z
Q326459,+1865-08-02T00:00:00Z
Q326459,+1866-08-02T00:00:00Z
Q326459,+1865-00-00T00:00:00Z
Q326459,+1865-08-14T00:00:00Z
Q326773,+1929-04-27T00:00:00Z
Q326935,+1925-02-06T00:00:00Z
Q326987,+1922-06-09T00:00:00Z
Q327079,+1962-01-01T00:00:00Z
Q327142,+1923-10-06T00:00:00Z
Q327142,+1922-10-06T00:00:00Z
Q327186,+1961-09-11T00:00:00Z
Q327204,+1868-05-01T00:00:00Z
Q327261,+1915-12-20T00:00:00Z
Q327261,+1915-12-21T00:00:00Z
Q327278,+1948-01-14T00:00:00Z
Q327500,+1843-09-26T00:00:00Z
Q327526,+1960-08-04T00:00:00Z
Q327711,+1954-11-19T00:00:00Z
Q327958,+1902-00-00T00:00:00Z
Q327958,+1904-08-24T00:00:00Z
Q328212,+1988-08-19T00:00:00Z
Q328338,+1970-03-28T00:00:00Z
Q328550,+1935-01-23T00:00:00Z
Q328627,+1930-11-01T00:00:00Z
Q328745,+1960-02-06T00:00:00Z
Q328765,+1889-11-14T00:00:00Z
Q328765,+1889-11-15T00:00:00Z
Q328949,+1957-04-10T00:00:00Z
Q329066,+1964-06-09T00:00:00Z
Q329743,+1970-09-16T00:00:00Z
Q329814,+1936-06-10T00:00:00Z
Q329820,+1936-04-12T00:00:00Z
Q329854,+1860-07-07T00:00:00Z
Q329854,+1860-01-01T00:00:00Z
Q329999,+1905-01-06T00:00:00Z
Q330301,+1807-12-28T00:00:00Z
Q330301,+1808-01-10T00:00:00Z
Q330301,+1808-02-06T00:00:00Z
Q330323,+1832-10-12T00:00:00Z
Q330376,+1884-01-20T00:00:00Z
Q330376,+1884-01-01T00:00:00Z
Q330527,+1910-12-05T00:00:00Z
Q331339,+1889-04-01T00:00:00Z
Q331593,+1924-01-03T00:00:00Z
Q331845,+1869-07-02T00:00:00Z
Q332216,+1935-11-27T00:00:00Z
Q332580,+1822-10-20T00:00:00Z
Q332580,+1822-01-01T00:00:00Z
Q332612,+1879-03-16T00:00:00Z
Q332689,+1944-12-01T00:00:00Z
Q332975,+1872-01-22T00:00:00Z
Q333004,+1875-08-26T00:00:00Z
Q333123,+1943-10-08T00:00:00Z
Q333123,+1943-10-08T00:00:00Z
Q333246,+1928-07-16T00:00:00Z
Q333246,+1928-07-17T00:00:00Z
Q333251,+1940-05-08T00:00:00Z
Q333575,+1905-10-15T00:00:00Z
Q333615,+1903-06-18T00:00:00Z
Q333632,+1944-06-19T00:00:00Z
Q333653,+1952-03-24T00:00:00Z
Q333719,+1954-10-29T00:00:00Z
Q334086,+1895-10-10T00:00:00Z
Q334219,+1925-09-06T00:00:00Z
Q334252,+1906-10-10T00:00:00Z
Q334646,+1943-01-22T00:00:00Z
Q334711,+1539-04-12T00:00:00Z
Q334958,+1870-12-10T00:00:00Z
Q334989,+1944-12-01T00:00:00Z
Q334989,+1947-12-01T00:00:00Z
Q335080,+1973-02-09T00:00:00Z
Q335232,+1931-01-06T00:00:00Z
Q335436,+1935-07-15T00:00:00Z
Q335436,+1935-01-01T00:00:00Z
Q336010,+1780-04-29T00:00:00Z
Q336018,+1949-08-17T00:00:00Z
Q336081,+1918-03-09T00:00:00Z
Q336093,+1956-00-00T00:00:00Z
Q336125,+1956-07-11T00:00:00Z
Q336151,+1912-05-27T00:00:00Z
Q336352,+1883-09-18T00:00:00Z
Q336467,+1897-08-02T00:00:00Z
Q336519,+1925-10-11T00:00:00Z
Q336565,+1961-01-01T00:00:00Z
Q336681,+1967-07-12T00:00:00Z
Q336689,+1922-12-02T00:00:00Z
Q336881,+1939-10-06T00:00:00Z
Q337103,+1903-07-14T00:00:00Z
Q337351,+1886-12-01T00:00:00Z
Q337351,+1886-00-00T00:00:00Z
Q337355,+1913-01-01T00:00:00Z
Q337375,+1930-03-08T00:00:00Z
Q338153,+1797-05-15T00:00:00Z
Q339050,+1946-06-16T00:00:00Z
Q339196,+1929-05-05T00:00:00Z
Q339577,+1962-03-27T00:00:00Z
Q339611,+1935-06-13T00:00:00Z
Q339670,+1900-04-14T00:00:00Z
Q340016,+1949-07-01T00:00:00Z
Q340550,+1881-05-12T00:00:00Z
Q343215,+1882-04-07T00:00:00Z
Q343382,+1949-09-09T00:00:00Z
Q343487,+1897-12-06T00:00:00Z
Q343554,+1966-11-22T00:00:00Z
Q344080,+1879-04-23T00:00:00Z
Q344179,+1884-08-10T00:00:00Z
Q344616,+1843-08-07T00:00:00Z
Q344955,+1915-03-18T00:00:00Z
Q345104,+1875-04-29T00:00:00Z
Q345764,+1964-12-07T00:00:00Z
Q345845,+1822-08-04T00:00:00Z
Q346490,+1928-10-12T00:00:00Z
Q346729,+1885-12-08T00:00:00Z
Q346790,+1924-07-05T00:00:00Z
Q346805,+1955-08-19T00:00:00Z
Q347412,+1894-10-21T00:00:00Z
Q347461,+1943-06-09T00:00:00Z
Q347734,+1936-03-11T00:00:00Z
Q347767,+1909-08-19T00:00:00Z
Q347890,+1901-04-11T00:00:00Z
Q347912,+1906-12-24T00:00:00Z
Q348115,+1907-02-03T00:00:00Z
Q348117,+1929-10-13T00:00:00Z
Q348497,+1891-01-14T00:00:00Z
Q348497,+1891-01-26T00:00:00Z
Q348497,+1891-01-27T00:00:00Z
Q348623,+1861-09-11T00:00:00Z
Q348916,+1940-05-13T00:00:00Z
Q348941,+1974-02-05T00:00:00Z
Q348979,+1821-03-20T00:00:00Z
Q349123,+1971-01-01T00:00:00Z
Q349306,+1970-01-01T00:00:00Z
Q349619,+1964-12-29T00:00:00Z
Q349692,+1970-12-24T00:00:00Z
Q350094,+1954-12-11T00:00:00Z
Q350153,+1911-08-26T00:00:00Z
Q350165,+1945-10-28T00:00:00Z
Q350364,+1976-07-01T00:00:00Z
Q350404,+1945-12-23T00:00:00Z
Q350666,+1905-12-09T00:00:00Z
Q350708,+1884-06-13T00:00:00Z
Q350734,+1965-06-30T00:00:00Z
Q351069,+1978-08-22T00:00:00Z
Q351168,+1935-05-10T00:00:00Z
Q351168,+1935-04-14T00:00:00Z
Q351168,+1935-00-00T00:00:00Z
Q351221,+1946-01-01T00:00:00Z
Q351221,+1946-03-10T00:00:00Z
Q351222,+1945-06-21T00:00:00Z
Q351222,+1945-01-01T00:00:00Z
Q351317,+1974-12-10T00:00:00Z
Q351547,+1914-04-26T00:00:00Z
Q351683,+1903-02-24T00:00:00Z
Q352023,+1806-02-07T00:00:00Z
Q352023,+1806-01-01T00:00:00Z
Q352059,+1940-05-04T00:00:00Z
Q352107,+1945-03-24T00:00:00Z
Q352325,+1935-11-28T00:00:00Z
Q352337,+1976-01-01T00:00:00Z
Q352346,+1954-08-29T00:00:00Z
Q352528,+1839-08-04T00:00:00Z
Q352561,+1642-01-01T00:00:00Z
Q352708,+1953-04-24T00:00:00Z
Q352729,+1909-07-30T00:00:00Z
Q352729,+1909-00-00T00:00:00Z
Q352963,+1909-11-27T00:00:00Z
Q353137,+1955-11-26T00:00:00Z
Q353144,+1911-12-04T00:00:00Z
Q353238,+1819-06-12T00:00:00Z
Q353762,+1931-01-06T00:00:00Z
Q353762,+1931-01-05T00:00:00Z
Q353762,+1931-00-00T00:00:00Z
Q353774,+1894-05-20T00:00:00Z
Q353857,+1856-04-15T00:00:00Z
Q353857,+1856-00-00T00:00:00Z
Q353857,+1856-04-05T00:00:00Z
Q353869,+1931-04-07T00:00:00Z
Q353876,+1858-04-04T00:00:00Z
Q353882,+1947-12-26T00:00:00Z
Q353882,+1946-08-04T00:00:00Z
Q353893,+1947-08-02T00:00:00Z
Q353897,+1956-02-09T00:00:00Z
Q353898,+1922-11-12T00:00:00Z
Q353915,+1945-02-12T00:00:00Z
Q353915,+1945-01-01T00:00:00Z
Q354149,+1945-01-01T00:00:00Z
Q354755,+1939-10-28T00:00:00Z
Q354783,+1934-10-07T00:00:00Z
Q354888,+1931-07-07T00:00:00Z
Q355438,+1914-12-12T00:00:00Z
Q355531,+1945-12-14T00:00:00Z
Q355676,+1873-01-01T00:00:00Z
Q355879,+1917-04-05T00:00:00Z
Q356156,+1950-05-12T00:00:00Z
Q356283,+1721-03-19T00:00:00Z
Q356357,+1962-09-26T00:00:00Z
Q356357,+1962-10-28T00:00:00Z
Q356428,+1972-07-03T00:00:00Z
Q356428,+1972-07-02T00:00:00Z
Q356429,+1958-00-00T00:00:00Z
Q356429,+1958-10-08T00:00:00Z
Q356537,+1898-02-10T00:00:00Z
Q356546,+1903-06-02T00:00:00Z
Q356639,+1899-01-17T00:00:00Z
Q356843,+1951-10-01T00:00:00Z
Q356918,+1920-11-07T00:00:00Z
Q356960,+1862-02-17T00:00:00Z
Q357065,+1889-07-17T00:00:00Z
Q357102,+1827-04-10T00:00:00Z
Q357108,+1960-03-08T00:00:00Z
Q357114,+1935-01-30T00:00:00Z
Q357120,+1909-07-28T00:00:00Z
Q357715,+1973-00-00T00:00:00Z
Q357715,+1971-01-01T00:00:00Z
Q357811,+1925-08-12T00:00:00Z
Q357839,+1923-01-23T00:00:00Z
Q357929,+1942-08-25T00:00:00Z
Q357970,+1933-01-09T00:00:00Z
Q358178,+1970-10-27T00:00:00Z
Q358188,+1950-05-06T00:00:00Z
Q358188,+1950-01-01T00:00:00Z
Q358312,+1941-01-30T00:00:00Z
Q358345,+1937-04-06T00:00:00Z
Q358491,+1567-02-11T00:00:00Z
Q358615,+1968-05-13T00:00:00Z
Q358669,+1926-03-16T00:00:00Z
Q359226,+1897-04-14T00:00:00Z
Q359451,+1853-10-09T00:00:00Z
Q359463,+1900-04-30T00:00:00Z
Q359463,+1901-04-30T00:00:00Z
Q359498,+1929-10-07T00:00:00Z
Q359513,+1954-01-01T00:00:00Z
Q359548,+1977-02-21T00:00:00Z
Q359665,+1971-08-20T00:00:00Z
Q361004,+1828-02-14T00:00:00Z
Q361004,+1828-00-00T00:00:00Z
Q361026,+1760-10-01T00:00:00Z
Q361026,+1760-01-01T00:00:00Z
Q361149,+1931-05-07T00:00:00Z
Q361478,+1954-05-01T00:00:00Z
Q361562,+1920-06-20T00:00:00Z
Q361617,+1899-07-11T00:00:00Z
Q361653,+1907-02-03T00:00:00Z
Q361976,+1737-01-19T00:00:00Z
Q362638,+1963-03-07T00:00:00Z
Q362930,+1965-10-00T00:00:00Z
Q362930,+1964-10-01T00:00:00Z
Q363227,+1906-10-29T00:00:00Z
Q363810,+1952-02-29T00:00:00Z
Q364153,+1923-12-14T00:00:00Z
Q364189,+1943-03-02T00:00:00Z
Q364901,+1948-08-24T00:00:00Z
Q365664,+1906-11-30T00:00:00Z
Q365682,+1912-11-30T00:00:00Z
Q366091,+1910-08-09T00:00:00Z
Q366150,+1948-05-01T00:00:00Z
Q366150,+1948-01-11T00:00:00Z
Q366150,+1948-01-14T00:00:00Z
Q366243,+1906-10-23T00:00:00Z
Q366250,+1927-01-18T00:00:00Z
Q366266,+1931-07-15T00:00:00Z
Q366281,+1953-09-21T00:00:00Z
Q366575,+1928-09-06T00:00:00Z
Q366643,+1924-01-30T00:00:00Z
Q366930,+1861-02-25T00:00:00Z
Q366930,+1861-01-01T00:00:00Z
Q367102,+1965-06-02T00:00:00Z
Q367729,+1974-07-12T00:00:00Z
Q367848,+1959-11-15T00:00:00Z
Q368127,+1943-00-00T00:00:00Z
Q368127,+1943-04-05T00:00:00Z
Q368224,+1957-03-14T00:00:00Z
Q368263,+1972-09-07T00:00:00Z
Q368455,+1894-10-06T00:00:00Z
Q368455,+1894-10-18T00:00:00Z
Q368455,+1894-11-06T00:00:00Z
Q368455,+1894-11-18T00:00:00Z
Q368519,+1824-12-10T00:00:00Z
Q368831,+1931-06-26T00:00:00Z
Q368866,+1933-01-01T00:00:00Z
Q369206,
Q369469,+1940-03-15T00:00:00Z
Q369612,+1921-12-29T00:00:00Z
Q369612,+1929-12-29T00:00:00Z
Q369632,+1926-10-15T00:00:00Z
Q369696,+1936-04-09T00:00:00Z
Q369790,+1857-11-22T00:00:00Z
Q369790,+1857-05-19T00:00:00Z
Q369790,+1857-01-01T00:00:00Z
Q369957,+1900-07-02T00:00:00Z
Q370246,+1847-04-07T00:00:00Z
Q370377,+1972-06-04T00:00:00Z
Q370441,+1949-03-16T00:00:00Z
Q370521,+1903-10-17T00:00:00Z
Q370851,+1955-12-00T00:00:00Z
Q370860,+1924-01-22T00:00:00Z
Q370921,+1943-09-01T00:00:00Z
Q370973,+1896-08-28T00:00:00Z
Q370973,+1896-04-28T00:00:00Z
Q370973,+1897-01-01T00:00:00Z
Q370973,+1897-04-19T00:00:00Z
Q370973,+1896-00-00T00:00:00Z
Q371011,+1965-02-20T00:00:00Z
Q371080,+1966-11-22T00:00:00Z
Q371925,+1895-04-15T00:00:00Z
Q371930,+1907-06-02T00:00:00Z
Q372035,+1931-07-06T00:00:00Z
Q372035,+1938-00-00T00:00:00Z
Q372182,+1945-09-24T00:00:00Z
Q372313,+1948-03-31T00:00:00Z
Q372533,+1971-04-30T00:00:00Z
Q372737,+1965-02-28T00:00:00Z
Q372969,+1778-08-22T00:00:00Z
Q373150,+1954-08-23T00:00:00Z
Q373541,+1897-07-23T00:00:00Z
Q373552,+1932-11-20T00:00:00Z
Q373836,+1951-04-11T00:00:00Z
Q373836,+1951-00-00T00:00:00Z
Q373897,+1816-06-04T00:00:00Z
Q374401,+1974-05-31T00:00:00Z
Q374462,+1844-11-21T00:00:00Z
Q374540,+1947-12-30T00:00:00Z
Q374817,+1871-08-30T00:00:00Z
Q376071,+1961-01-01T00:00:00Z
Q376499,+1898-12-12T00:00:00Z
Q376501,+1946-01-01T00:00:00Z
Q376678,+1905-01-07T00:00:00Z
Q376859,+1923-07-23T00:00:00Z
Q376859,+1923-07-02T00:00:00Z
Q377424,+1960-05-31T00:00:00Z
Q377881,+1838-06-26T00:00:00Z
Q377992,+1960-00-00T00:00:00Z
Q378098,+1925-11-24T00:00:00Z
Q378116,+1940-09-02T00:00:00Z
Q378240,+1855-07-16T00:00:00Z
Q378309,+1890-09-03T00:00:00Z
Q378309,+1889-09-15T00:00:00Z
Q378425,+1162-01-01T00:00:00Z
Q378639,+1908-05-01T00:00:00Z
Q378807,+1934-09-24T00:00:00Z
Q378878,+1958-05-23T00:00:00Z
Q379125,+1952-11-11T00:00:00Z
Q379520,+1960-04-03T00:00:00Z
Q379595,+1889-11-25T00:00:00Z
Q379595,+1889-01-01T00:00:00Z
Q379595,+1892-00-00T00:00:00Z
Q379679,+1925-10-26T00:00:00Z
Q379745,+1902-10-31T00:00:00Z
Q379762,+1952-06-20T00:00:00Z
Q379762,+1952-01-01T00:00:00Z
Q379855,+1955-04-21T00:00:00Z
Q379895,+1908-03-22T00:00:00Z
Q379923,+1723-07-11T00:00:00Z
Q379943,+1887-10-11T00:00:00Z
Q379949,+1866-09-07T00:00:00Z
Q379956,+1895-04-20T00:00:00Z
Q379960,+1926-07-15T00:00:00Z
Q380000,+1899-02-19T00:00:00Z
Q380000,+1899-03-03T00:00:00Z
Q380150,+1971-05-07T00:00:00Z
Q380202,+1914-11-11T00:00:00Z
Q380229,+1946-12-14T00:00:00Z
Q380265,+1952-02-19T00:00:00Z
Q380277,+1842-01-26T00:00:00Z
Q380277,+1842-01-12T00:00:00Z
Q380439,+1880-11-01T00:00:00Z
Q380465,+1855-09-25T00:00:00Z
Q380545,+1735-02-03T00:00:00Z
Q380645,+1889-08-05T00:00:00Z
Q380645,+1889-01-01T00:00:00Z
Q380784,+1954-04-20T00:00:00Z
Q380983,+1960-02-04T00:00:00Z
Q381086,+1889-05-18T00:00:00Z
Q381254,+1954-12-12T00:00:00Z
Q381443,+1897-08-20T00:00:00Z
Q381656,+1960-03-08T00:00:00Z
Q381732,+1928-06-27T00:00:00Z
Q381800,+1862-12-07T00:00:00Z
Q382068,+1889-06-10T00:00:00Z
Q382101,+1955-07-05T00:00:00Z
Q382101,+1955-01-01T00:00:00Z
Q434635,+1936-07-31T00:00:00Z
Q434635,+1936-00-00T00:00:00Z
Q434695,+1962-12-03T00:00:00Z
Q434695,+1962-01-03T00:00:00Z
Q434735,+1907-12-10T00:00:00Z
Q434785,+1964-08-28T00:00:00Z
Q434892,+1925-03-08T00:00:00Z
Q435056,+1910-06-08T00:00:00Z
Q435058,+1929-04-11T00:00:00Z
Q435062,+1884-04-25T00:00:00Z
Q435085,+1932-03-02T00:00:00Z
Q435126,+1965-09-06T00:00:00Z
Q435262,+1943-08-02T00:00:00Z
Q435278,+1943-08-30T00:00:00Z
Q435326,+1947-09-20T00:00:00Z
Q435401,+1878-11-10T00:00:00Z
Q435401,+1877-11-10T00:00:00Z
Q435434,+1947-10-01T00:00:00Z
Q435585,+1682-04-27T00:00:00Z
Q435615,+1931-09-13T00:00:00Z
Q435902,+1939-10-24T00:00:00Z
Q435902,+1939-01-01T00:00:00Z
Q435920,+1924-12-25T00:00:00Z
Q436082,+1911-12-20T00:00:00Z
Q436241,+1944-05-19T00:00:00Z
Q436581,+1840-03-05T00:00:00Z
Q436664,+1932-11-08T00:00:00Z
Q436712,+1959-05-03T00:00:00Z
Q436801,+1928-03-30T00:00:00Z
Q437088,+1902-03-30T00:00:00Z
Q437121,+1951-10-08T00:00:00Z
Q437123,+1963-01-01T00:00:00Z
Q437174,+1962-01-01T00:00:00Z
Q437174,+1962-06-12T00:00:00Z
Q437184,+1835-10-04T00:00:00Z
Q437184,+1837-01-01T00:00:00Z
Q437184,+1835-01-01T00:00:00Z
Q437224,+1933-05-10T00:00:00Z
Q437321,+1958-10-29T00:00:00Z
Q437335,+1891-04-17T00:00:00Z
Q437356,+1831-06-07T00:00:00Z
Q437356,+1831-00-00T00:00:00Z
Q437370,+1971-11-02T00:00:00Z
Q437516,+1949-08-21T00:00:00Z
Q437567,+1972-02-11T00:00:00Z
Q437687,+1954-01-01T00:00:00Z
Q437718,+1949-05-04T00:00:00Z
Q437771,+1921-09-01T00:00:00Z
Q437771,+1921-01-01T00:00:00Z
Q437811,+1889-05-29T00:00:00Z
Q438024,+1947-06-08T00:00:00Z
Q438164,+1942-04-01T00:00:00Z
Q438241,+1856-09-28T00:00:00Z
Q438241,+1859-00-00T00:00:00Z
Q438260,+1952-09-07T00:00:00Z
Q438330,+1964-12-01T00:00:00Z
Q438345,+1948-03-28T00:00:00Z
Q438345,+1948-00-00T00:00:00Z
Q438558,+1886-12-05T00:00:00Z
Q438569,+1912-02-12T00:00:00Z
Q438686,+1949-02-15T00:00:00Z
Q439059,+1905-01-25T00:00:00Z
Q439226,+1985-09-30T00:00:00Z
Q439292,+1947-01-01T00:00:00Z
Q439292,+1947-05-12T00:00:00Z
Q440100,+1964-02-19T00:00:00Z
Q440146,+1934-12-13T00:00:00Z
Q440185,+1939-10-12T00:00:00Z
Q440391,+1959-01-01T00:00:00Z
Q440391,+1974-00-00T00:00:00Z
Q440528,+1923-01-16T00:00:00Z
Q440569,+1950-04-05T00:00:00Z
Q440612,+1928-08-11T00:00:00Z
Q440744,+1952-09-16T00:00:00Z
Q440793,+1957-10-30T00:00:00Z
Q440877,+1984-07-12T00:00:00Z
Q441056,+1902-07-17T00:00:00Z
Q441056,+1920-00-00T00:00:00Z
Q441067,+1949-09-26T00:00:00Z
Q441067,+1949-01-01T00:00:00Z
Q441146,+1929-07-31T00:00:00Z
Q441214,+1938-02-12T00:00:00Z
Q441290,+1935-10-10T00:00:00Z
Q441494,+1929-06-12T00:00:00Z
Q441515,+1758-09-10T00:00:00Z
Q441515,+1759-01-01T00:00:00Z
Q441603,+1939-10-22T00:00:00Z
Q441726,+1963-05-02T00:00:00Z
Q441757,+1730-01-01T00:00:00Z
Q441793,+1956-10-12T00:00:00Z
Q441949,+1936-09-16T00:00:00Z
Q441952,+1943-03-26T00:00:00Z
Q441990,+1958-04-03T00:00:00Z
Q442003,+1927-10-14T00:00:00Z
Q442103,+1944-04-29T00:00:00Z
Q442121,+1854-09-18T00:00:00Z
Q442121,+1854-08-18T00:00:00Z
Q442121,+1859-00-00T00:00:00Z
Q442121,+1854-00-00T00:00:00Z
Q442130,+1846-11-11T00:00:00Z
Q442130,+1846-00-00T00:00:00Z
Q442258,+1949-07-29T00:00:00Z
Q442330,+1912-07-03T00:00:00Z
Q442474,+1943-02-20T00:00:00Z
Q442549,+1923-09-11T00:00:00Z
Q442569,+1943-01-01T00:00:00Z
Q442679,+1954-06-07T00:00:00Z
Q442829,+1903-07-28T00:00:00Z
Q442902,+1749-05-04T00:00:00Z
Q443008,+1933-11-24T00:00:00Z
Q443042,+1567-11-01T00:00:00Z
Q443055,+1953-04-20T00:00:00Z
Q443109,+1944-10-18T00:00:00Z
Q443132,+1802-02-11T00:00:00Z
Q443132,+1802-01-01T00:00:00Z
Q443235,+1932-09-15T00:00:00Z
Q443306,+1931-07-10T00:00:00Z
Q443325,+1874-08-06T00:00:00Z
Q443398,+1870-01-03T00:00:00Z
Q443403,+1873-06-08T00:00:00Z
Q443403,+1874-06-11T00:00:00Z
Q443404,+1955-07-21T00:00:00Z
Q443404,+1955-00-00T00:00:00Z
Q443462,+1946-06-08T00:00:00Z
Q443528,+1894-09-13T00:00:00Z
Q443567,+1937-04-11T00:00:00Z
Q443591,+1926-07-18T00:00:00Z
Q443591,+1926-01-01T00:00:00Z
Q443655,+1802-11-04T00:00:00Z
Q443681,+1954-12-13T00:00:00Z
Q443726,+1939-07-10T00:00:00Z
Q443820,+1968-12-14T00:00:00Z
Q443830,+1944-10-03T00:00:00Z
Q443868,+1959-09-29T00:00:00Z
Q444016,+1944-09-28T00:00:00Z
Q444168,+1976-03-22T00:00:00Z
Q444230,+1974-12-01T00:00:00Z
Q444362,+1960-09-30T00:00:00Z
Q444486,+1879-01-27T00:00:00Z
Q444697,+1936-06-10T00:00:00Z
Q444730,+1932-04-07T00:00:00Z
Q444806,+1949-08-01T00:00:00Z
Q444849,+1928-04-17T00:00:00Z
Q444867,+1911-01-22T00:00:00Z
Q444995,+1849-09-03T00:00:00Z
Q445346,+1944-04-11T00:00:00Z
Q445429,+1900-09-07T00:00:00Z
Q445556,+1931-12-14T00:00:00Z
Q445776,+1949-01-01T00:00:00Z
Q445839,+1903-12-31T00:00:00Z
Q445919,+1944-01-15T00:00:00Z
Q445919,+1944-01-01T00:00:00Z
Q445930,+1952-05-18T00:00:00Z
Q446121,+1950-08-03T00:00:00Z
Q446209,+1965-01-01T00:00:00Z
Q446209,+1965-12-11T00:00:00Z
Q446396,+1931-08-22T00:00:00Z
Q446483,+1959-01-31T00:00:00Z
Q446517,+1947-12-11T00:00:00Z
Q446518,+1969-10-01T00:00:00Z
Q446597,+1965-12-14T00:00:00Z
Q446605,+1944-02-23T00:00:00Z
Q446627,+1949-10-02T00:00:00Z
Q446687,+1949-06-21T00:00:00Z
Q446747,+1947-00-00T00:00:00Z
Q446879,+1812-09-16T00:00:00Z
Q446879,+1812-01-01T00:00:00Z
Q446899,+1949-12-19T00:00:00Z
Q446941,+1923-11-01T00:00:00Z
Q446943,+1912-06-24T00:00:00Z
Q446973,+1960-06-04T00:00:00Z
Q447019,+1819-12-26T00:00:00Z
Q447025,+1957-09-26T00:00:00Z
Q447073,+1964-03-21T00:00:00Z
Q447190,+1947-10-21T00:00:00Z
Q447240,+1864-10-17T00:00:00Z
Q447240,+1864-00-00T00:00:00Z
Q447244,+1903-09-16T00:00:00Z
Q447268,+1873-05-17T00:00:00Z
Q447284,+1959-09-10T00:00:00Z
Q447367,+1928-07-14T00:00:00Z
Q447404,+1952-03-01T00:00:00Z
Q447507,+1947-05-14T00:00:00Z
Q447519,+1962-02-08T00:00:00Z
Q447630,+1889-10-27T00:00:00Z
Q447850,+1857-03-13T00:00:00Z
Q447902,+1977-03-05T00:00:00Z
Q447902,+1977-00-00T00:00:00Z
Q448143,+1878-11-05T00:00:00Z
Q448143,+1878-01-01T00:00:00Z
Q448143,+1878-10-24T00:00:00Z
Q448241,+1966-12-14T00:00:00Z
Q448246,+1947-12-07T00:00:00Z
Q448425,+1971-01-06T00:00:00Z
Q448545,+1947-01-03T00:00:00Z
Q448545,+1947-03-29T00:00:00Z
Q448707,+2000-01-01T00:00:00Z
Q448736,+1908-10-12T00:00:00Z
Q448767,+1925-10-29T00:00:00Z
Q448776,+1955-02-18T00:00:00Z
Q449028,+1923-00-00T00:00:00Z
Q449028,+1923-07-26T00:00:00Z
Q449085,+1896-05-03T00:00:00Z
Q449136,+1840-11-29T00:00:00Z
Q449234,+1891-07-27T00:00:00Z
Q449279,+1895-05-31T00:00:00Z
Q449451,+1695-02-11T00:00:00Z
Q449451,+1695-00-00T00:00:00Z
Q449473,+1962-03-30T00:00:00Z
Q449489,+1729-01-23T00:00:00Z
Q449489,+1729-01-01T00:00:00Z
Q449542,+1965-01-01T00:00:00Z
Q449640,+1947-06-28T00:00:00Z
Q449797,+1916-03-24T00:00:00Z
Q449801,+1956-05-08T00:00:00Z
Q449818,+1926-04-30T00:00:00Z
Q450243,+1950-03-27T00:00:00Z
Q450335,+1956-01-10T00:00:00Z
Q450346,+1969-01-19T00:00:00Z
Q450346,+1969-00-00T00:00:00Z
Q450376,+1964-09-19T00:00:00Z
Q450446,+1873-11-13T00:00:00Z
Q450455,+1974-05-01T00:00:00Z
Q450610,+1836-03-04T00:00:00Z
Q450690,+1938-11-26T00:00:00Z
Q450737,+1929-07-16T00:00:00Z
Q450796,+1941-01-29T00:00:00Z
Q450802,+1893-12-29T00:00:00Z
Q450845,+1964-03-11T00:00:00Z
Q450868,+1967-05-25T00:00:00Z
Q450875,+1953-03-20T00:00:00Z
Q450913,+1946-06-18T00:00:00Z
Q450923,+1931-03-28T00:00:00Z
Q451009,+1927-09-29T00:00:00Z
Q451058,+1960-03-23T00:00:00Z
Q451136,+1949-04-12T00:00:00Z
Q451379,+1941-07-09T00:00:00Z
Q451379,+1941-07-07T00:00:00Z
Q452145,+1947-09-08T00:00:00Z
Q452206,+1928-01-09T00:00:00Z
Q452249,+1899-07-06T00:00:00Z
Q452282,+1931-01-27T00:00:00Z
Q452299,+1900-00-00T00:00:00Z
Q452299,+1901-00-00T00:00:00Z
Q452299,+1899-00-00T00:00:00Z
Q452400,+1943-12-08T00:00:00Z
Q452404,+1932-07-22T00:00:00Z
Q452722,+1952-03-16T00:00:00Z
Q452742,+1939-02-10T00:00:00Z
Q452761,+1953-02-05T00:00:00Z
Q452860,+1956-06-26T00:00:00Z
Q452963,+2000-01-01T00:00:00Z
Q452963,+1958-07-31T00:00:00Z
Q453011,+1945-01-14T00:00:00Z
Q453231,+1944-05-21T00:00:00Z
Q453251,+1832-01-13T00:00:00Z
Q453251,+1832-01-01T00:00:00Z
Q453251,+1834-01-13T00:00:00Z
Q453288,+1929-04-23T00:00:00Z
Q453329,+1922-05-30T00:00:00Z
Q453377,+1983-08-08T00:00:00Z
Q453384,+1892-03-13T00:00:00Z
Q453384,+1892-00-00T00:00:00Z
Q453410,+1906-05-29T00:00:00Z
Q453427,+1928-10-05T00:00:00Z
Q453434,+1948-03-15T00:00:00Z
Q453434,+1948-01-01T00:00:00Z
Q453537,+1973-12-06T00:00:00Z
Q453614,+1911-03-11T00:00:00Z
Q453665,+1891-04-13T00:00:00Z
Q453665,+1891-04-14T00:00:00Z
Q453665,+1891-00-00T00:00:00Z
Q453835,+1948-03-20T00:00:00Z
Q453908,+1967-10-10T00:00:00Z
Q453932,+1948-10-09T00:00:00Z
Q453983,+1896-11-16T00:00:00Z
Q454420,+1891-06-28T00:00:00Z
Q454595,+1907-10-07T00:00:00Z
Q454686,+1883-12-04T00:00:00Z
Q454686,+1883-01-01T00:00:00Z
Q454734,+1875-12-06T00:00:00Z
Q454836,+1935-09-10T00:00:00Z
Q454888,+1903-11-06T00:00:00Z
Q454920,+1964-11-01T00:00:00Z
Q454937,+1966-01-01T00:00:00Z
Q455120,+1948-02-26T00:00:00Z
Q455120,+1948-02-27T00:00:00Z
Q455228,+1960-03-31T00:00:00Z
Q455286,+1937-07-06T00:00:00Z
Q455410,+1964-12-11T00:00:00Z
Q455495,+1960-03-02T00:00:00Z
Q455510,+1950-11-18T00:00:00Z
Q455529,+1945-06-23T00:00:00Z
Q455558,+1959-03-30T00:00:00Z
Q455571,+1787-12-16T00:00:00Z
Q455574,+1904-06-06T00:00:00Z
Q455652,+1983-01-20T00:00:00Z
Q455703,+1829-05-01T00:00:00Z
Q455703,+1829-01-01T00:00:00Z
Q455776,+1850-03-26T00:00:00Z
Q455776,+1850-01-01T00:00:00Z
Q455780,+1949-06-14T00:00:00Z
Q455852,+1944-06-24T00:00:00Z
Q455852,+1944-00-00T00:00:00Z
Q455930,+1976-08-29T00:00:00Z
Q455930,+1976-00-00T00:00:00Z
Q455951,+1940-09-15T00:00:00Z
Q456191,+1930-11-11T00:00:00Z
Q456212,+1966-09-12T00:00:00Z
Q456336,+1924-09-08T00:00:00Z
Q456340,+1955-03-01T00:00:00Z
Q456473,+2000-01-01T00:00:00Z
Q456494,+1923-06-25T00:00:00Z
Q456494,+1923-00-00T00:00:00Z
Q456762,+1915-10-04T00:00:00Z
Q456855,+1975-08-23T00:00:00Z
Q456862,+1977-01-08T00:00:00Z
Q456914,+1930-03-09T00:00:00Z
Q456958,+1922-12-29T00:00:00Z
Q457092,+1930-09-29T00:00:00Z
Q457177,+1973-11-09T00:00:00Z
Q457185,+1947-05-13T00:00:00Z
Q457287,+1863-02-09T00:00:00Z
Q457287,+1863-01-01T00:00:00Z
Q457338,+1922-05-12T00:00:00Z
Q457338,+1920-05-13T00:00:00Z
Q457370,+1926-03-14T00:00:00Z
Q457371,+1951-06-06T00:00:00Z
Q457450,+1911-10-01T00:00:00Z
Q457495,+1968-02-23T00:00:00Z
Q457495,+1968-03-23T00:00:00Z
Q457530,+1941-03-11T00:00:00Z
Q457601,+1970-11-05T00:00:00Z
Q457608,+1975-12-19T00:00:00Z
Q457873,+1926-04-26T00:00:00Z
Q458077,+1986-11-04T00:00:00Z
Q458224,+1946-04-09T00:00:00Z
Q458224,+1946-00-00T00:00:00Z
Q458240,+1916-09-25T00:00:00Z
Q458336,+1942-04-23T00:00:00Z
Q458390,+1838-02-16T00:00:00Z
Q458390,+1838-01-01T00:00:00Z
Q458445,+1943-07-22T00:00:00Z
Q458509,+1981-01-01T00:00:00Z
Q458559,+1824-08-18T00:00:00Z
Q458618,+1926-11-11T00:00:00Z
Q458658,+1878-07-24T00:00:00Z
Q458658,+1878-00-00T00:00:00Z
Q458686,+1858-10-05T00:00:00Z
Q458686,+1859-10-05T00:00:00Z
Q458822,+1762-01-01T00:00:00Z
Q458860,+1956-10-26T00:00:00Z
Q459230,+1922-12-23T00:00:00Z
Q459275,+1776-12-25T00:00:00Z
Q459275,+1783-01-01T00:00:00Z
Q459275,+1786-00-00T00:00:00Z
Q459275,+1785-00-00T00:00:00Z
Q459293,+1897-09-20T00:00:00Z
Q459501,+1789-09-01T00:00:00Z
Q459501,+1789-01-01T00:00:00Z
Q459541,+1973-11-28T00:00:00Z
Q459541,+1976-11-28T00:00:00Z
Q459631,+1929-07-08T00:00:00Z
Q459791,+1951-12-13T00:00:00Z
Q459877,+1956-00-00T00:00:00Z
Q459901,+1921-08-13T00:00:00Z
Q460055,+1885-09-07T00:00:00Z
Q460088,+1972-11-04T00:00:00Z
Q460109,+1933-01-08T00:00:00Z
Q460187,+1948-07-27T00:00:00Z
Q460191,+1873-10-20T00:00:00Z
Q460196,+1851-06-29T00:00:00Z
Q460196,+1851-06-20T00:00:00Z
Q460196,+1851-07-29T00:00:00Z
Q460245,+1939-08-10T00:00:00Z
Q460288,+1906-09-20T00:00:00Z
Q460303,+1955-00-00T00:00:00Z
Q460323,+1934-04-28T00:00:00Z
Q460352,+1872-10-06T00:00:00Z
Q460352,+1872-10-18T00:00:00Z
Q460366,+1876-08-12T00:00:00Z
Q460366,+1876-00-00T00:00:00Z
Q460383,+1958-08-07T00:00:00Z
Q460414,+1958-07-01T00:00:00Z
Q460425,+1946-10-07T00:00:00Z
Q460430,+1957-01-11T00:00:00Z
Q460490,+1947-08-02T00:00:00Z
Q460546,+1798-04-03T00:00:00Z
Q460546,+1798-01-01T00:00:00Z
Q460602,+1970-04-24T00:00:00Z
Q460613,+1902-04-06T00:00:00Z
Q460630,+1907-12-17T00:00:00Z
Q460660,+1870-10-22T00:00:00Z
Q460811,+1968-09-18T00:00:00Z
Q460861,+1709-09-24T00:00:00Z
Q460863,+1944-11-14T00:00:00Z
Q460952,+1887-02-01T00:00:00Z
Q461000,+1930-04-24T00:00:00Z
Q461075,+1950-08-04T00:00:00Z
Q461310,+1824-01-07T00:00:00Z
Q461320,+1889-11-11T00:00:00Z
Q461472,+1891-02-12T00:00:00Z
Q461536,+1943-02-24T00:00:00Z
Q461638,+1944-02-17T00:00:00Z
Q461675,+1944-07-21T00:00:00Z
Q461690,+1964-01-19T00:00:00Z
Q461730,+1969-03-11T00:00:00Z
Q461837,+1820-08-17T00:00:00Z
Q461845,+1903-07-17T00:00:00Z
Q461853,+1871-02-28T00:00:00Z
Q461853,+1871-01-01T00:00:00Z
Q461865,+1932-04-20T00:00:00Z
Q461865,+1932-01-01T00:00:00Z
Q461902,+1923-06-04T00:00:00Z
Q461906,+1811-10-06T00:00:00Z
Q461906,+1811-01-01T00:00:00Z
Q461957,+1894-06-06T00:00:00Z
Q462138,+1953-12-10T00:00:00Z
Q462157,+1897-10-04T00:00:00Z
Q462172,+1930-01-01T00:00:00Z
Q462270,+1893-12-06T00:00:00Z
Q462319,+1926-01-06T00:00:00Z
Q462356,+1907-10-16T00:00:00Z
Q462363,+1830-10-15T00:00:00Z
Q462399,+1980-08-09T00:00:00Z
Q462579,+1913-09-16T00:00:00Z
Q462583,+1909-03-14T00:00:00Z
Q462629,+1921-11-06T00:00:00Z
Q462649,+1920-07-21T00:00:00Z
Q462666,+1846-07-11T00:00:00Z
Q462689,+1888-03-14T00:00:00Z
Q462689,+1888-01-01T00:00:00Z
Q462810,+1928-03-09T00:00:00Z
Q462810,+1929-03-09T00:00:00Z
Q462860,+1932-09-24T00:00:00Z
Q462860,+1932-00-00T00:00:00Z
Q462953,+1912-04-01T00:00:00Z
Q463019,+1962-01-01T00:00:00Z
Q463142,+1767-07-04T00:00:00Z
Q463182,+1948-11-18T00:00:00Z
Q463233,+1906-12-13T00:00:00Z
Q463279,+1958-10-20T00:00:00Z
Q463279,+1958-00-00T00:00:00Z
Q463299,+1854-11-11T00:00:00Z
Q463299,+1852-00-00T00:00:00Z
Q463319,+1934-02-18T00:00:00Z
Q463513,+1832-11-09T00:00:00Z
Q463513,+1832-00-00T00:00:00Z
Q463630,+1824-10-18T00:00:00Z
Q463868,+1952-01-01T00:00:00Z
Q463883,+1888-11-18T00:00:00Z
Q463975,+1920-06-05T00:00:00Z
Q464143,+1973-03-05T00:00:00Z
Q464143,+1973-00-00T00:00:00Z
Q464264,+1837-02-23T00:00:00Z
Q464389,+1929-04-17T00:00:00Z
Q464397,+1957-11-06T00:00:00Z
Q464409,+1770-03-22T00:00:00Z
Q464409,+1770-01-01T00:00:00Z
Q464414,+1965-01-01T00:00:00Z
Q464422,+1640-01-01T00:00:00Z
Q464438,+1920-05-27T00:00:00Z
Q464656,+1937-05-12T00:00:00Z
Q464700,+1943-03-23T00:00:00Z
Q464756,+1899-02-13T00:00:00Z
Q464960,+1967-10-20T00:00:00Z
Q464963,+1963-08-16T00:00:00Z
Q464963,+1969-08-29T00:00:00Z
Q464976,+1935-05-13T00:00:00Z
Q465179,+1930-06-03T00:00:00Z
Q465181,+1941-08-26T00:00:00Z
Q465183,+1954-01-25T00:00:00Z
Q465208,+1967-07-11T00:00:00Z
Q465216,+1903-09-07T00:00:00Z
Q465222,+1949-01-01T00:00:00Z
Q465231,+1938-08-25T00:00:00Z
Q465237,+1896-08-08T00:00:00Z
Q465242,+1916-07-27T00:00:00Z
Q465326,+1967-11-04T00:00:00Z
Q465339,+1947-01-21T00:00:00Z
Q465421,+1918-04-19T00:00:00Z
Q465421,+1923-00-00T00:00:00Z
Q465576,+1929-11-28T00:00:00Z
Q465594,+1915-04-18T00:00:00Z
Q465594,+1915-01-01T00:00:00Z
Q465624,+1882-04-27T00:00:00Z
Q465687,+1807-09-02T00:00:00Z
Q465687,+1807-01-01T00:00:00Z
Q465693,+1952-08-19T00:00:00Z
Q465700,+1952-07-06T00:00:00Z
Q465721,+1920-03-20T00:00:00Z
Q465851,+1974-11-25T00:00:00Z
Q465851,+1974-01-01T00:00:00Z
Q465890,+1976-07-19T00:00:00Z
Q465907,+1965-09-15T00:00:00Z
Q465907,+1965-09-14T00:00:00Z
Q466068,+1864-05-11T00:00:00Z
Q466175,+1846-09-16T00:00:00Z
Q466234,+1964-07-26T00:00:00Z
Q466341,+1957-05-22T00:00:00Z
Q466431,+1974-08-18T00:00:00Z
Q466650,+1863-07-07T00:00:00Z
Q466660,+1967-08-04T00:00:00Z
Q466782,+1947-01-20T00:00:00Z
Q466782,+1947-09-01T00:00:00Z
Q466788,+1711-04-26T00:00:00Z
Q466820,+1954-06-03T00:00:00Z
Q466860,+1732-01-31T00:00:00Z
Q466860,+1732-00-00T00:00:00Z
Q466860,+1737-01-21T00:00:00Z
Q467058,+1895-12-24T00:00:00Z
Q467058,+1896-12-24T00:00:00Z
Q467058,+1895-01-01T00:00:00Z
Q467066,+1964-03-15T00:00:00Z
Q467302,+1956-02-06T00:00:00Z
Q467352,+1889-12-14T00:00:00Z
Q467404,+1961-08-20T00:00:00Z
Q467741,+1902-04-06T00:00:00Z
Q467741,+1902-04-19T00:00:00Z
Q467770,+1792-07-10T00:00:00Z
Q467796,+1973-05-24T00:00:00Z
Q467869,+1957-05-26T00:00:00Z
Q467915,+1820-03-17T00:00:00Z
Q467935,+1710-11-08T00:00:00Z
Q467935,+1708-00-00T00:00:00Z
Q467935,+1710-00-00T00:00:00Z
Q467935,+1710-01-08T00:00:00Z
Q468003,+1909-11-04T00:00:00Z
Q468040,+1949-08-10T00:00:00Z
Q468156,+1878-06-12T00:00:00Z
Q468247,+1868-08-23T00:00:00Z
Q468272,+1779-11-05T00:00:00Z
Q468272,+1779-01-01T00:00:00Z
Q468280,+1771-01-17T00:00:00Z
Q468280,+1771-01-01T00:00:00Z
Q468335,+1885-05-06T00:00:00Z
Q468344,+1902-09-20T00:00:00Z
Q468408,+1898-06-15T00:00:00Z
Q468408,+1898-00-00T00:00:00Z
Q468408,+1898-06-27T00:00:00Z
Q468550,+1969-01-01T00:00:00Z
Q468658,+1908-07-23T00:00:00Z
Q468667,+1876-07-01T00:00:00Z
Q468676,+1969-11-17T00:00:00Z
Q468783,+1926-03-07T00:00:00Z
Q469093,+1911-10-05T00:00:00Z
Q469135,+1958-04-15T00:00:00Z
Q469249,+1936-11-17T00:00:00Z
Q469250,+1914-10-26T00:00:00Z
Q469283,+1955-11-25T00:00:00Z
Q469349,+1978-07-24T00:00:00Z
Q469370,+1947-03-23T00:00:00Z
Q469435,+1947-01-01T00:00:00Z
Q469464,+1915-12-09T00:00:00Z
Q469656,+1982-12-19T00:00:00Z
Q469707,+1931-01-20T00:00:00Z
Q469737,+1950-08-19T00:00:00Z
Q469944,+1685-11-28T00:00:00Z
Q469944,+1695-00-00T00:00:00Z
Q469966,+1941-07-16T00:00:00Z
Q469974,+1753-10-15T00:00:00Z
Q470063,+1882-12-27T00:00:00Z
Q470067,+1842-03-25T00:00:00Z
Q470067,+1842-00-00T00:00:00Z
Q470132,+1925-05-01T00:00:00Z
Q470133,+1925-05-11T00:00:00Z
Q470282,+1941-02-05T00:00:00Z
Q470302,+1956-10-16T00:00:00Z
Q470334,+1866-01-20T00:00:00Z
Q470371,+1821-03-11T00:00:00Z
Q470371,+1821-03-23T00:00:00Z
Q470371,+1820-03-10T00:00:00Z
Q470371,+1820-03-22T00:00:00Z
Q470758,+1955-05-30T00:00:00Z
Q470848,+1925-09-13T00:00:00Z
Q470871,+1930-03-26T00:00:00Z
Q471021,+1916-04-26T00:00:00Z
Q471184,+1900-05-26T00:00:00Z
Q471337,+1911-08-25T00:00:00Z
Q471413,+1878-06-01T00:00:00Z
Q471451,+1876-11-24T00:00:00Z
Q471948,+1902-04-28T00:00:00Z
Q472008,+1956-01-01T00:00:00Z
Q472068,+1818-09-13T00:00:00Z
Q472071,+1872-08-24T00:00:00Z
Q472352,+1962-01-01T00:00:00Z
Q472352,+1962-05-15T00:00:00Z
Q472356,+1947-09-19T00:00:00Z
Q472457,+1974-01-01T00:00:00Z
Q472568,+1816-09-29T00:00:00Z
Q472568,+1817-00-00T00:00:00Z
Q472613,+1962-02-02T00:00:00Z
Q472697,+1867-08-23T00:00:00Z
Q472734,+1911-03-09T00:00:00Z
Q472783,+1898-11-28T00:00:00Z
Q472783,+1898-12-10T00:00:00Z
Q472921,+1919-03-08T00:00:00Z
Q473030,+1955-10-22T00:00:00Z
Q473196,+1953-03-06T00:00:00Z
Q473289,+1950-05-06T00:00:00Z
Q473538,+1909-05-05T00:00:00Z
Q476144,+1853-01-03T00:00:00Z
Q476660,+1951-01-01T00:00:00Z
Q477210,+1961-01-25T00:00:00Z
Q477819,+1956-06-12T00:00:00Z
Q477999,+1868-09-09T00:00:00Z
Q478450,+1871-06-17T00:00:00Z
Q481960,+1958-10-28T00:00:00Z
Q382450,+1966-01-25T00:00:00Z
Q382604,+1926-11-05T00:00:00Z
Q382681,+1907-02-06T00:00:00Z
Q382692,+1972-01-01T00:00:00Z
Q382786,+1865-05-07T00:00:00Z
Q383177,+1952-05-16T00:00:00Z
Q383442,+1881-05-13T00:00:00Z
Q383708,+1963-06-29T00:00:00Z
Q383708,+1963-00-00T00:00:00Z
Q384293,+1963-01-12T00:00:00Z
Q384481,+1934-10-17T00:00:00Z
Q384594,+1856-03-07T00:00:00Z
Q384863,+1957-05-13T00:00:00Z
Q384990,+1946-08-28T00:00:00Z
Q385747,+1909-03-06T00:00:00Z
Q386035,+1911-07-30T00:00:00Z
Q386113,+1889-10-12T00:00:00Z
Q386244,+1881-03-04T00:00:00Z
Q386285,+1932-03-13T00:00:00Z
Q386622,+1922-07-25T00:00:00Z
Q388781,+1882-01-01T00:00:00Z
Q389375,+1868-08-05T00:00:00Z
Q389375,+1868-01-01T00:00:00Z
Q389946,+1944-00-00T00:00:00Z
Q390469,+1960-07-17T00:00:00Z
Q390469,+1961-07-17T00:00:00Z
Q390868,+1943-01-25T00:00:00Z
Q392015,+1920-12-24T00:00:00Z
Q393090,+1939-07-07T00:00:00Z
Q394628,+1921-08-31T00:00:00Z
Q399018,+1922-10-15T00:00:00Z
Q399446,+1948-01-01T00:00:00Z
Q401963,+1974-05-15T00:00:00Z
Q402664,+1968-12-31T00:00:00Z
Q404622,+1876-09-15T00:00:00Z
Q405234,+1903-10-13T00:00:00Z
Q405295,+1945-01-01T00:00:00Z
Q405368,+1963-07-01T00:00:00Z
Q405368,+1963-01-01T00:00:00Z
Q405532,+1969-06-28T00:00:00Z
Q408758,+1927-12-17T00:00:00Z
Q417916,+1954-01-01T00:00:00Z
Q418165,+1974-01-01T00:00:00Z
Q418165,+1974-10-31T00:00:00Z
Q418584,+1956-12-09T00:00:00Z
Q418663,+1934-09-22T00:00:00Z
Q419060,+1927-05-01T00:00:00Z
Q419501,+1930-10-10T00:00:00Z
Q423298,+1948-04-23T00:00:00Z
Q423597,+1944-05-13T00:00:00Z
Q425369,+1961-01-01T00:00:00Z
Q425373,+1719-10-07T00:00:00Z
Q425373,+1719-01-01T00:00:00Z
Q425373,+1720-00-00T00:00:00Z
Q426582,+1956-06-25T00:00:00Z
Q427503,+1928-05-28T00:00:00Z
Q427503,+1928-05-23T00:00:00Z
Q427886,+1953-03-15T00:00:00Z
Q428150,+1922-01-01T00:00:00Z
Q428160,+1939-01-16T00:00:00Z
Q428215,+1952-03-13T00:00:00Z
Q428215,+1952-02-13T00:00:00Z
Q428451,+1850-04-07T00:00:00Z
Q428451,+1850-01-01T00:00:00Z
Q429011,+1920-02-29T00:00:00Z
Q429590,+1975-09-21T00:00:00Z
Q430076,+1890-12-13T00:00:00Z
Q430182,+1899-08-27T00:00:00Z
Q430204,+1957-11-29T00:00:00Z
Q430523,+1969-05-22T00:00:00Z
Q430639,+1788-10-13T00:00:00Z
Q430639,+1788-00-00T00:00:00Z
Q430652,+1868-10-02T00:00:00Z
Q430795,+1950-04-29T00:00:00Z
Q431213,+1949-09-17T00:00:00Z
Q431279,+1953-04-05T00:00:00Z
Q431306,+1928-05-26T00:00:00Z
Q431884,+1970-05-11T00:00:00Z
Q431884,+1970-00-00T00:00:00Z
Q432069,+1943-06-27T00:00:00Z
Q432239,+1952-11-21T00:00:00Z
Q432245,+1923-05-19T00:00:00Z
Q432322,+1884-06-05T00:00:00Z
Q432362,+1949-06-14T00:00:00Z
Q432717,+1844-06-15T00:00:00Z
Q432728,+1956-12-06T00:00:00Z
Q432971,+1899-01-20T00:00:00Z
Q433098,+1823-08-11T00:00:00Z
Q433136,+1861-09-23T00:00:00Z
Q433207,+1944-09-21T00:00:00Z
Q433207,+1941-09-21T00:00:00Z
Q433291,+1955-10-06T00:00:00Z
Q433325,+1873-04-22T00:00:00Z
Q433325,+1874-04-22T00:00:00Z
Q433325,+1873-00-00T00:00:00Z
Q433464,+1984-04-16T00:00:00Z
Q433485,+1963-12-02T00:00:00Z
Q433485,+1963-11-02T00:00:00Z
Q433560,+1894-09-02T00:00:00Z
Q433560,+1894-01-01T00:00:00Z
Q433585,+1954-01-01T00:00:00Z
Q433597,+1959-12-28T00:00:00Z
Q433708,+1929-07-27T00:00:00Z
Q433708,+1929-01-01T00:00:00Z
Q433778,+1950-05-01T00:00:00Z
Q433800,+1906-09-27T00:00:00Z
Q433835,+1948-01-01T00:00:00Z
Q433956,+1967-08-00T00:00:00Z
Q433994,+1949-12-08T00:00:00Z
Q434029,+1951-09-01T00:00:00Z
Q434039,+1894-12-19T00:00:00Z
Q434138,+1945-08-17T00:00:00Z
Q434138,+1945-01-01T00:00:00Z
Q434160,+1924-02-03T00:00:00Z
Q434164,+1954-12-20T00:00:00Z
Q434193,+1924-12-13T00:00:00Z
Q434342,+1912-05-18T00:00:00Z
Q434494,+1974-06-13T00:00:00Z
Q434567,+0100-01-01T00:00:00Z
Q482162,+1814-04-19T00:00:00Z
Q482162,+1814-01-01T00:00:00Z
Q483022,+1975-10-22T00:00:00Z
Q483089,+1978-03-24T00:00:00Z
Q484292,+1928-12-12T00:00:00Z
Q484615,+1970-11-06T00:00:00Z
Q484947,+1943-01-04T00:00:00Z
Q485772,+1949-07-02T00:00:00Z
Q486096,+1871-08-27T00:00:00Z
Q486096,+1871-00-00T00:00:00Z
Q487408,+1958-11-30T00:00:00Z
Q489193,+1925-03-12T00:00:00Z
Q490802,+1937-02-11T00:00:00Z
Q491809,+1932-07-29T00:00:00Z
Q493118,+1936-08-11T00:00:00Z
Q493123,+1959-09-11T00:00:00Z
Q494257,+1956-03-07T00:00:00Z
Q495420,+1960-08-05T00:00:00Z
Q495754,+1945-06-19T00:00:00Z
Q497454,+1930-05-18T00:00:00Z
Q499405,+1959-12-14T00:00:00Z
Q500042,+1896-12-27T00:00:00Z
Q500546,+1910-06-13T00:00:00Z
Q501619,+1937-07-13T00:00:00Z
Q501741,+1970-11-01T00:00:00Z
Q503095,+1967-10-20T00:00:00Z
Q503483,+1883-11-02T00:00:00Z
Q503497,+1945-01-20T00:00:00Z
Q503557,+1912-09-24T00:00:00Z
Q503720,+1945-02-20T00:00:00Z
Q503907,+1941-01-01T00:00:00Z
Q503907,+1941-08-16T00:00:00Z
Q503997,+1970-09-25T00:00:00Z
Q504317,+1938-10-10T00:00:00Z
Q504677,+1952-04-09T00:00:00Z
Q504677,+1952-04-19T00:00:00Z
Q504696,+1970-01-01T00:00:00Z
Q504698,+1940-11-18T00:00:00Z
Q504805,+1947-08-09T00:00:00Z
Q504923,+1928-02-05T00:00:00Z
Q505088,+1903-04-06T00:00:00Z
Q505123,+1938-06-24T00:00:00Z
Q505164,+1944-01-01T00:00:00Z
Q505164,+1943-00-00T00:00:00Z
Q505164,+1944-09-12T00:00:00Z
Q505274,+1929-02-18T00:00:00Z
Q505626,+1946-10-08T00:00:00Z
Q505702,+1954-07-13T00:00:00Z
Q505702,+1954-01-01T00:00:00Z
Q505715,+1806-02-05T00:00:00Z
Q505715,+1806-01-01T00:00:00Z
Q505753,+2000-01-01T00:00:00Z
Q505827,+1844-03-31T00:00:00Z
Q505932,+1937-02-16T00:00:00Z
Q506069,+1927-11-23T00:00:00Z
Q506203,+1973-05-25T00:00:00Z
Q506231,+1933-09-08T00:00:00Z
Q506410,+1952-10-26T00:00:00Z
Q506430,+1934-03-20T00:00:00Z
Q506539,+1940-10-26T00:00:00Z
Q506582,+1931-09-14T00:00:00Z
Q506757,+1858-06-20T00:00:00Z
Q506757,+1858-01-01T00:00:00Z
Q506885,+1931-08-12T00:00:00Z
Q506958,+1942-02-14T00:00:00Z
Q507868,+1964-01-01T00:00:00Z
Q507991,+1869-03-14T00:00:00Z
Q507991,+1869-01-01T00:00:00Z
Q508218,+1981-01-01T00:00:00Z
Q508259,+1942-10-19T00:00:00Z
Q508263,+1918-10-23T00:00:00Z
Q508297,+1967-01-01T00:00:00Z
Q508329,+1915-07-07T00:00:00Z
Q508329,+1925-00-00T00:00:00Z
Q508452,+1909-06-28T00:00:00Z
Q508473,+1906-09-16T00:00:00Z
Q508522,+1886-02-10T00:00:00Z
Q508533,+1870-11-29T00:00:00Z
Q508632,+1886-07-15T00:00:00Z
Q508638,+1964-10-09T00:00:00Z
Q508728,+1911-12-31T00:00:00Z
Q508853,+1940-09-25T00:00:00Z
Q508975,+1930-11-26T00:00:00Z
Q509002,+1909-02-24T00:00:00Z
Q509076,+1951-01-01T00:00:00Z
Q509528,+1899-03-01T00:00:00Z
Q509662,+1969-11-06T00:00:00Z
Q509844,+1938-08-26T00:00:00Z
Q510034,+1969-10-23T00:00:00Z
Q510114,+1886-07-03T00:00:00Z
Q510119,+1963-11-12T00:00:00Z
Q510258,+1883-02-15T00:00:00Z
Q510320,+1941-04-10T00:00:00Z
Q510341,+1941-02-01T00:00:00Z
Q510346,+1944-08-06T00:00:00Z
Q510400,+1716-01-01T00:00:00Z
Q510811,+1945-07-29T00:00:00Z
Q511308,+1947-06-18T00:00:00Z
Q511377,+1931-12-23T00:00:00Z
Q511432,+1963-05-10T00:00:00Z
Q511742,+1948-10-18T00:00:00Z
Q511948,+1946-04-15T00:00:00Z
Q512062,+1954-01-05T00:00:00Z
Q512616,+1956-05-09T00:00:00Z
Q512638,+1913-01-10T00:00:00Z
Q513055,+1929-04-02T00:00:00Z
Q513067,+1946-03-12T00:00:00Z
Q513067,+1949-12-03T00:00:00Z
Q513150,+1919-11-17T00:00:00Z
Q513188,+1937-12-23T00:00:00Z
Q513262,+1936-03-29T00:00:00Z
Q513321,+1971-01-01T00:00:00Z
Q513321,+1971-08-00T00:00:00Z
Q513436,+2000-01-01T00:00:00Z
Q513472,+1968-00-00T00:00:00Z
Q514027,+1955-01-01T00:00:00Z
Q514041,+1915-11-20T00:00:00Z
Q514080,+1932-07-28T00:00:00Z
Q514546,+1973-06-06T00:00:00Z
Q514667,+1807-08-19T00:00:00Z
Q514950,+1739-01-01T00:00:00Z
Q514998,+1892-07-08T00:00:00Z
Q515261,+1938-08-20T00:00:00Z
Q515363,+1927-12-20T00:00:00Z
Q515473,+1927-03-11T00:00:00Z
Q515651,+1903-01-07T00:00:00Z
Q515702,+1955-03-15T00:00:00Z
Q515996,+1926-04-13T00:00:00Z
Q515996,+1926-01-01T00:00:00Z
Q516003,+1947-11-03T00:00:00Z
Q516128,+1935-07-28T00:00:00Z
Q516142,+1909-12-23T00:00:00Z
Q516530,+1925-05-08T00:00:00Z
Q516764,+1949-01-01T00:00:00Z
Q517286,+1901-08-26T00:00:00Z
Q517435,+1926-08-06T00:00:00Z
Q517809,+1968-01-01T00:00:00Z
Q518325,+1931-05-15T00:00:00Z
Q518359,+1805-02-04T00:00:00Z
Q518359,+1805-01-01T00:00:00Z
Q518438,+1970-01-01T00:00:00Z
Q518455,+1939-03-25T00:00:00Z
Q518455,+1939-01-01T00:00:00Z
Q518694,+1975-01-01T00:00:00Z
Q518709,+1954-08-09T00:00:00Z
Q518744,+1954-08-09T00:00:00Z
Q518805,+1942-01-14T00:00:00Z
Q518858,+1906-10-13T00:00:00Z
Q519064,+1873-09-22T00:00:00Z
Q519064,+1872-01-01T00:00:00Z
Q519082,+1893-01-22T00:00:00Z
Q519158,+1901-02-17T00:00:00Z
Q519322,+1953-01-23T00:00:00Z
Q519322,+1953-00-00T00:00:00Z
Q519372,+1968-02-27T00:00:00Z
Q519574,+1985-09-23T00:00:00Z
Q519574,+1985-01-01T00:00:00Z
Q519590,+1885-09-09T00:00:00Z
Q519590,+1885-00-00T00:00:00Z
Q519739,+1946-03-04T00:00:00Z
Q519752,+1970-12-19T00:00:00Z
Q519827,+1962-04-17T00:00:00Z
Q519878,+1919-01-01T00:00:00Z
Q519878,+1919-07-01T00:00:00Z
Q519969,+1965-04-28T00:00:00Z
Q519985,+1951-12-16T00:00:00Z
Q520135,+1961-01-01T00:00:00Z
Q520691,+1941-10-09T00:00:00Z
Q520723,+1973-02-16T00:00:00Z
Q520733,+1928-05-15T00:00:00Z
Q520748,+1822-11-27T00:00:00Z
Q521274,+1904-02-02T00:00:00Z
Q521589,+1771-01-01T00:00:00Z
Q521589,+1772-00-00T00:00:00Z
Q521613,+1960-01-01T00:00:00Z
Q522277,+1975-07-17T00:00:00Z
Q522679,+1881-10-04T00:00:00Z
Q522689,+1926-08-07T00:00:00Z
Q522950,+1904-02-09T00:00:00Z
Q523039,+1833-10-08T00:00:00Z
Q523086,+1939-03-15T00:00:00Z
Q523105,+1876-04-22T00:00:00Z
Q523406,+1966-03-30T00:00:00Z
Q523406,+1966-01-01T00:00:00Z
Q523578,+1898-06-23T00:00:00Z
Q523653,+1957-05-15T00:00:00Z
Q523816,+1939-06-11T00:00:00Z
Q523952,+1968-03-14T00:00:00Z
Q524283,+1870-06-05T00:00:00Z
Q524567,+1931-01-30T00:00:00Z
Q524695,+1955-01-01T00:00:00Z
Q525235,+1859-05-03T00:00:00Z
Q525235,+1859-00-00T00:00:00Z
Q525347,+1972-01-01T00:00:00Z
Q525710,+1759-06-17T00:00:00Z
Q525710,+1762-06-17T00:00:00Z
Q525760,+1959-01-01T00:00:00Z
Q525967,+1961-08-06T00:00:00Z
Q526214,+1973-02-18T00:00:00Z
Q526219,+1930-01-12T00:00:00Z
Q526242,+1964-05-28T00:00:00Z
Q526555,+1972-00-00T00:00:00Z
Q526709,+1837-03-01T00:00:00Z
Q526709,+1837-01-01T00:00:00Z
Q526744,+1961-05-28T00:00:00Z
Q526761,+1986-04-27T00:00:00Z
Q526894,+1958-01-01T00:00:00Z
Q526894,+1957-00-00T00:00:00Z
Q526968,+1952-01-01T00:00:00Z
Q527146,+1938-05-25T00:00:00Z
Q527302,+1859-09-26T00:00:00Z
Q527302,+1859-01-01T00:00:00Z
Q527477,+1773-10-08T00:00:00Z
Q527538,+2000-01-01T00:00:00Z
Q527679,+1984-04-11T00:00:00Z
Q528134,+1951-01-01T00:00:00Z
Q528173,+1937-07-27T00:00:00Z
Q528576,+1881-08-01T00:00:00Z
Q528576,+1881-04-01T00:00:00Z
Q528593,+1960-07-19T00:00:00Z
Q528652,+1869-01-01T00:00:00Z
Q528656,+1965-03-07T00:00:00Z
Q528702,+1900-04-08T00:00:00Z
Q528702,+1905-04-08T00:00:00Z
Q528826,+1928-05-24T00:00:00Z
Q529015,+1955-00-00T00:00:00Z
Q529057,+1944-05-11T00:00:00Z
Q529072,+1964-05-13T00:00:00Z
Q529082,+1966-10-08T00:00:00Z
Q529086,+1904-06-01T00:00:00Z
Q529148,+1855-05-24T00:00:00Z
Q529148,+1857-00-00T00:00:00Z
Q529309,+1937-03-15T00:00:00Z
Q529566,+1977-09-07T00:00:00Z
Q529583,+1962-12-10T00:00:00Z
Q529634,+1966-01-01T00:00:00Z
Q529639,+1902-02-19T00:00:00Z
Q529735,+1977-10-24T00:00:00Z
Q529950,+1869-03-05T00:00:00Z
Q529991,+1935-02-08T00:00:00Z
Q530321,+1938-10-19T00:00:00Z
Q530321,+1938-10-16T00:00:00Z
Q530469,+1957-07-14T00:00:00Z
Q530588,+1879-12-03T00:00:00Z
Q530638,+1892-03-10T00:00:00Z
Q530647,+1895-10-24T00:00:00Z
Q530655,+1917-03-17T00:00:00Z
Q531150,+1847-09-02T00:00:00Z
Q531194,+1918-06-25T00:00:00Z
Q531358,+1812-07-20T00:00:00Z
Q531358,+1812-06-20T00:00:00Z
Q531431,+1942-11-15T00:00:00Z
Q531473,+1799-01-01T00:00:00Z
Q531563,+1916-05-21T00:00:00Z
Q531606,+1838-12-20T00:00:00Z
Q531608,+1924-11-26T00:00:00Z
Q531711,+1948-02-17T00:00:00Z
Q531759,+1939-06-14T00:00:00Z
Q531904,+1716-01-01T00:00:00Z
Q532041,+1905-10-23T00:00:00Z
Q532213,+1971-01-01T00:00:00Z
Q532255,+1758-11-27T00:00:00Z
Q532279,+1946-02-09T00:00:00Z
Q532297,+1662-01-01T00:00:00Z
Q532297,+1663-00-00T00:00:00Z
Q532297,+1663-08-24T00:00:00Z
Q532336,+1970-06-06T00:00:00Z
Q532541,+1879-03-03T00:00:00Z
Q532757,+1943-05-21T00:00:00Z
Q532835,+2000-01-01T00:00:00Z
Q532947,+1887-01-16T00:00:00Z
Q533256,+1965-07-29T00:00:00Z
Q533287,+1939-10-06T00:00:00Z
Q533343,+1934-04-28T00:00:00Z
Q533400,+1960-09-25T00:00:00Z
Q533505,+1934-08-05T00:00:00Z
Q533778,+1931-04-15T00:00:00Z
Q533971,+1961-01-10T00:00:00Z
Q534258,+1946-08-23T00:00:00Z
Q534376,+1968-07-07T00:00:00Z
Q534455,+1969-08-01T00:00:00Z
Q534599,+1922-09-19T00:00:00Z
Q534658,+1932-08-14T00:00:00Z
Q534738,+1950-11-16T00:00:00Z
Q534763,+1939-02-20T00:00:00Z
Q534861,+1951-01-13T00:00:00Z
Q535001,+1897-11-28T00:00:00Z
Q535108,+1954-01-01T00:00:00Z
Q535211,+1958-07-28T00:00:00Z
Q535252,+1962-01-01T00:00:00Z
Q535311,+1909-03-03T00:00:00Z
Q535311,+1909-00-00T00:00:00Z
Q535396,+1880-10-29T00:00:00Z
Q535470,+1881-10-13T00:00:00Z
Q535812,+1914-06-17T00:00:00Z
Q535856,+1951-10-18T00:00:00Z
Q535966,+1939-02-15T00:00:00Z
Q536012,+1874-09-27T00:00:00Z
Q536161,+1943-10-21T00:00:00Z
Q536596,+1907-12-20T00:00:00Z
Q536616,+1956-06-29T00:00:00Z
Q536861,+1931-06-12T00:00:00Z
Q536898,+1908-06-01T00:00:00Z
Q536913,+1963-07-19T00:00:00Z
Q536979,+1885-11-01T00:00:00Z
Q536979,+1886-00-00T00:00:00Z
Q537014,+1888-07-14T00:00:00Z
Q537057,+1963-08-12T00:00:00Z
Q537087,+1850-12-25T00:00:00Z
Q537087,+1850-01-01T00:00:00Z
Q537093,+1887-11-08T00:00:00Z
Q537112,+1873-12-17T00:00:00Z
Q537141,+2000-01-01T00:00:00Z
Q537202,+1939-03-16T00:00:00Z
Q537202,+1938-03-16T00:00:00Z
Q537266,+1877-06-18T00:00:00Z
Q537306,+1926-05-25T00:00:00Z
Q537306,+1926-05-26T00:00:00Z
Q537473,+1938-00-00T00:00:00Z
Q537473,+1940-00-00T00:00:00Z
Q537645,+1955-12-13T00:00:00Z
Q537699,+1950-06-25T00:00:00Z
Q537898,+1954-06-12T00:00:00Z
Q538057,+1963-01-01T00:00:00Z
Q538299,+1896-07-23T00:00:00Z
Q538508,+1933-07-12T00:00:00Z
Q538508,+1933-00-00T00:00:00Z
Q538620,+1833-07-09T00:00:00Z
Q538620,+1837-07-09T00:00:00Z
Q538638,+1938-01-01T00:00:00Z
Q538708,+1936-08-30T00:00:00Z
Q538761,+1973-00-00T00:00:00Z
Q538962,+1976-02-01T00:00:00Z
Q539020,+1968-03-23T00:00:00Z
Q539214,+1933-11-11T00:00:00Z
Q539221,+1956-05-14T00:00:00Z
Q539247,+1957-06-02T00:00:00Z
Q539418,+1955-00-00T00:00:00Z
Q539418,+1955-01-30T00:00:00Z
Q539533,+1816-01-01T00:00:00Z
Q539746,+1968-10-29T00:00:00Z
Q539782,+1949-12-06T00:00:00Z
Q540024,+1964-04-09T00:00:00Z
Q540166,+1863-03-03T00:00:00Z
Q540219,+1843-04-29T00:00:00Z
Q540262,+1938-01-01T00:00:00Z
Q540262,+1938-06-12T00:00:00Z
Q540412,+1954-11-12T00:00:00Z
Q540461,+1974-09-27T00:00:00Z
Q540695,+1965-07-11T00:00:00Z
Q540695,+1965-00-00T00:00:00Z
Q540784,+1928-01-07T00:00:00Z
Q540784,+1928-00-00T00:00:00Z
Q540787,+1968-02-16T00:00:00Z
Q540904,+1882-04-02T00:00:00Z
Q541039,+1783-06-11T00:00:00Z
Q541088,+1973-01-28T00:00:00Z
Q541147,+1870-04-29T00:00:00Z
Q541501,+1961-01-01T00:00:00Z
Q541622,+1930-06-05T00:00:00Z
Q541808,+1944-08-10T00:00:00Z
Q541812,+1891-01-08T00:00:00Z
Q541868,+1927-06-30T00:00:00Z
Q541883,+1969-09-24T00:00:00Z
Q541890,+1972-01-01T00:00:00Z
Q541890,+1972-02-15T00:00:00Z
Q542217,+1825-10-31T00:00:00Z
Q542257,+1923-08-08T00:00:00Z
Q542410,+1944-01-01T00:00:00Z
Q542501,+1951-02-06T00:00:00Z
Q542634,+1970-05-26T00:00:00Z
Q542763,+1935-01-25T00:00:00Z
Q542763,+1935-01-23T00:00:00Z
Q542835,+1876-12-05T00:00:00Z
Q542933,+1953-11-29T00:00:00Z
Q543625,+1953-01-07T00:00:00Z
Q543726,+1845-02-07T00:00:00Z
Q543915,+1901-03-13T00:00:00Z
Q544207,+1903-12-04T00:00:00Z
Q544412,+1925-11-18T00:00:00Z
Q544517,+1848-10-09T00:00:00Z
Q544611,+1926-02-03T00:00:00Z
Q544874,+1918-09-27T00:00:00Z
Q544900,+1930-11-17T00:00:00Z
Q544925,+1240-01-01T00:00:00Z
Q544925,+1240-00-00T00:00:00Z
Q544975,+1960-09-16T00:00:00Z
Q545223,+1967-03-08T00:00:00Z
Q545375,+1913-08-28T00:00:00Z
Q545381,+1877-09-01T00:00:00Z
Q545381,+1877-01-01T00:00:00Z
Q545476,+1938-09-15T00:00:00Z
Q545476,+1938-01-01T00:00:00Z
Q545781,+1954-11-11T00:00:00Z
Q545840,+1957-01-01T00:00:00Z
Q545945,+1931-01-12T00:00:00Z
Q546044,+1912-04-17T00:00:00Z
Q546044,+1914-00-00T00:00:00Z
Q546275,+1935-02-20T00:00:00Z
Q546374,+1957-01-01T00:00:00Z
Q546374,+1957-01-01T00:00:00Z
Q546461,+1907-04-12T00:00:00Z
Q546511,+1935-10-11T00:00:00Z
Q546569,+1965-01-01T00:00:00Z
Q546952,+1882-02-26T00:00:00Z
Q546952,+1883-01-01T00:00:00Z
Q546952,+1883-02-26T00:00:00Z
Q547023,+1909-03-29T00:00:00Z
Q547053,+1939-04-20T00:00:00Z
Q547414,+1931-01-09T00:00:00Z
Q547606,+1914-06-20T00:00:00Z
Q547794,+1944-02-16T00:00:00Z
Q547815,+1909-12-19T00:00:00Z
Q547914,+1909-03-28T00:00:00Z
Q547926,+1953-01-01T00:00:00Z
Q547993,+1892-01-01T00:00:00Z
Q547993,+1899-00-00T00:00:00Z
Q548004,+1884-03-13T00:00:00Z
Q548008,+1917-10-21T00:00:00Z
Q548040,+1863-02-07T00:00:00Z
Q548140,+1883-02-07T00:00:00Z
Q548156,+1956-08-14T00:00:00Z
Q548180,+1946-09-05T00:00:00Z
Q548180,+1946-01-01T00:00:00Z
Q548201,+1951-07-16T00:00:00Z
Q548222,+1963-11-14T00:00:00Z
Q548237,+1946-05-17T00:00:00Z
Q548345,+1905-01-31T00:00:00Z
Q548572,+1875-04-27T00:00:00Z
Q548960,+1867-10-31T00:00:00Z
Q548960,+1867-00-00T00:00:00Z
Q548998,+1935-01-13T00:00:00Z
Q549145,+1968-00-00T00:00:00Z
Q549487,+1905-08-13T00:00:00Z
Q550449,+1896-06-16T00:00:00Z
Q550521,+1909-07-29T00:00:00Z
Q550521,+1909-01-01T00:00:00Z
Q550614,+1947-01-10T00:00:00Z
Q550667,+1918-08-02T00:00:00Z
Q550806,+1938-01-07T00:00:00Z
Q550819,+1932-09-17T00:00:00Z
Q550926,+1868-05-02T00:00:00Z
Q550996,+1980-05-05T00:00:00Z
Q550996,+1980-00-00T00:00:00Z
Q551075,+1900-08-06T00:00:00Z
Q551262,+1865-09-01T00:00:00Z
Q551487,+1928-07-23T00:00:00Z
Q551499,+1900-01-01T00:00:00Z
Q551499,+1900-01-25T00:00:00Z
Q551550,+1887-05-24T00:00:00Z
Q551550,+1887-05-02T00:00:00Z
Q551570,+1961-07-15T00:00:00Z
Q551597,+1832-06-11T00:00:00Z
Q551710,+1915-04-07T00:00:00Z
Q551725,+1610-07-04T00:00:00Z
Q551740,+1755-03-06T00:00:00Z
Q551740,+1755-00-00T00:00:00Z
Q551744,+1849-02-04T00:00:00Z
Q551767,+1886-07-16T00:00:00Z
Q551772,+1970-04-10T00:00:00Z
Q551779,+1913-11-03T00:00:00Z
Q551783,+1907-08-17T00:00:00Z
Q551794,+1944-01-23T00:00:00Z
Q551929,+1919-02-14T00:00:00Z
Q552067,+1879-10-05T00:00:00Z
Q552356,+1929-04-22T00:00:00Z
Q552372,+1883-02-02T00:00:00Z
Q552583,+1869-09-08T00:00:00Z
Q552583,+1869-10-12T00:00:00Z
Q552593,+1900-07-03T00:00:00Z
Q552855,+1952-10-02T00:00:00Z
Q552892,+1948-01-01T00:00:00Z
Q552911,+1967-05-23T00:00:00Z
Q552911,+1967-01-01T00:00:00Z
Q552955,+1941-02-23T00:00:00Z
Q552990,+1959-07-21T00:00:00Z
Q553484,+1960-10-06T00:00:00Z
Q553683,+1935-05-13T00:00:00Z
Q553833,+1953-04-12T00:00:00Z
Q554224,+1975-09-24T00:00:00Z
Q554254,+1902-01-25T00:00:00Z
Q554484,+1947-03-06T00:00:00Z
Q554629,+1867-07-15T00:00:00Z
Q554629,+1867-01-01T00:00:00Z
Q554685,+1949-01-05T00:00:00Z
Q554810,+1879-04-03T00:00:00Z
Q554900,+1911-04-28T00:00:00Z
Q555298,+1893-01-13T00:00:00Z
Q555319,+1954-09-18T00:00:00Z
Q555324,+1931-12-15T00:00:00Z
Q555449,+1853-04-20T00:00:00Z
Q555449,+1851-00-00T00:00:00Z
Q555619,+1945-05-01T00:00:00Z
Q555621,+1930-10-26T00:00:00Z
Q556244,+1977-09-02T00:00:00Z
Q556662,+1943-05-06T00:00:00Z
Q557512,+1915-11-15T00:00:00Z
Q557512,+1915-11-17T00:00:00Z
Q557691,+1893-11-30T00:00:00Z
Q557774,+1935-04-01T00:00:00Z
Q558052,+1895-03-11T00:00:00Z
Q558138,+1965-09-08T00:00:00Z
Q558171,+1968-10-17T00:00:00Z
Q558252,+1924-12-03T00:00:00Z
Q558410,+1861-03-01T00:00:00Z
Q558410,+1861-01-01T00:00:00Z
Q558416,+1926-04-27T00:00:00Z
Q558425,+1916-07-24T00:00:00Z
Q558425,+1916-07-26T00:00:00Z
Q558430,+1949-07-15T00:00:00Z
Q558570,+1969-12-15T00:00:00Z
Q558837,+1944-05-09T00:00:00Z
Q559409,+1934-08-06T00:00:00Z
Q559409,+1934-01-01T00:00:00Z
Q559506,+1910-03-22T00:00:00Z
Q559565,+1907-07-24T00:00:00Z
Q559631,+1932-10-17T00:00:00Z
Q560015,+1886-01-14T00:00:00Z
Q560286,+1966-10-17T00:00:00Z
Q560315,+1913-05-26T00:00:00Z
Q560371,+1904-02-02T00:00:00Z
Q560371,+1904-00-00T00:00:00Z
Q560434,+1942-06-25T00:00:00Z
Q560541,+1908-08-09T00:00:00Z
Q560733,+1930-10-25T00:00:00Z
Q560735,+1929-02-17T00:00:00Z
Q561027,+1782-09-25T00:00:00Z
Q561116,+1947-08-12T00:00:00Z
Q561169,+1890-01-11T00:00:00Z
Q561378,+1880-10-12T00:00:00Z
Q561408,+1785-10-18T00:00:00Z
Q561434,+1929-07-12T00:00:00Z
Q561434,+1929-07-13T00:00:00Z
Q561435,+1906-12-08T00:00:00Z
Q561435,+1907-01-01T00:00:00Z
Q561486,+1921-06-29T00:00:00Z
Q561650,+1898-09-15T00:00:00Z
Q561650,+1898-09-14T00:00:00Z
Q561833,+1940-06-30T00:00:00Z
Q562000,+1800-01-06T00:00:00Z
Q562000,+1800-01-01T00:00:00Z
Q562556,+1911-01-24T00:00:00Z
Q562652,+1558-01-01T00:00:00Z
Q562874,+1914-03-27T00:00:00Z
Q563118,+1941-02-01T00:00:00Z
Q563620,+1970-01-01T00:00:00Z
Q564792,+1960-11-05T00:00:00Z
Q565234,+1942-01-01T00:00:00Z
Q565245,+1952-01-01T00:00:00Z
Q565580,+1909-04-30T00:00:00Z
Q565581,+1791-01-01T00:00:00Z
Q565581,+1799-00-00T00:00:00Z
Q565684,+1888-11-12T00:00:00Z
Q565833,+1837-06-09T00:00:00Z
Q566385,+1874-08-28T00:00:00Z
Q566955,+1838-10-25T00:00:00Z
Q570122,+1875-09-06T00:00:00Z
Q571334,+1951-11-05T00:00:00Z
Q572655,+1834-11-13T00:00:00Z
Q572655,+1834-01-01T00:00:00Z
Q572741,+1954-05-08T00:00:00Z
Q572741,+1954-01-01T00:00:00Z
Q573610,+1961-01-01T00:00:00Z
Q573813,+1905-12-21T00:00:00Z
Q573997,+1926-05-15T00:00:00Z
Q575043,+1835-05-30T00:00:00Z
Q575043,+1835-01-01T00:00:00Z
Q575345,+1946-11-18T00:00:00Z
Q575883,+1901-01-18T00:00:00Z
Q576143,+1913-03-02T00:00:00Z
Q577180,+1878-03-04T00:00:00Z
Q577548,+1901-06-13T00:00:00Z
Q577565,+1881-10-30T00:00:00Z
Q577826,+1955-01-01T00:00:00Z
Q578011,+1908-10-28T00:00:00Z
Q578031,+1933-08-07T00:00:00Z
Q578932,+1970-09-12T00:00:00Z
Q579475,+1951-08-24T00:00:00Z
Q580137,+1861-08-03T00:00:00Z
Q580137,+1861-08-04T00:00:00Z
Q580313,+1894-04-08T00:00:00Z
Q580937,+1852-04-23T00:00:00Z
Q583065,+1854-03-21T00:00:00Z
Q583128,+1926-05-14T00:00:00Z
Q583527,+1886-11-01T00:00:00Z
Q583527,+1886-01-01T00:00:00Z
Q583783,+1971-06-28T00:00:00Z
Q584083,+1913-03-30T00:00:00Z
Q584083,+1913-00-00T00:00:00Z
Q584128,+1946-05-17T00:00:00Z
Q585351,+1817-10-23T00:00:00Z
Q586211,+1619-12-28T00:00:00Z
Q586388,+1946-00-00T00:00:00Z
Q586776,+1900-07-04T00:00:00Z
Q587247,+1388-01-01T00:00:00Z
Q587332,+1937-01-01T00:00:00Z
Q587389,+1936-01-11T00:00:00Z
Q588653,+1952-10-24T00:00:00Z
Q588933,+1974-01-01T00:00:00Z
Q588933,+1974-01-15T00:00:00Z
Q589497,+1970-03-12T00:00:00Z
Q589562,+1761-05-14T00:00:00Z
Q589585,+1942-04-02T00:00:00Z
Q589863,+1941-03-28T00:00:00Z
Q590532,+1923-01-11T00:00:00Z
Q591270,+1924-05-01T00:00:00Z
Q592511,+1894-01-02T00:00:00Z
Q592895,+1969-01-10T00:00:00Z
Q594438,+1962-03-21T00:00:00Z
Q594644,+1914-08-02T00:00:00Z
Q594731,+1894-12-02T00:00:00Z
Q595483,+1858-06-23T00:00:00Z
Q595717,+1955-09-21T00:00:00Z
Q595917,+1949-01-11T00:00:00Z
Q596018,+1945-09-02T00:00:00Z
Q596034,+1965-01-01T00:00:00Z
Q596383,+1876-06-23T00:00:00Z
Q596383,+1876-01-01T00:00:00Z
Q596925,+1875-07-10T00:00:00Z
Q597627,+1896-11-12T00:00:00Z
Q598029,+1908-06-30T00:00:00Z
Q598029,+1910-06-30T00:00:00Z
Q598052,+1976-01-01T00:00:00Z
Q598452,+1944-08-07T00:00:00Z
Q598494,+1968-01-01T00:00:00Z
Q598720,+1958-10-14T00:00:00Z
Q598771,+1939-05-17T00:00:00Z
Q599358,+1948-01-01T00:00:00Z
Q600415,+1977-06-05T00:00:00Z
Q601133,+1917-01-26T00:00:00Z
Q601304,+1957-03-29T00:00:00Z
Q601307,+1932-06-11T00:00:00Z
Q601527,+1973-01-01T00:00:00Z
Q601709,+1944-04-13T00:00:00Z
Q602468,+1882-01-22T00:00:00Z
Q602510,+1950-07-02T00:00:00Z
Q602978,+1966-06-03T00:00:00Z
Q604242,+1901-10-19T00:00:00Z
Q604524,+1937-01-03T00:00:00Z
Q604661,+1831-12-22T00:00:00Z
Q605532,+1974-01-01T00:00:00Z
Q605989,+1880-10-15T00:00:00Z
Q606149,+1922-11-02T00:00:00Z
Q606154,+1956-01-01T00:00:00Z
Q606389,+1882-04-18T00:00:00Z
Q606543,+1820-04-26T00:00:00Z
Q606543,+1820-01-01T00:00:00Z
Q606656,+1953-03-11T00:00:00Z
Q607123,+1947-04-06T00:00:00Z
Q607299,+1898-05-05T00:00:00Z
Q607503,+1908-02-02T00:00:00Z
Q607825,+1938-02-26T00:00:00Z
Q608051,+1914-08-20T00:00:00Z
Q609039,+1811-02-19T00:00:00Z
Q609317,+1968-12-06T00:00:00Z
Q609457,+1969-01-01T00:00:00Z
Q610515,+1935-08-14T00:00:00Z
Q610522,+1953-01-01T00:00:00Z
Q610522,+1953-01-01T00:00:00Z
Q610567,+1959-01-01T00:00:00Z
Q610567,+1961-01-01T00:00:00Z
Q610679,+1917-10-22T00:00:00Z
Q610771,+1961-08-26T00:00:00Z
Q611586,+1960-11-03T00:00:00Z
Q611672,+1936-06-03T00:00:00Z
Q611828,+1942-06-14T00:00:00Z
Q611828,+1942-01-01T00:00:00Z
Q611959,+1974-04-15T00:00:00Z
Q612005,+1973-01-10T00:00:00Z
Q613164,+1801-04-11T00:00:00Z
Q613259,+1948-09-08T00:00:00Z
Q613537,+1970-09-07T00:00:00Z
Q613776,+1973-01-01T00:00:00Z
Q613776,+1973-11-10T00:00:00Z
Q613846,+1942-07-28T00:00:00Z
Q615129,+1977-01-19T00:00:00Z
Q615960,+1968-01-17T00:00:00Z
Q616541,
Q617215,+1973-11-05T00:00:00Z
Q617215,+1974-11-05T00:00:00Z
Q618886,+1984-01-01T00:00:00Z
Q622232,+1957-05-18T00:00:00Z
Q623737,+1943-08-17T00:00:00Z
Q623974,+1911-01-01T00:00:00Z
Q623974,+1911-11-03T00:00:00Z
Q624149,+1936-06-06T00:00:00Z
Q624168,+1985-01-00T00:00:00Z
Q624211,+1951-04-14T00:00:00Z
Q624299,+1908-01-11T00:00:00Z
Q625272,+1958-06-22T00:00:00Z
Q625336,+1909-05-29T00:00:00Z
Q625721,+1957-09-16T00:00:00Z
Q626290,+1920-01-17T00:00:00Z
Q626412,+1971-01-01T00:00:00Z
Q628479,+1930-08-08T00:00:00Z
Q628482,+1929-05-14T00:00:00Z
Q628838,+1970-06-04T00:00:00Z
Q630446,+1977-08-24T00:00:00Z
Q630454,+1888-10-15T00:00:00Z
Q630454,+1887-10-15T00:00:00Z
Q630464,+1867-09-03T00:00:00Z
Q630464,+1867-09-21T00:00:00Z
Q630558,+1970-06-05T00:00:00Z
Q632079,+1909-12-07T00:00:00Z
Q632861,+1963-01-01T00:00:00Z
Q633302,+1600-01-01T00:00:00Z
Q634905,+1916-11-30T00:00:00Z
Q634950,+1971-04-02T00:00:00Z
Q635739,+1855-01-03T00:00:00Z
Q636037,+1947-06-28T00:00:00Z
Q636037,+1947-01-01T00:00:00Z
Q636923,+1919-11-11T00:00:00Z
Q637306,+1950-03-17T00:00:00Z
Q637396,+1954-01-01T00:00:00Z
Q637455,+1914-11-23T00:00:00Z
Q637689,+1956-12-31T00:00:00Z
Q638179,+1957-06-18T00:00:00Z
Q639041,+1915-10-09T00:00:00Z
Q639360,+1945-12-12T00:00:00Z
Q639538,+1938-11-22T00:00:00Z
Q640352,+1885-09-21T00:00:00Z
Q641046,+1966-01-28T00:00:00Z
Q641740,
Q642060,+1831-01-30T00:00:00Z
Q642060,+1830-01-31T00:00:00Z
Q642680,+1918-08-04T00:00:00Z
Q643408,+1929-02-10T00:00:00Z
Q643644,+1899-08-24T00:00:00Z
Q643644,+1899-08-02T00:00:00Z
Q643904,+1939-05-07T00:00:00Z
Q644365,+1979-12-07T00:00:00Z
Q645141,+1853-10-04T00:00:00Z
Q645362,+1963-10-30T00:00:00Z
Q645406,+1936-10-11T00:00:00Z
Q646934,+1971-12-23T00:00:00Z
Q646986,+1600-01-01T00:00:00Z
Q647687,+1888-12-26T00:00:00Z
Q647747,+1950-07-13T00:00:00Z
Q648920,+1866-03-20T00:00:00Z
Q649054,+1936-11-17T00:00:00Z
Q649790,+1901-11-02T00:00:00Z
Q650048,+1849-09-16T00:00:00Z
Q650048,+1850-01-01T00:00:00Z
Q650332,+1935-11-08T00:00:00Z
Q650800,+1901-02-13T00:00:00Z
Q650800,+1901-00-00T00:00:00Z
Q651258,+1896-01-12T00:00:00Z
Q652253,+1915-01-01T00:00:00Z
Q652253,+1915-01-01T00:00:00Z
Q652425,+1968-01-12T00:00:00Z
Q653236,+1957-05-25T00:00:00Z
Q653366,+1935-06-25T00:00:00Z
Q653496,+1910-06-09T00:00:00Z
Q654747,+1895-12-30T00:00:00Z
Q654954,+1922-01-04T00:00:00Z
Q656292,+1927-06-16T00:00:00Z
Q657901,+1949-02-08T00:00:00Z
Q658522,+1953-03-04T00:00:00Z
Q659003,+1904-09-01T00:00:00Z
Q659017,+1956-08-06T00:00:00Z
Q659027,+1942-05-06T00:00:00Z
Q659155,+1983-06-24T00:00:00Z
Q659294,+1909-07-13T00:00:00Z
Q659364,+1907-12-22T00:00:00Z
Q660069,+1901-01-19T00:00:00Z
Q660525,+1884-10-27T00:00:00Z
Q660646,+1820-05-30T00:00:00Z
Q660646,+1820-01-01T00:00:00Z
Q660670,+1909-09-08T00:00:00Z
Q661925,+1925-12-05T00:00:00Z
Q661925,+1925-00-00T00:00:00Z
Q662611,+1969-06-14T00:00:00Z
Q662980,+1892-08-28T00:00:00Z
Q663705,+1978-09-01T00:00:00Z
Q663884,+1882-11-26T00:00:00Z
Q664673,+1976-06-05T00:00:00Z
Q665144,+1940-03-28T00:00:00Z
Q665768,+1951-10-28T00:00:00Z
Q668090,+1941-03-07T00:00:00Z
Q668511,+1954-05-26T00:00:00Z
Q670108,+1941-11-25T00:00:00Z
Q670179,+1854-08-02T00:00:00Z
Q670179,+1854-01-01T00:00:00Z
Q671852,+1820-01-31T00:00:00Z
Q671951,+1958-12-28T00:00:00Z
Q672440,+1927-09-04T00:00:00Z
Q672816,+1802-08-02T00:00:00Z
Q673217,+1933-01-15T00:00:00Z
Q673567,+1947-07-03T00:00:00Z
Q673985,+1970-01-01T00:00:00Z
Q675290,+1942-06-24T00:00:00Z
Q675396,+1902-05-12T00:00:00Z
Q675662,+1909-02-26T00:00:00Z
Q675676,+1802-03-24T00:00:00Z
Q676455,+1917-09-10T00:00:00Z
Q677196,+1953-03-03T00:00:00Z
Q678778,+1975-07-21T00:00:00Z
Q679659,+1887-06-28T00:00:00Z
Q680335,+1956-01-04T00:00:00Z
Q680479,+1963-03-28T00:00:00Z
Q682266,+1946-11-15T00:00:00Z
Q682325,+1948-04-26T00:00:00Z
Q682356,+1970-01-01T00:00:00Z
Q682467,+1929-02-24T00:00:00Z
Q682767,+1957-02-28T00:00:00Z
Q683445,+1920-03-25T00:00:00Z
Q684481,+1885-05-12T00:00:00Z
Q684748,+1915-06-02T00:00:00Z
Q686301,+1969-09-13T00:00:00Z
Q686437,+1966-07-15T00:00:00Z
Q687658,+1873-11-08T00:00:00Z
Q687658,+1873-10-05T00:00:00Z
Q687931,+1944-01-01T00:00:00Z
Q688661,+1902-07-18T00:00:00Z
Q688739,+1941-06-14T00:00:00Z
Q688739,+1941-00-00T00:00:00Z
Q689828,+1944-12-26T00:00:00Z
Q690103,+1902-10-13T00:00:00Z
Q690233,+1948-03-03T00:00:00Z
Q690304,+1933-03-18T00:00:00Z
Q690338,+1953-11-21T00:00:00Z
Q691479,+1966-06-19T00:00:00Z
Q691796,+1871-08-07T00:00:00Z
Q692181,+1949-08-05T00:00:00Z
Q692219,+1967-12-19T00:00:00Z
Q696666,+1938-04-20T00:00:00Z
Q696666,+1938-04-30T00:00:00Z
Q697008,+1924-02-18T00:00:00Z
Q697741,+1953-07-03T00:00:00Z
Q697943,+1906-10-18T00:00:00Z
Q697943,+1905-01-01T00:00:00Z
Q698372,+1942-06-04T00:00:00Z
Q699393,+1907-10-22T00:00:00Z
Q699401,+1884-01-02T00:00:00Z
Q699722,+1949-01-01T00:00:00Z
Q700616,+1915-02-11T00:00:00Z
Q700821,+1915-12-15T00:00:00Z
Q702268,+1936-07-19T00:00:00Z
Q702468,+1886-07-23T00:00:00Z
Q703476,+1946-01-04T00:00:00Z
Q703476,+1946-01-06T00:00:00Z
Q703935,+1880-11-25T00:00:00Z
Q704294,+1950-05-20T00:00:00Z
Q704553,+1949-06-18T00:00:00Z
Q704768,+1899-09-05T00:00:00Z
Q704860,+1892-03-09T00:00:00Z
Q705022,+1932-05-25T00:00:00Z
Q705058,+1895-04-06T00:00:00Z
Q705074,+1927-12-16T00:00:00Z
Q705464,+1898-02-15T00:00:00Z
Q705827,+1937-03-16T00:00:00Z
Q705827,+1938-00-00T00:00:00Z
Q705999,+1888-11-13T00:00:00Z
Q706016,+1971-01-01T00:00:00Z
Q706196,+1859-05-22T00:00:00Z
Q706258,+1956-04-12T00:00:00Z
Q706272,+1942-10-24T00:00:00Z
Q706445,+1931-05-26T00:00:00Z
Q706516,+1927-10-07T00:00:00Z
Q706658,+1956-05-20T00:00:00Z
Q706668,+1934-11-09T00:00:00Z
Q706718,+1872-00-00T00:00:00Z
Q706785,+1878-06-19T00:00:00Z
Q706794,+1971-02-24T00:00:00Z
Q706856,+1951-05-15T00:00:00Z
Q706935,+1948-01-12T00:00:00Z
Q706999,+1883-06-09T00:00:00Z
Q706999,+1883-06-21T00:00:00Z
Q707117,+1977-02-21T00:00:00Z
Q707333,+1900-10-09T00:00:00Z
Q707796,+1943-07-14T00:00:00Z
Q708157,+1963-03-22T00:00:00Z
Q708198,+1942-03-07T00:00:00Z
Q708473,+1925-01-29T00:00:00Z
Q708473,+1925-01-31T00:00:00Z
Q708581,+1940-02-02T00:00:00Z
Q708647,+1871-01-05T00:00:00Z
Q708679,+1943-03-26T00:00:00Z
Q709295,+1938-01-17T00:00:00Z
Q709368,+1961-10-18T00:00:00Z
Q709534,+1943-11-06T00:00:00Z
Q709636,+1917-11-21T00:00:00Z
Q709751,+1897-07-26T00:00:00Z
Q710334,+1917-07-14T00:00:00Z
Q710334,+1918-07-14T00:00:00Z
Q710435,+1910-06-20T00:00:00Z
Q710519,+1341-01-01T00:00:00Z
Q710519,+1347-00-00T00:00:00Z
Q710823,+1939-02-25T00:00:00Z
Q710876,+1932-12-25T00:00:00Z
Q711137,+1947-06-29T00:00:00Z
Q711312,+1896-01-14T00:00:00Z
Q711479,+1964-06-18T00:00:00Z
Q711558,+1928-09-29T00:00:00Z
Q711558,+1928-09-19T00:00:00Z
Q711701,+1920-11-16T00:00:00Z
Q711830,+1962-04-13T00:00:00Z
Q711909,+1967-09-25T00:00:00Z
Q711926,+1950-04-20T00:00:00Z
Q712191,+1954-12-08T00:00:00Z
Q712555,+1943-04-24T00:00:00Z
Q712596,+1960-12-19T00:00:00Z
Q712653,+1918-10-16T00:00:00Z
Q712675,+1961-04-14T00:00:00Z
Q712734,+1907-05-06T00:00:00Z
Q712741,+1909-06-25T00:00:00Z
Q712746,+1870-03-05T00:00:00Z
Q712791,+1918-10-09T00:00:00Z
Q713110,+1953-01-01T00:00:00Z
Q713196,+1904-02-10T00:00:00Z
Q713284,+1886-07-05T00:00:00Z
Q713658,+1898-03-23T00:00:00Z
Q713658,+1899-01-01T00:00:00Z
Q713778,+1961-01-11T00:00:00Z
Q713824,+1940-01-01T00:00:00Z
Q714153,+1958-09-16T00:00:00Z
Q714250,+1916-11-17T00:00:00Z
Q714485,+1953-00-00T00:00:00Z
Q714712,+1827-03-20T00:00:00Z
Q714712,+1827-01-01T00:00:00Z
Q715241,+1935-04-14T00:00:00Z
Q715256,+1915-06-08T00:00:00Z
Q715505,+1923-07-12T00:00:00Z
Q715692,+1946-07-19T00:00:00Z
Q715796,+1930-08-10T00:00:00Z
Q715814,+1871-11-10T00:00:00Z
Q715814,+1871-01-01T00:00:00Z
Q715945,+1877-06-29T00:00:00Z
Q716696,+1937-05-18T00:00:00Z
Q717071,+1908-11-23T00:00:00Z
Q717175,+1905-12-04T00:00:00Z
Q717204,+1959-07-31T00:00:00Z
Q717520,+1959-03-30T00:00:00Z
Q717602,+1937-09-23T00:00:00Z
Q717771,+1857-02-26T00:00:00Z
Q717878,+1945-08-06T00:00:00Z
Q717936,+1931-01-28T00:00:00Z
Q718081,+1739-04-17T00:00:00Z
Q718262,+1918-06-14T00:00:00Z
Q718463,+1939-05-17T00:00:00Z
Q718665,+1935-01-08T00:00:00Z
Q719046,+1948-07-11T00:00:00Z
Q719250,+1934-09-24T00:00:00Z
Q719545,+1956-11-21T00:00:00Z
Q719649,+1937-12-03T00:00:00Z
Q719735,+1930-01-01T00:00:00Z
Q719735,+1930-04-12T00:00:00Z
Q720182,+1945-09-10T00:00:00Z
Q720199,+1965-02-19T00:00:00Z
Q720242,+1945-07-31T00:00:00Z
Q720306,+1960-04-29T00:00:00Z
Q720317,+1965-10-12T00:00:00Z
Q720370,+1874-06-01T00:00:00Z
Q720435,+1960-08-16T00:00:00Z
Q720435,+1960-05-13T00:00:00Z
Q720435,+1960-02-09T00:00:00Z
Q720562,+1947-07-23T00:00:00Z
Q720669,+1964-06-06T00:00:00Z
Q720779,+1944-03-07T00:00:00Z
Q720782,+1961-07-02T00:00:00Z
Q720797,+1956-00-00T00:00:00Z
Q720806,+1946-06-09T00:00:00Z
Q721013,+1892-04-12T00:00:00Z
Q721268,+1950-09-17T00:00:00Z
Q721345,+1954-10-22T00:00:00Z
Q721345,+1954-10-00T00:00:00Z
Q721578,+1955-01-13T00:00:00Z
Q721753,+1929-09-30T00:00:00Z
Q721999,+1955-09-06T00:00:00Z
Q722103,+1952-03-07T00:00:00Z
Q722202,+1930-05-02T00:00:00Z
Q723159,+1912-08-21T00:00:00Z
Q723200,+1940-07-04T00:00:00Z
Q723354,+1962-01-01T00:00:00Z
Q723374,+1879-04-14T00:00:00Z
Q723439,+1982-10-12T00:00:00Z
Q723468,+1450-00-00T00:00:00Z
Q723591,+1924-01-01T00:00:00Z
Q723591,+1924-06-06T00:00:00Z
Q723621,+1905-02-07T00:00:00Z
Q723761,+1954-04-30T00:00:00Z
Q723761,+1954-00-00T00:00:00Z
Q723839,+1885-02-08T00:00:00Z
Q724395,+1925-06-09T00:00:00Z
Q724395,+1925-06-25T00:00:00Z
Q724672,+1504-11-30T00:00:00Z
Q724672,+1504-11-00T00:00:00Z
Q724672,+1504-00-00T00:00:00Z
Q724786,+1924-12-20T00:00:00Z
Q724874,+1915-02-23T00:00:00Z
Q725065,+1947-03-17T00:00:00Z
Q725248,+1848-02-24T00:00:00Z
Q725248,+1848-01-01T00:00:00Z
Q725344,+1922-04-13T00:00:00Z
Q725395,+1931-07-11T00:00:00Z
Q725421,+1909-08-11T00:00:00Z
Q725445,+1848-04-09T00:00:00Z
Q725445,+1848-01-01T00:00:00Z
Q725475,+1856-02-17T00:00:00Z
Q726071,+1946-12-25T00:00:00Z
Q726177,+1953-03-12T00:00:00Z
Q726194,+1950-07-26T00:00:00Z
Q726529,+1901-10-15T00:00:00Z
Q726581,+1934-03-21T00:00:00Z
Q726865,+1928-03-30T00:00:00Z
Q726967,+1848-02-04T00:00:00Z
Q727079,+1949-01-26T00:00:00Z
Q727148,+1820-06-24T00:00:00Z
Q727331,+1966-10-07T00:00:00Z
Q727416,+1946-01-31T00:00:00Z
Q727705,+1918-10-29T00:00:00Z
Q727705,+1918-01-01T00:00:00Z
Q727717,+1880-08-09T00:00:00Z
Q727717,+1881-00-00T00:00:00Z
Q727717,+1881-08-09T00:00:00Z
Q727856,+1919-08-01T00:00:00Z
Q728348,+1914-11-20T00:00:00Z
Q728405,+1854-05-27T00:00:00Z
Q728405,+1854-00-00T00:00:00Z
Q728558,+1888-02-21T00:00:00Z
Q729117,+1940-01-13T00:00:00Z
Q729121,+1934-12-28T00:00:00Z
Q729121,+1934-00-00T00:00:00Z
Q729541,+1724-01-12T00:00:00Z
Q729951,+1956-01-01T00:00:00Z
Q730116,+1946-12-24T00:00:00Z
Q730223,+1866-03-02T00:00:00Z
Q730223,+1866-03-09T00:00:00Z
Q730223,+1866-03-10T00:00:00Z
Q731036,+1957-03-03T00:00:00Z
Q731146,+1903-09-09T00:00:00Z
Q732128,+1960-12-01T00:00:00Z
Q732338,+1952-07-03T00:00:00Z
Q732434,+1905-12-12T00:00:00Z
Q732513,+1938-01-16T00:00:00Z
Q732550,+1947-07-21T00:00:00Z
Q732568,+1890-10-13T00:00:00Z
Q732618,+1874-08-04T00:00:00Z
Q732668,+1952-10-17T00:00:00Z
Q732729,+1734-10-23T00:00:00Z
Q732729,+1734-11-23T00:00:00Z
Q732980,+1929-10-24T00:00:00Z
Q733112,+1949-06-03T00:00:00Z
Q733151,+1974-06-06T00:00:00Z
Q733161,+1707-02-13T00:00:00Z
Q733161,+1707-01-01T00:00:00Z
Q733174,+1878-02-16T00:00:00Z
Q733235,+1898-09-21T00:00:00Z
Q733393,+1927-05-19T00:00:00Z
Q733417,+1933-07-13T00:00:00Z
Q733417,+1933-06-13T00:00:00Z
Q733547,+1860-02-01T00:00:00Z
Q733850,+1918-09-02T00:00:00Z
Q734018,+1945-05-09T00:00:00Z
Q734092,+1939-02-19T00:00:00Z
Q734278,+1961-08-19T00:00:00Z
Q734397,+1901-02-03T00:00:00Z
Q736123,+1902-12-23T00:00:00Z
Q736137,+1954-06-09T00:00:00Z
Q736143,+1944-12-21T00:00:00Z
Q736343,+1945-09-24T00:00:00Z
Q736447,+1942-12-01T00:00:00Z
Q736570,+1934-02-27T00:00:00Z
Q736597,+1910-01-01T00:00:00Z
Q736900,+1938-06-26T00:00:00Z
Q736990,+1942-01-05T00:00:00Z
Q737191,+1936-01-01T00:00:00Z
Q737265,+1938-12-06T00:00:00Z
Q737570,+1957-11-24T00:00:00Z
Q737570,+1957-01-01T00:00:00Z
Q737768,+1916-08-01T00:00:00Z
Q738114,+1964-09-09T00:00:00Z
Q738248,+1909-01-29T00:00:00Z
Q738911,+1969-04-23T00:00:00Z
Q738911,+1969-00-00T00:00:00Z
Q739129,+1935-12-10T00:00:00Z
Q739385,+1928-06-23T00:00:00Z
Q739385,+1929-06-23T00:00:00Z
Q739385,+1929-00-00T00:00:00Z
Q739555,+1921-06-15T00:00:00Z
Q739973,+1895-05-03T00:00:00Z
Q740130,+1970-06-24T00:00:00Z
Q740256,+1897-03-08T00:00:00Z
Q740374,+1931-04-02T00:00:00Z
Q740928,+1928-02-28T00:00:00Z
Q741508,+1942-03-29T00:00:00Z
Q741671,+1950-11-27T00:00:00Z
Q741744,+1912-05-02T00:00:00Z
Q741862,+1878-05-12T00:00:00Z
Q742170,+1861-12-03T00:00:00Z
Q742622,+1928-05-05T00:00:00Z
Q742632,+1956-05-20T00:00:00Z
Q742918,+1954-05-17T00:00:00Z
Q743035,+1931-03-09T00:00:00Z
Q743079,+1907-05-12T00:00:00Z
Q743079,+1907-05-09T00:00:00Z
Q743682,+1954-04-09T00:00:00Z
Q743767,+1874-02-22T00:00:00Z
Q744488,+1821-09-10T00:00:00Z
Q744488,+1821-01-01T00:00:00Z
Q744956,+1913-02-22T00:00:00Z
Q745244,+1750-05-13T00:00:00Z
Q745244,+1750-00-00T00:00:00Z
Q745363,+1846-02-21T00:00:00Z
Q745363,+1846-01-01T00:00:00Z
Q745528,+1901-07-19T00:00:00Z
Q745528,+1901-08-19T00:00:00Z
Q746018,+1974-05-24T00:00:00Z
Q746999,+1950-00-00T00:00:00Z
Q747270,+1576-00-00T00:00:00Z
Q747284,+1952-04-01T00:00:00Z
Q749498,+1954-11-13T00:00:00Z
Q749560,+1871-03-07T00:00:00Z
Q749714,+1955-05-11T00:00:00Z
Q750036,+1970-06-21T00:00:00Z
Q750904,+1939-03-11T00:00:00Z
Q751234,+1962-12-01T00:00:00Z
Q751592,+1903-10-19T00:00:00Z
Q752765,+2000-00-00T00:00:00Z
Q753365,+1869-03-04T00:00:00Z
Q758126,+1925-06-15T00:00:00Z
Q758879,+1935-09-09T00:00:00Z
Q759024,+1935-11-17T00:00:00Z
Q760867,
Q761152,+1948-01-09T00:00:00Z
Q761453,+1901-12-19T00:00:00Z
Q762719,+1930-05-13T00:00:00Z
Q763218,+1933-11-15T00:00:00Z
Q763341,+1875-04-09T00:00:00Z
Q764105,+1879-07-30T00:00:00Z
Q764591,+1899-10-01T00:00:00Z
Q764800,+1952-03-26T00:00:00Z
Q764889,+1954-01-01T00:00:00Z
Q765363,+1956-09-19T00:00:00Z
Q765423,+1894-10-18T00:00:00Z
Q765423,+1896-00-00T00:00:00Z
Q765747,+1964-01-01T00:00:00Z
Q765755,+1971-04-23T00:00:00Z
Q765918,+1943-07-21T00:00:00Z
Q765918,+1943-01-01T00:00:00Z
Q766235,+1888-07-14T00:00:00Z
Q766723,+1950-02-23T00:00:00Z
Q766768,+1813-09-13T00:00:00Z
Q766768,+1812-09-13T00:00:00Z
Q767118,+1893-10-01T00:00:00Z
Q767226,+1878-04-03T00:00:00Z
Q767437,+1887-07-08T00:00:00Z
Q767439,+1965-10-23T00:00:00Z
Q767547,+1968-03-31T00:00:00Z
Q768038,+1966-01-01T00:00:00Z
Q768296,+1886-04-08T00:00:00Z
Q768296,+1886-06-16T00:00:00Z
Q768776,+1946-02-26T00:00:00Z
Q768810,+1957-01-12T00:00:00Z
Q768866,+1963-11-25T00:00:00Z
Q769236,+1958-10-02T00:00:00Z
Q770423,+1916-08-05T00:00:00Z
Q770929,+1939-11-06T00:00:00Z
Q771270,+1813-06-21T00:00:00Z
Q771270,+1813-01-01T00:00:00Z
Q771295,+1900-07-25T00:00:00Z
Q771698,+1867-07-24T00:00:00Z
Q771698,+1867-01-01T00:00:00Z
Q772240,+1601-08-22T00:00:00Z
Q772618,+1975-01-01T00:00:00Z
Q773042,+1950-02-20T00:00:00Z
Q773361,+1914-04-18T00:00:00Z
Q773389,+1906-08-27T00:00:00Z
Q773389,+1905-01-01T00:00:00Z
Q773389,+1906-08-27T00:00:00Z
Q773828,+1901-01-04T00:00:00Z
Q774280,+1879-07-19T00:00:00Z
Q774860,+1977-04-08T00:00:00Z
Q776999,+1932-07-14T00:00:00Z
Q777354,+1961-08-30T00:00:00Z
Q778347,+1914-01-29T00:00:00Z
Q778501,+1959-05-14T00:00:00Z
Q778585,+1953-11-25T00:00:00Z
Q778585,+1953-01-01T00:00:00Z
Q778983,+1957-01-01T00:00:00Z
Q779144,+1973-10-15T00:00:00Z
Q779248,+1965-03-08T00:00:00Z
Q779972,+1927-03-03T00:00:00Z
Q780102,+1882-11-18T00:00:00Z
Q780102,+1884-11-18T00:00:00Z
Q780102,+1882-00-00T00:00:00Z
Q780739,+1957-08-27T00:00:00Z
Q781094,+1969-06-26T00:00:00Z
Q782738,+1894-02-18T00:00:00Z
Q782738,+1894-01-01T00:00:00Z
Q782813,+1880-01-23T00:00:00Z
Q782991,+1923-04-23T00:00:00Z
Q784797,+1903-11-05T00:00:00Z
Q785550,+1953-03-15T00:00:00Z
Q786616,+1822-04-03T00:00:00Z
Q786616,+1822-00-00T00:00:00Z
Q786927,+1970-03-20T00:00:00Z
Q787382,+1946-09-15T00:00:00Z
Q791729,+1979-02-03T00:00:00Z
Q792910,+1839-02-07T00:00:00Z
Q792910,+1840-01-01T00:00:00Z
Q792956,+1939-10-28T00:00:00Z
Q792956,+1939-01-01T00:00:00Z
Q793776,+1935-05-09T00:00:00Z
Q793808,+1937-12-09T00:00:00Z
Q793895,+1957-10-13T00:00:00Z
Q794087,+1957-02-05T00:00:00Z
Q794213,+1943-08-23T00:00:00Z
Q794906,+1956-08-17T00:00:00Z
Q796362,+1955-06-09T00:00:00Z
Q797649,+1895-09-22T00:00:00Z
Q799227,+1960-05-07T00:00:00Z
Q799543,+1932-09-21T00:00:00Z
Q800187,+1935-01-01T00:00:00Z
Q807448,+1920-09-06T00:00:00Z
Q808178,+1936-12-31T00:00:00Z
Q808413,+1542-01-01T00:00:00Z
Q809012,+1942-05-12T00:00:00Z
Q809020,+1935-05-15T00:00:00Z
Q809033,+1963-01-01T00:00:00Z
Q809050,+1934-03-13T00:00:00Z
Q809062,+1925-03-26T00:00:00Z
Q809063,+1945-01-06T00:00:00Z
Q809093,+1940-11-01T00:00:00Z
Q812105,+1825-01-11T00:00:00Z
Q813244,+1874-07-05T00:00:00Z
Q816409,+1964-02-00T00:00:00Z
Q816409,+1964-02-22T00:00:00Z
Q816429,+1910-10-12T00:00:00Z
Q816429,+1911-10-19T00:00:00Z
Q816429,+1910-00-00T00:00:00Z
Q816553,+1967-10-11T00:00:00Z
Q817380,+1907-09-13T00:00:00Z
Q817381,+1969-01-01T00:00:00Z
Q817443,+1924-06-02T00:00:00Z
Q817585,+1972-12-14T00:00:00Z
Q817587,+1967-01-07T00:00:00Z
Q821018,+1900-04-15T00:00:00Z
Q822155,+1806-12-04T00:00:00Z
Q822155,+1804-01-01T00:00:00Z
Q822155,+1812-00-00T00:00:00Z
Q822155,+1806-00-00T00:00:00Z
Q822793,+1915-08-28T00:00:00Z
Q822971,+1960-09-05T00:00:00Z
Q823003,+1825-08-15T00:00:00Z
Q827708,+1937-12-17T00:00:00Z
Q831125,+1959-01-01T00:00:00Z
Q832785,+1530-00-00T00:00:00Z
Q835759,+1948-10-12T00:00:00Z
Q835766,+1963-03-26T00:00:00Z
Q838661,+1950-10-11T00:00:00Z
Q840990,+1936-08-13T00:00:00Z
Q841464,+1924-11-03T00:00:00Z
Q842334,+1919-02-14T00:00:00Z
Q842464,+1980-12-00T00:00:00Z
Q842534,+1973-01-01T00:00:00Z
Q843541,+1926-08-09T00:00:00Z
Q843699,+1899-03-07T00:00:00Z
Q843830,+1905-07-02T00:00:00Z
Q843837,+1975-07-30T00:00:00Z
Q844318,+1965-02-18T00:00:00Z
Q845622,+1957-12-07T00:00:00Z
Q848530,+1977-01-01T00:00:00Z
Q848716,+1951-01-04T00:00:00Z
Q848716,+1951-00-00T00:00:00Z
Q848865,+1960-03-08T00:00:00Z
Q850141,+1808-03-22T00:00:00Z
Q850436,+1936-01-01T00:00:00Z
Q851805,+1949-04-17T00:00:00Z
Q852306,+1932-09-17T00:00:00Z
Q852306,+1936-00-00T00:00:00Z
Q854737,+1971-05-25T00:00:00Z
Q854737,+1971-01-01T00:00:00Z
Q856014,+1952-12-09T00:00:00Z
Q857714,+1894-04-09T00:00:00Z
Q859065,+1979-05-05T00:00:00Z
Q859960,+1982-12-27T00:00:00Z
Q860169,+1771-12-25T00:00:00Z
Q860495,+1978-01-01T00:00:00Z
Q861002,+1956-10-15T00:00:00Z
Q861482,+1957-01-01T00:00:00Z
Q862329,+1941-01-01T00:00:00Z
Q862329,+1941-09-27T00:00:00Z
Q862364,+1922-01-18T00:00:00Z
Q862387,+1943-04-13T00:00:00Z
Q862935,+1899-01-15T00:00:00Z
Q863049,+1959-12-01T00:00:00Z
Q864327,+1873-08-15T00:00:00Z
Q865684,+1976-05-18T00:00:00Z
Q866183,+1980-01-09T00:00:00Z
Q866272,+1942-03-16T00:00:00Z
Q866496,+1859-07-08T00:00:00Z
Q866496,+1859-01-01T00:00:00Z
Q867852,+1915-08-28T00:00:00Z
Q871235,+1908-03-19T00:00:00Z
Q872066,+1950-11-29T00:00:00Z
Q879237,+1967-10-13T00:00:00Z
Q879550,+1972-11-07T00:00:00Z
Q881422,+1847-07-21T00:00:00Z
Q881422,+1847-01-01T00:00:00Z
Q882937,+1924-07-12T00:00:00Z
Q887050,+1950-10-15T00:00:00Z
Q887050,+1950-09-15T00:00:00Z
Q890980,+1948-08-02T00:00:00Z
Q892108,+1927-05-22T00:00:00Z
Q893138,+1869-07-29T00:00:00Z
Q893138,+1869-00-00T00:00:00Z
Q893781,+1969-01-01T00:00:00Z
Q894981,+1874-10-20T00:00:00Z
Q896344,+1964-01-01T00:00:00Z
Q896817,+1953-02-27T00:00:00Z
Q896846,+1970-04-01T00:00:00Z
Q897008,+1958-06-07T00:00:00Z
Q898322,+1946-09-21T00:00:00Z
Q903331,+1908-02-28T00:00:00Z
Q903331,+1908-02-29T00:00:00Z
Q904489,+1935-02-26T00:00:00Z
Q904686,+1937-07-07T00:00:00Z
Q905100,+1904-09-21T00:00:00Z
Q905323,+1884-11-06T00:00:00Z
Q906193,+1914-06-27T00:00:00Z
Q906814,+1978-01-01T00:00:00Z
Q907166,+1978-09-20T00:00:00Z
Q908571,+1953-10-31T00:00:00Z
Q908573,+1898-03-17T00:00:00Z
Q908589,+1914-10-01T00:00:00Z
Q908592,+1964-01-01T00:00:00Z
Q908648,+1947-07-21T00:00:00Z
Q909874,+1977-03-07T00:00:00Z
Q910123,+1959-01-01T00:00:00Z
Q910123,+1957-00-00T00:00:00Z
Q910123,+1957-03-02T00:00:00Z
Q910538,+1960-03-25T00:00:00Z
Q910762,+1903-04-29T00:00:00Z
Q910800,+1904-07-31T00:00:00Z
Q910839,+1978-12-01T00:00:00Z
Q910874,+1975-06-22T00:00:00Z
Q911939,+1950-04-28T00:00:00Z
Q912023,+1807-06-28T00:00:00Z
Q912023,+1807-06-22T00:00:00Z
Q912023,+1807-01-01T00:00:00Z
Q912271,+1840-12-03T00:00:00Z
Q912271,+1840-01-01T00:00:00Z
Q912348,+1960-01-01T00:00:00Z
Q912348,+1960-10-05T00:00:00Z
Q912443,+1967-09-22T00:00:00Z
Q912602,+1937-12-02T00:00:00Z
Q912791,+1921-08-25T00:00:00Z
Q912801,+1955-07-00T00:00:00Z
Q913028,+1955-07-20T00:00:00Z
Q913061,+1966-07-14T00:00:00Z
Q913403,+1942-03-05T00:00:00Z
Q914014,+1926-05-15T00:00:00Z
Q916286,+1960-00-00T00:00:00Z
Q917004,+1958-07-03T00:00:00Z
Q917010,+1906-11-04T00:00:00Z
Q917570,+1916-01-19T00:00:00Z
Q917570,+1916-01-01T00:00:00Z
Q918443,+1955-05-28T00:00:00Z
Q918455,+1927-01-10T00:00:00Z
Q918553,+1956-03-23T00:00:00Z
Q918764,+1914-01-01T00:00:00Z
Q918937,+1831-11-03T00:00:00Z
Q918937,+1831-00-00T00:00:00Z
Q919277,+1877-11-15T00:00:00Z
Q919448,+1936-11-28T00:00:00Z
Q919515,+1885-03-06T00:00:00Z
Q919515,+1885-06-03T00:00:00Z
Q919835,+1899-03-08T00:00:00Z
Q920901,+1910-01-06T00:00:00Z
Q920996,+1950-02-07T00:00:00Z
Q920996,+1950-01-01T00:00:00Z
Q921225,+1964-01-01T00:00:00Z
Q921435,+1935-03-13T00:00:00Z
Q921584,+1971-05-09T00:00:00Z
Q921603,+1974-01-06T00:00:00Z
Q921808,+1961-11-23T00:00:00Z
Q921925,+1925-10-31T00:00:00Z
Q922053,+1953-06-20T00:00:00Z
Q922071,+1944-07-09T00:00:00Z
Q922191,+1836-11-11T00:00:00Z
Q922191,+1836-01-01T00:00:00Z
Q922345,+1946-08-02T00:00:00Z
Q922427,+1835-12-19T00:00:00Z
Q922457,+1864-04-18T00:00:00Z
Q922457,+1864-00-00T00:00:00Z
Q922467,+1831-11-17T00:00:00Z
Q922760,+1946-01-01T00:00:00Z
Q922795,+1953-02-20T00:00:00Z
Q923019,+1930-02-20T00:00:00Z
Q923499,+1952-11-27T00:00:00Z
Q924430,+1947-10-19T00:00:00Z
Q925520,+1915-04-24T00:00:00Z
Q926034,+1964-07-13T00:00:00Z
Q926338,+1882-10-19T00:00:00Z
Q926682,+1975-07-03T00:00:00Z
Q927759,+1918-07-07T00:00:00Z
Q928940,+1902-08-14T00:00:00Z
Q929268,+1949-09-01T00:00:00Z
Q929597,+1901-08-30T00:00:00Z
Q930489,+1894-03-12T00:00:00Z
Q930619,+1945-05-09T00:00:00Z
Q930619,+1945-04-26T00:00:00Z
Q931105,+1890-05-05T00:00:00Z
Q931637,+1964-07-26T00:00:00Z
Q931954,+1959-05-16T00:00:00Z
Q932891,+1886-10-26T00:00:00Z
Q932891,+1889-00-00T00:00:00Z
Q932891,+1886-11-07T00:00:00Z
Q933019,+1951-02-01T00:00:00Z
Q933918,+1887-04-22T00:00:00Z
Q934642,+1908-02-25T00:00:00Z
Q934682,+1920-07-21T00:00:00Z
Q935706,+1966-09-26T00:00:00Z
Q935706,+1966-00-00T00:00:00Z
Q936028,+1953-03-13T00:00:00Z
Q936029,+1971-04-05T00:00:00Z
Q937000,+1913-07-11T00:00:00Z
Q937000,+1913-00-00T00:00:00Z
Q937232,+1926-09-19T00:00:00Z
Q937610,+1927-01-29T00:00:00Z
Q937697,+1966-09-24T00:00:00Z
Q937815,+1962-01-01T00:00:00Z
Q937835,+1940-04-13T00:00:00Z
Q937897,+1939-01-13T00:00:00Z
Q937897,+1937-01-13T00:00:00Z
Q938005,+1795-10-25T00:00:00Z
Q938710,+1952-12-30T00:00:00Z
Q938844,+1909-08-20T00:00:00Z
Q939797,+1900-12-28T00:00:00Z
Q940105,+1945-01-01T00:00:00Z
Q940594,+1910-09-11T00:00:00Z
Q940902,+1965-07-13T00:00:00Z
Q940902,+1965-06-13T00:00:00Z
Q940958,+1951-05-09T00:00:00Z
Q941334,+1964-12-06T00:00:00Z
Q941605,+1820-12-12T00:00:00Z
Q941794,+1860-09-14T00:00:00Z
Q941794,+1860-00-00T00:00:00Z
Q941810,+1770-12-09T00:00:00Z
Q941810,+1770-01-01T00:00:00Z
Q941966,+1896-06-06T00:00:00Z
Q942627,+1951-00-00T00:00:00Z
Q942627,+1950-10-05T00:00:00Z
Q942636,+1966-09-22T00:00:00Z
Q942773,+1945-07-05T00:00:00Z
Q942980,+1841-04-26T00:00:00Z
Q942980,+1842-01-00T00:00:00Z
Q943273,+1961-11-24T00:00:00Z
Q943567,+1911-09-09T00:00:00Z
Q943997,+1935-06-25T00:00:00Z
Q944204,+1955-03-27T00:00:00Z
Q944409,+1902-04-04T00:00:00Z
Q944894,+1927-05-01T00:00:00Z
Q945893,+1977-07-02T00:00:00Z
Q945929,+1927-02-27T00:00:00Z
Q946031,+1929-05-10T00:00:00Z
Q946237,+1857-02-17T00:00:00Z
Q946237,+1858-02-27T00:00:00Z
Q946599,+1923-04-23T00:00:00Z
Q946733,+1848-05-14T00:00:00Z
Q947012,+1929-11-03T00:00:00Z
Q947821,+1954-02-14T00:00:00Z
Q947986,+1903-08-10T00:00:00Z
Q948301,+1881-07-22T00:00:00Z
Q948870,+1923-07-10T00:00:00Z
Q948960,+1941-00-00T00:00:00Z
Q949281,+1884-05-25T00:00:00Z
Q949700,+1834-03-06T00:00:00Z
Q949700,+1834-00-00T00:00:00Z
Q949829,+1923-04-17T00:00:00Z
Q950137,+1924-03-09T00:00:00Z
Q950414,+1956-01-08T00:00:00Z
Q950762,+1935-12-05T00:00:00Z
Q950949,+1966-11-30T00:00:00Z
Q951110,+1930-02-12T00:00:00Z
Q951250,+1889-01-01T00:00:00Z
Q951594,+1861-09-30T00:00:00Z
Q951657,+1954-04-25T00:00:00Z
Q951714,+1942-04-07T00:00:00Z
Q951886,+1972-09-15T00:00:00Z
Q951963,+1896-11-22T00:00:00Z
Q952452,+1851-06-11T00:00:00Z
Q952614,+1829-09-12T00:00:00Z
Q953153,+1953-11-03T00:00:00Z
Q953288,+1945-11-12T00:00:00Z
Q953410,+1935-04-08T00:00:00Z
Q953849,+1936-04-03T00:00:00Z
Q953962,+1851-03-24T00:00:00Z
Q954378,+1971-02-18T00:00:00Z
Q954383,+1904-04-27T00:00:00Z
Q954383,+1904-00-00T00:00:00Z
Q954686,+1979-10-07T00:00:00Z
Q954997,+1942-12-30T00:00:00Z
Q955586,+1967-01-01T00:00:00Z
Q956187,+1937-03-23T00:00:00Z
Q956400,+1897-06-20T00:00:00Z
Q956459,+1804-02-16T00:00:00Z
Q956459,+1804-02-04T00:00:00Z
Q957931,+1947-01-01T00:00:00Z
Q957997,+1883-02-20T00:00:00Z
Q958743,+1885-05-17T00:00:00Z
Q959020,+1921-09-26T00:00:00Z
Q959699,+1953-03-26T00:00:00Z
Q959699,+1953-00-00T00:00:00Z
Q959875,+1929-10-21T00:00:00Z
Q960088,+1946-10-09T00:00:00Z
Q960491,+1966-01-01T00:00:00Z
Q960612,+1930-11-05T00:00:00Z
Q960862,+1960-00-00T00:00:00Z
Q961147,+1908-03-16T00:00:00Z
Q961221,+1901-05-15T00:00:00Z
Q961244,+1814-11-06T00:00:00Z
Q961263,+1906-06-10T00:00:00Z
Q961328,+1902-07-22T00:00:00Z
Q961328,+1902-07-02T00:00:00Z
Q961328,+1902-02-27T00:00:00Z
Q961645,+1904-12-28T00:00:00Z
Q962004,+1948-10-19T00:00:00Z
Q962061,+1970-12-22T00:00:00Z
Q963015,+1929-02-06T00:00:00Z
Q963625,+1955-03-23T00:00:00Z
Q963727,+1965-03-05T00:00:00Z
Q963727,+1966-03-05T00:00:00Z
Q963799,+1945-07-26T00:00:00Z
Q964037,+1931-03-12T00:00:00Z
Q964037,+1931-02-12T00:00:00Z
Q964093,+1964-06-20T00:00:00Z
Q964233,+1892-01-01T00:00:00Z
Q964233,+1892-11-18T00:00:00Z
Q964255,+1955-10-02T00:00:00Z
Q964355,+1897-05-08T00:00:00Z
Q964776,+1903-11-15T00:00:00Z
Q964815,+1947-04-22T00:00:00Z
Q965059,+1905-09-11T00:00:00Z
Q965138,+1831-03-29T00:00:00Z
Q965138,+1831-00-00T00:00:00Z
Q965359,+1876-05-19T00:00:00Z
Q965456,+1925-04-02T00:00:00Z
Q965927,+1852-02-24T00:00:00Z
Q965935,+1910-01-29T00:00:00Z
Q966061,+1926-10-24T00:00:00Z
Q966228,+1965-02-28T00:00:00Z
Q966317,+1893-05-31T00:00:00Z
Q966340,+1905-10-05T00:00:00Z
Q966340,+1905-10-07T00:00:00Z
Q966701,+1962-07-22T00:00:00Z
Q966725,+1916-01-01T00:00:00Z
Q967627,+1933-02-14T00:00:00Z
Q967627,+1933-02-13T00:00:00Z
Q967640,+1974-11-08T00:00:00Z
Q967704,+1799-11-07T00:00:00Z
Q967749,+1974-01-16T00:00:00Z
Q968215,+1935-03-31T00:00:00Z
Q968259,+1920-05-30T00:00:00Z
Q968565,+1920-05-09T00:00:00Z
Q968715,+1876-09-13T00:00:00Z
Q969099,+1934-09-11T00:00:00Z
Q969321,+1821-09-11T00:00:00Z
Q969321,+1821-01-01T00:00:00Z
Q970120,+1903-05-30T00:00:00Z
Q970421,+1925-08-27T00:00:00Z
Q970649,+1973-00-00T00:00:00Z
Q970715,+1744-03-16T00:00:00Z
Q971215,+1840-03-22T00:00:00Z
Q971215,+1841-05-22T00:00:00Z
Q971735,+1885-09-15T00:00:00Z
Q971919,+1968-01-27T00:00:00Z
Q972526,+1972-02-23T00:00:00Z
Q972560,+1912-03-31T00:00:00Z
Q972957,+1927-07-01T00:00:00Z
Q972967,+1931-12-25T00:00:00Z
Q973500,+1967-02-25T00:00:00Z
Q973713,+1923-04-21T00:00:00Z
Q973734,+1748-01-01T00:00:00Z
Q973765,+1931-03-10T00:00:00Z
Q973791,+1978-08-24T00:00:00Z
Q973961,+1624-08-22T00:00:00Z
Q974114,+1921-12-11T00:00:00Z
Q974539,+1932-09-07T00:00:00Z
Q974678,+1872-06-27T00:00:00Z
Q974678,+1872-00-00T00:00:00Z
Q974852,+1836-08-14T00:00:00Z
Q974852,+1836-01-01T00:00:00Z
Q975273,+1868-01-10T00:00:00Z
Q975994,+1901-04-27T00:00:00Z
Q976059,+1946-06-28T00:00:00Z
Q977066,+1969-00-00T00:00:00Z
Q977462,+1940-02-07T00:00:00Z
Q977462,+1940-01-01T00:00:00Z
Q977651,+1950-09-27T00:00:00Z
Q977651,+1950-01-01T00:00:00Z
Q977700,+1952-12-06T00:00:00Z
Q978089,+1927-08-24T00:00:00Z
Q978389,+1832-10-16T00:00:00Z
Q978830,+1956-01-01T00:00:00Z
Q978830,+1956-01-01T00:00:00Z
Q978959,+1918-07-29T00:00:00Z
Q979076,+1917-01-08T00:00:00Z
Q979307,+1923-06-20T00:00:00Z
Q979457,+1969-08-31T00:00:00Z
Q979465,+1950-09-20T00:00:00Z
Q980844,+1914-11-13T00:00:00Z
Q980857,+1973-01-01T00:00:00Z
Q980958,+1983-01-20T00:00:00Z
Q981086,+1873-04-25T00:00:00Z
Q981256,+1923-07-13T00:00:00Z
Q981352,+1901-11-05T00:00:00Z
Q981683,+1960-11-09T00:00:00Z
Q981852,+1859-09-24T00:00:00Z
Q981852,+1860-01-01T00:00:00Z
Q981852,+1840-00-00T00:00:00Z
Q982023,+1919-01-05T00:00:00Z
Q982029,+1945-07-02T00:00:00Z
Q982034,+1704-02-12T00:00:00Z
Q982039,+1952-12-13T00:00:00Z
Q982044,+1913-01-22T00:00:00Z
Q982058,+1793-05-21T00:00:00Z
Q982095,+1936-12-05T00:00:00Z
Q982133,+1931-06-03T00:00:00Z
Q982133,+1931-00-00T00:00:00Z
Q982361,+1965-04-14T00:00:00Z
Q982414,+1911-04-24T00:00:00Z
Q982489,+1914-11-07T00:00:00Z
Q982575,+1972-02-11T00:00:00Z
Q982838,+1907-02-25T00:00:00Z
Q982838,+1906-02-12T00:00:00Z
Q982880,+1913-05-03T00:00:00Z
Q983109,+1969-03-23T00:00:00Z
Q983113,+1926-09-16T00:00:00Z
Q983167,+1804-09-17T00:00:00Z
Q983167,+1804-09-29T00:00:00Z
Q983228,+1944-02-07T00:00:00Z
Q983233,+1971-02-22T00:00:00Z
Q983243,+1946-03-25T00:00:00Z
Q983243,+1946-01-01T00:00:00Z
Q983249,+1960-04-13T00:00:00Z
Q983273,+1947-07-05T00:00:00Z
Q983273,+1947-06-05T00:00:00Z
Q983421,+1884-08-26T00:00:00Z
Q983421,+1884-01-01T00:00:00Z
Q983431,+1974-07-02T00:00:00Z
Q983544,+1938-02-22T00:00:00Z
Q983672,+1958-01-25T00:00:00Z
Q983881,+1941-11-06T00:00:00Z
Q984352,+1971-01-01T00:00:00Z
Q984415,+1914-07-17T00:00:00Z
Q984452,+1957-12-29T00:00:00Z
Q984937,+1868-10-30T00:00:00Z
Q985992,+1968-03-28T00:00:00Z
Q986753,+1887-07-27T00:00:00Z
Q991720,+1902-07-15T00:00:00Z
Q992969,+1899-01-01T00:00:00Z
Q992969,+1899-01-04T00:00:00Z
Q994434,
Q995016,+1905-10-27T00:00:00Z
Q995688,+1923-11-03T00:00:00Z
Q996720,+1931-06-23T00:00:00Z
Q997095,+1920-10-08T00:00:00Z
Q999726,+1896-07-23T00:00:00Z
Q999904,+1846-08-10T00:00:00Z
Q999928,+1936-06-25T00:00:00Z
Q1002127,+1968-08-26T00:00:00Z
Q1002759,+1965-06-02T00:00:00Z
Q1002882,+1952-07-18T00:00:00Z
Q1005559,+1889-01-04T00:00:00Z
Q1006918,+1922-10-11T00:00:00Z
Q1009504,+1964-06-15T00:00:00Z
Q1018468,+1965-06-02T00:00:00Z
Q1021166,+1974-01-01T00:00:00Z
Q1022460,+1961-06-05T00:00:00Z
Q1026532,+1955-08-02T00:00:00Z
Q1028359,
Q1028373,+1972-03-29T00:00:00Z
Q1028991,+1968-02-20T00:00:00Z
Q1029497,+1971-09-22T00:00:00Z
Q1029714,+1946-04-18T00:00:00Z
Q1031167,+1939-01-23T00:00:00Z
Q1031954,+1919-00-00T00:00:00Z
Q1032009,+1943-08-16T00:00:00Z
Q1032912,+1776-01-01T00:00:00Z
Q1032915,+1950-01-01T00:00:00Z
Q1035947,+1973-07-05T00:00:00Z
Q1036535,+1934-11-21T00:00:00Z
Q1038200,+1970-01-04T00:00:00Z
Q1038440,+1968-07-07T00:00:00Z
Q1038466,+1867-07-23T00:00:00Z
Q1038466,+1867-01-01T00:00:00Z
Q1041625,+1963-01-01T00:00:00Z
Q1041625,+1963-09-20T00:00:00Z
Q1041766,+1962-10-26T00:00:00Z
Q1043099,+1939-01-11T00:00:00Z
Q1043323,+1921-08-10T00:00:00Z
Q1044165,+1948-04-22T00:00:00Z
Q1044175,+1959-02-10T00:00:00Z
Q1044412,+1976-07-15T00:00:00Z
Q1044447,+1963-09-09T00:00:00Z
Q1044457,+1931-07-16T00:00:00Z
Q1044643,+1953-05-12T00:00:00Z
Q1044648,
Q1045347,+1864-06-16T00:00:00Z
Q1045347,+1864-01-01T00:00:00Z
Q1046243,+2000-01-01T00:00:00Z
Q1046980,+1812-05-06T00:00:00Z
Q1047108,+1974-01-01T00:00:00Z
Q1049096,+1980-05-30T00:00:00Z
Q1049526,+1947-12-09T00:00:00Z
Q1050940,+1879-03-27T00:00:00Z
Q1050951,+1907-11-06T00:00:00Z
Q1051041,+1936-02-29T00:00:00Z
Q1051093,+1967-04-07T00:00:00Z
Q1051441,+1930-09-06T00:00:00Z
Q1053204,+1950-00-00T00:00:00Z
Q1053363,+1877-08-10T00:00:00Z
Q1053551,+1968-09-14T00:00:00Z
Q1053737,+1957-01-17T00:00:00Z
Q1054177,+1959-08-23T00:00:00Z
Q1054316,+1922-10-03T00:00:00Z
Q1054731,+1869-09-19T00:00:00Z
Q1055110,+1944-06-21T00:00:00Z
Q1055352,+1973-08-30T00:00:00Z
Q1055480,+1909-10-09T00:00:00Z
Q1056256,+1954-01-01T00:00:00Z
Q1058570,+1975-01-01T00:00:00Z
Q1059572,+1962-09-27T00:00:00Z
Q1059718,+1952-04-10T00:00:00Z
Q1059911,+1972-06-09T00:00:00Z
Q1060636,+1970-02-28T00:00:00Z
Q1061225,+1941-06-27T00:00:00Z
Q1061645,+1893-12-22T00:00:00Z
Q1062289,+1971-07-11T00:00:00Z
Q1062830,+1972-01-01T00:00:00Z
Q1063851,+1954-08-23T00:00:00Z
Q1063855,+1955-09-27T00:00:00Z
Q1063915,+1932-01-01T00:00:00Z
Q1064052,+1961-10-07T00:00:00Z
Q1064108,+1798-03-04T00:00:00Z
Q1064252,+1828-10-11T00:00:00Z
Q1064272,+1873-11-04T00:00:00Z
Q1064421,+1905-01-25T00:00:00Z
Q1064454,+1950-11-04T00:00:00Z
Q1064513,+1805-01-09T00:00:00Z
Q1064794,+1913-02-10T00:00:00Z
Q1064794,+1908-02-10T00:00:00Z
Q1065212,+1917-03-17T00:00:00Z
Q1065287,+1894-01-22T00:00:00Z
Q1065689,+1927-11-24T00:00:00Z
Q1065801,+1896-12-13T00:00:00Z
Q1065817,+1933-12-28T00:00:00Z
Q1065901,+1948-04-23T00:00:00Z
Q1066407,+1939-06-09T00:00:00Z
Q1066431,+1919-01-02T00:00:00Z
Q1066463,+1909-08-13T00:00:00Z
Q1066587,+1951-12-22T00:00:00Z
Q1066666,+1814-09-08T00:00:00Z
Q1066918,+1968-01-01T00:00:00Z
Q1066918,+1968-00-00T00:00:00Z
Q1067552,+1973-06-06T00:00:00Z
Q1068950,+1969-01-13T00:00:00Z
Q1069448,+2000-01-01T00:00:00Z
Q1070628,+1962-01-01T00:00:00Z
Q1070662,+1932-08-11T00:00:00Z
Q1071361,+1973-01-01T00:00:00Z
Q1071789,+1970-03-16T00:00:00Z
Q1072569,+1868-08-25T00:00:00Z
Q1072588,+1902-05-24T00:00:00Z
Q1072604,+1876-05-04T00:00:00Z
Q1072659,+1973-11-28T00:00:00Z
Q1072923,+1952-12-19T00:00:00Z
Q1076511,+1769-11-12T00:00:00Z
Q1076930,+1970-11-07T00:00:00Z
Q1076935,+1966-12-27T00:00:00Z
Q1077057,+1943-12-22T00:00:00Z
Q1077103,+1973-05-14T00:00:00Z
Q1077137,+1946-07-17T00:00:00Z
Q1077554,+1973-11-22T00:00:00Z
Q1077566,+1969-00-00T00:00:00Z
Q1077730,+1945-01-01T00:00:00Z
Q1079574,+1941-01-24T00:00:00Z
Q1079854,+1942-06-27T00:00:00Z
Q1080528,+1962-07-10T00:00:00Z
Q1080528,+1962-00-00T00:00:00Z
Q1081242,+1961-07-24T00:00:00Z
Q1081888,+1933-01-13T00:00:00Z
Q1083392,+1893-08-10T00:00:00Z
Q1085452,+1947-07-15T00:00:00Z
Q1086549,+1952-12-24T00:00:00Z
Q1086549,+1952-09-28T00:00:00Z
Q1086776,+1932-07-16T00:00:00Z
Q1086932,+1978-03-11T00:00:00Z
Q1087071,+1935-11-05T00:00:00Z
Q1087887,+1923-08-07T00:00:00Z
Q1087887,+1923-01-01T00:00:00Z
Q1088019,+1969-01-01T00:00:00Z
Q1089124,+1954-04-14T00:00:00Z
Q1089124,+1954-04-13T00:00:00Z
Q1090406,+1950-03-26T00:00:00Z
Q1091045,+1942-04-22T00:00:00Z
Q1091103,+1674-08-16T00:00:00Z
Q1091103,+1679-08-16T00:00:00Z
Q1091123,+1945-07-01T00:00:00Z
Q1091150,+1927-06-26T00:00:00Z
Q1092277,+1937-02-07T00:00:00Z
Q1093783,+1872-03-25T00:00:00Z
Q1094991,+1945-10-00T00:00:00Z
Q1095223,+1860-02-05T00:00:00Z
Q1095223,+1861-02-05T00:00:00Z
Q1095223,+1860-01-01T00:00:00Z
Q1095459,+1934-01-01T00:00:00Z
Q1095691,+1874-11-18T00:00:00Z
Q1095691,+1874-11-26T00:00:00Z
Q1095977,+1950-12-30T00:00:00Z
Q1096358,+1957-07-21T00:00:00Z
Q1096768,+1925-08-19T00:00:00Z
Q1096967,+1889-09-15T00:00:00Z
Q1096967,+1890-01-01T00:00:00Z
Q1096967,+1989-09-15T00:00:00Z
Q1097274,+1939-06-06T00:00:00Z
Q1098512,+1974-10-14T00:00:00Z
Q1099318,+1906-08-15T00:00:00Z
Q1099987,+1982-11-15T00:00:00Z
Q1100524,+1959-02-04T00:00:00Z
Q1100772,+1790-01-01T00:00:00Z
Q1100849,+1978-04-21T00:00:00Z
Q1101228,+1957-09-15T00:00:00Z
Q1101262,+1962-06-24T00:00:00Z
Q1102013,+1940-07-17T00:00:00Z
Q1103301,+1915-12-29T00:00:00Z
Q1108068,+1925-07-18T00:00:00Z
Q1108416,+1943-01-01T00:00:00Z
Q1108416,+1943-03-10T00:00:00Z
Q1108424,+1953-05-20T00:00:00Z
Q1108453,+1923-07-14T00:00:00Z
Q1108495,+1960-01-01T00:00:00Z
Q1108739,+1939-06-14T00:00:00Z
Q1110463,+1943-04-08T00:00:00Z
Q1111769,+1966-09-00T00:00:00Z
Q1114444,+1962-00-00T00:00:00Z
Q1114941,+1745-12-10T00:00:00Z
Q1114941,+1745-01-01T00:00:00Z
Q1115121,+1948-10-20T00:00:00Z
Q1116251,+1939-06-05T00:00:00Z
Q1117569,+1951-01-01T00:00:00Z
Q1118750,+1928-05-16T00:00:00Z
Q1119823,+1892-12-07T00:00:00Z
Q1120674,+1953-11-17T00:00:00Z
Q1121861,+1883-09-18T00:00:00Z
Q1121861,+1884-09-18T00:00:00Z
Q1122051,+1883-01-17T00:00:00Z
Q1122303,+1968-01-01T00:00:00Z
Q1124931,+1933-12-25T00:00:00Z
Q1125856,+1757-01-01T00:00:00Z
Q1127023,+1913-03-09T00:00:00Z
Q1127989,+1916-09-15T00:00:00Z
Q1130939,+1950-11-25T00:00:00Z
Q1131827,+1905-10-29T00:00:00Z
Q1131856,+1937-10-03T00:00:00Z
Q1132175,+1972-00-00T00:00:00Z
Q1134053,+1953-01-01T00:00:00Z
Q1135505,+1879-10-20T00:00:00Z
Q1136761,+1862-10-09T00:00:00Z
Q1137066,+1903-05-30T00:00:00Z
Q1137125,+1947-10-07T00:00:00Z
Q1137438,+1881-05-06T00:00:00Z
Q1137821,+1936-04-22T00:00:00Z
Q1138463,+1951-12-13T00:00:00Z
Q1138528,+1959-08-11T00:00:00Z
Q1138553,+1942-01-01T00:00:00Z
Q1138661,+1956-01-01T00:00:00Z
Q1139463,+1926-01-18T00:00:00Z
Q1140408,+1964-10-01T00:00:00Z
Q1140743,+1941-01-23T00:00:00Z
Q1142305,+1949-06-27T00:00:00Z
Q1142761,+1922-05-15T00:00:00Z
Q1143660,+1959-10-04T00:00:00Z
Q1148069,+1940-09-17T00:00:00Z
Q1148078,+1893-06-22T00:00:00Z
Q1148083,+1948-08-13T00:00:00Z
Q1148083,+1948-00-00T00:00:00Z
Q1148376,+2000-01-01T00:00:00Z
Q1150101,+1883-12-10T00:00:00Z
Q1150116,+1883-02-04T00:00:00Z
Q1150116,+1883-01-01T00:00:00Z
Q1150122,+1887-07-13T00:00:00Z
Q1150122,+1887-01-01T00:00:00Z
Q1150163,+1954-00-00T00:00:00Z
Q1150163,+1954-07-21T00:00:00Z
Q1150798,+1639-01-01T00:00:00Z
Q1150798,+1643-04-09T00:00:00Z
Q1150820,+1935-02-26T00:00:00Z
Q1151388,+1971-04-23T00:00:00Z
Q1151724,+1889-03-27T00:00:00Z
Q1152905,+1948-02-26T00:00:00Z
Q1153256,+1892-10-04T00:00:00Z
Q1154316,+1959-10-25T00:00:00Z
Q1155639,+1902-09-08T00:00:00Z
Q1156074,+1940-07-26T00:00:00Z
Q1157861,+1967-06-13T00:00:00Z
Q1158494,+1944-04-22T00:00:00Z
Q1159062,+1955-09-15T00:00:00Z
Q1159091,+1959-06-27T00:00:00Z
Q1159094,+1912-02-03T00:00:00Z
Q1159871,+1969-11-14T00:00:00Z
Q1160619,+1920-02-11T00:00:00Z
Q1160785,+1909-06-25T00:00:00Z
Q1161320,+1938-11-25T00:00:00Z
Q1162833,+1964-12-21T00:00:00Z
Q1163210,+1953-03-04T00:00:00Z
Q1163833,+1941-09-01T00:00:00Z
Q1165217,+1953-04-13T00:00:00Z
Q1165426,+1968-02-24T00:00:00Z
Q1165505,+1942-07-11T00:00:00Z
Q1165505,+1942-00-00T00:00:00Z
Q1165624,+1977-01-01T00:00:00Z
Q1165731,+1939-07-16T00:00:00Z
Q1165731,+1939-01-01T00:00:00Z
Q1165735,+1922-10-26T00:00:00Z
Q1165983,+1954-01-01T00:00:00Z
Q1166012,+1949-04-30T00:00:00Z
Q1167088,+1907-07-13T00:00:00Z
Q1171128,+1915-06-06T00:00:00Z
Q1173398,+1957-05-15T00:00:00Z
Q1173398,+1957-05-28T00:00:00Z
Q1173565,+1945-02-21T00:00:00Z
Q1173565,+1943-02-21T00:00:00Z
Q1173640,+1924-06-14T00:00:00Z
Q1174238,+1910-08-18T00:00:00Z
Q1174339,+1801-09-07T00:00:00Z
Q1174351,+1979-08-27T00:00:00Z
Q1174446,
Q1174481,+1960-06-30T00:00:00Z
Q1174539,+1944-01-24T00:00:00Z
Q1174546,+1948-00-00T00:00:00Z
Q1174548,+1949-12-22T00:00:00Z
Q1174564,+1917-03-02T00:00:00Z
Q1174627,+1956-05-04T00:00:00Z
Q1174766,+1968-00-00T00:00:00Z
Q1174815,+1950-05-26T00:00:00Z
Q1175073,+1944-11-06T00:00:00Z
Q1175150,+1961-06-23T00:00:00Z
Q1175275,+1876-03-03T00:00:00Z
Q1175302,+1966-01-01T00:00:00Z
Q1175302,+1966-03-16T00:00:00Z
Q1175967,+1950-06-12T00:00:00Z
Q1176073,+1967-01-01T00:00:00Z
Q1176192,+1959-01-01T00:00:00Z
Q1176199,+1955-10-20T00:00:00Z
Q1176217,+1925-08-07T00:00:00Z
Q1176836,+1959-01-17T00:00:00Z
Q1176847,+1941-02-18T00:00:00Z
Q1176847,+1941-01-01T00:00:00Z
Q1176950,+1966-10-19T00:00:00Z
Q1177006,+1949-09-12T00:00:00Z
Q1177114,+1940-02-09T00:00:00Z
Q1177138,+1917-04-11T00:00:00Z
Q1177322,+1952-11-28T00:00:00Z
Q1181085,+1931-06-17T00:00:00Z
Q1181143,+1950-11-10T00:00:00Z
Q1185232,+1923-07-19T00:00:00Z
Q1185444,+1909-05-24T00:00:00Z
Q1185834,+1991-07-27T00:00:00Z
Q1187562,+1951-01-03T00:00:00Z
Q1189056,+1953-01-10T00:00:00Z
Q1189280,+1932-04-04T00:00:00Z
Q1190579,+1893-11-10T00:00:00Z
Q1190926,+1969-07-19T00:00:00Z
Q1191104,+1875-04-07T00:00:00Z
Q1191142,+1962-03-02T00:00:00Z
Q1191315,+1950-09-14T00:00:00Z
Q1191514,+1977-08-25T00:00:00Z
Q1192277,+1948-01-01T00:00:00Z
Q1192885,+1925-09-04T00:00:00Z
Q1193106,+1927-12-16T00:00:00Z
Q1193270,+1932-06-02T00:00:00Z
Q1193871,+1958-01-19T00:00:00Z
Q1196609,+1952-10-22T00:00:00Z
Q1197320,+1987-07-11T00:00:00Z
Q1199836,+1960-12-19T00:00:00Z
Q1199836,+1960-00-00T00:00:00Z
Q1206866,+1978-02-24T00:00:00Z
Q1207120,+1969-10-24T00:00:00Z
Q1207132,+1945-01-01T00:00:00Z
Q1207530,+1960-12-24T00:00:00Z
Q1208781,+1917-12-21T00:00:00Z
Q1208954,+1954-10-02T00:00:00Z
Q1208990,+1949-03-22T00:00:00Z
Q1208993,+1934-02-23T00:00:00Z
Q1208993,+1935-02-23T00:00:00Z
Q1210536,+1949-04-27T00:00:00Z
Q1213039,+1729-01-27T00:00:00Z
Q1213039,+1729-00-00T00:00:00Z
Q1215270,+1943-04-08T00:00:00Z
Q1215607,+1933-10-24T00:00:00Z
Q1215723,+1946-08-18T00:00:00Z
Q1216039,+1864-02-21T00:00:00Z
Q1217640,+1967-01-06T00:00:00Z
Q1221489,+1854-09-26T00:00:00Z
Q1221893,+1943-01-29T00:00:00Z
Q1225086,+1976-03-18T00:00:00Z
Q1225937,+1972-10-02T00:00:00Z
Q1226282,+1904-02-04T00:00:00Z
Q1228133,+1952-01-01T00:00:00Z
Q1230637,+1956-11-17T00:00:00Z
Q1230705,+1942-05-10T00:00:00Z
Q1230753,+1916-07-06T00:00:00Z
Q1230809,+1931-01-30T00:00:00Z
Q1230982,+1953-01-01T00:00:00Z
Q1230982,+1953-10-08T00:00:00Z
Q1231493,+1867-08-02T00:00:00Z
Q1233018,+1959-09-23T00:00:00Z
Q1233018,+1959-09-00T00:00:00Z
Q1234248,+1830-12-17T00:00:00Z
Q1234248,+1830-12-19T00:00:00Z
Q1234248,+1830-00-00T00:00:00Z
Q1235215,+1947-12-05T00:00:00Z
Q1235251,+1831-10-31T00:00:00Z
Q1236131,+1938-12-19T00:00:00Z
Q1236772,+1915-07-07T00:00:00Z
Q1237807,+1950-03-17T00:00:00Z
Q1237856,+1919-09-19T00:00:00Z
Q1237904,+1977-07-18T00:00:00Z
Q1238198,+1958-10-03T00:00:00Z
Q1238565,+1620-01-01T00:00:00Z
Q1238567,+1934-07-01T00:00:00Z
Q1238574,+1950-01-01T00:00:00Z
Q1238584,+1922-12-17T00:00:00Z
Q1238593,+1930-07-06T00:00:00Z
Q1238602,+1947-05-17T00:00:00Z
Q1238618,+1939-10-09T00:00:00Z
Q1238618,+1939-10-01T00:00:00Z
Q1238618,+1939-01-01T00:00:00Z
Q1238669,+1783-11-24T00:00:00Z
Q1238669,+1783-00-00T00:00:00Z
Q1238811,+1903-08-19T00:00:00Z
Q1239077,+1947-01-01T00:00:00Z
Q1239116,+1979-01-01T00:00:00Z
Q1239670,+1941-05-22T00:00:00Z
Q1239798,+1893-08-08T00:00:00Z
Q1240267,+1954-12-23T00:00:00Z
Q1240467,+1908-04-20T00:00:00Z
Q1240486,+1920-07-02T00:00:00Z
Q1240552,+1904-11-22T00:00:00Z
Q1241451,+1946-05-26T00:00:00Z
Q1241759,+1948-02-28T00:00:00Z
Q1242472,+1834-01-28T00:00:00Z
Q1242613,+1895-01-01T00:00:00Z
Q1242613,+1896-12-28T00:00:00Z
Q1242613,+1898-01-01T00:00:00Z
Q1242948,+1953-06-27T00:00:00Z
Q1243147,+1969-12-04T00:00:00Z
Q1243368,+1941-10-24T00:00:00Z
Q1243441,+1901-07-18T00:00:00Z
Q1243973,+1868-12-08T00:00:00Z
Q1245105,+1938-10-10T00:00:00Z
Q1245232,+1891-03-09T00:00:00Z
Q1245508,+1883-01-01T00:00:00Z
Q1245508,+1883-01-01T00:00:00Z
Q1245984,+1972-07-06T00:00:00Z
Q1246353,+1880-10-31T00:00:00Z
Q1246814,+1837-12-10T00:00:00Z
Q1246814,+1837-00-00T00:00:00Z
Q1246921,+1912-06-29T00:00:00Z
Q1246921,+1912-01-01T00:00:00Z
Q1248054,+1930-06-09T00:00:00Z
Q1248648,+1962-11-14T00:00:00Z
Q1249485,+1977-01-01T00:00:00Z
Q1251800,+1949-12-06T00:00:00Z
Q1251926,+1958-12-02T00:00:00Z
Q1251971,+1963-08-17T00:00:00Z
Q1252469,+1924-10-15T00:00:00Z
Q1252469,+1924-10-00T00:00:00Z
Q1252645,+1902-01-05T00:00:00Z
Q1253264,+1939-03-26T00:00:00Z
Q1253923,+1924-11-03T00:00:00Z
Q1253923,+1924-11-13T00:00:00Z
Q1256957,+1890-10-04T00:00:00Z
Q1258235,+1926-05-06T00:00:00Z
Q1258959,+1932-03-31T00:00:00Z
Q1258959,+1932-00-00T00:00:00Z
Q1259446,+1914-09-22T00:00:00Z
Q1259713,+1902-04-19T00:00:00Z
Q1259713,+1902-01-01T00:00:00Z
Q1261117,+1854-01-19T00:00:00Z
Q1261117,+1854-01-01T00:00:00Z
Q1262212,+1861-12-14T00:00:00Z
Q1262212,+1861-01-01T00:00:00Z
Q1262216,+1855-01-30T00:00:00Z
Q1264643,+1955-04-08T00:00:00Z
Q1266083,+1946-12-27T00:00:00Z
Q1267116,+1949-08-15T00:00:00Z
Q1268311,+1907-01-01T00:00:00Z
Q1268581,+2000-01-01T00:00:00Z
Q1269275,+1889-04-13T00:00:00Z
Q1269275,+1889-00-00T00:00:00Z
Q1269550,+1839-01-11T00:00:00Z
Q1270441,+1870-06-25T00:00:00Z
Q1270673,+1835-01-19T00:00:00Z
Q1270673,+1835-01-01T00:00:00Z
Q1272457,+1899-10-01T00:00:00Z
Q1273517,+1955-06-20T00:00:00Z
Q1273533,+1937-12-23T00:00:00Z
Q1275257,+1905-09-17T00:00:00Z
Q1276490,+1920-06-30T00:00:00Z
Q1276720,+1745-08-26T00:00:00Z
Q1276843,+1869-01-13T00:00:00Z
Q1277237,+1872-08-15T00:00:00Z
Q1277237,+1872-00-00T00:00:00Z
Q1277467,+1894-12-26T00:00:00Z
Q1277467,+1894-12-28T00:00:00Z
Q1277641,+1934-11-12T00:00:00Z
Q1277983,+1927-09-14T00:00:00Z
Q1277990,+1945-01-01T00:00:00Z
Q1278407,+1904-03-17T00:00:00Z
Q1278677,+1895-12-01T00:00:00Z
Q1280035,+1947-07-15T00:00:00Z
Q1280205,+1871-01-26T00:00:00Z
Q1281119,+1860-07-14T00:00:00Z
Q1281196,+1942-07-17T00:00:00Z
Q1281738,+1944-10-31T00:00:00Z
Q1281738,+1944-11-01T00:00:00Z
Q1282338,+1932-02-04T00:00:00Z
Q1282471,+1897-05-14T00:00:00Z
Q1282826,+1955-01-01T00:00:00Z
Q1283557,+1862-11-04T00:00:00Z
Q1283560,+1968-01-19T00:00:00Z
Q1284085,+1909-02-25T00:00:00Z
Q1285184,+1884-04-28T00:00:00Z
Q1285419,+1906-02-08T00:00:00Z
Q1285562,+1905-10-29T00:00:00Z
Q1285600,+1922-09-01T00:00:00Z
Q1285600,+1925-00-00T00:00:00Z
Q1285626,+1904-10-21T00:00:00Z
Q1286138,+1926-04-30T00:00:00Z
Q1287502,+1953-11-08T00:00:00Z
Q1287768,+1899-11-25T00:00:00Z
Q1288644,+1866-06-07T00:00:00Z
Q1288644,+1886-01-01T00:00:00Z
Q1288644,+1866-01-01T00:00:00Z
Q1288774,+1952-09-24T00:00:00Z
Q1289140,+1860-07-22T00:00:00Z
Q1289151,+1946-10-01T00:00:00Z
Q1289151,+1946-01-01T00:00:00Z
Q1291185,+1967-12-13T00:00:00Z
Q1291185,+1967-00-00T00:00:00Z
Q1292004,+1930-02-22T00:00:00Z
Q1292012,+1900-07-22T00:00:00Z
Q1292087,+1867-12-26T00:00:00Z
Q1292087,+1867-01-01T00:00:00Z
Q1292166,+1828-06-03T00:00:00Z
Q1292432,+1937-02-19T00:00:00Z
Q1292826,+1918-04-20T00:00:00Z
Q1293447,+1913-09-18T00:00:00Z
Q1293611,+1892-06-11T00:00:00Z
Q1293793,+1891-08-01T00:00:00Z
Q1293795,+1862-10-04T00:00:00Z
Q1294088,+1933-05-26T00:00:00Z
Q1294553,+1866-02-23T00:00:00Z
Q1297391,+1783-10-04T00:00:00Z
Q1297391,+1783-01-01T00:00:00Z
Q1298183,+1897-11-22T00:00:00Z
Q1300112,+1843-01-00T00:00:00Z
Q1300112,+1843-04-16T00:00:00Z
Q1303498,+1943-01-09T00:00:00Z
Q1303988,+1952-11-03T00:00:00Z
Q1304934,+1967-12-06T00:00:00Z
Q1305870,+1859-12-06T00:00:00Z
Q1307719,+1908-11-28T00:00:00Z
Q1308340,+1936-04-29T00:00:00Z
Q1308730,+1769-08-30T00:00:00Z
Q1309970,+1946-12-10T00:00:00Z
Q1311305,+1883-11-12T00:00:00Z
Q1312287,+1937-03-04T00:00:00Z
Q1315386,+1962-12-00T00:00:00Z
Q1315862,+1890-07-17T00:00:00Z
Q1316586,+1895-12-10T00:00:00Z
Q1316586,+1895-01-01T00:00:00Z
Q1316719,+1916-04-12T00:00:00Z
Q1317964,+1976-01-10T00:00:00Z
Q1318617,+1877-08-27T00:00:00Z
Q1318617,+1877-00-00T00:00:00Z
Q1319237,+1936-09-04T00:00:00Z
Q1319539,+1970-08-09T00:00:00Z
Q1320146,+1901-04-23T00:00:00Z
Q1320489,+1947-02-06T00:00:00Z
Q1320567,+1901-04-22T00:00:00Z
Q1322301,+1926-09-06T00:00:00Z
Q1322851,+1944-01-01T00:00:00Z
Q1322851,+1944-03-10T00:00:00Z
Q1324172,+1932-11-20T00:00:00Z
Q1324800,+1921-08-01T00:00:00Z
Q1324800,+1921-08-02T00:00:00Z
Q1324816,+1925-11-23T00:00:00Z
Q1324878,+1949-10-11T00:00:00Z
Q1325374,+1941-11-05T00:00:00Z
Q1325821,+1850-03-17T00:00:00Z
Q1326764,+1937-10-30T00:00:00Z
Q1330299,+1970-02-19T00:00:00Z
Q1330663,+1789-11-04T00:00:00Z
Q1330663,+1789-01-01T00:00:00Z
Q1331219,+1756-07-25T00:00:00Z
Q1331219,+1758-07-21T00:00:00Z
Q1331219,+1758-01-01T00:00:00Z
Q1331244,+1905-10-31T00:00:00Z
Q1331252,+1961-06-23T00:00:00Z
Q1332098,+1920-02-17T00:00:00Z
Q1332266,+1950-01-01T00:00:00Z
Q1332266,+1950-11-16T00:00:00Z
Q1332944,+1926-04-29T00:00:00Z
Q1333841,+1912-08-17T00:00:00Z
Q1333848,+1911-05-20T00:00:00Z
Q1334139,+1972-07-05T00:00:00Z
Q1334230,+1913-07-15T00:00:00Z
Q1334281,+1922-05-22T00:00:00Z
Q1334281,+1929-00-00T00:00:00Z
Q1334326,+1874-06-01T00:00:00Z
Q1334536,+1979-02-19T00:00:00Z
Q1335032,+1882-11-24T00:00:00Z
Q1335454,+1964-07-17T00:00:00Z
Q1335686,+1917-03-12T00:00:00Z
Q1336654,+1915-04-12T00:00:00Z
Q1337482,+1959-06-29T00:00:00Z
Q1337504,+1887-02-24T00:00:00Z
Q1338016,+1964-01-03T00:00:00Z
Q1338062,
Q1338209,+1898-04-20T00:00:00Z
Q1338416,+1914-05-04T00:00:00Z
Q1338671,+1926-11-24T00:00:00Z
Q1338846,+1934-07-09T00:00:00Z
Q1339252,+1932-04-04T00:00:00Z
Q1339265,+1929-06-14T00:00:00Z
Q1339944,+1965-02-28T00:00:00Z
Q1340511,+1927-06-08T00:00:00Z
Q1340586,+1941-08-12T00:00:00Z
Q1340595,+1918-07-10T00:00:00Z
Q1340677,+1910-03-27T00:00:00Z
Q1341654,+1920-04-11T00:00:00Z
Q1342082,+1958-06-30T00:00:00Z
Q1342895,+1880-02-20T00:00:00Z
Q1343486,+1924-12-22T00:00:00Z
Q1343550,+1885-08-01T00:00:00Z
Q1343550,+1885-01-01T00:00:00Z
Q1343804,+1925-03-14T00:00:00Z
Q1343944,+1910-02-12T00:00:00Z
Q1343973,+1932-07-04T00:00:00Z
Q1344032,+1927-10-14T00:00:00Z
Q1344078,+1959-01-01T00:00:00Z
Q1344217,+1944-12-06T00:00:00Z
Q1344250,+1896-02-22T00:00:00Z
Q1344250,+1898-02-22T00:00:00Z
Q1344451,+1918-03-05T00:00:00Z
Q1344495,+1920-03-16T00:00:00Z
Q1344686,+1912-11-25T00:00:00Z
Q1345080,+1905-05-23T00:00:00Z
Q1345227,+1900-12-26T00:00:00Z
Q1346126,+1953-02-10T00:00:00Z
Q1346664,+1923-10-12T00:00:00Z
Q1346678,+1948-08-22T00:00:00Z
Q1346691,+1957-09-26T00:00:00Z
Q1346885,+1921-02-09T00:00:00Z
Q1346976,+1926-04-23T00:00:00Z
Q1347163,+1957-11-27T00:00:00Z
Q1347232,+1921-10-19T00:00:00Z
Q1347301,+1908-11-24T00:00:00Z
Q1347607,+1921-06-08T00:00:00Z
Q1348138,+1898-07-22T00:00:00Z
Q1348153,+1900-02-22T00:00:00Z
Q1348334,+1948-12-15T00:00:00Z
Q1348713,+1900-10-15T00:00:00Z
Q1348713,+1900-01-01T00:00:00Z
Q1348768,+1958-06-11T00:00:00Z
Q1349027,+1960-04-08T00:00:00Z
Q1349144,+1865-05-26T00:00:00Z
Q1349144,+1865-01-01T00:00:00Z
Q1349245,+1949-08-09T00:00:00Z
Q1349276,+1971-12-19T00:00:00Z
Q1349297,+1969-09-12T00:00:00Z
Q1349663,+1897-01-23T00:00:00Z
Q1350599,+1936-09-10T00:00:00Z
Q1351191,+1961-01-01T00:00:00Z
Q1351304,+1972-09-01T00:00:00Z
Q1351447,+1938-06-21T00:00:00Z
Q1351464,+1897-04-25T00:00:00Z
Q1351464,+1897-00-00T00:00:00Z
Q1351554,+1956-09-23T00:00:00Z
Q1351819,+1957-01-01T00:00:00Z
Q1352236,+1937-01-22T00:00:00Z
Q1352305,+1922-03-31T00:00:00Z
Q1353673,+1925-02-04T00:00:00Z
Q1353956,+1924-07-20T00:00:00Z
Q1354130,+1902-08-16T00:00:00Z
Q1354247,+1884-01-02T00:00:00Z
Q1354247,+1884-01-01T00:00:00Z
Q1354608,+1978-07-08T00:00:00Z
Q1356059,+1969-04-18T00:00:00Z
Q1356200,+1966-04-06T00:00:00Z
Q1356259,+1868-03-20T00:00:00Z
Q1356272,+1929-04-03T00:00:00Z
Q1356427,+1915-12-08T00:00:00Z
Q1356435,+1946-01-01T00:00:00Z
Q1356499,+1883-09-27T00:00:00Z
Q1356507,+1928-01-01T00:00:00Z
Q1357524,+1862-05-27T00:00:00Z
Q1357524,+1862-01-01T00:00:00Z
Q1359140,+1841-08-04T00:00:00Z
Q1360009,+1945-01-30T00:00:00Z
Q1360721,+1915-06-08T00:00:00Z
Q1361931,+1960-01-01T00:00:00Z
Q1361931,+1959-03-25T00:00:00Z
Q1362244,+1921-02-27T00:00:00Z
Q1362359,+1797-01-21T00:00:00Z
Q1362359,+1798-01-21T00:00:00Z
Q1363121,+1968-01-01T00:00:00Z
Q1363572,+1835-02-24T00:00:00Z
Q1363756,+1935-10-02T00:00:00Z
Q1363814,+1874-04-27T00:00:00Z
Q1363986,+1916-10-15T00:00:00Z
Q1363986,+1916-01-01T00:00:00Z
Q1364100,+1904-03-23T00:00:00Z
Q1364205,+1889-12-08T00:00:00Z
Q1366068,+1915-02-28T00:00:00Z
Q1366693,+1865-02-12T00:00:00Z
Q1366693,+1867-01-01T00:00:00Z
Q1366693,+1866-00-00T00:00:00Z
Q1366759,+1944-12-29T00:00:00Z
Q1366759,+1944-12-19T00:00:00Z
Q1367133,+1969-01-01T00:00:00Z
Q1367133,+1969-12-00T00:00:00Z
Q1367624,+1883-10-30T00:00:00Z
Q1367995,+1971-10-26T00:00:00Z
Q1367996,+1971-10-21T00:00:00Z
Q1368134,+1947-08-31T00:00:00Z
Q1368527,+1953-09-30T00:00:00Z
Q1369013,+1939-11-02T00:00:00Z
Q1369211,+1964-12-21T00:00:00Z
Q1369224,+1945-06-13T00:00:00Z
Q1369254,+1866-07-28T00:00:00Z
Q1369803,+1917-08-08T00:00:00Z
Q1370880,+1703-04-24T00:00:00Z
Q1371108,+1949-01-27T00:00:00Z
Q1371154,+1904-02-27T00:00:00Z
Q1371409,+1925-06-10T00:00:00Z
Q1371628,+1910-09-08T00:00:00Z
Q1372703,+1938-07-18T00:00:00Z
Q1372850,+1931-06-12T00:00:00Z
Q1372851,+1954-06-24T00:00:00Z
Q1372993,+1967-01-01T00:00:00Z
Q1372993,+1967-01-00T00:00:00Z
Q1373060,+1918-12-12T00:00:00Z
Q1373183,+1973-01-01T00:00:00Z
Q1373235,+1940-08-01T00:00:00Z
Q1374243,+1949-10-12T00:00:00Z
Q1374400,+1922-04-08T00:00:00Z
Q1374829,+1954-10-16T00:00:00Z
Q1375319,+1914-04-22T00:00:00Z
Q1377013,+1923-02-02T00:00:00Z
Q1377923,+1912-11-24T00:00:00Z
Q1378188,+1892-05-29T00:00:00Z
Q1378188,+1893-05-29T00:00:00Z
Q1378375,+1965-03-15T00:00:00Z
Q1378641,+1891-12-05T00:00:00Z
Q1379189,+1950-06-23T00:00:00Z
Q1379443,+1930-10-30T00:00:00Z
Q1379791,+1945-03-21T00:00:00Z
Q1380960,+1926-05-27T00:00:00Z
Q1381427,+1924-11-11T00:00:00Z
Q1381627,+1927-12-21T00:00:00Z
Q1381985,+1933-07-21T00:00:00Z
Q1382720,+1892-12-06T00:00:00Z
Q1383270,+1947-02-24T00:00:00Z
Q1383662,+1925-07-05T00:00:00Z
Q1383799,+1926-11-20T00:00:00Z
Q1384133,+1935-03-14T00:00:00Z
Q1384905,+1948-02-29T00:00:00Z
Q1385478,+1644-01-01T00:00:00Z
Q1385598,+1959-01-05T00:00:00Z
Q1385614,+1968-09-23T00:00:00Z
Q1385758,+1863-09-08T00:00:00Z
Q1386705,+1929-10-20T00:00:00Z
Q1386967,+1963-10-15T00:00:00Z
Q1386967,+1963-01-01T00:00:00Z
Q1387224,+1943-10-05T00:00:00Z
Q1387224,+1943-01-01T00:00:00Z
Q1387642,+1962-01-01T00:00:00Z
Q1387643,+1868-04-07T00:00:00Z
Q1389731,+1924-12-04T00:00:00Z
Q1390604,+1880-09-16T00:00:00Z
Q1391196,+1925-11-07T00:00:00Z
Q1391927,+1959-01-01T00:00:00Z
Q1392021,+1950-12-30T00:00:00Z
Q1392121,+1892-10-27T00:00:00Z
Q1392250,+1874-01-16T00:00:00Z
Q1392415,+1924-05-23T00:00:00Z
Q1393036,+1885-06-15T00:00:00Z
Q1393069,+1953-03-29T00:00:00Z
Q1393111,+1892-01-13T00:00:00Z
Q1393388,+1848-04-03T00:00:00Z
Q1393443,+1872-11-25T00:00:00Z
Q1393517,+1788-09-26T00:00:00Z
Q1393749,+1965-01-01T00:00:00Z
Q1393935,+1963-03-13T00:00:00Z
Q1394609,+1939-08-01T00:00:00Z
Q1394747,+1905-10-14T00:00:00Z
Q1395092,+1954-12-26T00:00:00Z
Q1395161,+1929-08-31T00:00:00Z
Q1395379,+1820-11-02T00:00:00Z
Q1395379,+1820-01-01T00:00:00Z
Q1395538,+1942-11-03T00:00:00Z
Q1395688,+1955-02-05T00:00:00Z
Q1395770,+1936-06-15T00:00:00Z
Q1395770,+1936-01-01T00:00:00Z
Q1395866,+1920-02-24T00:00:00Z
Q1395866,+1920-02-26T00:00:00Z
Q1395915,+1925-06-10T00:00:00Z
Q1396074,+1908-12-08T00:00:00Z
Q1396387,+1888-01-01T00:00:00Z
Q1396654,+1950-01-01T00:00:00Z
Q1396664,+1889-03-01T00:00:00Z
Q1396763,+1953-10-26T00:00:00Z
Q1396764,+1868-10-25T00:00:00Z
Q1397159,+1966-03-21T00:00:00Z
Q1397159,+1966-01-01T00:00:00Z
Q1397305,+1920-03-15T00:00:00Z
Q1397543,+1927-12-26T00:00:00Z
Q1397660,+1925-08-28T00:00:00Z
Q1397722,+1841-11-13T00:00:00Z
Q1397722,+1841-11-09T00:00:00Z
Q1397722,+1841-11-15T00:00:00Z
Q1397722,+1841-01-01T00:00:00Z
Q1398498,+1928-07-21T00:00:00Z
Q1398751,+1944-12-17T00:00:00Z
Q1398786,+1960-12-11T00:00:00Z
Q1399133,+1875-02-28T00:00:00Z
Q1399160,+1933-09-11T00:00:00Z
Q1399160,+1933-00-00T00:00:00Z
Q1399272,+1936-09-01T00:00:00Z
Q1399341,+1923-12-02T00:00:00Z
Q1399341,+1923-00-00T00:00:00Z
Q1399502,+1798-07-10T00:00:00Z
Q1399502,+1795-07-11T00:00:00Z
Q1399637,+1975-03-29T00:00:00Z
Q1400307,+1947-06-28T00:00:00Z
Q1402991,+1944-02-22T00:00:00Z
Q1403035,+1970-10-30T00:00:00Z
Q1404768,+1978-11-14T00:00:00Z
Q1405032,+1914-09-29T00:00:00Z
Q1405996,+1818-04-04T00:00:00Z
Q1406489,+1911-10-15T00:00:00Z
Q1407898,+1962-03-25T00:00:00Z
Q1408025,+1887-08-15T00:00:00Z
Q1408040,+1925-10-13T00:00:00Z
Q1409320,+1976-01-28T00:00:00Z
Q1409570,+1916-10-06T00:00:00Z
Q1409989,+1966-01-01T00:00:00Z
Q1410240,+1951-02-09T00:00:00Z
Q1412142,+1955-09-07T00:00:00Z
Q1413561,+1922-11-19T00:00:00Z
Q1416142,+1915-03-17T00:00:00Z
Q1417672,+1952-01-01T00:00:00Z
Q1417699,+1975-01-01T00:00:00Z
Q1418536,+1962-01-01T00:00:00Z
Q1419656,+1844-06-07T00:00:00Z
Q1419759,+1947-04-15T00:00:00Z
Q1420273,+1956-11-11T00:00:00Z
Q1422252,+1953-11-27T00:00:00Z
Q1422430,+1920-06-17T00:00:00Z
Q1422563,+1962-03-24T00:00:00Z
Q1434265,+1953-11-05T00:00:00Z
Q1434265,+1953-01-01T00:00:00Z
Q1434539,+1878-10-15T00:00:00Z
Q1434539,+1878-01-01T00:00:00Z
Q1434616,+1970-01-01T00:00:00Z
Q1434925,+1955-02-07T00:00:00Z
Q1434925,+1955-01-01T00:00:00Z
Q1435287,+1917-05-22T00:00:00Z
Q1437441,+1907-09-17T00:00:00Z
Q1439360,+1732-02-19T00:00:00Z
Q1439360,+1731-02-19T00:00:00Z
Q1439360,+1732-00-00T00:00:00Z
Q1439406,+1769-01-01T00:00:00Z
Q1440732,+1907-01-25T00:00:00Z
Q1440805,+1942-08-25T00:00:00Z
Q1441447,+1977-05-12T00:00:00Z
Q1441798,+1924-07-02T00:00:00Z
Q1441997,+1965-01-01T00:00:00Z
Q1442249,+1956-09-24T00:00:00Z
Q1443018,+1911-03-17T00:00:00Z
Q1443070,+1948-11-24T00:00:00Z
Q1443099,+1936-01-15T00:00:00Z
Q1443129,+1921-08-03T00:00:00Z
Q1443787,+1925-01-22T00:00:00Z
Q1443787,+1925-00-00T00:00:00Z
Q1444002,+1834-04-05T00:00:00Z
Q1444221,+1966-03-16T00:00:00Z
Q1444297,+1952-07-16T00:00:00Z
Q1444345,+1942-02-12T00:00:00Z
Q1444495,+1916-09-05T00:00:00Z
Q1445190,+1804-06-03T00:00:00Z
Q1445580,+1894-01-01T00:00:00Z
Q1445641,+1958-08-16T00:00:00Z
Q1446393,+1942-01-01T00:00:00Z
Q1446683,+1955-08-12T00:00:00Z
Q1448642,+1903-11-21T00:00:00Z
Q1448930,+1926-01-14T00:00:00Z
Q1449113,+1890-01-01T00:00:00Z
Q1449422,+1940-03-13T00:00:00Z
Q1452295,+1915-02-19T00:00:00Z
Q1452749,+1908-05-17T00:00:00Z
Q1452794,+1943-10-10T00:00:00Z
Q1452807,+1926-07-11T00:00:00Z
Q1452813,+1941-08-01T00:00:00Z
Q1452818,+1796-01-01T00:00:00Z
Q1452818,+1796-11-02T00:00:00Z
Q1453258,+1977-04-26T00:00:00Z
Q1453423,+1932-05-28T00:00:00Z
Q1453544,+1950-02-09T00:00:00Z
Q1453687,+1894-09-19T00:00:00Z
Q1453743,+1971-10-02T00:00:00Z
Q1456366,+1857-10-12T00:00:00Z
Q1456366,+1857-01-01T00:00:00Z
Q1456539,+1937-04-26T00:00:00Z
Q1456539,+1937-01-01T00:00:00Z
Q1457862,+1871-02-07T00:00:00Z
Q1458319,+1898-08-24T00:00:00Z
Q1458612,+1980-03-02T00:00:00Z
Q1460605,+1957-12-21T00:00:00Z
Q1465790,+1984-12-19T00:00:00Z
Q1468771,+1919-09-06T00:00:00Z
Q1468786,+1972-11-21T00:00:00Z
Q1469672,+1850-03-11T00:00:00Z
Q1470827,+1957-01-01T00:00:00Z
Q1473365,+1912-08-25T00:00:00Z
Q1474002,+1904-12-25T00:00:00Z
Q1475238,+1920-08-06T00:00:00Z
Q1475327,+1978-12-27T00:00:00Z
Q1475826,+1869-04-19T00:00:00Z
Q1477082,+1963-06-08T00:00:00Z
Q1477910,+1894-01-31T00:00:00Z
Q1479296,+1910-08-24T00:00:00Z
Q1480556,+1944-01-01T00:00:00Z
Q1481362,+1846-04-24T00:00:00Z
Q1481362,+1846-01-01T00:00:00Z
Q1483872,+1891-10-31T00:00:00Z
Q1487925,+1835-10-23T00:00:00Z
Q1489518,+1921-04-24T00:00:00Z
Q1490388,+1938-02-27T00:00:00Z
Q1490603,+1894-03-04T00:00:00Z
Q1491217,+1942-09-22T00:00:00Z
Q1493271,+2000-01-01T00:00:00Z
Q1494824,+1946-01-01T00:00:00Z
Q1495313,+1824-05-16T00:00:00Z
Q1496335,+1609-01-01T00:00:00Z
Q1496441,+1932-05-09T00:00:00Z
Q1496463,+1938-12-30T00:00:00Z
Q1496570,+1945-05-12T00:00:00Z
Q1497733,+1943-02-08T00:00:00Z
Q1499302,+1925-12-17T00:00:00Z
Q1502441,+1915-06-17T00:00:00Z
Q1502441,+1915-01-01T00:00:00Z
Q1502891,+1958-06-05T00:00:00Z
Q1505328,+1959-05-07T00:00:00Z
Q1506319,+1873-01-20T00:00:00Z
Q1506837,+1866-02-09T00:00:00Z
Q1506837,+1866-02-07T00:00:00Z
Q1506837,+1866-01-01T00:00:00Z
Q1506962,+1923-06-11T00:00:00Z
Q1506997,+1893-10-28T00:00:00Z
Q1507305,+1960-02-12T00:00:00Z
Q1507366,+1952-12-14T00:00:00Z
Q1507770,+1822-04-10T00:00:00Z
Q1508039,+1957-02-18T00:00:00Z
Q1508054,+1799-08-09T00:00:00Z
Q1508382,+1775-08-20T00:00:00Z
Q1508382,+1775-08-01T00:00:00Z
Q1508545,+1844-10-12T00:00:00Z
Q1508545,+1844-01-01T00:00:00Z
Q1508785,+1944-07-18T00:00:00Z
Q1508877,+1862-04-06T00:00:00Z
Q1509017,+1947-11-25T00:00:00Z
Q1509108,+1849-05-20T00:00:00Z
Q1509898,+1803-12-12T00:00:00Z
Q1509898,+1803-00-00T00:00:00Z
Q1510036,+1934-10-22T00:00:00Z
Q1515266,+1945-02-13T00:00:00Z
Q1515450,+1936-11-29T00:00:00Z
Q1515450,+1936-01-01T00:00:00Z
Q1515618,+1948-12-07T00:00:00Z
Q1515710,+1924-03-18T00:00:00Z
Q1515710,+1924-01-01T00:00:00Z
Q1518033,+1954-01-01T00:00:00Z
Q1518051,+1847-10-04T00:00:00Z
Q1518051,+1847-10-01T00:00:00Z
Q1518400,+1923-05-13T00:00:00Z
Q1521073,+1912-09-12T00:00:00Z
Q1521073,+1912-09-29T00:00:00Z
Q1521332,+1932-01-01T00:00:00Z
Q1522366,+1953-01-01T00:00:00Z
Q1522742,+1954-10-26T00:00:00Z
Q1524017,+1931-10-28T00:00:00Z
Q1524029,+1958-06-28T00:00:00Z
Q1524218,+1634-12-20T00:00:00Z
Q1524574,+1926-10-01T00:00:00Z
Q1524648,+1954-01-09T00:00:00Z
Q1524828,+1969-02-09T00:00:00Z
Q1524828,+1969-09-02T00:00:00Z
Q1526851,+1969-09-27T00:00:00Z
Q1529940,+1921-05-26T00:00:00Z
Q1530365,+1923-01-19T00:00:00Z
Q1530410,+1543-01-01T00:00:00Z
Q1530473,+1928-09-19T00:00:00Z
Q1530559,+1975-07-07T00:00:00Z
Q1530913,+1939-12-30T00:00:00Z
Q1532067,+1927-05-18T00:00:00Z
Q1532656,+1965-01-01T00:00:00Z
Q1534323,+1910-08-03T00:00:00Z
Q1536854,+1921-12-20T00:00:00Z
Q1536860,+1916-03-15T00:00:00Z
Q1540592,+1943-05-31T00:00:00Z
Q1541271,+1908-08-16T00:00:00Z
Q1543221,+1974-07-03T00:00:00Z
Q1544898,+1963-11-12T00:00:00Z
Q1544958,+1963-04-11T00:00:00Z
Q1545030,+1973-01-01T00:00:00Z
Q1545030,+1973-08-10T00:00:00Z
Q1545386,+1937-02-15T00:00:00Z
Q1546178,+1961-02-04T00:00:00Z
Q1553867,+1943-08-14T00:00:00Z
Q1555435,+1935-11-15T00:00:00Z
Q1555931,+1947-11-28T00:00:00Z
Q1556811,+1945-10-31T00:00:00Z
Q1559438,+1693-01-01T00:00:00Z
Q1561296,+1954-01-01T00:00:00Z
Q1561616,+1923-12-11T00:00:00Z
Q1562225,+1977-01-01T00:00:00Z
Q1562897,+1959-10-30T00:00:00Z
Q1563125,+1914-07-18T00:00:00Z
Q1563351,
Q1563821,+1946-03-01T00:00:00Z
Q1563964,+1914-08-20T00:00:00Z
Q1567034,+1958-07-14T00:00:00Z
Q1567518,+1938-10-19T00:00:00Z
Q1567739,+1894-04-08T00:00:00Z
Q1567739,+1894-01-01T00:00:00Z
Q1568679,+1938-01-01T00:00:00Z
Q1568679,+1938-08-19T00:00:00Z
Q1568956,+1862-06-11T00:00:00Z
Q1570571,+1932-09-09T00:00:00Z
Q1571552,+1953-07-30T00:00:00Z
Q1571850,+1840-05-02T00:00:00Z
Q1571850,+1840-01-01T00:00:00Z
Q1573270,+1967-08-16T00:00:00Z
Q1573454,+1904-09-05T00:00:00Z
Q1574176,+1912-09-12T00:00:00Z
Q1574176,+1902-09-12T00:00:00Z
Q1575073,+1899-01-01T00:00:00Z
Q1578894,+1911-07-12T00:00:00Z
Q1578894,+1911-01-01T00:00:00Z
Q1584576,+1958-03-06T00:00:00Z
Q1584951,+1929-08-01T00:00:00Z
Q1585832,+1856-08-19T00:00:00Z
Q1585832,+1856-00-00T00:00:00Z
Q1585875,+1961-02-04T00:00:00Z
Q1585984,+1925-05-25T00:00:00Z
Q1586159,+1908-07-07T00:00:00Z
Q1586250,+1937-11-01T00:00:00Z
Q1586451,+1935-06-07T00:00:00Z
Q1586611,+1908-01-05T00:00:00Z
Q1588385,+1901-12-09T00:00:00Z
Q1592436,+1964-07-14T00:00:00Z
Q1593961,+1973-02-08T00:00:00Z
Q1594680,+1882-01-28T00:00:00Z
Q1595809,+1888-08-06T00:00:00Z
Q1595809,+1888-01-01T00:00:00Z
Q1598125,+1878-08-27T00:00:00Z
Q1601829,+1895-04-04T00:00:00Z
Q1601880,+1959-01-07T00:00:00Z
Q1601998,+1867-09-13T00:00:00Z
Q1601998,+1867-00-00T00:00:00Z
Q1602297,+1937-10-02T00:00:00Z
Q1602297,+1937-01-01T00:00:00Z
Q1604549,+1912-01-31T00:00:00Z
Q1606343,+1975-03-12T00:00:00Z
Q1606714,+1889-10-06T00:00:00Z
Q1606880,+1972-07-25T00:00:00Z
Q1607063,+1898-09-07T00:00:00Z
Q1607236,+1882-03-05T00:00:00Z
Q1608527,+1941-04-04T00:00:00Z
Q1609112,+1931-01-01T00:00:00Z
Q1612773,+1961-11-12T00:00:00Z
Q1613614,+1849-02-06T00:00:00Z
Q1613614,+1849-01-01T00:00:00Z
Q1615369,+1837-10-09T00:00:00Z
Q1615369,+1837-01-01T00:00:00Z
Q1615734,+1893-04-08T00:00:00Z
Q1617184,+1933-09-23T00:00:00Z
Q1617365,+1959-10-23T00:00:00Z
Q1618607,+1902-07-10T00:00:00Z
Q1619374,+1953-02-03T00:00:00Z
Q1620007,+1796-05-25T00:00:00Z
Q1620148,+1873-02-10T00:00:00Z
Q1620233,+1965-11-28T00:00:00Z
Q1620306,+1861-07-15T00:00:00Z
Q1620313,+1932-09-30T00:00:00Z
Q1620636,+1954-03-18T00:00:00Z
Q1620971,+1962-12-18T00:00:00Z
Q1621314,+1848-09-23T00:00:00Z
Q1621314,+1848-01-01T00:00:00Z
Q1621326,+1949-06-14T00:00:00Z
Q1621598,+1917-09-27T00:00:00Z
Q1622795,+1973-01-06T00:00:00Z
Q1623364,+1913-01-22T00:00:00Z
Q1623364,+1913-00-00T00:00:00Z
Q1626025,+1943-02-19T00:00:00Z
Q1627461,+1942-01-09T00:00:00Z
Q1627887,+1914-04-26T00:00:00Z
Q1628278,+1953-04-24T00:00:00Z
Q1628278,+1953-01-01T00:00:00Z
Q1629792,+1906-09-30T00:00:00Z
Q1631799,+1931-04-02T00:00:00Z
Q1633025,+1937-08-21T00:00:00Z
Q1633338,+1949-08-25T00:00:00Z
Q1633343,+1925-04-11T00:00:00Z
Q1634009,+1928-05-29T00:00:00Z
Q1634191,+1905-06-21T00:00:00Z
Q1634842,+1930-12-08T00:00:00Z
Q1634870,+1977-12-16T00:00:00Z
Q1635435,+1973-01-14T00:00:00Z
Q1635919,+1957-08-01T00:00:00Z
Q1636074,+1943-01-01T00:00:00Z
Q1636074,+1955-00-00T00:00:00Z
Q1637205,+1978-07-03T00:00:00Z
Q1639201,+1908-06-05T00:00:00Z
Q1639223,+1925-07-28T00:00:00Z
Q1642211,+1958-05-04T00:00:00Z
Q1642740,+1779-05-02T00:00:00Z
Q1642740,+1779-00-00T00:00:00Z
Q1642918,+1918-08-31T00:00:00Z
Q1643790,+1919-04-17T00:00:00Z
Q1645179,+1899-11-13T00:00:00Z
Q1647133,+1960-07-24T00:00:00Z
Q1647940,+1886-06-11T00:00:00Z
Q1648047,+1930-01-10T00:00:00Z
Q1648047,+1930-01-01T00:00:00Z
Q1648830,+1931-03-10T00:00:00Z
Q1648986,+1962-03-06T00:00:00Z
Q1649511,+1967-08-21T00:00:00Z
Q1652128,+1924-02-18T00:00:00Z
Q1653062,+1929-08-13T00:00:00Z
Q1655990,+1970-01-01T00:00:00Z
Q1656572,+1815-11-12T00:00:00Z
Q1656572,+1815-01-01T00:00:00Z
Q1657241,+1925-07-24T00:00:00Z
Q1657847,+1936-08-17T00:00:00Z
Q1659012,
Q1659739,+1936-07-20T00:00:00Z
Q1660170,+1946-10-13T00:00:00Z
Q1660382,+1926-02-19T00:00:00Z
Q1662872,+1940-11-06T00:00:00Z
Q1663385,+1936-05-22T00:00:00Z
Q1669437,+1933-09-13T00:00:00Z
Q1669902,+1939-07-02T00:00:00Z
Q1670229,+1906-04-06T00:00:00Z
Q1671867,+1972-12-13T00:00:00Z
Q1671870,+1928-03-20T00:00:00Z
Q1672502,+1952-02-13T00:00:00Z
Q1673149,+1967-01-01T00:00:00Z
Q1673532,+1883-08-06T00:00:00Z
Q1673604,+1841-11-03T00:00:00Z
Q1673604,+1841-01-01T00:00:00Z
Q1673745,+1933-11-00T00:00:00Z
Q1675392,+1917-08-23T00:00:00Z
Q1675840,+1889-06-04T00:00:00Z
Q1675887,+1911-04-18T00:00:00Z
