entity,P69,country,countryLabel,continent,cultural,hdi
Q42,Q4961791,Q145,United Kingdom,Europe,English-speaking,Very high human development
Q42,Q691283,Q145,United Kingdom,Europe,English-speaking,Very high human development
Q272,Q273553,Q142,France,Europe,Catholic Europe,Very high human development
Q272,Q3268619,Q142,France,Europe,Catholic Europe,Very high human development
Q272,Q22976363,Q142,France,Europe,Catholic Europe,Very high human development
Q410,Q131252,Q30,United States,North America,English-speaking,Very high human development
Q410,Q131252,Q30,United States,North America,English-speaking,Very high human development
Q410,Q131252,Q30,United States,North America,English-speaking,Very high human development
Q410,Q7283638,Q30,United States,North America,English-speaking,Very high human development
Q448,Q1059546,Q142,France,Europe,Catholic Europe,Very high human development
Q448,Q471980,Q142,France,Europe,Catholic Europe,Very high human development
Q448,Q209842,Q142,France,Europe,Catholic Europe,Very high human development
Q535,Q209842,Q142,France,Europe,Catholic Europe,Very high human development
Q535,Q1059546,Q142,France,Europe,Catholic Europe,Very high human development
Q535,Q3268847,Q142,France,Europe,Catholic Europe,Very high human development
Q651,Q560023,Q183,Germany,Europe,Catholic Europe,Very high human development
Q651,Q153978,Q183,Germany,Europe,Catholic Europe,Very high human development
Q835,Q4348927,Q34266,,{},{},{}
Q835,Q4315019,Q212,Ukraine,Europe,Orthodox Europe,High human development
Q892,Q34433,Q145,United Kingdom,Europe,English-speaking,Very high human development
Q892,Q81173,Q145,United Kingdom,Europe,English-speaking,Very high human development
Q892,Q3197003,Q145,United Kingdom,Europe,English-speaking,Very high human development
Q892,Q7591528,Q145,United Kingdom,Europe,English-speaking,Very high human development
Q905,Q1729754,Q213,Czech Republic,Europe,Orthodox Europe,{}
Q905,Q31519,Q213,Czech Republic,Europe,Orthodox Europe,{}
Q905,Q102398072,Q213,Czech Republic,Europe,Orthodox Europe,{}
Q991,Q1141929,Q159,Russia,Europe,Orthodox Europe,{}
Q991,Q1141929,Q34266,,{},{},{}
Q991,Q1141929,Q15180,,{},{},{}
Q991,Q16680888,Q34266,,{},{},{}
Q1276,Q201492,Q16,Canada,North America,English-speaking,Very high human development
Q1276,Q49088,Q30,United States,North America,English-speaking,Very high human development
Q1276,Q7989327,Q16,Canada,North America,English-speaking,Very high human development
Q1276,Q60755018,Q16,Canada,North America,English-speaking,Very high human development
Q1276,Q60754693,Q16,Canada,North America,English-speaking,Very high human development
Q1276,Q17016035,Q16,Canada,North America,English-speaking,Very high human development
Q1276,Q14875553,Q16,Canada,North America,English-speaking,Very high human development
Q1316,Q194445,Q79,Egypt,Africa,African-Islamic,High human development
Q1403,Q152171,Q183,Germany,Europe,Catholic Europe,Very high human development
Q1512,Q160302,Q145,United Kingdom,Europe,English-speaking,Very high human development
Q1512,Q7895368,Q145,United Kingdom,Europe,English-speaking,Very high human development
Q1646,Q3128334,Q142,France,Europe,Catholic Europe,Very high human development
Q1646,Q125840931,Q142,France,Europe,Catholic Europe,Very high human development
Q1646,Q3064325,Q142,France,Europe,Catholic Europe,Very high human development
Q2754,Q35547078,Q213,Czech Republic,Europe,Orthodox Europe,{}
Q2908,Q471980,Q142,France,Europe,Catholic Europe,Very high human development
Q2908,Q3558736,Q39,Switzerland,Europe,Catholic Europe,Very high human development
Q2908,Q3268865,Q142,France,Europe,Catholic Europe,Very high human development
Q4128,Q3268614,Q142,France,Europe,Catholic Europe,Very high human development
Q4137,Q13164,Q159,Russia,Europe,Orthodox Europe,{}
Q4137,Q13164,Q15180,,{},{},{}
Q4137,Q13164,Q34266,,{},{},{}
Q4247,Q672022,Q39,Switzerland,Europe,Catholic Europe,Very high human development
Q4985,Q5149700,Q30,United States,North America,English-speaking,Very high human development
Q5673,Q12335994,Q35,Denmark,Europe,Protestant Europe,Very high human development
Q5673,Q186285,Q35,Denmark,Europe,Protestant Europe,Very high human development
Q5682,Q5849846,Q217196,,{},{},{}
Q5682,Q308963,Q29,Spain,Europe,Catholic Europe,Very high human development
Q5878,Q1150419,Q739,Colombia,South America,Latin America,High human development
Q5879,Q154804,Q183,Germany,Europe,Catholic Europe,Very high human development
Q5879,Q157575,Q142,France,Europe,Catholic Europe,Very high human development
Q6512,Q186285,Q35,Denmark,Europe,Protestant Europe,Very high human development
Q6512,Q4582201,Q35,Denmark,Europe,Protestant Europe,Very high human development
Q6515,Q5189653,Q145,United Kingdom,Europe,English-speaking,Very high human development
Q6515,Q5367796,Q145,United Kingdom,Europe,English-speaking,Very high human development
Q6519,Q27265,Q40,Austria,Europe,Catholic Europe,Very high human development
Q6538,Q662355,Q183,Germany,Europe,Catholic Europe,Very high human development
Q6538,Q55038,Q183,Germany,Europe,Catholic Europe,Very high human development
Q6538,Q60888668,Q36,Poland,Europe,Catholic Europe,Very high human development
Q6882,Q1068258,Q27,Ireland,Europe,English-speaking,Very high human development
Q6882,Q2294995,Q27,Ireland,Europe,English-speaking,Very high human development
Q6882,Q3777738,Q27,Ireland,Europe,English-speaking,Very high human development
Q6950,Q41506,Q30,United States,North America,English-speaking,Very high human development
Q6950,Q1061104,Q30,United States,North America,English-speaking,Very high human development
Q6950,Q6382227,Q30,United States,North America,English-speaking,Very high human development
Q7176,Q194445,Q79,Egypt,Africa,African-Islamic,High human development
Q7197,Q209842,Q142,France,Europe,Catholic Europe,Very high human development
Q7197,Q3268681,Q142,France,Europe,Catholic Europe,Very high human development
Q7197,Q214654,Q142,France,Europe,Catholic Europe,Very high human development
Q7197,Q1470431,Q142,France,Europe,Catholic Europe,Very high human development
Q7199,Q273553,Q142,France,Europe,Catholic Europe,Very high human development
Q7199,Q209842,Q142,France,Europe,Catholic Europe,Very high human development
Q7200,Q775909,Q34266,,{},{},{}
Q7200,Q775909,Q159,Russia,Europe,Orthodox Europe,{}
Q7241,Q193196,Q145,United Kingdom,Europe,English-speaking,Very high human development
Q7241,Q2983685,Q668,India,Asia,Indosphere,Medium human development
Q7243,Q28482293,Q34266,,{},{},{}
Q7245,Q5048217,Q30,United States,North America,English-speaking,Very high human development
Q7345,Q49165,Q30,United States,North America,English-speaking,Very high human development
Q7345,Q1426464,Q30,United States,North America,English-speaking,Very high human development
Q7724,Q185246,Q34,Sweden,Europe,Protestant Europe,Very high human development
Q7841,Q1878600,Q142,France,Europe,Catholic Europe,Very high human development
Q7934,Q219563,Q30,United States,North America,English-speaking,Very high human development
Q7934,Q7056572,Q30,United States,North America,English-speaking,Very high human development
Q7934,Q6550734,Q30,United States,North America,English-speaking,Very high human development
Q8312,Q182973,Q30,United States,North America,English-speaking,Very high human development
Q8312,Q5403378,Q30,United States,North America,English-speaking,Very high human development
Q8998,Q10379501,Q148,People's Republic of China,Asia,Confucian,{}
Q8998,Q1604022,Q148,People's Republic of China,Asia,Confucian,{}
Q9327,Q1878600,Q142,France,Europe,Catholic Europe,Very high human development
Q9327,Q3268638,Q142,France,Europe,Catholic Europe,Very high human development
Q9327,Q123138282,Q142,France,Europe,Catholic Europe,Very high human development
Q9364,Q1878600,Q142,France,Europe,Catholic Europe,Very high human development
Q9364,Q83259,Q142,France,Europe,Catholic Europe,Very high human development
Q9364,Q3128334,Q142,France,Europe,Catholic Europe,Very high human development
Q9364,Q1059546,Q142,France,Europe,Catholic Europe,Very high human development
Q9364,Q209842,Q142,France,Europe,Catholic Europe,Very high human development
Q9711,Q209842,Q142,France,Europe,Catholic Europe,Very high human development
Q9711,Q748307,Q142,France,Europe,Catholic Europe,Very high human development
Q9711,Q3064259,Q142,France,Europe,Catholic Europe,Very high human development
Q10731,Q7603623,Q30,United States,North America,English-speaking,Very high human development
Q10731,Q7969045,Q30,United States,North America,English-speaking,Very high human development
Q12807,Q499911,Q38,Italy,Europe,Catholic Europe,Very high human development
Q12881,Q18474196,Q155,Brazil,South America,Latin America,High human development
Q12903,Q1153094,Q17,Japan,Asia,West & South Asia,Very high human development
Q12903,Q11453658,Q17,Japan,Asia,West & South Asia,Very high human development
Q13012,Q132140,Q155,Brazil,South America,Latin America,High human development
Q13012,Q5428838,Q155,Brazil,South America,Latin America,High human development
Q13012,Q18473476,Q155,Brazil,South America,Latin America,High human development
Q13914,Q3075124,Q16,Canada,North America,English-speaking,Very high human development
Q13914,Q3539292,Q16,Canada,North America,English-speaking,Very high human development
Q14063,Q1137665,Q31,Belgium,Europe,Catholic Europe,Very high human development
Q14063,Q1137665,Q29999,Kingdom of the Netherlands,Europe,Protestant Europe,{}
Q14063,Q1137665,Q31,Belgium,Europe,Catholic Europe,Very high human development
Q15975,Q2983769,Q142,France,Europe,Catholic Europe,Very high human development
Q15975,Q471980,Q142,France,Europe,Catholic Europe,Very high human development
Q16297,Q7988891,Q16,Canada,North America,English-speaking,Very high human development
Q16297,Q6906256,Q16,Canada,North America,English-speaking,Very high human development
Q16297,Q5263643,Q16,Canada,North America,English-speaking,Very high human development
Q16297,Q4862212,Q16,Canada,North America,English-speaking,Very high human development
Q16297,Q60755010,Q16,Canada,North America,English-speaking,Very high human development
Q16297,Q201492,Q16,Canada,North America,English-speaking,Very high human development
Q16297,Q1517974,Q30,United States,North America,English-speaking,Very high human development
Q16297,Q5027389,Q16,Canada,North America,English-speaking,Very high human development
Q16297,Q7989327,Q16,Canada,North America,English-speaking,Very high human development
Q16297,Q99286585,Q16,Canada,North America,English-speaking,Very high human development
Q16400,Q16952,Q148,People's Republic of China,Asia,Confucian,{}
Q16400,Q1760244,Q148,People's Republic of China,Asia,Confucian,{}
Q16400,Q1760244,Q13426199,,{},{},{}
Q16867,Q213439,Q30,United States,North America,English-speaking,Very high human development
Q16867,Q9219,Q30,United States,North America,English-speaking,Very high human development
Q18143,Q1144682,Q148,People's Republic of China,Asia,Confucian,{}
Q18143,Q6202608,Q148,People's Republic of China,Asia,Confucian,{}
Q18349,Q274486,Q17,Japan,Asia,West & South Asia,Very high human development
Q18391,Q3064325,Q142,France,Europe,Catholic Europe,Very high human development
Q18445,Q238101,Q30,United States,North America,English-speaking,Very high human development
Q18914,Q274486,Q17,Japan,Asia,West & South Asia,Very high human development
Q18914,Q7971391,Q17,Japan,Asia,West & South Asia,Very high human development
Q19330,Q168756,Q30,United States,North America,English-speaking,Very high human development
Q19330,Q5338391,Q30,United States,North America,English-speaking,Very high human development
Q19526,Q5545977,Q30,United States,North America,English-speaking,Very high human development
Q19526,Q16850567,Q30,United States,North America,English-speaking,Very high human development
Q20733,Q3268602,Q142,France,Europe,Catholic Europe,Very high human development
Q22665,Q11458413,Q17,Japan,Asia,West & South Asia,Very high human development
Q22665,Q11524652,Q17,Japan,Asia,West & South Asia,Very high human development
Q22665,Q204626,Q17,Japan,Asia,West & South Asia,Very high human development
Q22670,Q884150,Q183,Germany,Europe,Catholic Europe,Very high human development
Q22670,Q154561,Q183,Germany,Europe,Catholic Europe,Very high human development
Q23114,Q1062129,Q17,Japan,Asia,West & South Asia,Very high human development
Q23114,Q9328584,Q17,Japan,Asia,West & South Asia,Very high human development
Q23114,Q40278731,Q17,Japan,Asia,West & South Asia,Very high human development
Q23434,Q7073679,Q30,United States,North America,English-speaking,Very high human development
Q23434,Q6133604,Q30,United States,North America,English-speaking,Very high human development
Q23441,Q3268916,Q142,France,Europe,Catholic Europe,Very high human development
Q23441,Q3064259,Q142,France,Europe,Catholic Europe,Very high human development
Q23685,Q5547746,Q30,United States,North America,English-speaking,Very high human development
Q23685,Q864855,Q30,United States,North America,English-speaking,Very high human development
Q23685,Q559549,Q30,United States,North America,English-speaking,Very high human development
Q23685,Q1567748,Q30,United States,North America,English-speaking,Very high human development
Q24632,Q1066989,Q30,United States,North America,English-speaking,Very high human development
Q24632,Q6270004,Q30,United States,North America,English-speaking,Very high human development
Q24632,Q1179603,Q30,United States,North America,English-speaking,Very high human development
Q25120,Q3831952,Q38,Italy,Europe,Catholic Europe,Very high human development
Q25120,Q131262,Q38,Italy,Europe,Catholic Europe,Very high human development
Q25161,Q3933220,Q145,United Kingdom,Europe,English-speaking,Very high human development
Q25161,Q7721717,Q145,United Kingdom,Europe,English-speaking,Very high human development
Q25161,Q845623,Q145,United Kingdom,Europe,English-speaking,Very high human development
Q25973,Q1697093,Q183,Germany,Europe,Catholic Europe,Very high human development
Q25973,Q1381118,Q183,Germany,Europe,Catholic Europe,Very high human development
Q26116,Q616591,Q30,United States,North America,English-speaking,Very high human development
Q26412,Q1250779,Q159,Russia,Europe,Orthodox Europe,{}
Q26412,Q1250779,Q15180,,{},{},{}
Q26993,Q156737,Q183,Germany,Europe,Catholic Europe,Very high human development
Q26993,Q152087,Q183,Germany,Europe,Catholic Europe,Very high human development
Q26993,Q1610477,Q183,Germany,Europe,Catholic Europe,Very high human development
Q26993,Q454607,Q183,Germany,Europe,Catholic Europe,Very high human development
Q28480,Q12047389,Q213,Czech Republic,Europe,Orthodox Europe,{}
Q28494,Q2649559,Q148499,,{},{},{}
Q28494,Q2649559,Q38872,,{},{},{}
Q29344,Q49115,Q30,United States,North America,English-speaking,Very high human development
Q29344,Q1182421,Q30,United States,North America,English-speaking,Very high human development
Q29621,Q762266,Q30,United States,North America,English-speaking,Very high human development
Q30875,Q81162,Q145,United Kingdom,Europe,English-speaking,Very high human development
Q30875,Q258464,Q27,Ireland,Europe,English-speaking,Very high human development
Q31215,Q165980,Q40,Austria,Europe,Catholic Europe,Very high human development
Q31215,Q1282917,Q403,Serbia,Europe,Orthodox Europe,Very high human development
Q31215,Q1413977,Q218,Romania,Europe,Catholic Europe,Very high human development
Q31215,Q20437431,Q218,Romania,Europe,Catholic Europe,Very high human development
Q31215,Q240631,Q403,Serbia,Europe,Orthodox Europe,Very high human development
Q31231,Q492318,Q30,United States,North America,English-speaking,Very high human development
Q31984,Q768054,Q30,United States,North America,English-speaking,Very high human development
Q31984,Q5109359,Q30,United States,North America,English-speaking,Very high human development
Q33055,Q20747422,Q142,France,Europe,Catholic Europe,Very high human development
Q33055,Q3268811,Q142,France,Europe,Catholic Europe,Very high human development
Q33055,Q3268602,Q142,France,Europe,Catholic Europe,Very high human development
Q33055,Q52440672,Q142,France,Europe,Catholic Europe,Very high human development
Q33977,Q3268696,Q142,France,Europe,Catholic Europe,Very high human development
Q33977,Q3268936,Q142,France,Europe,Catholic Europe,Very high human development
Q33977,Q209842,Q142,France,Europe,Catholic Europe,Very high human development
Q34190,Q192088,Q145,United Kingdom,Europe,English-speaking,Very high human development
Q34190,Q156598,Q55,Netherlands,Europe,Protestant Europe,Very high human development
Q34474,Q4398500,Q34266,,{},{},{}
Q34474,Q4398500,Q15180,,{},{},{}
Q34474,Q4398500,Q159,Russia,Europe,Orthodox Europe,{}
Q34660,Q8039722,Q145,United Kingdom,Europe,English-speaking,Very high human development
Q34660,Q1414861,Q145,United Kingdom,Europe,English-speaking,Very high human development
Q34670,Q1190852,Q262,Algeria,Africa,African-Islamic,High human development
Q34670,Q1190852,Q142,France,Europe,Catholic Europe,Very high human development
Q34743,Q16902315,Q174193,,{},{},{}
Q34970,Q472316,Q145,United Kingdom,Europe,English-speaking,Very high human development
Q34970,Q7063652,Q145,United Kingdom,Europe,English-speaking,Very high human development
Q34970,Q170027,Q145,United Kingdom,Europe,English-speaking,Very high human development
Q34981,Q49088,Q30,United States,North America,English-speaking,Very high human development
Q34981,Q5149833,Q30,United States,North America,English-speaking,Very high human development
Q34981,Q5149901,Q30,United States,North America,English-speaking,Very high human development
Q34981,Q4952707,Q30,United States,North America,English-speaking,Very high human development
Q34981,Q4952658,Q30,United States,North America,English-speaking,Very high human development
Q35155,Q49115,Q30,United States,North America,English-speaking,Very high human development
Q35155,Q7116316,Q30,United States,North America,English-speaking,Very high human development
Q35610,Q7619623,Q145,United Kingdom,Europe,English-speaking,Very high human development
Q35610,Q2274271,Q145,United Kingdom,Europe,English-speaking,Very high human development
Q35610,Q874457,Q40,Austria,Europe,Catholic Europe,Very high human development
Q35610,Q2635089,Q145,United Kingdom,Europe,English-speaking,Very high human development
Q36184,Q258464,Q27,Ireland,Europe,English-speaking,Very high human development
Q36322,Q45319220,Q145,United Kingdom,Europe,English-speaking,Very high human development
Q36322,Q7712108,Q145,United Kingdom,Europe,English-speaking,Very high human development
Q36322,Q3182943,Q145,United Kingdom,Europe,English-speaking,Very high human development
Q36591,Q332342,Q145,United Kingdom,Europe,English-speaking,Very high human development
Q36591,Q35794,Q145,United Kingdom,Europe,English-speaking,Very high human development
Q36951,Q154804,Q183,Germany,Europe,Catholic Europe,Very high human development
Q36951,Q390287,Q28,Hungary,Europe,Catholic Europe,Very high human development
Q37030,Q55044,Q183,Germany,Europe,Catholic Europe,Very high human development
Q37030,Q157808,Q183,Germany,Europe,Catholic Europe,Very high human development
Q37030,Q454607,Q183,Germany,Europe,Catholic Europe,Very high human development
Q37327,Q258464,Q27,Ireland,Europe,English-speaking,Very high human development
Q38049,Q837657,Q218,Romania,Europe,Catholic Europe,Very high human development
Q38082,Q745967,Q145,United Kingdom,Europe,English-speaking,Very high human development
Q38082,Q1143281,Q145,United Kingdom,Europe,English-speaking,Very high human development
Q38082,Q34433,Q145,United Kingdom,Europe,English-speaking,Very high human development
Q38082,Q7330984,Q145,United Kingdom,Europe,English-speaking,Very high human development
Q38392,Q213439,Q30,United States,North America,English-speaking,Very high human development
Q38392,Q1138384,Q30,United States,North America,English-speaking,Very high human development
Q38849,Q204626,Q17,Japan,Asia,West & South Asia,Very high human development
Q39212,Q41506,Q30,United States,North America,English-speaking,Very high human development
Q39212,Q7404648,Q30,United States,North America,English-speaking,Very high human development
Q39803,Q270145,Q419,Peru,South America,Latin America,High human development
Q39803,Q219694,Q29,Spain,Europe,Catholic Europe,Very high human development
Q39803,Q839058,Q419,Peru,South America,Latin America,High human development
Q39803,Q5776940,Q419,Peru,South America,Latin America,High human development
Q39803,Q5777167,Q419,Peru,South America,Latin America,High human development
Q39829,Q6558629,Q30,United States,North America,English-speaking,Very high human development
Q39829,Q1307345,Q30,United States,North America,English-speaking,Very high human development
Q39829,Q5645975,Q30,United States,North America,English-speaking,Very high human development
Q39829,Q6558622,Q30,United States,North America,English-speaking,Very high human development
Q39987,Q167733,Q30,United States,North America,English-speaking,Very high human development
Q39987,Q49088,Q30,United States,North America,English-speaking,Very high human development
Q39987,Q3439758,Q30,United States,North America,English-speaking,Very high human development
Q40479,Q1516684,Q145,United Kingdom,Europe,English-speaking,Very high human development
Q40479,Q5648588,Q145,United Kingdom,Europe,English-speaking,Very high human development
Q40874,Q5290740,Q954,Zimbabwe,Africa,Sub-Saharan Africa,Medium human development
Q40909,Q245247,Q145,United Kingdom,Europe,English-speaking,Very high human development
Q41042,Q981195,Q145,United Kingdom,Europe,English-speaking,Very high human development
Q41042,Q523926,Q145,United Kingdom,Europe,English-speaking,Very high human development
Q41130,Q50035280,Q414,Argentina,South America,Latin America,Very high human development
Q41130,Q1367388,Q96,Mexico,North America,Latin America,High human development
Q41166,Q258464,Q27,Ireland,Europe,English-speaking,Very high human development
Q41166,Q81090,Q145,United Kingdom,Europe,English-speaking,Very high human development
Q41166,Q6407035,Q27,Ireland,Europe,English-speaking,Very high human development
Q41223,Q3890936,Q34266,,{},{},{}
Q41223,Q3890936,Q2305208,,{},{},{}
Q41223,Q3890936,Q15180,,{},{},{}
Q41223,Q155354,Q183,Germany,Europe,Catholic Europe,Very high human development
Q41223,Q13164,Q159,Russia,Europe,Orthodox Europe,{}
Q41223,Q13164,Q15180,,{},{},{}
Q41223,Q13164,Q34266,,{},{},{}
Q41223,Q27923720,Q34266,,{},{},{}
Q41488,Q503424,Q145,United Kingdom,Europe,English-speaking,Very high human development
Q41488,Q1169487,Q1033,Nigeria,Africa,Sub-Saharan Africa,Medium human development
Q41488,Q170027,Q145,United Kingdom,Europe,English-speaking,Very high human development
Q41488,Q30589924,Q1033,Nigeria,Africa,Sub-Saharan Africa,Medium human development
Q41502,Q144488,Q36,Poland,Europe,Catholic Europe,Very high human development
Q41590,Q1145306,Q668,India,Asia,Indosphere,Medium human development
Q41590,Q608338,Q218,Romania,Europe,Catholic Europe,Very high human development
Q42037,Q459506,Q145,United Kingdom,Europe,English-speaking,Very high human development
Q42037,Q2302586,Q142,France,Europe,Catholic Europe,Very high human development
Q42037,Q1198571,Q142,France,Europe,Catholic Europe,Very high human development
Q42037,Q1687719,Q142,France,Europe,Catholic Europe,Very high human development
Q42037,Q19370961,Q142,France,Europe,Catholic Europe,Very high human development
Q42443,Q2983698,Q142,France,Europe,Catholic Europe,Very high human development
Q42511,Q7373985,Q145,United Kingdom,Europe,English-speaking,Very high human development
Q42511,Q170027,Q145,United Kingdom,Europe,English-speaking,Very high human development
Q42544,Q69482,Q145,United Kingdom,Europe,English-speaking,Very high human development
Q42544,Q6729834,Q145,United Kingdom,Europe,English-speaking,Very high human development
Q42747,Q54096,Q183,Germany,Europe,Catholic Europe,Very high human development
Q42831,Q20266894,Q27306,,{},{},{}
Q42831,Q3064303,Q159,Russia,Europe,Orthodox Europe,{}
Q42831,Q27923720,Q34266,,{},{},{}
Q42831,Q152087,Q183,Germany,Europe,Catholic Europe,Very high human development
Q43227,Q714717,Q145,United Kingdom,Europe,English-speaking,Very high human development
Q43293,Q951305,Q258,South Africa,Africa,Sub-Saharan Africa,High human development
Q43293,Q49213,Q30,United States,North America,English-speaking,Very high human development
Q43293,Q15574,Q408,Australia,Australia,English-speaking,Very high human development
Q43293,Q15574,Q174193,,{},{},{}
Q43444,Q84784869,Q142,France,Europe,Catholic Europe,Very high human development
Q43444,Q20749406,Q142,France,Europe,Catholic Europe,Very high human development
Q43444,Q3268638,Q142,France,Europe,Catholic Europe,Very high human development
Q43523,Q154561,Q183,Germany,Europe,Catholic Europe,Very high human development
Q43736,Q7842,Q17,Japan,Asia,West & South Asia,Very high human development
Q44183,Q899030,Q145,United Kingdom,Europe,English-speaking,Very high human development
Q44183,Q34433,Q145,United Kingdom,Europe,English-speaking,Very high human development
Q44183,Q15248403,Q145,United Kingdom,Europe,English-speaking,Very high human development
Q44219,Q1321380,Q30,United States,North America,English-speaking,Very high human development
Q44306,Q1143281,Q145,United Kingdom,Europe,English-speaking,Very high human development
Q44306,Q924289,Q145,United Kingdom,Europe,English-speaking,Very high human development
Q44306,Q5052294,Q668,India,Asia,Indosphere,Medium human development
Q44331,Q165980,Q40,Austria,Europe,Catholic Europe,Very high human development
Q44331,Q414936,Q40,Austria,Europe,Catholic Europe,Very high human development
Q44336,Q871369,Q40,Austria,Europe,Catholic Europe,Very high human development
Q44490,Q73079,Q145,United Kingdom,Europe,English-speaking,Very high human development
Q44490,Q5599084,Q145,United Kingdom,Europe,English-speaking,Very high human development
Q44519,Q10532337,Q34,Sweden,Europe,Protestant Europe,Very high human development
Q44593,Q81087,Q145,United Kingdom,Europe,English-speaking,Very high human development
Q44593,Q7270097,Q754,Trinidad and Tobago,South America,Latin America,Very high human development
Q45221,Q414041,Q183,Germany,Europe,Catholic Europe,Very high human development
Q45765,Q168756,Q30,United States,North America,English-speaking,Very high human development
Q45765,Q7074010,Q30,United States,North America,English-speaking,Very high human development
Q46248,Q15229665,Q145,United Kingdom,Europe,English-speaking,Very high human development
Q46599,Q3577830,Q34266,,{},{},{}
Q46599,Q3577830,Q159,Russia,Europe,Orthodox Europe,{}
Q46599,Q4304309,Q159,Russia,Europe,Orthodox Europe,{}
Q47087,Q245247,Q145,United Kingdom,Europe,English-speaking,Very high human development
Q47087,Q7326593,Q145,United Kingdom,Europe,English-speaking,Very high human development
Q47162,Q83259,Q142,France,Europe,Catholic Europe,Very high human development
Q47162,Q1059546,Q142,France,Europe,Catholic Europe,Very high human development
Q47162,Q471980,Q142,France,Europe,Catholic Europe,Very high human development
Q47162,Q209842,Q142,France,Europe,Catholic Europe,Very high human development
Q47243,Q876640,Q40,Austria,Europe,Catholic Europe,Very high human development
Q47243,Q165980,Q40,Austria,Europe,Catholic Europe,Very high human development
Q47484,Q1878600,Q142,France,Europe,Catholic Europe,Very high human development
Q47484,Q3577716,Q142,France,Europe,Catholic Europe,Very high human development
Q47561,Q622683,Q40,Austria,Europe,Catholic Europe,Very high human development
Q47561,Q3445232,Q224,Croatia,Europe,Catholic Europe,Very high human development
Q47561,Q165980,Q40,Austria,Europe,Catholic Europe,Very high human development
Q47561,Q9379425,Q36,Poland,Europe,Catholic Europe,Very high human development
Q47619,Q534643,Q258,South Africa,Africa,Sub-Saharan Africa,High human development
Q47755,Q1161544,Q28,Hungary,Europe,Catholic Europe,Very high human development
Q48559,Q2723670,Q79,Egypt,Africa,African-Islamic,High human development
Q48559,Q55044,Q183,Germany,Europe,Catholic Europe,Very high human development
Q76258,Q55044,Q183,Germany,Europe,Catholic Europe,Very high human development
Q76370,Q54096,Q183,Germany,Europe,Catholic Europe,Very high human development
Q76370,Q153987,Q183,Germany,Europe,Catholic Europe,Very high human development
Q76370,Q533069,Q183,Germany,Europe,Catholic Europe,Very high human development
Q76409,Q1727138,Q30,United States,North America,English-speaking,Very high human development
Q76409,Q14683182,Q30,United States,North America,English-speaking,Very high human development
Q76409,Q7648208,Q30,United States,North America,English-speaking,Very high human development
Q76480,Q20266330,Q38872,,{},{},{}
Q76480,Q20266330,Q1206012,,{},{},{}
Q76483,Q1729754,Q213,Czech Republic,Europe,Orthodox Europe,{}
Q76483,Q55044,Q183,Germany,Europe,Catholic Europe,Very high human development
Q76487,Q152171,Q183,Germany,Europe,Catholic Europe,Very high human development
Q76487,Q152087,Q183,Germany,Europe,Catholic Europe,Very high human development
Q76487,Q1457922,Q183,Germany,Europe,Catholic Europe,Very high human development
Q76492,Q159895,Q183,Germany,Europe,Catholic Europe,Very high human development
Q76534,Q131252,Q30,United States,North America,English-speaking,Very high human development
Q76546,Q154804,Q183,Germany,Europe,Catholic Europe,Very high human development
Q76632,Q15787840,Q183,Germany,Europe,Catholic Europe,Very high human development
Q76632,Q42409359,Q183,Germany,Europe,Catholic Europe,Very high human development
Q76699,Q151510,Q183,Germany,Europe,Catholic Europe,Very high human development
Q76699,Q153006,Q183,Germany,Europe,Catholic Europe,Very high human development
Q76699,Q1793039,Q183,Germany,Europe,Catholic Europe,Very high human development
Q76699,Q153987,Q183,Germany,Europe,Catholic Europe,Very high human development
Q76755,Q55044,Q183,Germany,Europe,Catholic Europe,Very high human development
Q76755,Q151510,Q183,Germany,Europe,Catholic Europe,Very high human development
Q76755,Q154561,Q183,Germany,Europe,Catholic Europe,Very high human development
Q76755,Q152087,Q183,Germany,Europe,Catholic Europe,Very high human development
Q76949,Q1351317,Q858,Syria,Asia,African-Islamic,{}
Q77079,Q154804,Q183,Germany,Europe,Catholic Europe,Very high human development
Q77087,Q2576235,Q183,Germany,Europe,Catholic Europe,Very high human development
Q77204,Q32120,Q183,Germany,Europe,Catholic Europe,Very high human development
Q77204,Q165980,Q40,Austria,Europe,Catholic Europe,Very high human development
Q77204,Q151510,Q183,Germany,Europe,Catholic Europe,Very high human development
Q77204,Q1602075,Q36,Poland,Europe,Catholic Europe,Very high human development
Q77226,Q157808,Q183,Germany,Europe,Catholic Europe,Very high human development
Q77319,Q151510,Q183,Germany,Europe,Catholic Europe,Very high human development
Q77319,Q1205816,Q16957,,{},{},{}
Q77319,Q1205816,Q183,Germany,Europe,Catholic Europe,Very high human development
Q77319,Q1667250,Q183,Germany,Europe,Catholic Europe,Very high human development
Q77549,Q152171,Q183,Germany,Europe,Catholic Europe,Very high human development
Q77728,Q151510,Q183,Germany,Europe,Catholic Europe,Very high human development
Q77751,Q154804,Q183,Germany,Europe,Catholic Europe,Very high human development
Q77751,Q153987,Q183,Germany,Europe,Catholic Europe,Very high human development
Q78003,Q152171,Q183,Germany,Europe,Catholic Europe,Very high human development
Q78386,Q153006,Q183,Germany,Europe,Catholic Europe,Very high human development
Q78487,Q152087,Q183,Germany,Europe,Catholic Europe,Very high human development
Q78491,Q165980,Q40,Austria,Europe,Catholic Europe,Very high human development
Q78494,Q689400,Q40,Austria,Europe,Catholic Europe,Very high human development
Q79025,Q160302,Q145,United Kingdom,Europe,English-speaking,Very high human development
Q79025,Q2171033,Q145,United Kingdom,Europe,English-speaking,Very high human development
Q79025,Q6386542,Q145,United Kingdom,Europe,English-speaking,Very high human development
Q79025,Q6276604,Q30,United States,North America,English-speaking,Very high human development
Q79025,Q7895368,Q145,United Kingdom,Europe,English-speaking,Very high human development
Q79089,Q875788,Q40,Austria,Europe,Catholic Europe,Very high human development
Q79904,Q49088,Q30,United States,North America,English-speaking,Very high human development
Q79904,Q5149901,Q30,United States,North America,English-speaking,Very high human development
Q79904,Q4008225,Q30,United States,North America,English-speaking,Very high human development
Q79904,Q6800060,Q30,United States,North America,English-speaking,Very high human development
Q79904,Q7117078,Q30,United States,North America,English-speaking,Very high human development
Q80064,Q165980,Q40,Austria,Europe,Catholic Europe,Very high human development
Q80095,Q7842,Q17,Japan,Asia,West & South Asia,Very high human development
Q80137,Q5179435,Q145,United Kingdom,Europe,English-speaking,Very high human development
Q80137,Q23930603,Q31,Belgium,Europe,Catholic Europe,Very high human development
Q80596,Q4669021,Q30,United States,North America,English-speaking,Very high human development
Q80596,Q230492,Q30,United States,North America,English-speaking,Very high human development
Q80889,Q11970414,Q20,Norway,Europe,Protestant Europe,Very high human development
Q80900,Q49115,Q30,United States,North America,English-speaking,Very high human development
Q80900,Q7291901,Q30,United States,North America,English-speaking,Very high human development
Q81071,Q4564567,Q30,United States,North America,English-speaking,Very high human development
Q81447,Q805285,Q145,United Kingdom,Europe,English-speaking,Very high human development
Q81447,Q192088,Q145,United Kingdom,Europe,English-speaking,Very high human development
Q81685,Q273570,Q142,France,Europe,Catholic Europe,Very high human development
Q81685,Q3268942,Q142,France,Europe,Catholic Europe,Very high human development
Q81685,Q20791505,Q142,France,Europe,Catholic Europe,Very high human development
Q81796,Q160302,Q145,United Kingdom,Europe,English-speaking,Very high human development
Q81796,Q5566738,Q145,United Kingdom,Europe,English-speaking,Very high human development
Q81796,Q5313789,Q145,United Kingdom,Europe,English-speaking,Very high human development
Q81796,Q24197216,Q145,United Kingdom,Europe,English-speaking,Very high human development
Q82006,Q7591549,Q145,United Kingdom,Europe,English-speaking,Very high human development
Q82032,Q610999,Q145,United Kingdom,Europe,English-speaking,Very high human development
Q82032,Q73079,Q145,United Kingdom,Europe,English-speaking,Very high human development
Q82032,Q7755270,Q145,United Kingdom,Europe,English-speaking,Very high human development
Q82075,Q610999,Q145,United Kingdom,Europe,English-speaking,Very high human development
Q82075,Q73079,Q145,United Kingdom,Europe,English-speaking,Very high human development
Q82075,Q5303281,Q145,United Kingdom,Europe,English-speaking,Very high human development
Q82104,Q192088,Q145,United Kingdom,Europe,English-speaking,Very high human development
Q82104,Q17020147,Q145,United Kingdom,Europe,English-speaking,Very high human development
Q82104,Q55044,Q183,Germany,Europe,Catholic Europe,Very high human development
Q82104,Q503473,Q39,Switzerland,Europe,Catholic Europe,Very high human development
Q82104,Q503473,Q23366230,,{},{},{}
Q82104,Q503473,Q142,France,Europe,Catholic Europe,Very high human development
Q82104,Q503473,Q23366230,,{},{},{}
Q82104,Q503473,Q39,Switzerland,Europe,Catholic Europe,Very high human development
Q82104,Q5316700,Q145,United Kingdom,Europe,English-speaking,Very high human development
Q82217,Q1138384,Q30,United States,North America,English-speaking,Very high human development
Q82248,Q1247373,Q145,United Kingdom,Europe,English-speaking,Very high human development
Q82248,Q1376987,Q145,United Kingdom,Europe,English-speaking,Very high human development
Q82349,Q332498,Q30,United States,North America,English-speaking,Very high human development
Q82349,Q14711896,Q30,United States,North America,English-speaking,Very high human development
Q82925,Q4865820,Q36,Poland,Europe,Catholic Europe,Very high human development
Q83059,Q838330,Q30,United States,North America,English-speaking,Very high human development
Q83059,Q131252,Q30,United States,North America,English-speaking,Very high human development
Q83059,Q309350,Q30,United States,North America,English-speaking,Very high human development
Q83059,Q7351646,Q30,United States,North America,English-speaking,Very high human development
Q83059,Q60755010,Q16,Canada,North America,English-speaking,Very high human development
Q83059,Q7980233,Q30,United States,North America,English-speaking,Very high human development
Q83158,Q926749,Q142,France,Europe,Catholic Europe,Very high human development
Q83321,Q193510,Q38,Italy,Europe,Catholic Europe,Very high human development
Q83566,Q4562594,Q298,Chile,South America,Latin America,Very high human development
Q84011,Q201492,Q16,Canada,North America,English-speaking,Very high human development
Q84011,Q1583249,Q30,United States,North America,English-speaking,Very high human development
Q85361,Q569460,Q183,Germany,Europe,Catholic Europe,Very high human development
Q86983,Q165980,Q40,Austria,Europe,Catholic Europe,Very high human development
Q89891,Q165980,Q40,Austria,Europe,Catholic Europe,Very high human development
Q89891,Q469482,Q822,Lebanon,Asia,African-Islamic,High human development
Q90009,Q995265,Q30,United States,North America,English-speaking,Very high human development
Q90929,Q569350,Q183,Germany,Europe,Catholic Europe,Very high human development
Q90929,Q414052,Q183,Germany,Europe,Catholic Europe,Very high human development
Q91059,Q372608,Q39,Switzerland,Europe,Catholic Europe,Very high human development
Q91059,Q195210,Q183,Germany,Europe,Catholic Europe,Very high human development
Q92129,Q2560700,Q183,Germany,Europe,Catholic Europe,Very high human development
Q92162,Q154804,Q183,Germany,Europe,Catholic Europe,Very high human development
Q92162,Q152087,Q183,Germany,Europe,Catholic Europe,Very high human development
Q92562,Q3064277,Q142,France,Europe,Catholic Europe,Very high human development
Q92562,Q748307,Q142,France,Europe,Catholic Europe,Very high human development
Q92562,Q1059546,Q142,France,Europe,Catholic Europe,Very high human development
Q92775,Q1276338,Q145,United Kingdom,Europe,English-speaking,Very high human development
Q92775,Q610999,Q145,United Kingdom,Europe,English-speaking,Very high human development
Q92775,Q1902016,Q145,United Kingdom,Europe,English-speaking,Very high human development
Q92849,Q7592208,Q30,United States,North America,English-speaking,Very high human development
Q92849,Q1378320,Q30,United States,North America,English-speaking,Very high human development
Q92849,Q499451,Q30,United States,North America,English-speaking,Very high human development
Q93166,Q3563550,Q213,Czech Republic,Europe,Orthodox Europe,{}
Q93166,Q1414256,Q213,Czech Republic,Europe,Orthodox Europe,{}
Q49001,Q49210,Q30,United States,North America,English-speaking,Very high human development
Q49001,Q7971994,Q30,United States,North America,English-speaking,Very high human development
Q49001,Q5629067,Q30,United States,North America,English-speaking,Very high human development
Q49017,Q610999,Q145,United Kingdom,Europe,English-speaking,Very high human development
Q49017,Q192088,Q145,United Kingdom,Europe,English-speaking,Very high human development
Q49017,Q767650,Q145,United Kingdom,Europe,English-speaking,Very high human development
Q49061,Q17332405,Q30,United States,North America,English-speaking,Very high human development
Q49065,Q1567748,Q30,United States,North America,English-speaking,Very high human development
Q49072,Q49088,Q30,United States,North America,English-speaking,Very high human development
Q49072,Q7830177,Q30,United States,North America,English-speaking,Very high human development
Q49072,Q1048851,Q30,United States,North America,English-speaking,Very high human development
Q49478,Q22992374,Q142,France,Europe,Catholic Europe,Very high human development
Q49478,Q20749392,Q142,France,Europe,Catholic Europe,Very high human development
Q49637,Q3268876,Q142,France,Europe,Catholic Europe,Very high human development
Q49637,Q3064325,Q142,France,Europe,Catholic Europe,Very high human development
Q50038,Q6129517,Q17,Japan,Asia,West & South Asia,Very high human development
Q50764,Q1878600,Q142,France,Europe,Catholic Europe,Very high human development
Q50764,Q3268657,Q142,France,Europe,Catholic Europe,Very high human development
Q50764,Q3551576,Q142,France,Europe,Catholic Europe,Very high human development
Q51513,Q165980,Q40,Austria,Europe,Catholic Europe,Very high human development
Q51513,Q414936,Q40,Austria,Europe,Catholic Europe,Very high human development
Q52255,Q35794,Q145,United Kingdom,Europe,English-speaking,Very high human development
Q52255,Q1068258,Q27,Ireland,Europe,English-speaking,Very high human development
Q52255,Q797846,Q145,United Kingdom,Europe,English-speaking,Very high human development
Q53672,Q3091754,Q145,United Kingdom,Europe,English-speaking,Very high human development
Q53672,Q168000,Q30,United States,North America,English-speaking,Very high human development
Q54543,Q168756,Q30,United States,North America,English-speaking,Very high human development
Q54543,Q5689059,Q30,United States,North America,English-speaking,Very high human development
Q55428,Q7595159,Q27,Ireland,Europe,English-speaking,Very high human development
Q55773,Q6054382,Q30,United States,North America,English-speaking,Very high human development
Q55993,Q11474755,Q17,Japan,Asia,West & South Asia,Very high human development
Q57239,Q152838,Q183,Germany,Europe,Catholic Europe,Very high human development
Q57239,Q32120,Q183,Germany,Europe,Catholic Europe,Very high human development
Q57239,Q40025,Q183,Germany,Europe,Catholic Europe,Very high human development
Q57277,Q99196457,Q183,Germany,Europe,Catholic Europe,Very high human development
Q57277,Q152171,Q183,Germany,Europe,Catholic Europe,Very high human development
Q57277,Q154561,Q183,Germany,Europe,Catholic Europe,Very high human development
Q57277,Q155354,Q183,Germany,Europe,Catholic Europe,Very high human development
Q57382,Q154561,Q183,Germany,Europe,Catholic Europe,Very high human development
Q57382,Q154804,Q183,Germany,Europe,Catholic Europe,Very high human development
Q57387,Q153978,Q183,Germany,Europe,Catholic Europe,Very high human development
Q57387,Q574571,Q183,Germany,Europe,Catholic Europe,Very high human development
Q57389,Q20266330,Q38872,,{},{},{}
Q57389,Q20266330,Q1206012,,{},{},{}
Q57389,Q152087,Q183,Germany,Europe,Catholic Europe,Very high human development
Q57389,Q153987,Q183,Germany,Europe,Catholic Europe,Very high human development
Q57393,Q151510,Q183,Germany,Europe,Catholic Europe,Very high human development
Q57393,Q54096,Q183,Germany,Europe,Catholic Europe,Very high human development
Q57477,Q165980,Q40,Austria,Europe,Catholic Europe,Very high human development
Q58057,Q2576235,Q183,Germany,Europe,Catholic Europe,Very high human development
Q58612,Q174158,Q801,Israel,Asia,West & South Asia,Very high human development
Q58811,Q20266330,Q38872,,{},{},{}
Q58811,Q20266330,Q1206012,,{},{},{}
Q58811,Q315658,Q36,Poland,Europe,Catholic Europe,Very high human development
Q59152,Q49210,Q30,United States,North America,English-speaking,Very high human development
Q59152,Q131252,Q30,United States,North America,English-speaking,Very high human development
Q59441,Q1102209,Q30,United States,North America,English-speaking,Very high human development
Q59441,Q15242578,Q30,United States,North America,English-speaking,Very high human development
Q59896,Q1516684,Q145,United Kingdom,Europe,English-speaking,Very high human development
Q59896,Q8039643,Q145,United Kingdom,Europe,English-speaking,Very high human development
Q59896,Q7197367,Q145,United Kingdom,Europe,English-speaking,Very high human development
Q60369,Q1585070,Q183,Germany,Europe,Catholic Europe,Very high human development
Q60785,Q206702,Q39,Switzerland,Europe,Catholic Europe,Very high human development
Q60851,Q2586679,Q183,Germany,Europe,Catholic Europe,Very high human development
Q61198,Q174570,Q145,United Kingdom,Europe,English-speaking,Very high human development
Q61198,Q458393,Q145,United Kingdom,Europe,English-speaking,Very high human development
Q61522,Q734764,Q408,Australia,Australia,English-speaking,Very high human development
Q61522,Q5377388,Q408,Australia,Australia,English-speaking,Very high human development
Q61601,Q161976,Q183,Germany,Europe,Catholic Europe,Very high human development
Q61601,Q42409359,Q183,Germany,Europe,Catholic Europe,Very high human development
Q61601,Q152087,Q183,Germany,Europe,Catholic Europe,Very high human development
Q61601,Q154561,Q183,Germany,Europe,Catholic Europe,Very high human development
Q61627,Q154804,Q183,Germany,Europe,Catholic Europe,Very high human development
Q61627,Q159895,Q183,Germany,Europe,Catholic Europe,Very high human development
Q61629,Q55044,Q183,Germany,Europe,Catholic Europe,Very high human development
Q61629,Q999763,Q142,France,Europe,Catholic Europe,Very high human development
Q62559,Q66317896,Q218,Romania,Europe,Catholic Europe,Very high human development
Q62559,Q837657,Q218,Romania,Europe,Catholic Europe,Very high human development
Q62892,Q154804,Q183,Germany,Europe,Catholic Europe,Very high human development
Q62892,Q158158,Q183,Germany,Europe,Catholic Europe,Very high human development
Q63011,Q152171,Q183,Germany,Europe,Catholic Europe,Very high human development
Q64069,Q868421,Q30,United States,North America,English-speaking,Very high human development
Q64397,Q49088,Q30,United States,North America,English-speaking,Very high human development
Q64397,Q501758,Q30,United States,North America,English-speaking,Very high human development
Q64397,Q7440209,Q30,United States,North America,English-speaking,Very high human development
Q66207,Q2649559,Q148499,,{},{},{}
Q66207,Q2649559,Q38872,,{},{},{}
Q66213,Q154561,Q183,Germany,Europe,Catholic Europe,Very high human development
Q66213,Q1526368,Q183,Germany,Europe,Catholic Europe,Very high human development
Q66248,Q50662,Q183,Germany,Europe,Catholic Europe,Very high human development
Q67504,Q161982,Q183,Germany,Europe,Catholic Europe,Very high human development
Q68036,Q54096,Q183,Germany,Europe,Catholic Europe,Very high human development
Q68036,Q154561,Q183,Germany,Europe,Catholic Europe,Very high human development
Q68036,Q152087,Q183,Germany,Europe,Catholic Europe,Very high human development
Q69139,Q766145,Q30,United States,North America,English-speaking,Very high human development
Q69139,Q153006,Q183,Germany,Europe,Catholic Europe,Very high human development
Q69139,Q153978,Q183,Germany,Europe,Catholic Europe,Very high human development
Q69339,Q895401,Q30,United States,North America,English-speaking,Very high human development
Q69973,Q152171,Q183,Germany,Europe,Catholic Europe,Very high human development
Q69973,Q314100,Q183,Germany,Europe,Catholic Europe,Very high human development
Q70988,Q152838,Q183,Germany,Europe,Catholic Europe,Very high human development
Q70988,Q32120,Q183,Germany,Europe,Catholic Europe,Very high human development
Q70988,Q1690674,Q183,Germany,Europe,Catholic Europe,Very high human development
Q70988,Q1690674,Q1206012,,{},{},{}
Q71618,Q156725,Q183,Germany,Europe,Catholic Europe,Very high human development
Q71618,Q15128093,Q39,Switzerland,Europe,Catholic Europe,Very high human development
Q71640,Q152087,Q183,Germany,Europe,Catholic Europe,Very high human development
Q72334,Q6678738,Q30,United States,North America,English-speaking,Very high human development
Q72334,Q1068752,Q30,United States,North America,English-speaking,Very high human development
Q72334,Q49115,Q30,United States,North America,English-speaking,Very high human development
Q72653,Q1339626,Q30,United States,North America,English-speaking,Very high human development
Q72653,Q797078,Q30,United States,North America,English-speaking,Very high human development
Q72653,Q3269093,Q30,United States,North America,English-speaking,Very high human development
Q72833,Q51985,Q183,Germany,Europe,Catholic Europe,Very high human development
Q72833,Q153006,Q183,Germany,Europe,Catholic Europe,Very high human development
Q72867,Q5193997,Q145,United Kingdom,Europe,English-speaking,Very high human development
Q73176,Q258464,Q27,Ireland,Europe,English-speaking,Very high human development
Q73176,Q1045828,Q145,United Kingdom,Europe,English-speaking,Very high human development
Q73176,Q1571997,Q16,Canada,North America,English-speaking,Very high human development
Q73506,Q1068258,Q27,Ireland,Europe,English-speaking,Very high human development
Q75059,Q1431541,Q142,France,Europe,Catholic Europe,Very high human development
Q75649,Q153006,Q183,Germany,Europe,Catholic Europe,Very high human development
Q75649,Q51985,Q183,Germany,Europe,Catholic Europe,Very high human development
Q75889,Q153978,Q183,Germany,Europe,Catholic Europe,Very high human development
Q75889,Q154561,Q183,Germany,Europe,Catholic Europe,Very high human development
Q75889,Q1381118,Q183,Germany,Europe,Catholic Europe,Very high human development
Q75889,Q560023,Q183,Germany,Europe,Catholic Europe,Very high human development
Q75889,Q137643128,Q183,Germany,Europe,Catholic Europe,Very high human development
Q93343,Q81087,Q145,United Kingdom,Europe,English-speaking,Very high human development
Q93343,Q192088,Q145,United Kingdom,Europe,English-speaking,Very high human development
Q93354,Q7591219,Q30,United States,North America,English-speaking,Very high human development
Q93354,Q6965725,Q30,United States,North America,English-speaking,Very high human development
Q93354,Q21578,Q30,United States,North America,English-speaking,Very high human development
Q93514,Q1558221,Q40,Austria,Europe,Catholic Europe,Very high human development
Q93514,Q165980,Q40,Austria,Europe,Catholic Europe,Very high human development
Q93620,Q4744940,Q30,United States,North America,English-speaking,Very high human development
Q93797,Q165980,Q40,Austria,Europe,Catholic Europe,Very high human development
Q93959,Q165980,Q40,Austria,Europe,Catholic Europe,Very high human development
Q94280,Q12060065,Q30,United States,North America,English-speaking,Very high human development
Q96087,Q608338,Q218,Romania,Europe,Catholic Europe,Very high human development
Q97142,Q50662,Q183,Germany,Europe,Catholic Europe,Very high human development
Q97142,Q1823971,Q183,Germany,Europe,Catholic Europe,Very high human development
Q98444,Q20266330,Q38872,,{},{},{}
Q98444,Q20266330,Q1206012,,{},{},{}
Q98444,Q154804,Q183,Germany,Europe,Catholic Europe,Very high human development
Q98444,Q151510,Q183,Germany,Europe,Catholic Europe,Very high human development
Q98444,Q165528,Q183,Germany,Europe,Catholic Europe,Very high human development
Q100035,Q318186,Q183,Germany,Europe,Catholic Europe,Very high human development
Q101871,Q487556,Q408,Australia,Australia,English-speaking,Very high human development
Q102034,Q4120330,Q145,United Kingdom,Europe,English-speaking,Very high human development
Q102513,Q5674465,Q30,United States,North America,English-speaking,Very high human development
Q102669,Q55044,Q183,Germany,Europe,Catholic Europe,Very high human development
Q102669,Q152838,Q183,Germany,Europe,Catholic Europe,Very high human development
Q103114,Q3268619,Q142,France,Europe,Catholic Europe,Very high human development
Q103114,Q3152373,Q142,France,Europe,Catholic Europe,Very high human development
Q103114,Q273466,Q142,France,Europe,Catholic Europe,Very high human development
Q103797,Q319333,Q183,Germany,Europe,Catholic Europe,Very high human development
Q103797,Q189441,Q36,Poland,Europe,Catholic Europe,Very high human development
Q104081,Q2565243,Q30,United States,North America,English-speaking,Very high human development
Q104081,Q5882770,Q30,United States,North America,English-speaking,Very high human development
Q104081,Q16995699,Q30,United States,North America,English-speaking,Very high human development
Q104081,Q6912991,Q30,United States,North America,English-speaking,Very high human development
Q105118,Q309350,Q30,United States,North America,English-speaking,Very high human development
Q105118,Q7450824,Q30,United States,North America,English-speaking,Very high human development
Q105118,Q5328588,Q30,United States,North America,English-speaking,Very high human development
Q105118,Q7980233,Q30,United States,North America,English-speaking,Very high human development
Q105118,Q13565107,Q928,Philippines,Asia,West & South Asia,High human development
Q105167,Q5399470,Q30,United States,North America,English-speaking,Very high human development
Q105167,Q4944491,Q145,United Kingdom,Europe,English-speaking,Very high human development
Q105756,Q13371,Q30,United States,North America,English-speaking,Very high human development
Q105756,Q7761877,Q145,United Kingdom,Europe,English-speaking,Very high human development
Q105756,Q5589598,Q30,United States,North America,English-speaking,Very high human development
Q105756,Q49123,Q30,United States,North America,English-speaking,Very high human development
Q105994,Q55044,Q183,Germany,Europe,Catholic Europe,Very high human development
Q106018,Q153006,Q183,Germany,Europe,Catholic Europe,Very high human development
Q106083,Q152838,Q183,Germany,Europe,Catholic Europe,Very high human development
Q106083,Q1205816,Q16957,,{},{},{}
Q106083,Q1205816,Q183,Germany,Europe,Catholic Europe,Very high human development
Q106083,Q153006,Q183,Germany,Europe,Catholic Europe,Very high human development
Q106465,Q1939211,Q30,United States,North America,English-speaking,Very high human development
Q106465,Q1138384,Q30,United States,North America,English-speaking,Very high human development
Q106465,Q14693404,Q30,United States,North America,English-speaking,Very high human development
Q106465,Q7060118,Q30,United States,North America,English-speaking,Very high human development
Q106465,Q3887993,Q30,United States,North America,English-speaking,Very high human development
Q106465,Q7569192,Q30,United States,North America,English-speaking,Very high human development
Q106740,Q774489,Q145,United Kingdom,Europe,English-speaking,Very high human development
Q106740,Q5576780,Q145,United Kingdom,Europe,English-speaking,Very high human development
Q106740,Q5108787,Q145,United Kingdom,Europe,English-speaking,Very high human development
Q107002,Q81090,Q145,United Kingdom,Europe,English-speaking,Very high human development
Q107002,Q1774693,Q145,United Kingdom,Europe,English-speaking,Very high human development
Q107002,Q2278254,Q145,United Kingdom,Europe,English-speaking,Very high human development
Q107002,Q5693502,Q145,United Kingdom,Europe,English-speaking,Very high human development
Q107002,Q3369232,Q145,United Kingdom,Europe,English-speaking,Very high human development
Q108206,Q3140484,Q145,United Kingdom,Europe,English-speaking,Very high human development
Q108611,Q20266330,Q38872,,{},{},{}
Q108611,Q20266330,Q1206012,,{},{},{}
Q108941,Q1051840,Q30,United States,North America,English-speaking,Very high human development
Q108941,Q981195,Q145,United Kingdom,Europe,English-speaking,Very high human development
Q108941,Q1185037,Q30,United States,North America,English-speaking,Very high human development
Q108941,Q7247941,Q30,United States,North America,English-speaking,Very high human development
Q111673,Q32120,Q183,Germany,Europe,Catholic Europe,Very high human development
Q111673,Q165528,Q183,Germany,Europe,Catholic Europe,Very high human development
Q112391,Q165980,Q40,Austria,Europe,Catholic Europe,Very high human development
Q113233,Q309350,Q30,United States,North America,English-speaking,Very high human development
Q113233,Q7432601,Q30,United States,North America,English-speaking,Very high human development
Q113265,Q486156,Q20,Norway,Europe,Protestant Europe,Very high human development
Q113265,Q5644073,Q20,Norway,Europe,Protestant Europe,Very high human development
Q113433,Q165980,Q40,Austria,Europe,Catholic Europe,Very high human development
Q113554,Q617433,Q30,United States,North America,English-speaking,Very high human development
Q113681,Q6108147,Q145,United Kingdom,Europe,English-speaking,Very high human development
Q113681,Q170027,Q145,United Kingdom,Europe,English-speaking,Very high human development
Q113964,Q165980,Q40,Austria,Europe,Catholic Europe,Very high human development
Q113974,Q155354,Q183,Germany,Europe,Catholic Europe,Very high human development
Q114509,Q1346110,Q30,United States,North America,English-speaking,Very high human development
Q114509,Q41506,Q30,United States,North America,English-speaking,Very high human development
Q114509,Q209344,Q38,Italy,Europe,Catholic Europe,Very high human development
Q114509,Q838330,Q30,United States,North America,English-speaking,Very high human development
Q115243,Q2983635,Q822,Lebanon,Asia,African-Islamic,High human development
Q115243,Q1430954,Q822,Lebanon,Asia,African-Islamic,High human development
Q115243,Q1430954,Q130842,,{},{},{}
Q115243,Q1430954,Q12560,,{},{},{}
Q115243,Q1430954,Q7075820,,{},{},{}
Q115483,Q11942,Q39,Switzerland,Europe,Catholic Europe,Very high human development
Q115483,Q206702,Q39,Switzerland,Europe,Catholic Europe,Very high human development
Q115674,Q669442,Q30,United States,North America,English-speaking,Very high human development
Q115683,Q1536562,Q145,United Kingdom,Europe,English-speaking,Very high human development
Q115683,Q160302,Q145,United Kingdom,Europe,English-speaking,Very high human development
Q115754,Q2983698,Q142,France,Europe,Catholic Europe,Very high human development
Q115754,Q1431541,Q142,France,Europe,Catholic Europe,Very high human development
Q116055,Q503473,Q39,Switzerland,Europe,Catholic Europe,Very high human development
Q116055,Q503473,Q23366230,,{},{},{}
Q116055,Q503473,Q142,France,Europe,Catholic Europe,Very high human development
Q116055,Q503473,Q23366230,,{},{},{}
Q116055,Q503473,Q39,Switzerland,Europe,Catholic Europe,Very high human development
Q116055,Q658975,Q39,Switzerland,Europe,Catholic Europe,Very high human development
Q116055,Q1150419,Q739,Colombia,South America,Latin America,High human development
Q116055,Q503415,Q30,United States,North America,English-speaking,Very high human development
Q116133,Q7245400,Q145,United Kingdom,Europe,English-speaking,Very high human development
Q116258,Q503473,Q39,Switzerland,Europe,Catholic Europe,Very high human development
Q116258,Q503473,Q23366230,,{},{},{}
Q116258,Q503473,Q142,France,Europe,Catholic Europe,Very high human development
Q116258,Q503473,Q23366230,,{},{},{}
Q116258,Q503473,Q39,Switzerland,Europe,Catholic Europe,Very high human development
Q116258,Q209842,Q142,France,Europe,Catholic Europe,Very high human development
Q116258,Q152171,Q183,Germany,Europe,Catholic Europe,Very high human development
Q116258,Q152087,Q183,Germany,Europe,Catholic Europe,Very high human development
Q116288,Q39913,Q884,South Korea,Asia,West & South Asia,{}
Q116692,Q49012,Q30,United States,North America,English-speaking,Very high human development
Q116692,Q1026846,Q30,United States,North America,English-speaking,Very high human development
Q116692,Q7414749,Q30,United States,North America,English-speaking,Very high human development
Q116692,Q5192620,Q30,United States,North America,English-speaking,Very high human development
Q117425,Q1848657,Q30,United States,North America,English-speaking,Very high human development
Q117425,Q8003051,Q30,United States,North America,English-speaking,Very high human development
Q117455,Q170027,Q145,United Kingdom,Europe,English-speaking,Very high human development
Q118969,Q13371,Q30,United States,North America,English-speaking,Very high human development
Q118969,Q4775035,Q30,United States,North America,English-speaking,Very high human development
Q118969,Q4775012,Q30,United States,North America,English-speaking,Very high human development
Q118969,Q4805251,Q30,United States,North America,English-speaking,Very high human development
Q119563,Q6124738,Q298,Chile,South America,Latin America,Very high human development
Q119563,Q5975123,Q414,Argentina,South America,Latin America,Very high human development
Q120085,Q6224030,Q30,United States,North America,English-speaking,Very high human development
Q120085,Q995265,Q30,United States,North America,English-speaking,Very high human development
Q120578,Q838330,Q30,United States,North America,English-speaking,Very high human development
Q120578,Q167733,Q30,United States,North America,English-speaking,Very high human development
Q120578,Q230492,Q30,United States,North America,English-speaking,Very high human development
Q121060,Q745967,Q145,United Kingdom,Europe,English-speaking,Very high human development
Q121060,Q1341516,Q145,United Kingdom,Europe,English-speaking,Very high human development
Q121778,Q1058956,Q148,People's Republic of China,Asia,Confucian,{}
Q121778,Q49119,Q30,United States,North America,English-speaking,Very high human development
Q121778,Q604470,Q148,People's Republic of China,Asia,Confucian,{}
Q122020,Q8057887,Q30,United States,North America,English-speaking,Very high human development
Q122358,Q659080,Q39,Switzerland,Europe,Catholic Europe,Very high human development
Q122370,Q414052,Q183,Germany,Europe,Catholic Europe,Very high human development
Q122370,Q151510,Q183,Germany,Europe,Catholic Europe,Very high human development
Q122591,Q546118,Q142,France,Europe,Catholic Europe,Very high human development
Q122644,Q49088,Q30,United States,North America,English-speaking,Very high human development
Q122644,Q7691246,Q30,United States,North America,English-speaking,Very high human development
Q123283,Q372608,Q39,Switzerland,Europe,Catholic Europe,Very high human development
Q123389,Q273593,Q142,France,Europe,Catholic Europe,Very high human development
Q123421,Q372608,Q39,Switzerland,Europe,Catholic Europe,Very high human development
Q123421,Q152838,Q183,Germany,Europe,Catholic Europe,Very high human development
Q123469,Q49112,Q30,United States,North America,English-speaking,Very high human development
Q123469,Q616591,Q30,United States,North America,English-speaking,Very high human development
Q123469,Q65091479,Q30,United States,North America,English-speaking,Very high human development
Q123740,Q337480,Q142,France,Europe,Catholic Europe,Very high human development
Q123867,Q1059546,Q142,France,Europe,Catholic Europe,Very high human development
Q123867,Q21708235,Q142,France,Europe,Catholic Europe,Very high human development
Q124527,Q309331,Q30,United States,North America,English-speaking,Very high human development
Q124527,Q5328587,Q30,United States,North America,English-speaking,Very high human development
Q124633,Q4614,Q30,United States,North America,English-speaking,Very high human development
Q124735,Q193196,Q145,United Kingdom,Europe,English-speaking,Very high human development
Q124735,Q7592283,Q145,United Kingdom,Europe,English-speaking,Very high human development
Q125484,Q153006,Q183,Germany,Europe,Catholic Europe,Very high human development
Q125598,Q206702,Q39,Switzerland,Europe,Catholic Europe,Very high human development
Q125970,Q290456,Q17,Japan,Asia,West & South Asia,Very high human development
Q126941,Q913861,Q30,United States,North America,English-speaking,Very high human development
Q126941,Q5116086,Q30,United States,North America,English-speaking,Very high human development
Q126941,Q6786177,Q30,United States,North America,English-speaking,Very high human development
Q126941,Q7571404,Q30,United States,North America,English-speaking,Very high human development
Q127079,Q49213,Q30,United States,North America,English-speaking,Very high human development
Q127079,Q1536258,Q30,United States,North America,English-speaking,Very high human development
Q127332,Q23930603,Q31,Belgium,Europe,Catholic Europe,Very high human development
Q127539,Q22979478,Q142,France,Europe,Catholic Europe,Very high human development
Q127539,Q1476738,Q142,France,Europe,Catholic Europe,Very high human development
Q127539,Q3064259,Q142,France,Europe,Catholic Europe,Very high human development
Q128560,Q805285,Q145,United Kingdom,Europe,English-speaking,Very high human development
Q128560,Q4892154,Q145,United Kingdom,Europe,English-speaking,Very high human development
Q128653,Q815432,Q17,Japan,Asia,West & South Asia,Very high human development
Q128837,Q6411506,Q258,South Africa,Africa,Sub-Saharan Africa,High human development
Q129187,Q467269,Q145,United Kingdom,Europe,English-speaking,Very high human development
Q129187,Q924289,Q145,United Kingdom,Europe,English-speaking,Very high human development
Q129187,Q7851295,Q408,Australia,Australia,English-speaking,Very high human development
Q129478,Q49114,Q30,United States,North America,English-speaking,Very high human development
Q129478,Q7995223,Q30,United States,North America,English-speaking,Very high human development
Q130779,Q49110,Q30,United States,North America,English-speaking,Very high human development
Q130779,Q622664,Q30,United States,North America,English-speaking,Very high human development
Q130779,Q4948172,Q30,United States,North America,English-speaking,Very high human development
Q130780,Q1161297,Q145,United Kingdom,Europe,English-speaking,Very high human development
Q130780,Q35794,Q145,United Kingdom,Europe,English-speaking,Very high human development
Q130780,Q805285,Q145,United Kingdom,Europe,English-speaking,Very high human development
Q130786,Q4453246,Q159,Russia,Europe,Orthodox Europe,{}
Q130786,Q4453246,Q15180,,{},{},{}
Q130786,Q4220259,Q15180,,{},{},{}
Q130786,Q4220259,Q212,Ukraine,Europe,Orthodox Europe,High human development
Q130786,Q4114415,Q159,Russia,Europe,Orthodox Europe,{}
Q131018,Q776223,Q142,France,Europe,Catholic Europe,Very high human development
Q131018,Q661056,Q142,France,Europe,Catholic Europe,Very high human development
Q131333,Q813868,Q145,United Kingdom,Europe,English-speaking,Very high human development
Q131333,Q1202039,Q145,United Kingdom,Europe,English-speaking,Very high human development
Q131549,Q2983698,Q142,France,Europe,Catholic Europe,Very high human development
Q131549,Q471980,Q142,France,Europe,Catholic Europe,Very high human development
Q132111,Q1321655,Q17,Japan,Asia,West & South Asia,Very high human development
Q132162,Q371625,Q30,United States,North America,English-speaking,Very high human development
Q132524,Q27621,Q159,Russia,Europe,Orthodox Europe,{}
Q132524,Q27621,Q15180,,{},{},{}
Q132524,Q27621,Q34266,,{},{},{}
Q132589,Q7894257,Q29,Spain,Europe,Catholic Europe,Very high human development
Q132723,Q18662922,Q33,Finland,Europe,Catholic Europe,Very high human development
Q132723,Q18681772,Q33,Finland,Europe,Catholic Europe,Very high human development
Q132723,Q11896307,Q33,Finland,Europe,Catholic Europe,Very high human development
Q132723,Q28695,Q33,Finland,Europe,Catholic Europe,Very high human development
Q132805,Q245247,Q145,United Kingdom,Europe,English-speaking,Very high human development
Q132805,Q634951,Q145,United Kingdom,Europe,English-speaking,Very high human development
Q133054,Q49204,Q30,United States,North America,English-speaking,Very high human development
Q133054,Q1247589,Q145,United Kingdom,Europe,English-speaking,Very high human development
Q133562,Q49116,Q30,United States,North America,English-speaking,Very high human development
Q133869,Q308963,Q29,Spain,Europe,Catholic Europe,Very high human development
Q134180,Q5604850,Q30,United States,North America,English-speaking,Very high human development
Q134180,Q5318230,Q30,United States,North America,English-speaking,Very high human development
Q134262,Q182973,Q30,United States,North America,English-speaking,Very high human development
Q134262,Q777403,Q30,United States,North America,English-speaking,Very high human development
Q134262,Q579968,Q30,United States,North America,English-speaking,Very high human development
Q134262,Q599316,Q30,United States,North America,English-speaking,Very high human development
Q134262,Q7894583,Q30,United States,North America,English-speaking,Very high human development
Q134262,Q7557201,Q30,United States,North America,English-speaking,Very high human development
Q134456,Q11524677,Q17,Japan,Asia,West & South Asia,Very high human development
Q134477,Q49088,Q30,United States,North America,English-speaking,Very high human development
Q134798,Q274486,Q17,Japan,Asia,West & South Asia,Very high human development
Q134798,Q11393085,Q17,Japan,Asia,West & South Asia,Very high human development
Q134798,Q11614834,Q17,Japan,Asia,West & South Asia,Very high human development
Q134798,Q17211231,Q17,Japan,Asia,West & South Asia,Very high human development
Q134798,Q18337683,Q17,Japan,Asia,West & South Asia,Very high human development
Q134898,Q3445232,Q224,Croatia,Europe,Catholic Europe,Very high human development
Q134942,Q245247,Q145,United Kingdom,Europe,English-speaking,Very high human development
Q134942,Q151510,Q183,Germany,Europe,Catholic Europe,Very high human development
Q134942,Q7595546,Q145,United Kingdom,Europe,English-speaking,Very high human development
Q139506,Q774489,Q145,United Kingdom,Europe,English-speaking,Very high human development
Q140052,Q924289,Q145,United Kingdom,Europe,English-speaking,Very high human development
Q140052,Q5646121,Q145,United Kingdom,Europe,English-speaking,Very high human development
Q140201,Q35794,Q145,United Kingdom,Europe,English-speaking,Very high human development
Q140201,Q924289,Q145,United Kingdom,Europe,English-speaking,Very high human development
Q140201,Q3237444,Q145,United Kingdom,Europe,English-speaking,Very high human development
Q142383,Q1567748,Q30,United States,North America,English-speaking,Very high human development
Q142444,Q46492,Q17,Japan,Asia,West & South Asia,Very high human development
Q144090,Q432637,Q30,United States,North America,English-speaking,Very high human development
Q144090,Q1854488,Q30,United States,North America,English-speaking,Very high human development
Q144391,Q1145306,Q668,India,Asia,Indosphere,Medium human development
Q144391,Q1575044,Q668,India,Asia,Indosphere,Medium human development
Q144439,Q144488,Q36,Poland,Europe,Catholic Europe,Very high human development
Q146763,Q7896093,Q30,United States,North America,English-speaking,Very high human development
Q148234,Q1432645,Q30,United States,North America,English-speaking,Very high human development
Q148234,Q2822254,Q30,United States,North America,English-speaking,Very high human development
Q149489,Q49114,Q30,United States,North America,English-speaking,Very high human development
Q149489,Q49088,Q30,United States,North America,English-speaking,Very high human development
Q149489,Q49210,Q30,United States,North America,English-speaking,Very high human development
Q149489,Q49122,Q30,United States,North America,English-speaking,Very high human development
Q149489,Q2154182,Q30,United States,North America,English-speaking,Very high human development
Q149489,Q1760438,Q30,United States,North America,English-speaking,Very high human development
Q149489,Q4709349,Q30,United States,North America,English-speaking,Very high human development
Q149489,Q1950740,Q30,United States,North America,English-speaking,Very high human development
Q149489,Q14707276,Q30,United States,North America,English-speaking,Very high human development
Q149499,Q201603,Q16,Canada,North America,English-speaking,Very high human development
Q149499,Q193196,Q145,United Kingdom,Europe,English-speaking,Very high human development
Q149499,Q230899,Q145,United Kingdom,Europe,English-speaking,Very high human development
Q149499,Q391028,Q16,Canada,North America,English-speaking,Very high human development
Q149499,Q170027,Q145,United Kingdom,Europe,English-speaking,Very high human development
Q150471,Q672420,Q27306,,{},{},{}
Q150471,Q672420,Q1206012,,{},{},{}
Q150471,Q672420,Q15180,,{},{},{}
Q150943,Q7141555,Q30,United States,North America,English-speaking,Very high human development
Q150943,Q705737,Q30,United States,North America,English-speaking,Very high human development
Q150943,Q457281,Q30,United States,North America,English-speaking,Very high human development
Q150943,Q5221361,Q30,United States,North America,English-speaking,Very high human development
Q151164,Q1430113,Q142,France,Europe,Catholic Europe,Very high human development
Q151164,Q3268960,Q142,France,Europe,Catholic Europe,Very high human development
Q151164,Q926749,Q142,France,Europe,Catholic Europe,Very high human development
Q151403,Q160302,Q145,United Kingdom,Europe,English-speaking,Very high human development
Q151403,Q4767906,Q145,United Kingdom,Europe,English-speaking,Very high human development
Q151403,Q56617921,Q145,United Kingdom,Europe,English-speaking,Very high human development
Q151720,Q49122,Q30,United States,North America,English-speaking,Very high human development
Q151720,Q49123,Q30,United States,North America,English-speaking,Very high human development
Q151720,Q7974020,Q30,United States,North America,English-speaking,Very high human development
Q151820,Q1987282,Q142,France,Europe,Catholic Europe,Very high human development
Q151872,Q174158,Q801,Israel,Asia,West & South Asia,Very high human development
Q151872,Q2916582,Q801,Israel,Asia,West & South Asia,Very high human development
Q152513,Q895401,Q30,United States,North America,English-speaking,Very high human development
Q152690,Q1068258,Q27,Ireland,Europe,English-speaking,Very high human development
Q152824,Q209842,Q142,France,Europe,Catholic Europe,Very high human development
Q152824,Q13371,Q30,United States,North America,English-speaking,Very high human development
Q152824,Q34433,Q145,United Kingdom,Europe,English-speaking,Very high human development
Q152824,Q131252,Q30,United States,North America,English-speaking,Very high human development
Q152824,Q168756,Q30,United States,North America,English-speaking,Very high human development
Q152824,Q1819342,Q145,United Kingdom,Europe,English-speaking,Very high human development
Q152824,Q2000700,Q30,United States,North America,English-speaking,Very high human development
Q152843,Q523926,Q145,United Kingdom,Europe,English-speaking,Very high human development
Q152843,Q5481304,Q145,United Kingdom,Europe,English-speaking,Very high human development
Q153177,Q180865,Q16,Canada,North America,English-speaking,Very high human development
Q153248,Q209842,Q142,France,Europe,Catholic Europe,Very high human development
Q153670,Q499911,Q38,Italy,Europe,Catholic Europe,Very high human development
Q153670,Q3268994,Q38,Italy,Europe,Catholic Europe,Very high human development
Q153701,Q13371,Q30,United States,North America,English-speaking,Very high human development
Q153701,Q662801,Q30,United States,North America,English-speaking,Very high human development
Q153701,Q1432645,Q30,United States,North America,English-speaking,Very high human development
Q154691,Q222738,Q96,Mexico,North America,Latin America,High human development
Q154691,Q9086849,Q298,Chile,South America,Latin America,Very high human development
Q154691,Q1502191,Q39,Switzerland,Europe,Catholic Europe,Very high human development
Q154756,Q499911,Q38,Italy,Europe,Catholic Europe,Very high human development
Q154756,Q820887,Q38,Italy,Europe,Catholic Europe,Very high human development
Q155087,Q21578,Q30,United States,North America,English-speaking,Very high human development
Q155087,Q49112,Q30,United States,North America,English-speaking,Very high human development
Q155087,Q616591,Q30,United States,North America,English-speaking,Very high human development
Q155087,Q4892030,Q30,United States,North America,English-speaking,Very high human development
Q155087,Q7768608,Q30,United States,North America,English-speaking,Very high human development
Q155087,Q5230230,Q30,United States,North America,English-speaking,Very high human development
Q155087,Q5089527,Q148,People's Republic of China,Asia,Confucian,{}
Q155106,Q219694,Q29,Spain,Europe,Catholic Europe,Very high human development
Q155106,Q104581393,Q29,Spain,Europe,Catholic Europe,Very high human development
Q155106,Q94395173,Q29,Spain,Europe,Catholic Europe,Very high human development
Q155845,Q170027,Q145,United Kingdom,Europe,English-speaking,Very high human development
Q155845,Q1169487,Q1033,Nigeria,Africa,Sub-Saharan Africa,Medium human development
Q155845,Q5588726,Q1033,Nigeria,Africa,Sub-Saharan Africa,Medium human development
Q155855,Q3563550,Q213,Czech Republic,Europe,Orthodox Europe,{}
Q155855,Q152087,Q183,Germany,Europe,Catholic Europe,Very high human development
Q157004,Q1878600,Q142,France,Europe,Catholic Europe,Very high human development
Q157271,Q152838,Q183,Germany,Europe,Catholic Europe,Very high human development
Q157303,Q24933118,Q142,France,Europe,Catholic Europe,Very high human development
Q157322,Q3268838,Q142,France,Europe,Catholic Europe,Very high human development
Q157322,Q22999351,Q142,France,Europe,Catholic Europe,Very high human development
Q157322,Q3577870,Q142,France,Europe,Catholic Europe,Very high human development
Q157322,Q3064259,Q142,France,Europe,Catholic Europe,Very high human development
Q157322,Q1204304,Q142,France,Europe,Catholic Europe,Very high human development
Q157326,Q768224,Q29,Spain,Europe,Catholic Europe,Very high human development
Q158060,Q49087,Q30,United States,North America,English-speaking,Very high human development
Q158060,Q13371,Q30,United States,North America,English-speaking,Very high human development
Q158060,Q152087,Q183,Germany,Europe,Catholic Europe,Very high human development
Q158060,Q151510,Q183,Germany,Europe,Catholic Europe,Very high human development
Q158060,Q49123,Q30,United States,North America,English-speaking,Very high human development
Q158060,Q22025463,Q30,United States,North America,English-speaking,Very high human development
Q158878,Q174710,Q30,United States,North America,English-speaking,Very high human development
Q158997,Q216273,Q145,United Kingdom,Europe,English-speaking,Very high human development
Q158997,Q168751,Q30,United States,North America,English-speaking,Very high human development
Q158997,Q270222,Q30,United States,North America,English-speaking,Very high human development
Q159552,Q12072119,Q35,Denmark,Europe,Protestant Europe,Very high human development
Q159552,Q186285,Q35,Denmark,Europe,Protestant Europe,Very high human development
Q159876,Q841581,Q219,Bulgaria,Europe,{},Very high human development
Q159876,Q1194988,Q142,France,Europe,Catholic Europe,Very high human development
Q160219,Q332498,Q30,United States,North America,English-speaking,Very high human development
Q160219,Q5072929,Q30,United States,North America,English-speaking,Very high human development
Q160263,Q174158,Q801,Israel,Asia,West & South Asia,Very high human development
Q160263,Q2975861,Q801,Israel,Asia,West & South Asia,Very high human development
Q160534,Q49088,Q30,United States,North America,English-speaking,Very high human development
Q160534,Q6693217,Q30,United States,North America,English-speaking,Very high human development
Q160783,Q153978,Q183,Germany,Europe,Catholic Europe,Very high human development
Q160783,Q3064325,Q142,France,Europe,Catholic Europe,Very high human development
Q160783,Q3268876,Q142,France,Europe,Catholic Europe,Very high human development
Q161819,Q4801470,Q145,United Kingdom,Europe,English-speaking,Very high human development
Q161819,Q17035993,Q145,United Kingdom,Europe,English-speaking,Very high human development
Q161842,Q204181,Q191,Estonia,Europe,Protestant Europe,Very high human development
Q161955,Q3268619,Q142,France,Europe,Catholic Europe,Very high human development
Q162740,Q1517780,Q403,Serbia,Europe,Orthodox Europe,Very high human development
Q162740,Q240631,Q403,Serbia,Europe,Orthodox Europe,Very high human development
Q162917,Q3268957,Q142,France,Europe,Catholic Europe,Very high human development
Q162917,Q209842,Q142,France,Europe,Catholic Europe,Very high human development
Q163069,Q60286109,Q145,United Kingdom,Europe,English-speaking,Very high human development
Q163069,Q8039751,Q145,United Kingdom,Europe,English-speaking,Very high human development
Q163557,Q3563550,Q213,Czech Republic,Europe,Orthodox Europe,{}
Q164401,Q13371,Q30,United States,North America,English-speaking,Very high human development
Q164967,Q270145,Q419,Peru,South America,Latin America,High human development
Q164967,Q839058,Q419,Peru,South America,Latin America,High human development
Q165801,Q216273,Q145,United Kingdom,Europe,English-speaking,Very high human development
Q166351,Q1806300,Q30,United States,North America,English-speaking,Very high human development
Q167768,Q332342,Q145,United Kingdom,Europe,English-speaking,Very high human development
Q167768,Q1067870,Q145,United Kingdom,Europe,English-speaking,Very high human development
Q167768,Q35794,Q145,United Kingdom,Europe,English-speaking,Very high human development
Q167821,Q1426464,Q30,United States,North America,English-speaking,Very high human development
Q167821,Q3439758,Q30,United States,North America,English-speaking,Very high human development
Q167821,Q7586750,Q30,United States,North America,English-speaking,Very high human development
Q167856,Q49112,Q30,United States,North America,English-speaking,Very high human development
Q168040,Q574606,Q31,Belgium,Europe,Catholic Europe,Very high human development
Q168269,Q131252,Q30,United States,North America,English-speaking,Very high human development
Q168269,Q2000943,Q30,United States,North America,English-speaking,Very high human development
Q168269,Q6275169,Q30,United States,North America,English-speaking,Very high human development
Q168441,Q209842,Q142,France,Europe,Catholic Europe,Very high human development
Q169566,Q16995843,Q30,United States,North America,English-speaking,Very high human development
Q170509,Q13371,Q30,United States,North America,English-speaking,Very high human development
Q171091,Q4892030,Q30,United States,North America,English-speaking,Very high human development
Q171091,Q168756,Q30,United States,North America,English-speaking,Very high human development
Q171672,Q5854841,Q298,Chile,South America,Latin America,Very high human development
Q171672,Q21578,Q30,United States,North America,English-speaking,Very high human development
Q171672,Q5777152,Q298,Chile,South America,Latin America,Very high human development
Q171730,Q209842,Q142,France,Europe,Catholic Europe,Very high human development
Q172140,Q49121,Q30,United States,North America,English-speaking,Very high human development
Q172140,Q13371,Q30,United States,North America,English-speaking,Very high human development
Q172140,Q49123,Q30,United States,North America,English-speaking,Very high human development
Q172140,Q7369058,Q30,United States,North America,English-speaking,Very high human development
Q172684,Q332342,Q145,United Kingdom,Europe,English-speaking,Very high human development
Q172684,Q3531508,Q145,United Kingdom,Europe,English-speaking,Very high human development
Q172684,Q5329808,Q145,United Kingdom,Europe,English-speaking,Very high human development
Q172684,Q1536562,Q145,United Kingdom,Europe,English-speaking,Very high human development
Q172684,Q1424358,Q668,India,Asia,Indosphere,Medium human development
Q173540,Q49204,Q30,United States,North America,English-speaking,Very high human development
Q173540,Q7774336,Q30,United States,North America,English-speaking,Very high human development
Q174204,Q899030,Q145,United Kingdom,Europe,English-speaking,Very high human development
Q174204,Q866012,Q408,Australia,Australia,English-speaking,Very high human development
Q174204,Q160302,Q145,United Kingdom,Europe,English-speaking,Very high human development
Q174204,Q7305711,Q408,Australia,Australia,English-speaking,Very high human development
Q175392,Q981195,Q145,United Kingdom,Europe,English-speaking,Very high human development
Q176049,Q49115,Q30,United States,North America,English-speaking,Very high human development
Q176049,Q7138569,Q30,United States,North America,English-speaking,Very high human development
Q176246,Q1546437,Q142,France,Europe,Catholic Europe,Very high human development
Q176405,Q837320,Q241,Cuba,North America,Latin America,High human development
Q176558,Q12060410,Q30,United States,North America,English-speaking,Very high human development
Q176558,Q12060410,Q30,United States,North America,English-speaking,Very high human development
Q176558,Q7731821,Q30,United States,North America,English-speaking,Very high human development
Q176558,Q7199373,Q30,United States,North America,English-speaking,Very high human development
Q176579,Q46492,Q17,Japan,Asia,West & South Asia,Very high human development
Q176668,Q240631,Q403,Serbia,Europe,Orthodox Europe,Very high human development
Q176896,Q392189,Q16,Canada,North America,English-speaking,Very high human development
Q176896,Q2579532,Q16,Canada,North America,English-speaking,Very high human development
Q176896,Q1634522,Q16,Canada,North America,English-speaking,Very high human development
Q176909,Q2154182,Q30,United States,North America,English-speaking,Very high human development
Q176909,Q192334,Q30,United States,North America,English-speaking,Very high human development
Q176909,Q49088,Q30,United States,North America,English-speaking,Very high human development
Q176909,Q18346138,Q30,United States,North America,English-speaking,Very high human development
Q177300,Q1059546,Q142,France,Europe,Catholic Europe,Very high human development
Q178100,Q258464,Q27,Ireland,Europe,English-speaking,Very high human development
Q178403,Q1610024,Q145,United Kingdom,Europe,English-speaking,Very high human development
Q178403,Q4697490,Q145,United Kingdom,Europe,English-speaking,Very high human development
Q178602,Q608723,Q145,United Kingdom,Europe,English-speaking,Very high human development
Q178602,Q7828443,Q145,United Kingdom,Europe,English-speaking,Very high human development
Q179059,Q192775,Q145,United Kingdom,Europe,English-speaking,Very high human development
Q179059,Q5313677,Q145,United Kingdom,Europe,English-speaking,Very high human development
Q179059,Q7592311,Q145,United Kingdom,Europe,English-speaking,Very high human development
Q179065,Q837320,Q241,Cuba,North America,Latin America,High human development
Q179463,Q1323040,Q17,Japan,Asia,West & South Asia,Very high human development
Q179680,Q1878600,Q142,France,Europe,Catholic Europe,Very high human development
Q179695,Q428520,Q222,Albania,Europe,Catholic Europe,Very high human development
Q179695,Q1250779,Q159,Russia,Europe,Orthodox Europe,{}
Q179695,Q1250779,Q15180,,{},{},{}
Q180223,Q13371,Q30,United States,North America,English-speaking,Very high human development
Q180223,Q1143289,Q30,United States,North America,English-speaking,Very high human development
Q180223,Q49123,Q30,United States,North America,English-speaking,Very high human development
Q180223,Q7894926,Q30,United States,North America,English-speaking,Very high human development
Q180251,Q1093910,Q30,United States,North America,English-speaking,Very high human development
Q180251,Q130965,Q30,United States,North America,English-speaking,Very high human development
Q180251,Q5244175,Q30,United States,North America,English-speaking,Very high human development
Q180373,Q6475861,Q30,United States,North America,English-speaking,Very high human development
Q180377,Q1264867,Q145,United Kingdom,Europe,English-speaking,Very high human development
Q180626,Q35794,Q145,United Kingdom,Europe,English-speaking,Very high human development
Q180626,Q691283,Q145,United Kingdom,Europe,English-speaking,Very high human development
Q180903,Q7842,Q17,Japan,Asia,West & South Asia,Very high human development
Q180903,Q193196,Q145,United Kingdom,Europe,English-speaking,Very high human development
Q180903,Q1436699,Q17,Japan,Asia,West & South Asia,Very high human development
Q180903,Q11405295,Q17,Japan,Asia,West & South Asia,Very high human development
Q180903,Q5750869,Q17,Japan,Asia,West & South Asia,Very high human development
Q180903,Q5365568,Q17,Japan,Asia,West & South Asia,Very high human development
Q180962,Q209842,Q142,France,Europe,Catholic Europe,Very high human development
Q180962,Q13371,Q30,United States,North America,English-speaking,Very high human development
Q180962,Q4952658,Q30,United States,North America,English-speaking,Very high human development
Q180962,Q4952707,Q30,United States,North America,English-speaking,Very high human development
Q181082,Q1422458,Q145,United Kingdom,Europe,English-speaking,Very high human development
Q181082,Q1026939,Q30,United States,North America,English-speaking,Very high human development
Q181082,Q7604737,Q30,United States,North America,English-speaking,Very high human development
Q181573,Q1250779,Q159,Russia,Europe,Orthodox Europe,{}
Q181573,Q1250779,Q15180,,{},{},{}
Q181659,Q13371,Q30,United States,North America,English-speaking,Very high human development
Q181659,Q49088,Q30,United States,North America,English-speaking,Very high human development
Q181659,Q49124,Q30,United States,North America,English-speaking,Very high human development
Q181659,Q4892030,Q30,United States,North America,English-speaking,Very high human development
Q181677,Q309350,Q30,United States,North America,English-speaking,Very high human development
Q181677,Q6806876,Q30,United States,North America,English-speaking,Very high human development
Q181677,Q6765679,Q30,United States,North America,English-speaking,Very high human development
Q181716,Q2093794,Q30,United States,North America,English-speaking,Very high human development
Q181799,Q1185037,Q30,United States,North America,English-speaking,Very high human development
Q181917,Q17020147,Q145,United Kingdom,Europe,English-speaking,Very high human development
Q181917,Q7620697,Q145,United Kingdom,Europe,English-speaking,Very high human development
Q181917,Q575618,Q145,United Kingdom,Europe,English-speaking,Very high human development
Q181917,Q5694214,Q145,United Kingdom,Europe,English-speaking,Very high human development
Q181920,Q640652,Q30,United States,North America,English-speaking,Very high human development
Q182658,Q492318,Q30,United States,North America,English-speaking,Very high human development
Q182658,Q5945112,Q30,United States,North America,English-speaking,Very high human development
Q182658,Q56582915,Q30,United States,North America,English-speaking,Very high human development
Q182658,Q6902164,Q30,United States,North America,English-speaking,Very high human development
Q182658,Q7895034,Q30,United States,North America,English-speaking,Very high human development
Q182788,Q621043,Q30,United States,North America,English-speaking,Very high human development
Q182788,Q1193547,Q30,United States,North America,English-speaking,Very high human development
Q182788,Q4849151,Q30,United States,North America,English-speaking,Very high human development
Q182788,Q1193547,Q30,United States,North America,English-speaking,Very high human development
Q182788,Q4849149,Q30,United States,North America,English-speaking,Very high human development
Q182788,Q7851946,Q30,United States,North America,English-speaking,Very high human development
Q182788,Q5547419,Q30,United States,North America,English-speaking,Very high human development
Q182870,Q1093910,Q30,United States,North America,English-speaking,Very high human development
Q182870,Q49210,Q30,United States,North America,English-speaking,Very high human development
Q183167,Q193196,Q145,United Kingdom,Europe,English-speaking,Very high human development
Q183167,Q1399299,Q145,United Kingdom,Europe,English-speaking,Very high human development
Q183167,Q1227526,Q145,United Kingdom,Europe,English-speaking,Very high human development
Q183167,Q5144677,Q145,United Kingdom,Europe,English-speaking,Very high human development
Q183492,Q180865,Q16,Canada,North America,English-speaking,Very high human development
Q183492,Q6510306,Q16,Canada,North America,English-speaking,Very high human development
Q183492,Q49124,Q30,United States,North America,English-speaking,Very high human development
Q183492,Q13371,Q30,United States,North America,English-speaking,Very high human development
Q183492,Q13371,Q30,United States,North America,English-speaking,Very high human development
Q183713,Q748307,Q142,France,Europe,Catholic Europe,Very high human development
Q183713,Q1059546,Q142,France,Europe,Catholic Europe,Very high human development
Q184440,Q4121704,Q155,Brazil,South America,Latin America,High human development
Q184535,Q152838,Q183,Germany,Europe,Catholic Europe,Very high human development
Q184535,Q151510,Q183,Germany,Europe,Catholic Europe,Very high human development
Q184535,Q20266330,Q38872,,{},{},{}
Q184535,Q20266330,Q1206012,,{},{},{}
Q184785,Q1256981,Q30,United States,North America,English-speaking,Very high human development
Q184785,Q3468361,Q30,United States,North America,English-speaking,Very high human development
Q184785,Q860527,Q30,United States,North America,English-speaking,Very high human development
Q184785,Q7330332,Q30,United States,North America,English-speaking,Very high human development
Q185085,Q21705070,Q29,Spain,Europe,Catholic Europe,Very high human development
Q185085,Q219694,Q29,Spain,Europe,Catholic Europe,Very high human development
Q185333,Q5018276,Q766,Jamaica,North America,English-speaking,High human development
Q185406,Q3113011,Q30,United States,North America,English-speaking,Very high human development
Q185548,Q486156,Q20,Norway,Europe,Protestant Europe,Very high human development
Q185548,Q672095,Q20,Norway,Europe,Protestant Europe,Very high human development
Q185636,Q6054382,Q30,United States,North America,English-speaking,Very high human development
Q185714,Q371625,Q30,United States,North America,English-speaking,Very high human development
Q185714,Q7791257,Q30,United States,North America,English-speaking,Very high human development
Q185714,Q49210,Q30,United States,North America,English-speaking,Very high human development
Q185735,Q1706859,Q30,United States,North America,English-speaking,Very high human development
Q185735,Q5158770,Q30,United States,North America,English-speaking,Very high human development
Q186221,Q926749,Q142,France,Europe,Catholic Europe,Very high human development
Q186273,Q7842,Q17,Japan,Asia,West & South Asia,Very high human development
Q186326,Q7842,Q17,Japan,Asia,West & South Asia,Very high human development
Q186335,Q4852909,Q30,United States,North America,English-speaking,Very high human development
Q186630,Q784171,Q414,Argentina,South America,Latin America,Very high human development
Q186630,Q13371,Q30,United States,North America,English-speaking,Very high human development
Q186630,Q7282173,Q414,Argentina,South America,Latin America,Very high human development
Q187019,Q499451,Q30,United States,North America,English-speaking,Very high human development
Q187019,Q7979594,Q30,United States,North America,English-speaking,Very high human development
Q187019,Q131252,Q30,United States,North America,English-speaking,Very high human development
Q187019,Q3444679,Q30,United States,North America,English-speaking,Very high human development
Q187019,Q131252,Q30,United States,North America,English-speaking,Very high human development
Q187085,Q459506,Q145,United Kingdom,Europe,English-speaking,Very high human development
Q187324,Q6663814,Q30,United States,North America,English-speaking,Very high human development
Q187331,Q49088,Q30,United States,North America,English-speaking,Very high human development
Q187331,Q7200691,Q30,United States,North America,English-speaking,Very high human development
Q187765,Q1093910,Q30,United States,North America,English-speaking,Very high human development
Q188093,Q4570781,Q30,United States,North America,English-speaking,Very high human development
Q188093,Q5149833,Q30,United States,North America,English-speaking,Very high human development
Q188117,Q1093910,Q30,United States,North America,English-speaking,Very high human development
Q188117,Q5576249,Q30,United States,North America,English-speaking,Very high human development
Q188117,Q1702480,Q30,United States,North America,English-speaking,Very high human development
Q188117,Q4719066,Q30,United States,North America,English-speaking,Very high human development
Q188176,Q13371,Q30,United States,North America,English-speaking,Very high human development
Q188176,Q6224030,Q30,United States,North America,English-speaking,Very high human development
Q188286,Q503415,Q30,United States,North America,English-speaking,Very high human development
Q188286,Q182973,Q30,United States,North America,English-speaking,Very high human development
Q188388,Q49088,Q30,United States,North America,English-speaking,Very high human development
Q188388,Q5149905,Q30,United States,North America,English-speaking,Very high human development
Q188388,Q7227384,Q30,United States,North America,English-speaking,Very high human development
Q188388,Q1797768,Q30,United States,North America,English-speaking,Very high human development
Q188987,Q391028,Q16,Canada,North America,English-speaking,Very high human development
Q188987,Q12057140,Q30,United States,North America,English-speaking,Very high human development
Q189042,Q1196251,Q30,United States,North America,English-speaking,Very high human development
Q189042,Q909696,Q30,United States,North America,English-speaking,Very high human development
Q189119,Q3531508,Q145,United Kingdom,Europe,English-speaking,Very high human development
Q189119,Q924289,Q145,United Kingdom,Europe,English-speaking,Very high human development
Q189642,Q670897,Q30,United States,North America,English-speaking,Very high human development
Q189869,Q219694,Q29,Spain,Europe,Catholic Europe,Very high human development
Q190220,Q81173,Q145,United Kingdom,Europe,English-speaking,Very high human development
Q190220,Q13132604,Q145,United Kingdom,Europe,English-speaking,Very high human development
Q190220,Q28446343,Q145,United Kingdom,Europe,English-speaking,Very high human development
Q190379,Q16903654,Q145,United Kingdom,Europe,English-speaking,Very high human development
Q190379,Q1161297,Q145,United Kingdom,Europe,English-speaking,Very high human development
Q190379,Q1045828,Q145,United Kingdom,Europe,English-speaking,Very high human development
Q191023,Q4917566,Q145,United Kingdom,Europe,English-speaking,Very high human development
Q191716,Q1727138,Q30,United States,North America,English-speaking,Very high human development
Q191716,Q4614,Q30,United States,North America,English-speaking,Very high human development
Q191716,Q49088,Q30,United States,North America,English-speaking,Very high human development
Q191716,Q738258,Q30,United States,North America,English-speaking,Very high human development
Q191716,Q5491559,Q30,United States,North America,English-speaking,Very high human development
Q192069,Q6065579,Q145,United Kingdom,Europe,English-speaking,Very high human development
Q192279,Q2654435,Q159,Russia,Europe,Orthodox Europe,{}
Q192279,Q2654435,Q34266,,{},{},{}
Q192279,Q2654435,Q15180,,{},{},{}
Q192331,Q27621,Q159,Russia,Europe,Orthodox Europe,{}
Q192331,Q27621,Q15180,,{},{},{}
Q192331,Q27621,Q34266,,{},{},{}
Q192668,Q5054516,Q408,Australia,Australia,English-speaking,Very high human development
Q192668,Q7967824,Q408,Australia,Australia,English-speaking,Very high human development
Q192912,Q765642,Q145,United Kingdom,Europe,English-speaking,Very high human development
Q192912,Q3403302,Q145,United Kingdom,Europe,English-speaking,Very high human development
Q192912,Q7143023,Q145,United Kingdom,Europe,English-speaking,Very high human development
Q192912,Q5123119,Q145,United Kingdom,Europe,English-speaking,Very high human development
Q192912,Q5146873,Q145,United Kingdom,Europe,English-speaking,Very high human development
Q193111,Q28695,Q33,Finland,Europe,Catholic Europe,Very high human development
Q193111,Q3269135,Q33,Finland,Europe,Catholic Europe,Very high human development
Q193116,Q622664,Q30,United States,North America,English-speaking,Very high human development
Q193116,Q992830,Q30,United States,North America,English-speaking,Very high human development
Q193116,Q12060715,Q30,United States,North America,English-speaking,Very high human development
Q193116,Q7895182,Q30,United States,North America,English-speaking,Very high human development
Q193156,Q21578,Q30,United States,North America,English-speaking,Very high human development
Q193156,Q49122,Q30,United States,North America,English-speaking,Very high human development
Q193156,Q2349578,Q30,United States,North America,English-speaking,Very high human development
Q193156,Q5561202,Q30,United States,North America,English-speaking,Very high human development
Q193608,Q16197435,Q30,United States,North America,English-speaking,Very high human development
Q193660,Q776223,Q142,France,Europe,Catholic Europe,Very high human development
Q196773,Q174158,Q801,Israel,Asia,West & South Asia,Very high human development
Q197155,Q15568,Q148,People's Republic of China,Asia,Confucian,{}
Q197155,Q15568,Q1054923,,{},{},{}
Q197155,Q15568,Q701967,,{},{},{}
Q197155,Q4578297,Q148,People's Republic of China,Asia,Confucian,{}
Q197155,Q10928070,Q148,People's Republic of China,Asia,Confucian,{}
Q197155,Q10928070,Q13426199,,{},{},{}
Q197155,Q25110349,Q148,People's Republic of China,Asia,Confucian,{}
Q197155,Q25110349,Q1054923,,{},{},{}
Q198025,Q495015,Q148,People's Republic of China,Asia,Confucian,{}
Q198621,Q1189954,Q142,France,Europe,Catholic Europe,Very high human development
Q198644,Q1059546,Q142,France,Europe,Catholic Europe,Very high human development
Q198644,Q1110002,Q142,France,Europe,Catholic Europe,Very high human development
Q198644,Q273631,Q142,France,Europe,Catholic Europe,Very high human development
Q198644,Q209842,Q142,France,Europe,Catholic Europe,Very high human development
Q198644,Q3268594,Q142,France,Europe,Catholic Europe,Very high human development
Q201315,Q495225,Q29,Spain,Europe,Catholic Europe,Very high human development
Q201315,Q219694,Q29,Spain,Europe,Catholic Europe,Very high human development
Q201315,Q578047,Q80702,,{},{},{}
Q201433,Q1517021,Q408,Australia,Australia,English-speaking,Very high human development
Q201433,Q7170836,Q408,Australia,Australia,English-speaking,Very high human development
Q201579,Q994543,Q28,Hungary,Europe,Catholic Europe,Very high human development
Q201579,Q390287,Q28,Hungary,Europe,Catholic Europe,Very high human development
Q201580,Q55526147,Q17,Japan,Asia,West & South Asia,Very high human development
Q201732,Q6410900,Q145,United Kingdom,Europe,English-speaking,Very high human development
Q201732,Q609646,Q145,United Kingdom,Europe,English-speaking,Very high human development
Q201732,Q1067870,Q145,United Kingdom,Europe,English-speaking,Very high human development
Q201732,Q5169015,Q145,United Kingdom,Europe,English-speaking,Very high human development
Q201732,Q5762698,Q145,United Kingdom,Europe,English-speaking,Very high human development
Q201858,Q29052,Q30,United States,North America,English-speaking,Very high human development
Q202122,Q875637,Q30,United States,North America,English-speaking,Very high human development
Q202122,Q663625,Q30,United States,North America,English-speaking,Very high human development
Q202693,Q520458,Q20,Norway,Europe,Protestant Europe,Very high human development
Q203460,Q182973,Q30,United States,North America,English-speaking,Very high human development
Q203460,Q168515,Q30,United States,North America,English-speaking,Very high human development
Q203460,Q5328599,Q30,United States,North America,English-speaking,Very high human development
Q204168,Q49115,Q30,United States,North America,English-speaking,Very high human development
Q204168,Q1411093,Q30,United States,North America,English-speaking,Very high human development
Q204426,Q523926,Q145,United Kingdom,Europe,English-speaking,Very high human development
Q204868,Q57998699,Q34266,,{},{},{}
Q205739,Q13654033,Q145,United Kingdom,Europe,English-speaking,Very high human development
Q206022,Q14708016,Q30,United States,North America,English-speaking,Very high human development
Q206022,Q192334,Q30,United States,North America,English-speaking,Very high human development
Q206534,Q617433,Q30,United States,North America,English-speaking,Very high human development
Q206534,Q5129604,Q30,United States,North America,English-speaking,Very high human development
Q206534,Q7756561,Q30,United States,North America,English-speaking,Very high human development
Q207036,Q35794,Q145,United Kingdom,Europe,English-speaking,Very high human development
Q207036,Q332342,Q145,United Kingdom,Europe,English-speaking,Very high human development
Q207036,Q1341516,Q145,United Kingdom,Europe,English-speaking,Very high human development
Q207356,Q5503182,Q30,United States,North America,English-speaking,Very high human development
Q207515,Q5362612,Q25230,,{},{},{}
Q207515,Q6745077,Q145,United Kingdom,Europe,English-speaking,Very high human development
Q207515,Q1264867,Q145,United Kingdom,Europe,English-speaking,Very high human development
Q207640,Q5920583,Q30,United States,North America,English-speaking,Very high human development
Q207640,Q4976835,Q30,United States,North America,English-speaking,Very high human development
Q207676,Q7885340,Q30,United States,North America,English-speaking,Very high human development
Q208101,Q49088,Q30,United States,North America,English-speaking,Very high human development
Q208101,Q2706734,Q145,United Kingdom,Europe,English-speaking,Very high human development
Q208101,Q4669021,Q30,United States,North America,English-speaking,Very high human development
Q208685,Q981195,Q145,United Kingdom,Europe,English-speaking,Very high human development
Q208685,Q4748473,Q145,United Kingdom,Europe,English-speaking,Very high human development
Q208685,Q5435405,Q145,United Kingdom,Europe,English-speaking,Very high human development
Q208869,Q49210,Q30,United States,North America,English-speaking,Very high human development
Q208869,Q966540,Q30,United States,North America,English-speaking,Very high human development
Q209641,Q81153,Q145,United Kingdom,Europe,English-speaking,Very high human development
Q209641,Q2278254,Q145,United Kingdom,Europe,English-speaking,Very high human development
Q209641,Q659080,Q39,Switzerland,Europe,Catholic Europe,Very high human development
Q209641,Q7592397,Q145,United Kingdom,Europe,English-speaking,Very high human development
Q210669,Q193196,Q145,United Kingdom,Europe,English-speaking,Very high human development
Q210741,Q35794,Q145,United Kingdom,Europe,English-speaking,Very high human development
Q210741,Q956501,Q145,United Kingdom,Europe,English-speaking,Very high human development
Q210741,Q2054240,Q145,United Kingdom,Europe,English-speaking,Very high human development
Q210798,Q471980,Q142,France,Europe,Catholic Europe,Very high human development
Q211029,Q13371,Q30,United States,North America,English-speaking,Very high human development
Q211029,Q492318,Q30,United States,North America,English-speaking,Very high human development
Q211566,Q5135992,Q30,United States,North America,English-speaking,Very high human development
Q211785,Q4304119,Q34266,,{},{},{}
Q211785,Q775909,Q34266,,{},{},{}
Q211785,Q775909,Q159,Russia,Europe,Orthodox Europe,{}
Q212097,Q258943,Q30,United States,North America,English-speaking,Very high human development
Q212575,Q27923720,Q34266,,{},{},{}
Q212632,Q4483556,Q34266,,{},{},{}
Q212632,Q4483556,Q139319,,{},{},{}
Q212632,Q4483556,Q2305208,,{},{},{}
Q212632,Q4483556,Q15180,,{},{},{}
Q212727,Q2140391,Q30,United States,North America,English-speaking,Very high human development
Q212727,Q4705957,Q30,United States,North America,English-speaking,Very high human development
Q212801,Q665105,Q668,India,Asia,Indosphere,Medium human development
Q212801,Q6504572,Q668,India,Asia,Indosphere,Medium human development
Q212801,Q7127891,Q668,India,Asia,Indosphere,Medium human development
Q213482,Q209344,Q38,Italy,Europe,Catholic Europe,Very high human development
Q213614,Q3268926,Q142,France,Europe,Catholic Europe,Very high human development
Q214622,Q106631135,Q41,Greece,Europe,Orthodox Europe,Very high human development
Q214622,Q547867,Q41,Greece,Europe,Orthodox Europe,Very high human development
Q214622,Q209842,Q142,France,Europe,Catholic Europe,Very high human development
Q214642,Q49088,Q30,United States,North America,English-speaking,Very high human development
Q214642,Q5149722,Q30,United States,North America,English-speaking,Very high human development
Q214660,Q3140484,Q145,United Kingdom,Europe,English-speaking,Very high human development
Q214660,Q1376987,Q145,United Kingdom,Europe,English-speaking,Very high human development
Q214660,Q4732214,Q145,United Kingdom,Europe,English-speaking,Very high human development
Q214677,Q49205,Q30,United States,North America,English-speaking,Very high human development
Q214677,Q1185037,Q30,United States,North America,English-speaking,Very high human development
Q215436,Q813868,Q145,United Kingdom,Europe,English-speaking,Very high human development
Q215868,Q1051840,Q30,United States,North America,English-speaking,Very high human development
Q215868,Q7575916,Q30,United States,North America,English-speaking,Very high human development
Q215868,Q1726892,Q30,United States,North America,English-speaking,Very high human development
Q216098,Q195668,Q145,United Kingdom,Europe,English-speaking,Very high human development
Q216127,Q152838,Q183,Germany,Europe,Catholic Europe,Very high human development
Q216134,Q49088,Q30,United States,North America,English-speaking,Very high human development
Q216134,Q1093910,Q30,United States,North America,English-speaking,Very high human development
Q216195,Q49112,Q30,United States,North America,English-speaking,Very high human development
Q216195,Q1785291,Q30,United States,North America,English-speaking,Very high human development
Q216195,Q7587550,Q30,United States,North America,English-speaking,Very high human development
Q216266,Q471980,Q142,France,Europe,Catholic Europe,Very high human development
Q216266,Q3152372,Q142,France,Europe,Catholic Europe,Very high human development
Q216692,Q186285,Q35,Denmark,Europe,Protestant Europe,Very high human development
Q216692,Q4217712,Q20,Norway,Europe,Protestant Europe,Very high human development
Q216896,Q432637,Q30,United States,North America,English-speaking,Very high human development
Q216896,Q7270211,Q30,United States,North America,English-speaking,Very high human development
Q216896,Q5703587,Q30,United States,North America,English-speaking,Very high human development
Q216904,Q28695,Q33,Finland,Europe,Catholic Europe,Very high human development
Q217110,Q332498,Q30,United States,North America,English-speaking,Very high human development
Q217110,Q168515,Q30,United States,North America,English-speaking,Very high human development
Q217110,Q178848,Q30,United States,North America,English-speaking,Very high human development
Q217110,Q4967314,Q30,United States,North America,English-speaking,Very high human development
Q217470,Q154804,Q183,Germany,Europe,Catholic Europe,Very high human development
Q217495,Q15195942,Q145,United Kingdom,Europe,English-speaking,Very high human development
Q217495,Q774489,Q145,United Kingdom,Europe,English-speaking,Very high human development
Q217495,Q1247589,Q145,United Kingdom,Europe,English-speaking,Very high human development
Q217495,Q5984892,Q145,United Kingdom,Europe,English-speaking,Very high human development
Q217557,Q1320232,Q30,United States,North America,English-speaking,Very high human development
Q217557,Q842909,Q30,United States,North America,English-speaking,Very high human development
Q217557,Q617433,Q30,United States,North America,English-speaking,Very high human development
Q217557,Q838330,Q30,United States,North America,English-speaking,Very high human development
Q217557,Q8021325,Q30,United States,North America,English-speaking,Very high human development
Q217619,Q8043180,Q145,United Kingdom,Europe,English-speaking,Very high human development
Q217619,Q867530,Q145,United Kingdom,Europe,English-speaking,Very high human development
Q218690,Q209842,Q142,France,Europe,Catholic Europe,Very high human development
Q218698,Q7594669,Q145,United Kingdom,Europe,English-speaking,Very high human development
Q218960,Q1146700,Q145,United Kingdom,Europe,English-speaking,Very high human development
Q218960,Q15224191,Q145,United Kingdom,Europe,English-speaking,Very high human development
Q219124,Q164028,Q96,Mexico,North America,Latin America,High human development
Q219124,Q222738,Q96,Mexico,North America,Latin America,High human development
Q219377,Q178848,Q30,United States,North America,English-speaking,Very high human development
Q219377,Q4883385,Q30,United States,North America,English-speaking,Very high human development
Q219646,Q383568,Q29,Spain,Europe,Catholic Europe,Very high human development
Q219780,Q49088,Q30,United States,North America,English-speaking,Very high human development
Q219780,Q861548,Q30,United States,North America,English-speaking,Very high human development
Q219780,Q6689505,Q30,United States,North America,English-speaking,Very high human development
Q219780,Q4813598,Q30,United States,North America,English-speaking,Very high human development
Q219784,Q3563324,Q229,Cyprus,Europe,Orthodox Europe,Very high human development
Q219784,Q3495346,Q145,United Kingdom,Europe,English-speaking,Very high human development
Q219784,Q7593000,Q145,United Kingdom,Europe,English-speaking,Very high human development
Q219784,Q7593000,Q174193,,{},{},{}
Q219784,Q7589223,Q668,India,Asia,Indosphere,Medium human development
Q219829,Q838330,Q30,United States,North America,English-speaking,Very high human development
Q219829,Q7975913,Q30,United States,North America,English-speaking,Very high human development
Q219862,Q41506,Q30,United States,North America,English-speaking,Very high human development
Q219862,Q13371,Q30,United States,North America,English-speaking,Very high human development
Q219862,Q1026912,Q30,United States,North America,English-speaking,Very high human development
Q219862,Q4647053,Q30,United States,North America,English-speaking,Very high human development
Q219862,Q624560,Q30,United States,North America,English-speaking,Very high human development
Q219910,Q273493,Q142,France,Europe,Catholic Europe,Very high human development
Q220078,Q609646,Q145,United Kingdom,Europe,English-speaking,Very high human development
Q220480,Q1068752,Q30,United States,North America,English-speaking,Very high human development
Q220480,Q49088,Q30,United States,North America,English-speaking,Very high human development
Q220480,Q167733,Q30,United States,North America,English-speaking,Very high human development
Q220512,Q1334582,Q31,Belgium,Europe,Catholic Europe,Very high human development
Q220864,Q222738,Q96,Mexico,North America,Latin America,High human development
Q220883,Q238101,Q30,United States,North America,English-speaking,Very high human development
Q220980,Q21705070,Q29,Spain,Europe,Catholic Europe,Very high human development
Q221771,Q219615,Q29,Spain,Europe,Catholic Europe,Very high human development
Q221771,Q50692822,Q29,Spain,Europe,Catholic Europe,Very high human development
Q221917,Q49088,Q30,United States,North America,English-speaking,Very high human development
Q222509,Q5094281,Q408,Australia,Australia,English-speaking,Very high human development
Q222708,Q5416009,Q30,United States,North America,English-speaking,Very high human development
Q222744,Q1634051,Q419,Peru,South America,Latin America,High human development
Q222744,Q270145,Q419,Peru,South America,Latin America,High human development
Q224029,Q3268638,Q142,France,Europe,Catholic Europe,Very high human development
Q224113,Q49167,Q30,United States,North America,English-speaking,Very high human development
Q224113,Q5092939,Q30,United States,North America,English-speaking,Very high human development
Q224113,Q7759831,Q30,United States,North America,English-speaking,Very high human development
Q225089,Q7964807,Q30,United States,North America,English-speaking,Very high human development
Q225089,Q7571264,Q30,United States,North America,English-speaking,Very high human development
Q227099,Q214654,Q142,France,Europe,Catholic Europe,Very high human development
Q227108,Q837320,Q241,Cuba,North America,Latin America,High human development
Q227113,Q49088,Q30,United States,North America,English-speaking,Very high human development
Q227113,Q1819342,Q145,United Kingdom,Europe,English-speaking,Very high human development
Q227113,Q5646121,Q145,United Kingdom,Europe,English-speaking,Very high human development
Q227113,Q5683862,Q145,United Kingdom,Europe,English-speaking,Very high human development
Q227137,Q475700,Q258,South Africa,Africa,Sub-Saharan Africa,High human development
Q227137,Q1432632,Q145,United Kingdom,Europe,English-speaking,Very high human development
Q228589,Q49088,Q30,United States,North America,English-speaking,Very high human development
Q228589,Q817902,Q30,United States,North America,English-speaking,Very high human development
Q228589,Q5149905,Q30,United States,North America,English-speaking,Very high human development
Q228624,Q6608367,Q30,United States,North America,English-speaking,Very high human development
Q228624,Q797078,Q30,United States,North America,English-speaking,Very high human development
Q228624,Q4705313,Q30,United States,North America,English-speaking,Very high human development
Q228638,Q3953216,Q142,France,Europe,Catholic Europe,Very high human development
Q228638,Q6823838,Q408,Australia,Australia,English-speaking,Very high human development
Q228755,Q167733,Q30,United States,North America,English-speaking,Very high human development
Q228755,Q1536258,Q30,United States,North America,English-speaking,Very high human development
Q228755,Q49088,Q30,United States,North America,English-speaking,Very high human development
Q228755,Q49210,Q30,United States,North America,English-speaking,Very high human development
Q228755,Q6486264,Q30,United States,North America,English-speaking,Very high human development
Q228801,Q487556,Q408,Australia,Australia,English-speaking,Very high human development
Q229369,Q309331,Q30,United States,North America,English-speaking,Very high human development
Q229369,Q7898463,Q30,United States,North America,English-speaking,Very high human development
Q229403,Q15222152,Q27,Ireland,Europe,English-speaking,Very high human development
Q229403,Q7206187,Q27,Ireland,Europe,English-speaking,Very high human development
Q229480,Q1353679,Q30,United States,North America,English-speaking,Very high human development
Q229840,Q1048898,Q30,United States,North America,English-speaking,Very high human development
Q229840,Q1075116,Q30,United States,North America,English-speaking,Very high human development
Q229840,Q15277924,Q16,Canada,North America,English-speaking,Very high human development
Q229840,Q5250964,Q30,United States,North America,English-speaking,Very high human development
Q229996,Q513658,Q30,United States,North America,English-speaking,Very high human development
Q230141,Q49112,Q30,United States,North America,English-speaking,Very high human development
Q230141,Q193727,Q30,United States,North America,English-speaking,Very high human development
Q230141,Q603034,Q30,United States,North America,English-speaking,Very high human development
Q230141,Q1278152,Q30,United States,North America,English-speaking,Very high human development
Q230141,Q927304,Q1033,Nigeria,Africa,Sub-Saharan Africa,Medium human development
Q230591,Q49088,Q30,United States,North America,English-speaking,Very high human development
Q230591,Q49210,Q30,United States,North America,English-speaking,Very high human development
Q230591,Q5150052,Q30,United States,North America,English-speaking,Very high human development
Q230598,Q523926,Q145,United Kingdom,Europe,English-speaking,Very high human development
Q230598,Q7170040,Q145,United Kingdom,Europe,English-speaking,Very high human development
Q231121,Q749884,Q17,Japan,Asia,West & South Asia,Very high human development
Q231270,Q6781626,Q30,United States,North America,English-speaking,Very high human development
Q231270,Q7122493,Q30,United States,North America,English-speaking,Very high human development
Q231270,Q6904590,Q30,United States,North America,English-speaking,Very high human development
Q231320,Q371522,Q34,Sweden,Europe,Protestant Europe,Very high human development
Q231356,Q6905657,Q30,United States,North America,English-speaking,Very high human development
Q231424,Q49210,Q30,United States,North America,English-speaking,Very high human development
Q231460,Q3269090,Q30,United States,North America,English-speaking,Very high human development
Q231460,Q7074180,Q30,United States,North America,English-speaking,Very high human development
Q231460,Q7368732,Q30,United States,North America,English-speaking,Very high human development
Q231460,Q8057887,Q30,United States,North America,English-speaking,Very high human development
Q231460,Q5047875,Q30,United States,North America,English-speaking,Very high human development
Q231467,Q2902978,Q30,United States,North America,English-speaking,Very high human development
Q231467,Q6412129,Q30,United States,North America,English-speaking,Very high human development
Q231467,Q5076666,Q30,United States,North America,English-speaking,Very high human development
Q231736,Q130965,Q30,United States,North America,English-speaking,Very high human development
Q231841,Q6608367,Q30,United States,North America,English-speaking,Very high human development
Q231841,Q4928349,Q30,United States,North America,English-speaking,Very high human development
Q232212,Q616591,Q30,United States,North America,English-speaking,Very high human development
Q232212,Q1045828,Q145,United Kingdom,Europe,English-speaking,Very high human development
Q232212,Q4897974,Q30,United States,North America,English-speaking,Very high human development
Q232359,Q1819342,Q145,United Kingdom,Europe,English-speaking,Very high human development
Q232417,Q774489,Q145,United Kingdom,Europe,English-speaking,Very high human development
Q232417,Q995265,Q30,United States,North America,English-speaking,Very high human development
Q232417,Q1247589,Q145,United Kingdom,Europe,English-speaking,Very high human development
Q232417,Q7492677,Q145,United Kingdom,Europe,English-speaking,Very high human development
Q232417,Q7752471,Q145,United Kingdom,Europe,English-speaking,Very high human development
Q232772,Q1465651,Q145,United Kingdom,Europe,English-speaking,Very high human development
Q233033,Q579968,Q30,United States,North America,English-speaking,Very high human development
Q233046,Q49124,Q30,United States,North America,English-speaking,Very high human development
Q233046,Q13371,Q30,United States,North America,English-speaking,Very high human development
Q233046,Q14713263,Q30,United States,North America,English-speaking,Very high human development
Q233046,Q17022501,Q30,United States,North America,English-speaking,Very high human development
Q233207,Q7008028,Q145,United Kingdom,Europe,English-speaking,Very high human development
Q233207,Q860450,Q145,United Kingdom,Europe,English-speaking,Very high human development
Q233424,Q263064,Q30,United States,North America,English-speaking,Very high human development
Q233424,Q1887879,Q30,United States,North America,English-speaking,Very high human development
Q233510,Q168756,Q30,United States,North America,English-speaking,Very high human development
Q233510,Q5270733,Q30,United States,North America,English-speaking,Very high human development
Q233566,Q1321046,Q30,United States,North America,English-speaking,Very high human development
Q233584,Q2706734,Q145,United Kingdom,Europe,English-speaking,Very high human development
Q233584,Q4672879,Q145,United Kingdom,Europe,English-speaking,Very high human development
Q233891,Q7591484,Q30,United States,North America,English-speaking,Very high human development
Q233891,Q5629067,Q30,United States,North America,English-speaking,Very high human development
Q233898,Q8028571,Q30,United States,North America,English-speaking,Very high human development
Q233911,Q864196,Q884,South Korea,Asia,West & South Asia,{}
Q233953,Q28695,Q33,Finland,Europe,Catholic Europe,Very high human development
Q233953,Q578326,Q33,Finland,Europe,Catholic Europe,Very high human development
Q233953,Q1432635,Q33,Finland,Europe,Catholic Europe,Very high human development
Q233956,Q1610024,Q145,United Kingdom,Europe,English-speaking,Very high human development
Q233956,Q6134639,Q145,United Kingdom,Europe,English-speaking,Very high human development
Q234030,Q193727,Q30,United States,North America,English-speaking,Very high human development
Q234030,Q640652,Q30,United States,North America,English-speaking,Very high human development
Q234030,Q6505054,Q30,United States,North America,English-speaking,Very high human development
Q234255,Q580905,Q30,United States,North America,English-speaking,Very high human development
Q234255,Q1075116,Q30,United States,North America,English-speaking,Very high human development
Q234255,Q503419,Q30,United States,North America,English-speaking,Very high human development
Q234289,Q3593751,Q43,Turkey,Asia,West & South Asia,{}
Q234324,Q669442,Q30,United States,North America,English-speaking,Very high human development
Q234392,Q432475,Q664,New Zealand,Australia,English-speaking,Very high human development
Q234403,Q519427,Q30,United States,North America,English-speaking,Very high human development
Q234443,Q13371,Q30,United States,North America,English-speaking,Very high human development
Q234443,Q21578,Q30,United States,North America,English-speaking,Very high human development
Q234443,Q14715517,Q30,United States,North America,English-speaking,Very high human development
Q234519,Q459506,Q145,United Kingdom,Europe,English-speaking,Very high human development
Q234519,Q7622728,Q145,United Kingdom,Europe,English-speaking,Very high human development
Q234530,Q83198407,Q174193,,{},{},{}
Q234530,Q3369232,Q145,United Kingdom,Europe,English-speaking,Very high human development
Q234579,Q182973,Q30,United States,North America,English-speaking,Very high human development
Q234579,Q5547419,Q30,United States,North America,English-speaking,Very high human development
Q234621,Q680971,Q38,Italy,Europe,Catholic Europe,Very high human development
Q234663,Q47184303,Q29,Spain,Europe,Catholic Europe,Very high human development
Q234663,Q63170776,Q29,Spain,Europe,Catholic Europe,Very high human development
Q234700,Q1783608,Q30,United States,North America,English-speaking,Very high human development
Q234718,Q256754,Q145,United Kingdom,Europe,English-speaking,Very high human development
Q234718,Q7961053,Q145,United Kingdom,Europe,English-speaking,Very high human development
Q234721,Q1204714,Q30,United States,North America,English-speaking,Very high human development
Q234721,Q705737,Q30,United States,North America,English-speaking,Very high human development
Q234819,Q1144262,Q16,Canada,North America,English-speaking,Very high human development
Q234865,Q1317143,Q30,United States,North America,English-speaking,Very high human development
Q234865,Q1474105,Q30,United States,North America,English-speaking,Very high human development
Q234865,Q4813598,Q30,United States,North America,English-speaking,Very high human development
Q234928,Q432637,Q30,United States,North America,English-speaking,Very high human development
Q234928,Q1051840,Q30,United States,North America,English-speaking,Very high human development
Q234928,Q168000,Q30,United States,North America,English-speaking,Very high human development
Q234989,Q498526,Q30,United States,North America,English-speaking,Very high human development
Q234989,Q168756,Q30,United States,North America,English-speaking,Very high human development
Q234989,Q1047293,Q30,United States,North America,English-speaking,Very high human development
Q234989,Q6553672,Q30,United States,North America,English-speaking,Very high human development
Q234989,Q24765465,Q30,United States,North America,English-speaking,Very high human development
Q234989,Q7414439,Q30,United States,North America,English-speaking,Very high human development
Q234992,Q1111261,Q30,United States,North America,English-speaking,Very high human development
Q234992,Q838330,Q30,United States,North America,English-speaking,Very high human development
Q234992,Q736674,Q30,United States,North America,English-speaking,Very high human development
Q234992,Q14714814,Q30,United States,North America,English-speaking,Very high human development
Q235014,Q1376987,Q145,United Kingdom,Europe,English-speaking,Very high human development
Q235014,Q7262368,Q145,United Kingdom,Europe,English-speaking,Very high human development
Q235014,Q7594529,Q145,United Kingdom,Europe,English-speaking,Very high human development
Q235014,Q7494721,Q145,United Kingdom,Europe,English-speaking,Very high human development
Q235308,Q34433,Q145,United Kingdom,Europe,English-speaking,Very high human development
Q235308,Q5303087,Q145,United Kingdom,Europe,English-speaking,Very high human development
Q235354,Q128497,Q145,United Kingdom,Europe,English-speaking,Very high human development
Q235354,Q5133233,Q145,United Kingdom,Europe,English-speaking,Very high human development
Q235364,Q167733,Q30,United States,North America,English-speaking,Very high human development
Q235515,Q5329079,Q30,United States,North America,English-speaking,Very high human development
Q235615,Q168751,Q30,United States,North America,English-speaking,Very high human development
Q235615,Q49088,Q30,United States,North America,English-speaking,Very high human development
Q235615,Q6986540,Q30,United States,North America,English-speaking,Very high human development
Q235731,Q3268795,Q142,France,Europe,Catholic Europe,Very high human development
Q235731,Q83259,Q142,France,Europe,Catholic Europe,Very high human development
Q235759,Q195668,Q145,United Kingdom,Europe,English-speaking,Very high human development
Q235899,Q5147471,Q30,United States,North America,English-speaking,Very high human development
Q235955,Q4121704,Q155,Brazil,South America,Latin America,High human development
Q235965,Q6745089,Q145,United Kingdom,Europe,English-speaking,Very high human development
Q235965,Q7713105,Q145,United Kingdom,Europe,English-speaking,Very high human development
Q236236,Q160302,Q145,United Kingdom,Europe,English-speaking,Very high human development
Q236236,Q258464,Q27,Ireland,Europe,English-speaking,Very high human development
Q236236,Q7540509,Q27,Ireland,Europe,English-speaking,Very high human development
Q236309,Q981195,Q145,United Kingdom,Europe,English-speaking,Very high human development
Q236309,Q5017848,Q145,United Kingdom,Europe,English-speaking,Very high human development
Q236309,Q2099847,Q145,United Kingdom,Europe,English-speaking,Very high human development
Q236321,Q7885972,Q30,United States,North America,English-speaking,Very high human development
Q236321,Q6412129,Q30,United States,North America,English-speaking,Very high human development
Q236482,Q3551685,Q16,Canada,North America,English-speaking,Very high human development
Q236482,Q209842,Q142,France,Europe,Catholic Europe,Very high human development
Q236482,Q3310545,Q16,Canada,North America,English-speaking,Very high human development
Q236669,Q3760670,Q145,United Kingdom,Europe,English-speaking,Very high human development
Q236684,Q369333,Q17,Japan,Asia,West & South Asia,Very high human development
Q236727,Q1075148,Q30,United States,North America,English-speaking,Very high human development
Q236829,Q1819342,Q145,United Kingdom,Europe,English-speaking,Very high human development
Q236829,Q5504202,Q145,United Kingdom,Europe,English-speaking,Very high human development
Q236829,Q17012072,Q30,United States,North America,English-speaking,Very high human development
Q236848,Q774489,Q145,United Kingdom,Europe,English-speaking,Very high human development
Q236848,Q34433,Q145,United Kingdom,Europe,English-speaking,Very high human development
Q236848,Q16154932,Q145,United Kingdom,Europe,English-speaking,Very high human development
Q236916,Q192964,Q43,Turkey,Asia,West & South Asia,{}
Q236916,Q21600883,Q43,Turkey,Asia,West & South Asia,{}
Q236916,Q10429158,Q43,Turkey,Asia,West & South Asia,{}
Q236916,Q5554506,Q43,Turkey,Asia,West & South Asia,{}
Q236950,Q167733,Q30,United States,North America,English-speaking,Very high human development
Q236950,Q49088,Q30,United States,North America,English-speaking,Very high human development
Q236950,Q7739610,Q30,United States,North America,English-speaking,Very high human development
Q236993,Q219694,Q29,Spain,Europe,Catholic Europe,Very high human development
Q237087,Q999763,Q142,France,Europe,Catholic Europe,Very high human development
Q237106,Q3268795,Q142,France,Europe,Catholic Europe,Very high human development
Q237106,Q70034431,Q142,France,Europe,Catholic Europe,Very high human development
Q237196,Q6065634,Q145,United Kingdom,Europe,English-speaking,Very high human development
Q237242,Q6818401,Q145,United Kingdom,Europe,English-speaking,Very high human development
Q237242,Q17035993,Q145,United Kingdom,Europe,English-speaking,Very high human development
Q237413,Q185246,Q34,Sweden,Europe,Protestant Europe,Very high human development
Q237416,Q6054382,Q30,United States,North America,English-speaking,Very high human development
Q237416,Q675848,Q224,Croatia,Europe,Catholic Europe,Very high human development
Q237555,Q1516684,Q145,United Kingdom,Europe,English-speaking,Very high human development
Q237555,Q195668,Q145,United Kingdom,Europe,English-speaking,Very high human development
Q237555,Q6851724,Q145,United Kingdom,Europe,English-speaking,Very high human development
Q237555,Q262854,Q145,United Kingdom,Europe,English-speaking,Very high human development
Q237560,Q371625,Q30,United States,North America,English-speaking,Very high human development
Q237560,Q5545778,Q30,United States,North America,English-speaking,Very high human development
Q237602,Q4925506,Q145,United Kingdom,Europe,English-speaking,Very high human development
Q237602,Q6978676,Q145,United Kingdom,Europe,English-speaking,Very high human development
Q237639,Q245247,Q145,United Kingdom,Europe,English-speaking,Very high human development
Q237639,Q991099,Q145,United Kingdom,Europe,English-speaking,Very high human development
Q237684,Q1051840,Q30,United States,North America,English-speaking,Very high human development
Q237684,Q5755944,Q30,United States,North America,English-speaking,Very high human development
Q237684,Q7270332,Q16,Canada,North America,English-speaking,Very high human development
Q237687,Q6128615,Q145,United Kingdom,Europe,English-speaking,Very high human development
Q237687,Q245247,Q145,United Kingdom,Europe,English-speaking,Very high human development
Q237703,Q185246,Q34,Sweden,Europe,Protestant Europe,Very high human development
Q237833,Q13371,Q30,United States,North America,English-speaking,Very high human development
Q237833,Q152087,Q183,Germany,Europe,Catholic Europe,Very high human development
Q237833,Q924289,Q145,United Kingdom,Europe,English-speaking,Very high human development
Q237833,Q49123,Q30,United States,North America,English-speaking,Very high human development
Q237833,Q49129,Q30,United States,North America,English-speaking,Very high human development
Q238124,Q7161950,Q30,United States,North America,English-speaking,Very high human development
Q238124,Q1307345,Q30,United States,North America,English-speaking,Very high human development
Q238124,Q3244049,Q30,United States,North America,English-speaking,Very high human development
Q238124,Q49114,Q30,United States,North America,English-speaking,Very high human development
Q238124,Q4891992,Q30,United States,North America,English-speaking,Very high human development
Q238140,Q2093794,Q30,United States,North America,English-speaking,Very high human development
Q238140,Q6487738,Q30,United States,North America,English-speaking,Very high human development
Q238295,Q458393,Q145,United Kingdom,Europe,English-speaking,Very high human development
Q238295,Q7712108,Q145,United Kingdom,Europe,English-speaking,Very high human development
Q238295,Q5576780,Q145,United Kingdom,Europe,English-speaking,Very high human development
Q238331,Q168756,Q30,United States,North America,English-speaking,Very high human development
Q238331,Q49088,Q30,United States,North America,English-speaking,Very high human development
Q238331,Q1185037,Q30,United States,North America,English-speaking,Very high human development
Q238331,Q5149905,Q30,United States,North America,English-speaking,Very high human development
Q238438,Q7603626,Q30,United States,North America,English-speaking,Very high human development
Q238514,Q49088,Q30,United States,North America,English-speaking,Very high human development
Q238514,Q194445,Q79,Egypt,Africa,African-Islamic,High human development
Q238702,Q5478036,Q145,United Kingdom,Europe,English-speaking,Very high human development
Q238702,Q7984608,Q145,United Kingdom,Europe,English-speaking,Very high human development
Q238817,Q1439629,Q30,United States,North America,English-speaking,Very high human development
Q238817,Q13371,Q30,United States,North America,English-speaking,Very high human development
Q238817,Q14715517,Q30,United States,North America,English-speaking,Very high human development
Q238817,Q16900372,Q30,United States,North America,English-speaking,Very high human development
Q238823,Q863813,Q30,United States,North America,English-speaking,Very high human development
Q238823,Q6967558,Q30,United States,North America,English-speaking,Very high human development
Q238823,Q556098,Q30,United States,North America,English-speaking,Very high human development
Q238970,Q1326230,Q17,Japan,Asia,West & South Asia,Very high human development
Q239307,Q1247589,Q145,United Kingdom,Europe,English-speaking,Very high human development
Q239307,Q7492677,Q145,United Kingdom,Europe,English-speaking,Very high human development
Q239652,Q98930721,Q230,Georgia,Asia,Orthodox Europe,Very high human development
Q239656,Q6450914,Q884,South Korea,Asia,West & South Asia,{}
Q239656,Q487841,Q884,South Korea,Asia,West & South Asia,{}
Q239739,Q7141532,Q30,United States,North America,English-speaking,Very high human development
Q239739,Q1026932,Q30,United States,North America,English-speaking,Very high human development
Q239739,Q6249714,Q30,United States,North America,English-speaking,Very high human development
Q239910,Q617433,Q30,United States,North America,English-speaking,Very high human development
Q239910,Q149990,Q30,United States,North America,English-speaking,Very high human development
Q239910,Q4967667,Q30,United States,North America,English-speaking,Very high human development
Q239910,Q4999175,Q30,United States,North America,English-speaking,Very high human development
Q239911,Q1465651,Q145,United Kingdom,Europe,English-speaking,Very high human development
Q239911,Q6415615,Q145,United Kingdom,Europe,English-speaking,Very high human development
Q239923,Q230492,Q30,United States,North America,English-speaking,Very high human development
Q239923,Q49112,Q30,United States,North America,English-speaking,Very high human development
Q239923,Q7978675,Q30,United States,North America,English-speaking,Very high human development
Q239923,Q7515373,Q30,United States,North America,English-speaking,Very high human development
Q239934,Q617433,Q30,United States,North America,English-speaking,Very high human development
Q239934,Q1472358,Q30,United States,North America,English-speaking,Very high human development
Q239934,Q868421,Q30,United States,North America,English-speaking,Very high human development
Q239934,Q5600114,Q30,United States,North America,English-speaking,Very high human development
Q239934,Q7163738,Q30,United States,North America,English-speaking,Very high human development
Q240212,Q160302,Q145,United Kingdom,Europe,English-speaking,Very high human development
Q240212,Q1161297,Q145,United Kingdom,Europe,English-speaking,Very high human development
Q240212,Q5149371,Q145,United Kingdom,Europe,English-speaking,Very high human development
Q240515,Q492318,Q30,United States,North America,English-speaking,Very high human development
Q240515,Q6939058,Q30,United States,North America,English-speaking,Very high human development
Q240515,Q6117333,Q30,United States,North America,English-speaking,Very high human development
Q240547,Q499451,Q30,United States,North America,English-speaking,Very high human development
Q240547,Q3038055,Q30,United States,North America,English-speaking,Very high human development
Q240547,Q7568334,Q30,United States,North America,English-speaking,Very high human development
Q240647,Q5167596,Q145,United Kingdom,Europe,English-speaking,Very high human development
Q241215,Q1201513,Q664,New Zealand,Australia,English-speaking,Very high human development
Q241248,Q1342484,Q43,Turkey,Asia,West & South Asia,{}
Q241248,Q344334,Q43,Turkey,Asia,West & South Asia,{}
Q241248,Q6074010,Q43,Turkey,Asia,West & South Asia,{}
Q241398,Q817902,Q30,United States,North America,English-speaking,Very high human development
Q241398,Q5092387,Q30,United States,North America,English-speaking,Very high human development
Q241583,Q817902,Q30,United States,North America,English-speaking,Very high human development
Q241583,Q4983368,Q30,United States,North America,English-speaking,Very high human development
Q241615,Q1144262,Q16,Canada,North America,English-speaking,Very high human development
Q241615,Q29052,Q30,United States,North America,English-speaking,Very high human development
Q241714,Q1423756,Q30,United States,North America,English-speaking,Very high human development
Q242095,Q46210,Q38,Italy,Europe,Catholic Europe,Very high human development
Q242130,Q31519,Q213,Czech Republic,Europe,Orthodox Europe,{}
Q242130,Q12047389,Q213,Czech Republic,Europe,Orthodox Europe,{}
Q242162,Q219563,Q30,United States,North America,English-speaking,Very high human development
Q242351,Q31519,Q213,Czech Republic,Europe,Orthodox Europe,{}
Q242423,Q658975,Q39,Switzerland,Europe,Catholic Europe,Very high human development
Q242526,Q1127387,Q142,France,Europe,Catholic Europe,Very high human development
Q242526,Q916444,Q142,France,Europe,Catholic Europe,Very high human development
Q242530,Q4614,Q30,United States,North America,English-speaking,Very high human development
Q242613,Q4754216,Q30,United States,North America,English-speaking,Very high human development
Q242643,Q49114,Q30,United States,North America,English-speaking,Very high human development
Q242643,Q49088,Q30,United States,North America,English-speaking,Very high human development
Q242796,Q951946,Q145,United Kingdom,Europe,English-speaking,Very high human development
Q242796,Q610999,Q145,United Kingdom,Europe,English-speaking,Very high human development
Q242796,Q3967641,Q145,United Kingdom,Europe,English-speaking,Very high human development
Q242956,Q49210,Q30,United States,North America,English-speaking,Very high human development
Q242956,Q501758,Q30,United States,North America,English-speaking,Very high human development
Q242956,Q1279835,Q30,United States,North America,English-speaking,Very high human development
Q242956,Q5471469,Q30,United States,North America,English-speaking,Very high human development
Q242956,Q7885779,Q30,United States,North America,English-speaking,Very high human development
Q243027,Q842909,Q30,United States,North America,English-speaking,Very high human development
Q243027,Q6799905,Q30,United States,North America,English-speaking,Very high human development
Q243066,Q218506,Q34,Sweden,Europe,Protestant Europe,Very high human development
Q244390,Q766145,Q30,United States,North America,English-speaking,Very high human development
Q244390,Q41506,Q30,United States,North America,English-speaking,Very high human development
Q244390,Q7580969,Q30,United States,North America,English-speaking,Very high human development
Q244997,Q5440477,Q155,Brazil,South America,Latin America,High human development
Q245257,Q168751,Q30,United States,North America,English-speaking,Very high human development
Q245257,Q2902978,Q30,United States,North America,English-speaking,Very high human development
Q245257,Q7971142,Q30,United States,North America,English-speaking,Very high human development
Q245257,Q5109092,Q30,United States,North America,English-speaking,Very high human development
Q245787,Q608338,Q218,Romania,Europe,Catholic Europe,Very high human development
Q245787,Q4146913,Q217,Moldova,Europe,Orthodox Europe,{}
Q245787,Q1523902,Q218,Romania,Europe,Catholic Europe,Very high human development
Q246303,Q4614,Q30,United States,North America,English-speaking,Very high human development
Q246303,Q168756,Q30,United States,North America,English-speaking,Very high human development
Q246617,Q834219,Q218,Romania,Europe,Catholic Europe,Very high human development
Q246722,Q224802,Q159,Russia,Europe,Orthodox Europe,{}
Q246722,Q224802,Q15180,,{},{},{}
Q246722,Q1250779,Q159,Russia,Europe,Orthodox Europe,{}
Q246722,Q1250779,Q15180,,{},{},{}
Q246953,Q332342,Q145,United Kingdom,Europe,English-speaking,Very high human development
Q246953,Q192088,Q145,United Kingdom,Europe,English-speaking,Very high human development
Q247473,Q81162,Q145,United Kingdom,Europe,English-speaking,Very high human development
Q247526,Q209842,Q142,France,Europe,Catholic Europe,Very high human development
Q248244,Q815432,Q17,Japan,Asia,West & South Asia,Very high human development
Q248244,Q7842,Q17,Japan,Asia,West & South Asia,Very high human development
Q248867,Q49088,Q30,United States,North America,English-speaking,Very high human development
Q248867,Q499451,Q30,United States,North America,English-speaking,Very high human development
Q249197,Q1232180,Q29,Spain,Europe,Catholic Europe,Very high human development
Q249197,Q3531508,Q145,United Kingdom,Europe,English-speaking,Very high human development
Q249197,Q8049286,Q145,United Kingdom,Europe,English-speaking,Very high human development
Q249686,Q967165,Q145,United Kingdom,Europe,English-speaking,Very high human development
Q249686,Q1045828,Q145,United Kingdom,Europe,English-speaking,Very high human development
Q250637,Q658975,Q39,Switzerland,Europe,Catholic Europe,Very high human development
Q250637,Q43452,Q29,Spain,Europe,Catholic Europe,Very high human development
Q251215,Q219694,Q29,Spain,Europe,Catholic Europe,Very high human development
Q252049,Q1232180,Q29,Spain,Europe,Catholic Europe,Very high human development
Q252049,Q1814503,Q29,Spain,Europe,Catholic Europe,Very high human development
Q252776,Q492318,Q30,United States,North America,English-speaking,Very high human development
Q252776,Q956056,Q30,United States,North America,English-speaking,Very high human development
Q253926,Q49114,Q30,United States,North America,English-speaking,Very high human development
Q253926,Q219563,Q30,United States,North America,English-speaking,Very high human development
Q253926,Q15142,Q30,United States,North America,English-speaking,Very high human development
Q253926,Q182973,Q30,United States,North America,English-speaking,Very high human development
Q253926,Q7161950,Q30,United States,North America,English-speaking,Very high human development
Q253998,Q14955171,Q191,Estonia,Europe,Protestant Europe,Very high human development
Q253998,Q204181,Q191,Estonia,Europe,Protestant Europe,Very high human development
Q254032,Q9379679,Q36,Poland,Europe,Catholic Europe,Very high human development
Q254215,Q74164782,Q145,United Kingdom,Europe,English-speaking,Very high human development
Q254240,Q5921653,Q145,United Kingdom,Europe,English-speaking,Very high human development
Q254524,Q658192,Q37,Lithuania,Europe,Catholic Europe,Very high human development
Q254635,Q765642,Q145,United Kingdom,Europe,English-speaking,Very high human development
Q254820,Q842909,Q30,United States,North America,English-speaking,Very high human development
Q254820,Q49210,Q30,United States,North America,English-speaking,Very high human development
Q255339,Q817902,Q30,United States,North America,English-speaking,Very high human development
Q255339,Q60748588,Q30,United States,North America,English-speaking,Very high human development
Q255862,Q309331,Q30,United States,North America,English-speaking,Very high human development
Q256177,Q17191216,Q17,Japan,Asia,West & South Asia,Very high human development
Q256257,Q503424,Q145,United Kingdom,Europe,English-speaking,Very high human development
Q256257,Q1045828,Q145,United Kingdom,Europe,English-speaking,Very high human development
Q256257,Q7073892,Q145,United Kingdom,Europe,English-speaking,Very high human development
Q256763,Q204457,Q20,Norway,Europe,Protestant Europe,Very high human development
Q257261,Q49204,Q30,United States,North America,English-speaking,Very high human development
Q257723,Q5153852,Q30,United States,North America,English-speaking,Very high human development
Q257723,Q7721068,Q30,United States,North America,English-speaking,Very high human development
Q258096,Q2302280,Q30,United States,North America,English-speaking,Very high human development
Q258431,Q2413375,Q145,United Kingdom,Europe,English-speaking,Very high human development
Q258753,Q640652,Q30,United States,North America,English-speaking,Very high human development
Q259096,Q7432601,Q30,United States,North America,English-speaking,Very high human development
Q259200,Q2496094,Q27,Ireland,Europe,English-speaking,Very high human development
Q259217,Q49114,Q30,United States,North America,English-speaking,Very high human development
Q259217,Q49088,Q30,United States,North America,English-speaking,Very high human development
Q259217,Q5149905,Q30,United States,North America,English-speaking,Very high human development
Q259364,Q650068,Q145,United Kingdom,Europe,English-speaking,Very high human development
Q259364,Q838330,Q30,United States,North America,English-speaking,Very high human development
Q259364,Q838330,Q30,United States,North America,English-speaking,Very high human development
Q259364,Q907481,Q30,United States,North America,English-speaking,Very high human development
Q259364,Q3468084,Q30,United States,North America,English-speaking,Very high human development
Q259364,Q49088,Q30,United States,North America,English-speaking,Very high human development
Q259364,Q85751225,Q30,United States,North America,English-speaking,Very high human development
Q259543,Q1515763,Q30,United States,North America,English-speaking,Very high human development
Q259543,Q49088,Q30,United States,North America,English-speaking,Very high human development
Q259543,Q4217712,Q20,Norway,Europe,Protestant Europe,Very high human development
Q259543,Q17040006,Q30,United States,North America,English-speaking,Very high human development
Q259653,Q2093794,Q30,United States,North America,English-speaking,Very high human development
Q259956,Q1414861,Q145,United Kingdom,Europe,English-speaking,Very high human development
Q259956,Q627969,Q16,Canada,North America,English-speaking,Very high human development
Q259956,Q5649375,Q30,United States,North America,English-speaking,Very high human development
Q259956,Q7073679,Q30,United States,North America,English-speaking,Very high human development
Q259979,Q1137719,Q142,France,Europe,Catholic Europe,Very high human development
Q260011,Q844673,Q30,United States,North America,English-speaking,Very high human development
Q260011,Q487556,Q408,Australia,Australia,English-speaking,Very high human development
Q260011,Q4898043,Q408,Australia,Australia,English-speaking,Very high human development
Q260011,Q49088,Q30,United States,North America,English-speaking,Very high human development
Q260054,Q13371,Q30,United States,North America,English-speaking,Very high human development
Q260054,Q174710,Q30,United States,North America,English-speaking,Very high human development
Q260054,Q6232369,Q30,United States,North America,English-speaking,Very high human development
Q260262,Q170027,Q145,United Kingdom,Europe,English-speaking,Very high human development
Q260262,Q390287,Q28,Hungary,Europe,Catholic Europe,Very high human development
Q260670,Q170027,Q145,United Kingdom,Europe,English-speaking,Very high human development
Q260670,Q7628337,Q145,United Kingdom,Europe,English-speaking,Very high human development
Q260879,Q661056,Q142,France,Europe,Catholic Europe,Very high human development
Q260879,Q7273801,Q30,United States,North America,English-speaking,Very high human development
Q260879,Q3268643,Q142,France,Europe,Catholic Europe,Very high human development
Q260893,Q1857293,Q155,Brazil,South America,Latin America,High human development
Q260982,Q192088,Q145,United Kingdom,Europe,English-speaking,Very high human development
Q261054,Q81173,Q145,United Kingdom,Europe,English-speaking,Very high human development
Q261054,Q5108635,Q145,United Kingdom,Europe,English-speaking,Very high human development
Q261066,Q559549,Q30,United States,North America,English-speaking,Very high human development
Q261397,Q222738,Q96,Mexico,North America,Latin America,High human development
Q261521,Q6060258,Q145,United Kingdom,Europe,English-speaking,Very high human development
Q261627,Q81162,Q145,United Kingdom,Europe,English-speaking,Very high human development
Q261627,Q35794,Q145,United Kingdom,Europe,English-speaking,Very high human development
Q261627,Q34433,Q145,United Kingdom,Europe,English-speaking,Very high human development
Q261981,Q230899,Q145,United Kingdom,Europe,English-speaking,Very high human development
Q261981,Q15270457,Q145,United Kingdom,Europe,English-speaking,Very high human development
Q262170,Q6186715,Q30,United States,North America,English-speaking,Very high human development
Q262170,Q8078192,Q30,United States,North America,English-speaking,Very high human development
Q262253,Q196559,Q189,Iceland,Europe,Protestant Europe,Very high human development
Q262253,Q326342,Q16,Canada,North America,English-speaking,Very high human development
Q262274,Q1819342,Q145,United Kingdom,Europe,English-speaking,Very high human development
Q262565,Q486156,Q20,Norway,Europe,Protestant Europe,Very high human development
Q262565,Q4493192,Q20,Norway,Europe,Protestant Europe,Very high human development
Q262565,Q1368733,Q20,Norway,Europe,Protestant Europe,Very high human development
Q262712,Q7663080,Q30,United States,North America,English-speaking,Very high human development
Q262712,Q810771,Q30,United States,North America,English-speaking,Very high human development
Q262997,Q13371,Q30,United States,North America,English-speaking,Very high human development
Q263201,Q214654,Q142,France,Europe,Catholic Europe,Very high human development
Q263552,Q273631,Q142,France,Europe,Catholic Europe,Very high human development
Q263552,Q586904,Q155,Brazil,South America,Latin America,High human development
Q263552,Q1394262,Q142,France,Europe,Catholic Europe,Very high human development
Q263599,Q34433,Q145,United Kingdom,Europe,English-speaking,Very high human development
Q263613,Q4784159,Q664,New Zealand,Australia,English-speaking,Very high human development
Q263807,Q737835,Q794,Iran,Asia,African-Islamic,{}
Q263807,Q41506,Q30,United States,North America,English-speaking,Very high human development
Q264247,Q1143226,Q17,Japan,Asia,West & South Asia,Very high human development
Q264283,Q35794,Q145,United Kingdom,Europe,English-speaking,Very high human development
Q264283,Q49117,Q30,United States,North America,English-speaking,Very high human development
Q264283,Q691283,Q145,United Kingdom,Europe,English-speaking,Very high human development
Q264283,Q6693219,Q30,United States,North America,English-speaking,Very high human development
Q264730,Q705737,Q30,United States,North America,English-speaking,Very high human development
Q264730,Q1250108,Q30,United States,North America,English-speaking,Very high human development
Q264730,Q993267,Q30,United States,North America,English-speaking,Very high human development
Q264730,Q14709475,Q30,United States,North America,English-speaking,Very high human development
Q265270,Q49115,Q30,United States,North America,English-speaking,Very high human development
Q265270,Q8047423,Q30,United States,North America,English-speaking,Very high human development
Q265603,Q35794,Q145,United Kingdom,Europe,English-speaking,Very high human development
Q265603,Q458393,Q145,United Kingdom,Europe,English-speaking,Very high human development
Q265603,Q14551305,Q145,United Kingdom,Europe,English-speaking,Very high human development
Q265603,Q813868,Q145,United Kingdom,Europe,English-speaking,Very high human development
Q266173,Q7726772,Q30,United States,North America,English-speaking,Very high human development
Q266173,Q499451,Q30,United States,North America,English-speaking,Very high human development
Q266173,Q7501315,Q30,United States,North America,English-speaking,Very high human development
Q266187,Q193727,Q30,United States,North America,English-speaking,Very high human development
Q266205,Q7170040,Q145,United Kingdom,Europe,English-speaking,Very high human development
Q266205,Q1247544,Q145,United Kingdom,Europe,English-speaking,Very high human development
Q266368,Q49213,Q30,United States,North America,English-speaking,Very high human development
Q266368,Q15908950,Q30,United States,North America,English-speaking,Very high human development
Q266368,Q5252909,Q30,United States,North America,English-speaking,Very high human development
Q266802,Q49088,Q30,United States,North America,English-speaking,Very high human development
Q266816,Q270145,Q419,Peru,South America,Latin America,High human development
Q266947,Q15142,Q30,United States,North America,English-speaking,Very high human development
Q266947,Q52413,Q30,United States,North America,English-speaking,Very high human development
Q266959,Q432637,Q30,United States,North America,English-speaking,Very high human development
Q266984,Q274486,Q17,Japan,Asia,West & South Asia,Very high human development
Q267356,Q981195,Q145,United Kingdom,Europe,English-speaking,Very high human development
Q267441,Q14714650,Q30,United States,North America,English-speaking,Very high human development
Q267691,Q168756,Q30,United States,North America,English-speaking,Very high human development
Q267691,Q5006618,Q30,United States,North America,English-speaking,Very high human development
Q267698,Q28695,Q33,Finland,Europe,Catholic Europe,Very high human development
Q267746,Q7842,Q17,Japan,Asia,West & South Asia,Very high human development
Q267748,Q774489,Q145,United Kingdom,Europe,English-speaking,Very high human development
Q267769,Q390287,Q28,Hungary,Europe,Catholic Europe,Very high human development
Q268147,Q2093794,Q30,United States,North America,English-speaking,Very high human development
Q268147,Q4769462,Q30,United States,North America,English-speaking,Very high human development
Q268147,Q5523079,Q30,United States,North America,English-speaking,Very high human development
Q268181,Q766145,Q30,United States,North America,English-speaking,Very high human development
Q268371,Q913861,Q30,United States,North America,English-speaking,Very high human development
Q268466,Q174710,Q30,United States,North America,English-speaking,Very high human development
Q268495,Q665105,Q668,India,Asia,Indosphere,Medium human development
Q268495,Q5189702,Q668,India,Asia,Indosphere,Medium human development
Q268582,Q308963,Q29,Spain,Europe,Catholic Europe,Very high human development
Q268755,Q498526,Q30,United States,North America,English-speaking,Very high human development
Q268829,Q180865,Q16,Canada,North America,English-speaking,Very high human development
Q268829,Q6418027,Q16,Canada,North America,English-speaking,Very high human development
Q269123,Q219694,Q29,Spain,Europe,Catholic Europe,Very high human development
Q269129,Q4852807,Q30,United States,North America,English-speaking,Very high human development
Q269927,Q5576249,Q30,United States,North America,English-speaking,Very high human development
Q269927,Q993267,Q30,United States,North America,English-speaking,Very high human development
Q269927,Q5482672,Q30,United States,North America,English-speaking,Very high human development
Q269982,Q245247,Q145,United Kingdom,Europe,English-speaking,Very high human development
Q270070,Q1031803,Q38,Italy,Europe,Catholic Europe,Very high human development
Q270199,Q129421,Q30,United States,North America,English-speaking,Very high human development
Q270204,Q1949773,Q30,United States,North America,English-speaking,Very high human development
Q270487,Q967165,Q145,United Kingdom,Europe,English-speaking,Very high human development
Q270487,Q1737734,Q145,United Kingdom,Europe,English-speaking,Very high human development
Q270487,Q245247,Q145,United Kingdom,Europe,English-speaking,Very high human development
Q270487,Q7270301,Q145,United Kingdom,Europe,English-speaking,Very high human development
Q270601,Q432637,Q30,United States,North America,English-speaking,Very high human development
Q270635,Q167733,Q30,United States,North America,English-speaking,Very high human development
Q270641,Q762266,Q30,United States,North America,English-speaking,Very high human development
Q270641,Q622664,Q30,United States,North America,English-speaking,Very high human development
Q270641,Q49119,Q30,United States,North America,English-speaking,Very high human development
Q270648,Q6673197,Q145,United Kingdom,Europe,English-speaking,Very high human development
Q270715,Q5378133,Q30,United States,North America,English-speaking,Very high human development
Q270715,Q5953653,Q30,United States,North America,English-speaking,Very high human development
Q270715,Q6389707,Q30,United States,North America,English-speaking,Very high human development
Q270715,Q7982462,Q30,United States,North America,English-speaking,Very high human development
Q270739,Q6030527,Q43,Turkey,Asia,West & South Asia,{}
Q270739,Q756126,Q43,Turkey,Asia,West & South Asia,{}
Q271111,Q458393,Q145,United Kingdom,Europe,English-speaking,Very high human development
Q271423,Q258464,Q27,Ireland,Europe,English-speaking,Very high human development
Q271457,Q16634762,Q159,Russia,Europe,Orthodox Europe,{}
Q271457,Q4061516,Q34266,,{},{},{}
Q271494,Q47473770,Q20,Norway,Europe,Protestant Europe,Very high human development
Q271895,Q11512341,Q17,Japan,Asia,West & South Asia,Very high human development
Q271895,Q1539129,Q17,Japan,Asia,West & South Asia,Very high human development
Q271931,Q1623314,Q30,United States,North America,English-speaking,Very high human development
Q271931,Q13371,Q30,United States,North America,English-speaking,Very high human development
Q271973,Q1047293,Q30,United States,North America,English-speaking,Very high human development
Q272076,Q7498066,Q30,United States,North America,English-speaking,Very high human development
Q272088,Q2894818,Q30,United States,North America,English-speaking,Very high human development
Q272163,Q1569421,Q739,Colombia,South America,Latin America,High human development
Q272194,Q956501,Q145,United Kingdom,Europe,English-speaking,Very high human development
Q272194,Q15142,Q30,United States,North America,English-speaking,Very high human development
Q272194,Q956501,Q145,United Kingdom,Europe,English-speaking,Very high human development
Q272492,Q604029,Q30,United States,North America,English-speaking,Very high human development
Q272585,Q1465651,Q145,United Kingdom,Europe,English-speaking,Very high human development
Q272585,Q5951503,Q145,United Kingdom,Europe,English-speaking,Very high human development
Q272610,Q1150105,Q30,United States,North America,English-speaking,Very high human development
Q272610,Q6423652,Q30,United States,North America,English-speaking,Very high human development
Q272622,Q1249005,Q145,United Kingdom,Europe,English-speaking,Very high human development
Q272622,Q16944900,Q145,United Kingdom,Europe,English-speaking,Very high human development
Q272638,Q49124,Q30,United States,North America,English-speaking,Very high human development
Q272794,Q1047293,Q30,United States,North America,English-speaking,Very high human development
Q272811,Q49088,Q30,United States,North America,English-speaking,Very high human development
Q272811,Q49205,Q30,United States,North America,English-speaking,Very high human development
Q272855,Q1516684,Q145,United Kingdom,Europe,English-speaking,Very high human development
Q272855,Q1045828,Q145,United Kingdom,Europe,English-speaking,Very high human development
Q272855,Q41621795,Q145,United Kingdom,Europe,English-speaking,Very high human development
Q272861,Q4823037,Q30,United States,North America,English-speaking,Very high human development
Q272861,Q7686664,Q30,United States,North America,English-speaking,Very high human development
Q273001,Q1190812,Q30,United States,North America,English-speaking,Very high human development
Q273007,Q1141728,Q17,Japan,Asia,West & South Asia,Very high human development
Q273034,Q7244377,Q16,Canada,North America,English-speaking,Very high human development
Q273034,Q579321,Q16,Canada,North America,English-speaking,Very high human development
Q273156,Q209842,Q142,France,Europe,Catholic Europe,Very high human development
Q273156,Q5777303,Q298,Chile,South America,Latin America,Very high human development
Q273196,Q632891,Q16,Canada,North America,English-speaking,Very high human development
Q273196,Q201492,Q16,Canada,North America,English-speaking,Very high human development
Q273196,Q24191080,Q16,Canada,North America,English-speaking,Very high human development
Q273210,Q599316,Q30,United States,North America,English-speaking,Very high human development
Q273210,Q895457,Q30,United States,North America,English-speaking,Very high human development
Q273210,Q5244175,Q30,United States,North America,English-speaking,Very high human development
Q273266,Q14935289,Q408,Australia,Australia,English-speaking,Very high human development
Q273266,Q319078,Q408,Australia,Australia,English-speaking,Very high human development
Q273266,Q153006,Q183,Germany,Europe,Catholic Europe,Very high human development
Q273311,Q4638918,Q145,United Kingdom,Europe,English-speaking,Very high human development
Q273385,Q230492,Q30,United States,North America,English-speaking,Very high human development
Q273385,Q309350,Q30,United States,North America,English-speaking,Very high human development
Q273406,Q9646152,Q145,United Kingdom,Europe,English-speaking,Very high human development
Q273448,Q741880,Q145,United Kingdom,Europe,English-speaking,Very high human development
Q273712,Q49124,Q30,United States,North America,English-speaking,Very high human development
Q273712,Q13371,Q30,United States,North America,English-speaking,Very high human development
Q273712,Q49165,Q30,United States,North America,English-speaking,Very high human development
Q273730,Q230492,Q30,United States,North America,English-speaking,Very high human development
Q273799,Q6134639,Q145,United Kingdom,Europe,English-speaking,Very high human development
Q273873,Q4775035,Q30,United States,North America,English-speaking,Very high human development
Q273873,Q4775012,Q30,United States,North America,English-speaking,Very high human development
Q273873,Q309331,Q30,United States,North America,English-speaking,Very high human development
Q273911,Q49205,Q30,United States,North America,English-speaking,Very high human development
Q273911,Q5286989,Q30,United States,North America,English-speaking,Very high human development
Q273938,Q167733,Q30,United States,North America,English-speaking,Very high human development
Q273938,Q49088,Q30,United States,North America,English-speaking,Very high human development
Q274016,Q1138374,Q30,United States,North America,English-speaking,Very high human development
Q274090,Q1851014,Q159,Russia,Europe,Orthodox Europe,{}
Q274090,Q1851014,Q15180,,{},{},{}
Q274144,Q766145,Q30,United States,North America,English-speaking,Very high human development
Q274319,Q3064325,Q142,France,Europe,Catholic Europe,Very high human development
Q274348,Q219694,Q29,Spain,Europe,Catholic Europe,Very high human development
Q274404,Q499911,Q38,Italy,Europe,Catholic Europe,Very high human development
Q274500,Q1247589,Q145,United Kingdom,Europe,English-speaking,Very high human development
Q274500,Q5576782,Q145,United Kingdom,Europe,English-speaking,Very high human development
Q274708,Q168751,Q30,United States,North America,English-speaking,Very high human development
Q274730,Q866012,Q408,Australia,Australia,English-speaking,Very high human development
Q274766,Q144488,Q36,Poland,Europe,Catholic Europe,Very high human development
Q274766,Q9296632,Q36,Poland,Europe,Catholic Europe,Very high human development
Q274766,Q1758009,Q36,Poland,Europe,Catholic Europe,Very high human development
Q274941,Q1047060,Q30,United States,North America,English-speaking,Very high human development
Q275012,Q861548,Q30,United States,North America,English-speaking,Very high human development
Q275012,Q5332879,Q30,United States,North America,English-speaking,Very high human development
Q275012,Q27988140,Q30,United States,North America,English-speaking,Very high human development
Q275092,Q774489,Q145,United Kingdom,Europe,English-speaking,Very high human development
Q275092,Q1161297,Q145,United Kingdom,Europe,English-speaking,Very high human development
Q275092,Q3249136,Q145,United Kingdom,Europe,English-speaking,Very high human development
Q275146,Q2092358,Q668,India,Asia,Indosphere,Medium human development
Q275146,Q2628297,Q668,India,Asia,Indosphere,Medium human development
Q275146,Q406402,Q668,India,Asia,Indosphere,Medium human development
Q275146,Q7055270,Q668,India,Asia,Indosphere,Medium human development
Q275146,Q5444268,Q668,India,Asia,Indosphere,Medium human development
Q275146,Q3764846,Q668,India,Asia,Indosphere,Medium human development
Q275146,Q5772639,Q668,India,Asia,Indosphere,Medium human development
Q275175,Q9379670,Q36,Poland,Europe,Catholic Europe,Very high human development
Q275328,Q213439,Q30,United States,North America,English-speaking,Very high human development
Q275367,Q1247589,Q145,United Kingdom,Europe,English-speaking,Very high human development
Q275367,Q4967751,Q145,United Kingdom,Europe,English-speaking,Very high human development
Q275392,Q774489,Q145,United Kingdom,Europe,English-speaking,Very high human development
Q275392,Q7911042,Q145,United Kingdom,Europe,English-speaking,Very high human development
Q275392,Q7061507,Q145,United Kingdom,Europe,English-speaking,Very high human development
Q275563,Q167733,Q30,United States,North America,English-speaking,Very high human development
Q275563,Q49088,Q30,United States,North America,English-speaking,Very high human development
Q275563,Q5149905,Q30,United States,North America,English-speaking,Very high human development
Q275601,Q5484699,Q30,United States,North America,English-speaking,Very high human development
Q275601,Q7244704,Q781,Antigua and Barbuda,North America,Latin America,Very high human development
Q275602,Q49088,Q30,United States,North America,English-speaking,Very high human development
Q275602,Q49112,Q30,United States,North America,English-speaking,Very high human development
Q275602,Q5149905,Q30,United States,North America,English-speaking,Very high human development
Q275602,Q7128669,Q30,United States,North America,English-speaking,Very high human development
Q275602,Q7515373,Q30,United States,North America,English-speaking,Very high human development
Q275633,Q432475,Q664,New Zealand,Australia,English-speaking,Very high human development
Q275633,Q492467,Q664,New Zealand,Australia,English-speaking,Very high human development
Q275633,Q7990474,Q664,New Zealand,Australia,English-speaking,Very high human development
Q275707,Q6608367,Q30,United States,North America,English-speaking,Very high human development
Q275707,Q1026939,Q30,United States,North America,English-speaking,Very high human development
Q275719,Q777403,Q30,United States,North America,English-speaking,Very high human development
Q275719,Q5061974,Q30,United States,North America,English-speaking,Very high human development
Q275955,Q8033202,Q30,United States,North America,English-speaking,Very high human development
Q276304,Q6139911,Q30,United States,North America,English-speaking,Very high human development
Q276304,Q6913736,Q30,United States,North America,English-speaking,Very high human development
Q276332,Q11525410,Q17,Japan,Asia,West & South Asia,Very high human development
Q276355,Q738258,Q30,United States,North America,English-speaking,Very high human development
Q276355,Q1798499,Q30,United States,North America,English-speaking,Very high human development
Q276355,Q6827378,Q30,United States,North America,English-speaking,Very high human development
Q276421,Q1140542,Q30,United States,North America,English-speaking,Very high human development
Q276472,Q458393,Q145,United Kingdom,Europe,English-speaking,Very high human development
Q276472,Q7899384,Q145,United Kingdom,Europe,English-speaking,Very high human development
Q276782,Q274486,Q17,Japan,Asia,West & South Asia,Very high human development
Q276817,Q13371,Q30,United States,North America,English-speaking,Very high human development
Q276817,Q49119,Q30,United States,North America,English-speaking,Very high human development
Q277308,Q7774033,Q30,United States,North America,English-speaking,Very high human development
Q277308,Q131252,Q30,United States,North America,English-speaking,Very high human development
Q278543,Q13371,Q30,United States,North America,English-speaking,Very high human development
Q278543,Q219563,Q30,United States,North America,English-speaking,Very high human development
Q278862,Q114306,Q145,United Kingdom,Europe,English-speaking,Very high human development
Q278872,Q5756622,Q145,United Kingdom,Europe,English-speaking,Very high human development
Q278917,Q1035745,Q145,United Kingdom,Europe,English-speaking,Very high human development
Q278917,Q1072029,Q145,United Kingdom,Europe,English-speaking,Very high human development
Q278917,Q3551675,Q16,Canada,North America,English-speaking,Very high human development
Q278953,Q1051840,Q30,United States,North America,English-speaking,Very high human development
Q278953,Q168000,Q30,United States,North America,English-speaking,Very high human development
Q279305,Q967165,Q145,United Kingdom,Europe,English-speaking,Very high human development
Q279305,Q1143281,Q145,United Kingdom,Europe,English-speaking,Very high human development
Q279305,Q7103287,Q145,United Kingdom,Europe,English-speaking,Very high human development
Q279361,Q49112,Q30,United States,North America,English-speaking,Very high human development
Q279973,Q46492,Q17,Japan,Asia,West & South Asia,Very high human development
Q279987,Q11524659,Q17,Japan,Asia,West & South Asia,Very high human development
Q279987,Q7842,Q17,Japan,Asia,West & South Asia,Very high human development
Q280001,Q1536258,Q30,United States,North America,English-speaking,Very high human development
Q280001,Q7989150,Q30,United States,North America,English-speaking,Very high human development
Q280556,Q192088,Q145,United Kingdom,Europe,English-speaking,Very high human development
Q280556,Q805285,Q145,United Kingdom,Europe,English-speaking,Very high human development
Q280556,Q16238579,Q145,United Kingdom,Europe,English-speaking,Very high human development
Q282859,Q815432,Q17,Japan,Asia,West & South Asia,Very high human development
Q283094,Q16840684,Q30,United States,North America,English-speaking,Very high human development
Q283094,Q5329516,Q30,United States,North America,English-speaking,Very high human development
Q283267,Q2005647,Q668,India,Asia,Indosphere,Medium human development
Q283408,Q174158,Q801,Israel,Asia,West & South Asia,Very high human development
Q283496,Q1809286,Q30,United States,North America,English-speaking,Very high human development
Q283659,Q1140775,Q30,United States,North America,English-speaking,Very high human development
Q283659,Q270272,Q30,United States,North America,English-speaking,Very high human development
Q284287,Q1307345,Q30,United States,North America,English-speaking,Very high human development
Q284287,Q6220568,Q30,United States,North America,English-speaking,Very high human development
Q284560,Q194223,Q414,Argentina,South America,Latin America,Very high human development
Q285007,Q235034,Q30,United States,North America,English-speaking,Very high human development
Q285007,Q751612,Q30,United States,North America,English-speaking,Very high human development
Q285084,Q1190904,Q17,Japan,Asia,West & South Asia,Very high human development
Q285876,Q168515,Q30,United States,North America,English-speaking,Very high human development
Q285876,Q5175814,Q30,United States,North America,English-speaking,Very high human development
Q286116,Q49117,Q30,United States,North America,English-speaking,Very high human development
Q286475,Q3064267,Q142,France,Europe,Catholic Europe,Very high human development
Q286701,Q1152391,Q17,Japan,Asia,West & South Asia,Very high human development
Q287189,Q219694,Q29,Spain,Europe,Catholic Europe,Very high human development
Q287460,Q82513,Q145,United Kingdom,Europe,English-speaking,Very high human development
Q287460,Q1341516,Q145,United Kingdom,Europe,English-speaking,Very high human development
Q287644,Q5365568,Q17,Japan,Asia,West & South Asia,Very high human development
Q287644,Q11655231,Q17,Japan,Asia,West & South Asia,Very high human development
Q287679,Q7140050,Q145,United Kingdom,Europe,English-speaking,Very high human development
Q287828,Q83259,Q142,France,Europe,Catholic Europe,Very high human development
Q287828,Q8484,Q142,France,Europe,Catholic Europe,Very high human development
Q288198,Q13342,Q142,France,Europe,Catholic Europe,Very high human development
Q288198,Q1075148,Q30,United States,North America,English-speaking,Very high human development
Q288306,Q528231,Q145,United Kingdom,Europe,English-speaking,Very high human development
Q288306,Q3933220,Q145,United Kingdom,Europe,English-speaking,Very high human development
Q288627,Q5109078,Q664,New Zealand,Australia,English-speaking,Very high human development
Q288721,Q1161297,Q145,United Kingdom,Europe,English-speaking,Very high human development
Q288769,Q2749583,Q668,India,Asia,Indosphere,Medium human development
Q288769,Q5766377,Q668,India,Asia,Indosphere,Medium human development
Q289032,Q916444,Q142,France,Europe,Catholic Europe,Very high human development
Q289812,Q167733,Q30,United States,North America,English-speaking,Very high human development
Q289812,Q4804923,Q30,United States,North America,English-speaking,Very high human development
Q289812,Q4804917,Q30,United States,North America,English-speaking,Very high human development
Q289812,Q309350,Q30,United States,North America,English-speaking,Very high human development
Q289947,Q192775,Q145,United Kingdom,Europe,English-speaking,Very high human development
Q289947,Q1859178,Q145,United Kingdom,Europe,English-speaking,Very high human development
Q289947,Q7895465,Q145,United Kingdom,Europe,English-speaking,Very high human development
Q289990,Q7595660,Q145,United Kingdom,Europe,English-speaking,Very high human development
Q289990,Q6481460,Q145,United Kingdom,Europe,English-speaking,Very high human development
Q289990,Q337454,Q142,France,Europe,Catholic Europe,Very high human development
Q290070,Q209842,Q142,France,Europe,Catholic Europe,Very high human development
Q290220,Q656871,Q1049,Sudan,Africa,African-Islamic,Low human development
Q290220,Q16893315,Q1049,Sudan,Africa,African-Islamic,Low human development
Q290220,Q274570,Q142,France,Europe,Catholic Europe,Very high human development
Q290220,Q174570,Q145,United Kingdom,Europe,English-speaking,Very high human development
Q290261,Q186285,Q35,Denmark,Europe,Protestant Europe,Very high human development
Q290306,Q209842,Q142,France,Europe,Catholic Europe,Very high human development
Q290306,Q737835,Q794,Iran,Asia,African-Islamic,{}
Q290502,Q1665253,Q77,Uruguay,South America,Latin America,Very high human development
Q290633,Q736674,Q30,United States,North America,English-speaking,Very high human development
Q290633,Q1206658,Q30,United States,North America,English-speaking,Very high human development
Q291025,Q49166,Q30,United States,North America,English-speaking,Very high human development
Q291025,Q14437811,Q30,United States,North America,English-speaking,Very high human development
Q291025,Q17012072,Q30,United States,North America,English-speaking,Very high human development
Q291285,Q48976907,Q30,United States,North America,English-speaking,Very high human development
Q291672,Q7498329,Q17,Japan,Asia,West & South Asia,Very high human development
Q291672,Q46492,Q17,Japan,Asia,West & South Asia,Very high human development
Q291774,Q2302280,Q30,United States,North America,English-speaking,Very high human development
Q291774,Q4754215,Q30,United States,North America,English-speaking,Very high human development
Q291806,Q5303087,Q145,United Kingdom,Europe,English-speaking,Very high human development
Q291890,Q7846850,Q30,United States,North America,English-speaking,Very high human development
Q292071,Q7895753,Q30,United States,North America,English-speaking,Very high human development
Q292071,Q1546191,Q30,United States,North America,English-speaking,Very high human development
Q292071,Q219563,Q30,United States,North America,English-speaking,Very high human development
Q293028,Q41506,Q30,United States,North America,English-speaking,Very high human development
Q293028,Q49120,Q30,United States,North America,English-speaking,Very high human development
Q293141,Q657374,Q30,United States,North America,English-speaking,Very high human development
Q293236,Q201603,Q16,Canada,North America,English-speaking,Very high human development
Q293236,Q391028,Q16,Canada,North America,English-speaking,Very high human development
Q293259,Q616359,Q17,Japan,Asia,West & South Asia,Very high human development
Q293279,Q5146822,Q30,United States,North America,English-speaking,Very high human development
Q294321,Q13371,Q30,United States,North America,English-speaking,Very high human development
Q294321,Q5676553,Q30,United States,North America,English-speaking,Very high human development
Q294625,Q838330,Q30,United States,North America,English-speaking,Very high human development
Q295406,Q49088,Q30,United States,North America,English-speaking,Very high human development
Q295406,Q1047060,Q30,United States,North America,English-speaking,Very high human development
Q295406,Q5406107,Q30,United States,North America,English-speaking,Very high human development
Q295431,Q81162,Q145,United Kingdom,Europe,English-speaking,Very high human development
Q295431,Q2654767,Q145,United Kingdom,Europe,English-speaking,Very high human development
Q295589,Q499911,Q38,Italy,Europe,Catholic Europe,Very high human development
Q296069,Q5362587,Q30,United States,North America,English-speaking,Very high human development
Q296069,Q1805243,Q30,United States,North America,English-speaking,Very high human development
Q296256,Q897052,Q30,United States,North America,English-speaking,Very high human development
Q296256,Q7166144,Q30,United States,North America,English-speaking,Very high human development
Q296299,Q81162,Q145,United Kingdom,Europe,English-speaking,Very high human development
Q296299,Q49088,Q30,United States,North America,English-speaking,Very high human development
Q296299,Q16899555,Q668,India,Asia,Indosphere,Medium human development
Q296609,Q348134,Q145,United Kingdom,Europe,English-speaking,Very high human development
Q296609,Q1255631,Q145,United Kingdom,Europe,English-speaking,Very high human development
Q296609,Q5598377,Q145,United Kingdom,Europe,English-speaking,Very high human development
Q296609,Q523926,Q145,United Kingdom,Europe,English-speaking,Very high human development
Q296752,Q111595138,Q29,Spain,Europe,Catholic Europe,Very high human development
Q296752,Q43452,Q29,Spain,Europe,Catholic Europe,Very high human development
Q297504,Q6442920,Q43,Turkey,Asia,West & South Asia,{}
Q297504,Q6442920,Q12560,,{},{},{}
Q297504,Q7855290,Q43,Turkey,Asia,West & South Asia,{}
Q297538,Q777403,Q30,United States,North America,English-speaking,Very high human development
Q297538,Q7958639,Q30,United States,North America,English-speaking,Very high human development
Q297542,Q7182715,Q30,United States,North America,English-speaking,Very high human development
Q297542,Q1420239,Q30,United States,North America,English-speaking,Very high human development
Q297736,Q1250779,Q159,Russia,Europe,Orthodox Europe,{}
Q297736,Q1250779,Q15180,,{},{},{}
Q297752,Q495015,Q148,People's Republic of China,Asia,Confucian,{}
Q297752,Q201492,Q16,Canada,North America,English-speaking,Very high human development
Q297758,Q3268681,Q142,France,Europe,Catholic Europe,Very high human development
Q297794,Q1394262,Q142,France,Europe,Catholic Europe,Very high human development
Q297794,Q209842,Q142,France,Europe,Catholic Europe,Very high human development
Q297794,Q3953216,Q142,France,Europe,Catholic Europe,Very high human development
Q298025,Q49167,Q30,United States,North America,English-speaking,Very high human development
Q298025,Q1059517,Q145,United Kingdom,Europe,English-speaking,Very high human development
Q298025,Q7338137,Q30,United States,North America,English-speaking,Very high human development
Q298051,Q3268696,Q142,France,Europe,Catholic Europe,Very high human development
Q298051,Q1878600,Q142,France,Europe,Catholic Europe,Very high human development
Q298051,Q83259,Q142,France,Europe,Catholic Europe,Very high human development
Q298051,Q273553,Q142,France,Europe,Catholic Europe,Very high human development
Q298221,Q309350,Q30,United States,North America,English-speaking,Very high human development
Q298221,Q168000,Q30,United States,North America,English-speaking,Very high human development
Q298224,Q7983927,Q117,Ghana,Africa,Sub-Saharan Africa,Medium human development
Q298224,Q2303765,Q117,Ghana,Africa,Sub-Saharan Africa,Medium human development
Q298224,Q41506,Q30,United States,North America,English-speaking,Very high human development
Q298229,Q6023698,Q30,United States,North America,English-speaking,Very high human development
Q298229,Q7073575,Q30,United States,North America,English-speaking,Very high human development
Q298234,Q217741,Q30,United States,North America,English-speaking,Very high human development
Q298334,Q7595070,Q408,Australia,Australia,English-speaking,Very high human development
Q298358,Q1067935,Q16,Canada,North America,English-speaking,Very high human development
Q298394,Q1059546,Q142,France,Europe,Catholic Europe,Very high human development
Q298394,Q3268795,Q142,France,Europe,Catholic Europe,Very high human development
Q298394,Q3268987,Q142,France,Europe,Catholic Europe,Very high human development
Q298703,Q13371,Q30,United States,North America,English-speaking,Very high human development
Q298703,Q5025512,Q30,United States,North America,English-speaking,Very high human development
Q298761,Q499510,Q145,United Kingdom,Europe,English-speaking,Very high human development
Q298761,Q5019068,Q145,United Kingdom,Europe,English-speaking,Very high human development
Q298827,Q20749406,Q142,France,Europe,Catholic Europe,Very high human development
Q299161,Q219694,Q29,Spain,Europe,Catholic Europe,Very high human development
Q299539,Q951946,Q145,United Kingdom,Europe,English-speaking,Very high human development
Q299933,Q1075339,Q30,United States,North America,English-speaking,Very high human development
Q299965,Q1682329,Q30,United States,North America,English-speaking,Very high human development
Q299965,Q53370877,Q30,United States,North America,English-speaking,Very high human development
Q301372,Q14705485,Q30,United States,North America,English-speaking,Very high human development
Q301632,Q49213,Q30,United States,North America,English-speaking,Very high human development
Q302315,Q21578,Q30,United States,North America,English-speaking,Very high human development
Q302433,Q81170,Q145,United Kingdom,Europe,English-speaking,Very high human development
Q302433,Q1067870,Q145,United Kingdom,Europe,English-speaking,Very high human development
Q302768,Q1278253,Q30,United States,North America,English-speaking,Very high human development
Q302910,Q503424,Q145,United Kingdom,Europe,English-speaking,Very high human development
Q302910,Q261506,Q1036,Uganda,Africa,Sub-Saharan Africa,Medium human development
Q302910,Q4732316,Q114,Kenya,Africa,Sub-Saharan Africa,Medium human development
Q304874,Q194266,Q30,United States,North America,English-speaking,Very high human development
Q304874,Q49115,Q30,United States,North America,English-speaking,Very high human development
Q304874,Q1797768,Q30,United States,North America,English-speaking,Very high human development
Q305051,Q6411092,Q145,United Kingdom,Europe,English-speaking,Very high human development
Q305051,Q7593194,Q145,United Kingdom,Europe,English-speaking,Very high human development
Q305402,Q866012,Q408,Australia,Australia,English-speaking,Very high human development
Q305523,Q1430113,Q142,France,Europe,Catholic Europe,Very high human development
Q305523,Q6129517,Q17,Japan,Asia,West & South Asia,Very high human development
Q305523,Q209842,Q142,France,Europe,Catholic Europe,Very high human development
Q305907,Q55044,Q183,Germany,Europe,Catholic Europe,Very high human development
Q305909,Q737835,Q794,Iran,Asia,African-Islamic,{}
Q307988,Q503473,Q39,Switzerland,Europe,Catholic Europe,Very high human development
Q307988,Q503473,Q23366230,,{},{},{}
Q307988,Q503473,Q142,France,Europe,Catholic Europe,Very high human development
Q307988,Q503473,Q23366230,,{},{},{}
Q307988,Q503473,Q39,Switzerland,Europe,Catholic Europe,Very high human development
Q307988,Q1360237,Q1028,Morocco,Africa,African-Islamic,High human development
Q308021,Q2983656,Q948,Tunisia,Africa,African-Islamic,High human development
Q308021,Q3551686,Q948,Tunisia,Africa,African-Islamic,High human development
Q308021,Q546118,Q142,France,Europe,Catholic Europe,Very high human development
Q309702,Q1878600,Q142,France,Europe,Catholic Europe,Very high human development
Q309716,Q1059546,Q142,France,Europe,Catholic Europe,Very high human development
Q309768,Q219615,Q29,Spain,Europe,Catholic Europe,Very high human development
Q309786,Q107986776,Q38,Italy,Europe,Catholic Europe,Very high human development
Q309850,Q5244175,Q30,United States,North America,English-speaking,Very high human development
Q309850,Q705737,Q30,United States,North America,English-speaking,Very high human development
Q309903,Q192088,Q145,United Kingdom,Europe,English-speaking,Very high human development
Q309903,Q924289,Q145,United Kingdom,Europe,English-speaking,Very high human development
Q309974,Q83259,Q142,France,Europe,Catholic Europe,Very high human development
Q309974,Q3268795,Q142,France,Europe,Catholic Europe,Very high human development
Q310048,Q130965,Q30,United States,North America,English-speaking,Very high human development
Q310048,Q5038559,Q30,United States,North America,English-speaking,Very high human development
Q310111,Q536282,Q145,United Kingdom,Europe,English-speaking,Very high human development
Q310111,Q245247,Q145,United Kingdom,Europe,English-speaking,Very high human development
Q310111,Q3933220,Q145,United Kingdom,Europe,English-speaking,Very high human development
Q310111,Q7593001,Q145,United Kingdom,Europe,English-speaking,Very high human development
Q310176,Q81173,Q145,United Kingdom,Europe,English-speaking,Very high human development
Q310176,Q1341516,Q145,United Kingdom,Europe,English-speaking,Very high human development
Q310176,Q4917566,Q145,United Kingdom,Europe,English-speaking,Very high human development
Q310176,Q5763482,Q145,United Kingdom,Europe,English-speaking,Very high human development
Q310176,Q5025662,Q145,United Kingdom,Europe,English-speaking,Very high human development
Q310257,Q41506,Q30,United States,North America,English-speaking,Very high human development
Q310257,Q182973,Q30,United States,North America,English-speaking,Very high human development
Q310257,Q16893814,Q30,United States,North America,English-speaking,Very high human development
Q310379,Q182973,Q30,United States,North America,English-speaking,Very high human development
Q310379,Q1426464,Q30,United States,North America,English-speaking,Very high human development
Q310379,Q49207,Q30,United States,North America,English-speaking,Very high human development
Q310464,Q5395822,Q30,United States,North America,English-speaking,Very high human development
Q310562,Q3542768,Q403,Serbia,Europe,Orthodox Europe,Very high human development
Q311001,Q1473677,Q29,Spain,Europe,Catholic Europe,Very high human development
Q311005,Q83259,Q142,France,Europe,Catholic Europe,Very high human development
Q311005,Q1059546,Q142,France,Europe,Catholic Europe,Very high human development
Q311167,Q21705070,Q29,Spain,Europe,Catholic Europe,Very high human development
Q311253,Q309331,Q30,United States,North America,English-speaking,Very high human development
Q311401,Q936476,Q717,Venezuela,South America,Latin America,{}
Q311476,Q185246,Q34,Sweden,Europe,Protestant Europe,Very high human development
Q311480,Q271,Q142,France,Europe,Catholic Europe,Very high human development
Q311526,Q3140484,Q145,United Kingdom,Europe,English-speaking,Very high human development
Q311591,Q1335573,Q30,United States,North America,English-speaking,Very high human development
Q311591,Q4897894,Q30,United States,North America,English-speaking,Very high human development
Q311592,Q788091,Q29,Spain,Europe,Catholic Europe,Very high human development
Q311671,Q29052,Q30,United States,North America,English-speaking,Very high human development
Q311671,Q2749572,Q30,United States,North America,English-speaking,Very high human development
Q311684,Q34433,Q145,United Kingdom,Europe,English-speaking,Very high human development
Q311684,Q3551685,Q16,Canada,North America,English-speaking,Very high human development
Q311684,Q13371,Q30,United States,North America,English-speaking,Very high human development
Q311684,Q1542352,Q16,Canada,North America,English-speaking,Very high human development
Q311684,Q180865,Q16,Canada,North America,English-speaking,Very high human development
Q311744,Q5332879,Q30,United States,North America,English-speaking,Very high human development
Q311744,Q4947835,Q30,United States,North America,English-speaking,Very high human development
Q311744,Q15144,Q30,United States,North America,English-speaking,Very high human development
Q311755,Q52413,Q30,United States,North America,English-speaking,Very high human development
Q311755,Q6806876,Q30,United States,North America,English-speaking,Very high human development
Q311755,Q309350,Q30,United States,North America,English-speaking,Very high human development
Q311755,Q4917655,Q30,United States,North America,English-speaking,Very high human development
Q311854,Q1878600,Q142,France,Europe,Catholic Europe,Very high human development
Q311854,Q974394,Q142,France,Europe,Catholic Europe,Very high human development
Q312405,Q622664,Q30,United States,North America,English-speaking,Very high human development
Q312405,Q622664,Q30,United States,North America,English-speaking,Very high human development
Q312405,Q270222,Q30,United States,North America,English-speaking,Very high human development
Q312405,Q913861,Q30,United States,North America,English-speaking,Very high human development
Q312407,Q13371,Q30,United States,North America,English-speaking,Very high human development
Q312407,Q5103452,Q30,United States,North America,English-speaking,Very high human development
Q312407,Q49123,Q30,United States,North America,English-speaking,Very high human development
Q312407,Q3439758,Q30,United States,North America,English-speaking,Very high human development
Q312579,Q963530,Q145,United Kingdom,Europe,English-speaking,Very high human development
Q312632,Q168756,Q30,United States,North America,English-speaking,Very high human development
Q312637,Q209344,Q38,Italy,Europe,Catholic Europe,Very high human development
Q312637,Q3689758,Q38,Italy,Europe,Catholic Europe,Very high human development
Q312641,Q2737843,Q30,United States,North America,English-speaking,Very high human development
Q312720,Q29052,Q30,United States,North America,English-speaking,Very high human development
Q312720,Q168756,Q30,United States,North America,English-speaking,Very high human development
Q312720,Q49112,Q30,United States,North America,English-speaking,Very high human development
Q312720,Q34433,Q145,United Kingdom,Europe,English-speaking,Very high human development
Q312720,Q5127702,Q30,United States,North America,English-speaking,Very high human development
Q312720,Q28230461,Q30,United States,North America,English-speaking,Very high human development
Q312747,Q2303432,Q29,Spain,Europe,Catholic Europe,Very high human development
Q312747,Q21705070,Q29,Spain,Europe,Catholic Europe,Very high human development
Q312829,Q691283,Q145,United Kingdom,Europe,English-speaking,Very high human development
Q312829,Q2280221,Q145,United Kingdom,Europe,English-speaking,Very high human development
Q312851,Q131252,Q30,United States,North America,English-speaking,Very high human development
Q312851,Q7971915,Q30,United States,North America,English-speaking,Very high human development
Q312853,Q49110,Q30,United States,North America,English-speaking,Very high human development
Q312853,Q4745869,Q30,United States,North America,English-speaking,Very high human development
Q312995,Q3272069,Q30,United States,North America,English-speaking,Very high human development
Q312995,Q49213,Q30,United States,North America,English-speaking,Very high human development
Q313001,Q223429,Q145,United Kingdom,Europe,English-speaking,Very high human development
Q313001,Q193196,Q145,United Kingdom,Europe,English-speaking,Very high human development
Q313001,Q49114,Q30,United States,North America,English-speaking,Very high human development
Q313001,Q7593821,Q145,United Kingdom,Europe,English-speaking,Very high human development
Q313007,Q1146700,Q145,United Kingdom,Europe,English-speaking,Very high human development
Q313007,Q15213730,Q145,United Kingdom,Europe,English-speaking,Very high human development
Q313007,Q35794,Q145,United Kingdom,Europe,English-speaking,Very high human development
Q313038,Q1357891,Q30,United States,North America,English-speaking,Very high human development
Q313038,Q7293479,Q30,United States,North America,English-speaking,Very high human development
Q313077,Q6054382,Q30,United States,North America,English-speaking,Very high human development
Q313077,Q7595316,Q27,Ireland,Europe,English-speaking,Very high human development
Q313185,Q131252,Q30,United States,North America,English-speaking,Very high human development
Q313193,Q501758,Q30,United States,North America,English-speaking,Very high human development
Q313246,Q7900207,Q30,United States,North America,English-speaking,Very high human development
Q313246,Q49165,Q30,United States,North America,English-speaking,Very high human development
Q313246,Q503419,Q30,United States,North America,English-speaking,Very high human development
Q313246,Q13371,Q30,United States,North America,English-speaking,Very high human development
Q313254,Q598841,Q408,Australia,Australia,English-speaking,Very high human development
Q313289,Q780745,Q145,United Kingdom,Europe,English-speaking,Very high human development
Q313289,Q4954524,Q145,United Kingdom,Europe,English-speaking,Very high human development
Q313289,Q5905097,Q145,United Kingdom,Europe,English-speaking,Very high human development
Q313377,Q812573,Q30,United States,North America,English-speaking,Very high human development
Q313461,Q548391,Q399,Armenia,Asia,Orthodox Europe,Very high human development
Q313461,Q6996689,Q34266,,{},{},{}
Q313461,Q6996689,Q245160,,{},{},{}
Q313461,Q6996689,Q15180,,{},{},{}
Q313461,Q6996689,Q130229,,{},{},{}
Q313461,Q6996689,Q330756,,{},{},{}
Q313461,Q28024477,Q34266,,{},{},{}
Q313466,Q235034,Q30,United States,North America,English-speaking,Very high human development
Q313466,Q190080,Q30,United States,North America,English-speaking,Very high human development
Q313466,Q868421,Q30,United States,North America,English-speaking,Very high human development
Q313466,Q184478,Q30,United States,North America,English-speaking,Very high human development
Q313466,Q5919891,Q30,United States,North America,English-speaking,Very high human development
Q313489,Q899030,Q145,United Kingdom,Europe,English-speaking,Very high human development
Q313489,Q7981486,Q145,United Kingdom,Europe,English-speaking,Very high human development
Q313509,Q83259,Q142,France,Europe,Catholic Europe,Very high human development
Q313509,Q3268876,Q142,France,Europe,Catholic Europe,Very high human development
Q313509,Q1059546,Q142,France,Europe,Catholic Europe,Very high human development
Q313509,Q859363,Q142,France,Europe,Catholic Europe,Very high human development
Q313589,Q152087,Q183,Germany,Europe,Catholic Europe,Very high human development
Q313593,Q180865,Q16,Canada,North America,English-speaking,Very high human development
Q313593,Q1264867,Q145,United Kingdom,Europe,English-speaking,Very high human development
Q313593,Q1420038,Q16,Canada,North America,English-speaking,Very high human development
Q313593,Q3551383,Q16,Canada,North America,English-speaking,Very high human development
Q313673,Q2893526,Q145,United Kingdom,Europe,English-speaking,Very high human development
Q313673,Q4930752,Q145,United Kingdom,Europe,English-speaking,Very high human development
Q313673,Q7489470,Q145,United Kingdom,Europe,English-speaking,Very high human development
Q313727,Q523926,Q145,United Kingdom,Europe,English-speaking,Very high human development
Q313727,Q676637,Q145,United Kingdom,Europe,English-speaking,Very high human development
Q313739,Q49088,Q30,United States,North America,English-speaking,Very high human development
Q313739,Q1193547,Q30,United States,North America,English-speaking,Very high human development
Q313739,Q16974913,Q30,United States,North America,English-speaking,Very high human development
Q313739,Q7851946,Q30,United States,North America,English-speaking,Very high human development
Q313767,Q13164,Q159,Russia,Europe,Orthodox Europe,{}
Q313767,Q13164,Q15180,,{},{},{}
Q313767,Q13164,Q34266,,{},{},{}
Q313981,Q767650,Q145,United Kingdom,Europe,English-speaking,Very high human development
Q313981,Q6411504,Q145,United Kingdom,Europe,English-speaking,Very high human development
Q314158,Q170027,Q145,United Kingdom,Europe,English-speaking,Very high human development
Q314158,Q7979190,Q145,United Kingdom,Europe,English-speaking,Very high human development
Q314179,Q1496662,Q43,Turkey,Asia,West & South Asia,{}
Q314179,Q661056,Q142,France,Europe,Catholic Europe,Very high human development
Q314215,Q75478,Q30,United States,North America,English-speaking,Very high human development
Q314215,Q2737843,Q30,United States,North America,English-speaking,Very high human development
Q314256,Q13371,Q30,United States,North America,English-speaking,Very high human development
Q314256,Q192334,Q30,United States,North America,English-speaking,Very high human development
Q314416,Q35794,Q145,United Kingdom,Europe,English-speaking,Very high human development
Q314416,Q1432632,Q145,United Kingdom,Europe,English-speaking,Very high human development
Q314416,Q76473,Q145,United Kingdom,Europe,English-speaking,Very high human development
Q314416,Q327116,Q145,United Kingdom,Europe,English-speaking,Very high human development
Q314416,Q7587802,Q145,United Kingdom,Europe,English-speaking,Very high human development
Q314553,Q5384959,Q30,United States,North America,English-speaking,Very high human development
Q314553,Q49088,Q30,United States,North America,English-speaking,Very high human development
Q314787,Q81173,Q145,United Kingdom,Europe,English-speaking,Very high human development
Q314787,Q1549932,Q843,Pakistan,Asia,Indosphere,Low human development
Q314843,Q49122,Q30,United States,North America,English-speaking,Very high human development
Q314843,Q5384959,Q30,United States,North America,English-speaking,Very high human development
Q314843,Q49123,Q30,United States,North America,English-speaking,Very high human development
Q314897,Q128260,Q145,United Kingdom,Europe,English-speaking,Very high human development
Q314929,Q7637318,Q145,United Kingdom,Europe,English-speaking,Very high human development
Q314929,Q5418959,Q145,United Kingdom,Europe,English-speaking,Very high human development
Q314957,Q3268712,Q142,France,Europe,Catholic Europe,Very high human development
Q314957,Q2983547,Q142,France,Europe,Catholic Europe,Very high human development
Q314963,Q2983698,Q142,France,Europe,Catholic Europe,Very high human development
Q314963,Q568554,Q142,France,Europe,Catholic Europe,Very high human development
Q314969,Q49112,Q30,United States,North America,English-speaking,Very high human development
Q314969,Q3268681,Q142,France,Europe,Catholic Europe,Very high human development
Q314972,Q859363,Q142,France,Europe,Catholic Europe,Very high human development
Q314972,Q1059546,Q142,France,Europe,Catholic Europe,Very high human development
Q314972,Q3577933,Q142,France,Europe,Catholic Europe,Very high human development
Q314972,Q3268857,Q142,France,Europe,Catholic Europe,Very high human development
Q314993,Q3268638,Q142,France,Europe,Catholic Europe,Very high human development
Q315003,Q3268638,Q142,France,Europe,Catholic Europe,Very high human development
Q315003,Q926749,Q142,France,Europe,Catholic Europe,Very high human development
Q315003,Q3064259,Q142,France,Europe,Catholic Europe,Very high human development
Q315017,Q1165599,Q794,Iran,Asia,African-Islamic,{}
Q315069,Q161562,Q30,United States,North America,English-speaking,Very high human development
Q315069,Q622664,Q30,United States,North America,English-speaking,Very high human development
Q315136,Q1517780,Q403,Serbia,Europe,Orthodox Europe,Very high human development
Q315136,Q240631,Q403,Serbia,Europe,Orthodox Europe,Very high human development
Q315167,Q10868435,Q148,People's Republic of China,Asia,Confucian,{}
Q315185,Q1056886,Q159,Russia,Europe,Orthodox Europe,{}
Q315185,Q1056886,Q159,Russia,Europe,Orthodox Europe,{}
Q315220,Q926749,Q142,France,Europe,Catholic Europe,Very high human development
Q315343,Q13371,Q30,United States,North America,English-speaking,Very high human development
Q315343,Q10749664,Q30,United States,North America,English-speaking,Very high human development
Q315343,Q49123,Q30,United States,North America,English-speaking,Very high human development
Q315362,Q1075104,Q145,United Kingdom,Europe,English-speaking,Very high human development
Q315380,Q762266,Q30,United States,North America,English-speaking,Very high human development
Q315380,Q6138769,Q30,United States,North America,English-speaking,Very high human development
Q315509,Q745967,Q145,United Kingdom,Europe,English-speaking,Very high human development
Q315509,Q2280221,Q145,United Kingdom,Europe,English-speaking,Very high human development
Q315683,Q503246,Q30,United States,North America,English-speaking,Very high human development
Q315683,Q193727,Q30,United States,North America,English-speaking,Very high human development
Q315949,Q1059546,Q142,France,Europe,Catholic Europe,Very high human development
Q315949,Q3268847,Q142,France,Europe,Catholic Europe,Very high human development
Q315949,Q3064325,Q142,France,Europe,Catholic Europe,Very high human development
Q316048,Q81162,Q145,United Kingdom,Europe,English-speaking,Very high human development
Q316048,Q5032321,Q145,United Kingdom,Europe,English-speaking,Very high human development
Q316213,Q7842,Q17,Japan,Asia,West & South Asia,Very high human development
Q316217,Q815432,Q17,Japan,Asia,West & South Asia,Very high human development
Q316217,Q6957385,Q17,Japan,Asia,West & South Asia,Very high human development
Q316313,Q161562,Q30,United States,North America,English-speaking,Very high human development
Q316313,Q657222,Q30,United States,North America,English-speaking,Very high human development
Q316327,Q10279414,Q45,Portugal,Europe,Catholic Europe,Very high human development
Q316381,Q185246,Q34,Sweden,Europe,Protestant Europe,Very high human development
Q316431,Q4982087,Q30,United States,North America,English-speaking,Very high human development
Q316431,Q6524447,Q30,United States,North America,English-speaking,Very high human development
Q316607,Q1378320,Q30,United States,North America,English-speaking,Very high human development
Q316607,Q153006,Q183,Germany,Europe,Catholic Europe,Very high human development
Q316607,Q7978924,Q30,United States,North America,English-speaking,Very high human development
Q316610,Q941551,Q30,United States,North America,English-speaking,Very high human development
Q316610,Q5051788,Q30,United States,North America,English-speaking,Very high human development
Q316616,Q308963,Q29,Spain,Europe,Catholic Europe,Very high human development
Q316616,Q1243904,Q29,Spain,Europe,Catholic Europe,Very high human development
Q316616,Q1229996,Q29,Spain,Europe,Catholic Europe,Very high human development
Q316788,Q10854154,Q30,United States,North America,English-speaking,Very high human development
Q316788,Q736674,Q30,United States,North America,English-speaking,Very high human development
Q316788,Q1206658,Q30,United States,North America,English-speaking,Very high human development
Q316802,Q223429,Q145,United Kingdom,Europe,English-speaking,Very high human development
Q316806,Q368643,Q45,Portugal,Europe,Catholic Europe,Very high human development
Q316884,Q219615,Q29,Spain,Europe,Catholic Europe,Very high human development
Q317160,Q899030,Q145,United Kingdom,Europe,English-speaking,Very high human development
Q317160,Q780745,Q145,United Kingdom,Europe,English-speaking,Very high human development
Q317160,Q6747415,Q145,United Kingdom,Europe,English-speaking,Very high human development
Q317160,Q6411460,Q145,United Kingdom,Europe,English-speaking,Very high human development
Q317491,Q913861,Q30,United States,North America,English-speaking,Very high human development
Q317631,Q49210,Q30,United States,North America,English-speaking,Very high human development
Q317631,Q5901972,Q30,United States,North America,English-speaking,Very high human development
Q317631,Q5305629,Q30,United States,North America,English-speaking,Very high human development
Q317685,Q7842,Q17,Japan,Asia,West & South Asia,Very high human development
Q317685,Q958696,Q17,Japan,Asia,West & South Asia,Very high human development
Q317685,Q4778674,Q17,Japan,Asia,West & South Asia,Very high human development
Q317877,Q1516684,Q145,United Kingdom,Europe,English-speaking,Very high human development
Q317877,Q170027,Q145,United Kingdom,Europe,English-speaking,Very high human development
Q318099,Q49165,Q30,United States,North America,English-speaking,Very high human development
Q318099,Q6659650,Q30,United States,North America,English-speaking,Very high human development
Q318212,Q7842,Q17,Japan,Asia,West & South Asia,Very high human development
Q318212,Q1191132,Q17,Japan,Asia,West & South Asia,Very high human development
Q318297,Q230492,Q30,United States,North America,English-speaking,Very high human development
Q318297,Q6418027,Q16,Canada,North America,English-speaking,Very high human development
Q318391,Q3268957,Q142,France,Europe,Catholic Europe,Very high human development
Q318391,Q1059546,Q142,France,Europe,Catholic Europe,Very high human development
Q318391,Q3064325,Q142,France,Europe,Catholic Europe,Very high human development
Q318391,Q273534,Q142,France,Europe,Catholic Europe,Very high human development
Q318399,Q1247373,Q145,United Kingdom,Europe,English-speaking,Very high human development
Q318399,Q1059517,Q145,United Kingdom,Europe,English-speaking,Very high human development
Q318412,Q993267,Q30,United States,North America,English-speaking,Very high human development
Q318412,Q24191080,Q16,Canada,North America,English-speaking,Very high human development
Q318431,Q160302,Q145,United Kingdom,Europe,English-speaking,Very high human development
Q318431,Q4877043,Q145,United Kingdom,Europe,English-speaking,Very high human development
Q318440,Q83259,Q142,France,Europe,Catholic Europe,Very high human development
Q318462,Q332342,Q145,United Kingdom,Europe,English-speaking,Very high human development
Q318462,Q1244704,Q145,United Kingdom,Europe,English-speaking,Very high human development
Q318487,Q2565243,Q30,United States,North America,English-speaking,Very high human development
Q318845,Q3113011,Q30,United States,North America,English-speaking,Very high human development
Q318845,Q7972542,Q30,United States,North America,English-speaking,Very high human development
Q318845,Q7611420,Q30,United States,North America,English-speaking,Very high human development
Q319169,Q760967,Q145,United Kingdom,Europe,English-speaking,Very high human development
Q319169,Q49112,Q30,United States,North America,English-speaking,Very high human development
Q319169,Q7592643,Q145,United Kingdom,Europe,English-speaking,Very high human development
Q319196,Q174570,Q145,United Kingdom,Europe,English-speaking,Very high human development
Q319196,Q760967,Q145,United Kingdom,Europe,English-speaking,Very high human development
Q319196,Q7073892,Q145,United Kingdom,Europe,English-speaking,Very high human development
Q319196,Q7894634,Q145,United Kingdom,Europe,English-speaking,Very high human development
Q319261,Q1110002,Q142,France,Europe,Catholic Europe,Very high human development
Q319447,Q49088,Q30,United States,North America,English-speaking,Very high human development
Q319461,Q21600883,Q43,Turkey,Asia,West & South Asia,{}
Q319461,Q344292,Q43,Turkey,Asia,West & South Asia,{}
Q319461,Q945876,Q142,France,Europe,Catholic Europe,Very high human development
Q319461,Q31187688,Q43,Turkey,Asia,West & South Asia,{}
Q319746,Q1206658,Q30,United States,North America,English-speaking,Very high human development
Q319746,Q10863001,Q30,United States,North America,English-speaking,Very high human development
Q319820,Q6487064,Q30,United States,North America,English-speaking,Very high human development
Q319829,Q49121,Q30,United States,North America,English-speaking,Very high human development
Q319829,Q1432645,Q30,United States,North America,English-speaking,Very high human development
Q319829,Q49123,Q30,United States,North America,English-speaking,Very high human development
Q320358,Q180865,Q16,Canada,North America,English-speaking,Very high human development
Q320358,Q5150790,Q244,Barbados,North America,Latin America,Very high human development
Q320358,Q5665562,Q244,Barbados,North America,Latin America,Very high human development
Q320497,Q13371,Q30,United States,North America,English-speaking,Very high human development
Q320507,Q6411705,Q145,United Kingdom,Europe,English-speaking,Very high human development
Q320573,Q13371,Q30,United States,North America,English-speaking,Very high human development
Q320573,Q49123,Q30,United States,North America,English-speaking,Very high human development
Q320573,Q7338137,Q30,United States,North America,English-speaking,Very high human development
Q320573,Q4983369,Q30,United States,North America,English-speaking,Very high human development
Q320884,Q7227384,Q30,United States,North America,English-speaking,Very high human development
Q320884,Q7981246,Q30,United States,North America,English-speaking,Very high human development
Q321066,Q1431541,Q142,France,Europe,Catholic Europe,Very high human development
Q321071,Q13371,Q30,United States,North America,English-speaking,Very high human development
Q321071,Q49121,Q30,United States,North America,English-speaking,Very high human development
Q321071,Q49123,Q30,United States,North America,English-speaking,Very high human development
Q321071,Q805285,Q145,United Kingdom,Europe,English-speaking,Very high human development
Q321123,Q579968,Q30,United States,North America,English-speaking,Very high human development
Q321123,Q6608367,Q30,United States,North America,English-speaking,Very high human development
Q321372,Q37008,Q230,Georgia,Asia,Orthodox Europe,Very high human development
Q321917,Q1335573,Q30,United States,North America,English-speaking,Very high human development
Q321917,Q1471092,Q30,United States,North America,English-speaking,Very high human development
Q322060,Q1337587,Q16,Canada,North America,English-speaking,Very high human development
Q322060,Q201492,Q16,Canada,North America,English-speaking,Very high human development
Q322060,Q11403042,Q17,Japan,Asia,West & South Asia,Very high human development
Q322859,Q1472358,Q30,United States,North America,English-speaking,Very high human development
Q322859,Q129421,Q30,United States,North America,English-speaking,Very high human development
Q322859,Q262663,Q30,United States,North America,English-speaking,Very high human development
Q322871,Q5133190,Q145,United Kingdom,Europe,English-speaking,Very high human development
Q322871,Q73079,Q145,United Kingdom,Europe,English-speaking,Very high human development
Q322900,Q6410900,Q145,United Kingdom,Europe,English-speaking,Very high human development
Q322900,Q245247,Q145,United Kingdom,Europe,English-speaking,Very high human development
Q323344,Q567899,Q668,India,Asia,Indosphere,Medium human development
Q323344,Q1075104,Q145,United Kingdom,Europe,English-speaking,Very high human development
Q323344,Q170027,Q145,United Kingdom,Europe,English-speaking,Very high human development
Q323353,Q739627,Q30,United States,North America,English-speaking,Very high human development
Q323353,Q5594692,Q30,United States,North America,English-speaking,Very high human development
Q323419,Q1623314,Q30,United States,North America,English-speaking,Very high human development
Q323419,Q617433,Q30,United States,North America,English-speaking,Very high human development
Q323419,Q49212,Q30,United States,North America,English-speaking,Very high human development
Q323985,Q2970225,Q55,Netherlands,Europe,Protestant Europe,Very high human development
Q324321,Q214654,Q142,France,Europe,Catholic Europe,Very high human development
Q324944,Q273642,Q142,France,Europe,Catholic Europe,Very high human development
Q324944,Q273642,Q334,Singapore,Asia,Confucian,Very high human development
Q324944,Q273642,Q1028,Morocco,Africa,African-Islamic,High human development
Q324944,Q3269151,Q142,France,Europe,Catholic Europe,Very high human development
Q325130,Q579968,Q30,United States,North America,English-speaking,Very high human development
Q325130,Q2737843,Q30,United States,North America,English-speaking,Very high human development
Q325308,Q820887,Q38,Italy,Europe,Catholic Europe,Very high human development
Q325422,Q540672,Q30,United States,North America,English-speaking,Very high human development
Q325936,Q245247,Q145,United Kingdom,Europe,English-speaking,Very high human development
Q325936,Q262854,Q145,United Kingdom,Europe,English-speaking,Very high human development
Q325936,Q7296488,Q145,United Kingdom,Europe,English-speaking,Very high human development
Q325936,Q4973675,Q145,United Kingdom,Europe,English-speaking,Very high human development
Q326138,Q273626,Q142,France,Europe,Catholic Europe,Very high human development
Q326176,Q5326502,Q30,United States,North America,English-speaking,Very high human development
Q326459,Q27621,Q159,Russia,Europe,Orthodox Europe,{}
Q326459,Q27621,Q15180,,{},{},{}
Q326459,Q27621,Q34266,,{},{},{}
Q326773,Q371625,Q30,United States,North America,English-speaking,Very high human development
Q326987,Q7842,Q17,Japan,Asia,West & South Asia,Very high human development
Q327079,Q1333399,Q145,United Kingdom,Europe,English-speaking,Very high human development
Q327261,Q5226327,Q12560,,{},{},{}
Q327261,Q5226327,Q43,Turkey,Asia,West & South Asia,{}
Q327261,Q6442920,Q43,Turkey,Asia,West & South Asia,{}
Q327261,Q6442920,Q12560,,{},{},{}
Q327261,Q7855290,Q43,Turkey,Asia,West & South Asia,{}
Q327278,Q168756,Q30,United States,North America,English-speaking,Very high human development
Q327278,Q18409139,Q30,United States,North America,English-speaking,Very high human development
Q327958,Q19872764,Q145,United Kingdom,Europe,English-speaking,Very high human development
Q328212,Q309350,Q30,United States,North America,English-speaking,Very high human development
Q328212,Q4863671,Q30,United States,North America,English-speaking,Very high human development
Q328338,Q21578,Q30,United States,North America,English-speaking,Very high human development
Q328338,Q7521255,Q30,United States,North America,English-speaking,Very high human development
Q328627,Q49166,Q30,United States,North America,English-speaking,Very high human development
Q328627,Q8047423,Q30,United States,North America,English-speaking,Very high human development
Q328627,Q906930,Q30,United States,North America,English-speaking,Very high human development
Q328627,Q7026574,Q30,United States,North America,English-speaking,Very high human development
Q328745,Q899030,Q145,United Kingdom,Europe,English-speaking,Very high human development
Q328745,Q3560910,Q145,United Kingdom,Europe,English-speaking,Very high human development
Q328765,Q3064325,Q142,France,Europe,Catholic Europe,Very high human development
Q328765,Q776223,Q142,France,Europe,Catholic Europe,Very high human development
Q328765,Q194445,Q79,Egypt,Africa,African-Islamic,High human development
Q328765,Q173959,Q79,Egypt,Africa,African-Islamic,High human development
Q328949,Q6608367,Q30,United States,North America,English-speaking,Very high human development
Q328949,Q1079140,Q30,United States,North America,English-speaking,Very high human development
Q329743,Q174710,Q30,United States,North America,English-speaking,Very high human development
Q329854,Q4479417,Q34266,,{},{},{}
Q330527,Q5244175,Q30,United States,North America,English-speaking,Very high human development
Q330527,Q49088,Q30,United States,North America,English-speaking,Very high human development
Q330527,Q1149089,Q30,United States,North America,English-speaking,Very high human development
Q330527,Q1093910,Q30,United States,North America,English-speaking,Very high human development
Q331845,Q185246,Q34,Sweden,Europe,Protestant Europe,Very high human development
Q332216,Q835960,Q155,Brazil,South America,Latin America,High human development
Q332580,Q1143281,Q145,United Kingdom,Europe,English-speaking,Very high human development
Q332580,Q81170,Q145,United Kingdom,Europe,English-speaking,Very high human development
Q332612,Q691283,Q145,United Kingdom,Europe,English-speaking,Very high human development
Q332612,Q1146700,Q145,United Kingdom,Europe,English-speaking,Very high human development
Q332689,Q1198571,Q142,France,Europe,Catholic Europe,Very high human development
Q333004,Q899030,Q145,United Kingdom,Europe,English-speaking,Very high human development
Q333004,Q192775,Q145,United Kingdom,Europe,English-speaking,Very high human development
Q333004,Q5950590,Q145,United Kingdom,Europe,English-speaking,Very high human development
Q333004,Q6415615,Q145,United Kingdom,Europe,English-speaking,Very high human development
Q333123,Q309331,Q30,United States,North America,English-speaking,Very high human development
Q333123,Q4899798,Q30,United States,North America,English-speaking,Very high human development
Q333246,Q49210,Q30,United States,North America,English-speaking,Very high human development
Q333246,Q5149722,Q30,United States,North America,English-speaking,Very high human development
Q333251,Q13371,Q30,United States,North America,English-speaking,Very high human development
Q333251,Q1426464,Q30,United States,North America,English-speaking,Very high human development
Q333251,Q4731484,Q30,United States,North America,English-speaking,Very high human development
Q333575,Q714717,Q145,United Kingdom,Europe,English-speaking,Very high human development
Q333575,Q1333399,Q145,United Kingdom,Europe,English-speaking,Very high human development
Q333575,Q170027,Q145,United Kingdom,Europe,English-speaking,Very high human development
Q333575,Q19460149,Q145,United Kingdom,Europe,English-speaking,Very high human development
Q333615,Q748307,Q142,France,Europe,Catholic Europe,Very high human development
Q333632,Q5424512,Q155,Brazil,South America,Latin America,High human development
Q333719,Q823917,Q145,United Kingdom,Europe,English-speaking,Very high human development
Q333719,Q3197003,Q145,United Kingdom,Europe,English-speaking,Very high human development
Q333719,Q113471606,Q145,United Kingdom,Europe,English-speaking,Very high human development
Q334086,Q13371,Q30,United States,North America,English-speaking,Very high human development
Q334086,Q154804,Q183,Germany,Europe,Catholic Europe,Very high human development
Q334086,Q4578297,Q148,People's Republic of China,Asia,Confucian,{}
Q334219,Q2822439,Q38,Italy,Europe,Catholic Europe,Very high human development
Q334219,Q1641504,Q38,Italy,Europe,Catholic Europe,Very high human development
Q334252,Q14957059,Q668,India,Asia,Indosphere,Medium human development
Q334252,Q1370721,Q668,India,Asia,Indosphere,Medium human development
Q334252,Q6712443,Q668,India,Asia,Indosphere,Medium human development
Q334646,Q797892,Q145,United Kingdom,Europe,English-speaking,Very high human development
Q334646,Q114306,Q145,United Kingdom,Europe,English-speaking,Very high human development
Q334958,Q3577716,Q142,France,Europe,Catholic Europe,Very high human development
Q334989,Q1360237,Q1028,Morocco,Africa,African-Islamic,High human development
Q335080,Q1091287,Q17,Japan,Asia,West & South Asia,Very high human development
Q335232,Q1797768,Q30,United States,North America,English-speaking,Very high human development
Q335232,Q751612,Q30,United States,North America,English-speaking,Very high human development
Q335232,Q49088,Q30,United States,North America,English-speaking,Very high human development
Q336018,Q776807,Q145,United Kingdom,Europe,English-speaking,Very high human development
Q336018,Q927627,Q145,United Kingdom,Europe,English-speaking,Very high human development
Q336018,Q4748473,Q145,United Kingdom,Europe,English-speaking,Very high human development
Q336018,Q5013946,Q145,United Kingdom,Europe,English-speaking,Very high human development
Q336081,Q5384959,Q30,United States,North America,English-speaking,Very high human development
Q336081,Q591426,Q30,United States,North America,English-speaking,Very high human development
Q336125,Q3087343,Q668,India,Asia,Indosphere,Medium human development
Q336125,Q5289309,Q668,India,Asia,Indosphere,Medium human development
Q336125,Q665105,Q668,India,Asia,Indosphere,Medium human development
Q336125,Q973884,Q145,United Kingdom,Europe,English-speaking,Very high human development
Q336125,Q4068854,Q668,India,Asia,Indosphere,Medium human development
Q336151,Q7711540,Q30,United States,North America,English-speaking,Very high human development
Q336151,Q7272138,Q30,United States,North America,English-speaking,Very high human development
Q336352,Q192088,Q145,United Kingdom,Europe,English-speaking,Very high human development
Q336352,Q5088830,Q145,United Kingdom,Europe,English-speaking,Very high human development
Q336519,Q7895335,Q30,United States,North America,English-speaking,Very high human development
Q336519,Q1320232,Q30,United States,North America,English-speaking,Very high human development
Q336565,Q5340264,Q96,Mexico,North America,Latin America,High human development
Q336689,Q389336,Q30,United States,North America,English-speaking,Very high human development
Q336881,Q2537765,Q145,United Kingdom,Europe,English-speaking,Very high human development
Q336881,Q7753397,Q145,United Kingdom,Europe,English-speaking,Very high human development
Q337103,Q4614,Q30,United States,North America,English-speaking,Very high human development
Q337103,Q168756,Q30,United States,North America,English-speaking,Very high human development
Q337103,Q6752299,Q30,United States,North America,English-speaking,Very high human development
Q337351,Q52413,Q30,United States,North America,English-speaking,Very high human development
Q337351,Q7824810,Q30,United States,North America,English-speaking,Very high human development
Q337375,Q332342,Q145,United Kingdom,Europe,English-speaking,Very high human development
Q337375,Q192088,Q145,United Kingdom,Europe,English-speaking,Very high human development
Q338153,Q332342,Q145,United Kingdom,Europe,English-speaking,Very high human development
Q338153,Q1247373,Q145,United Kingdom,Europe,English-speaking,Very high human development
Q339050,Q1169487,Q1033,Nigeria,Africa,Sub-Saharan Africa,Medium human development
Q339050,Q5588712,Q1033,Nigeria,Africa,Sub-Saharan Africa,Medium human development
Q339050,Q671363,Q1041,Senegal,Africa,{},Low human development
Q340016,Q182973,Q30,United States,North America,English-speaking,Very high human development
Q343215,Q274486,Q17,Japan,Asia,West & South Asia,Very high human development
Q343382,Q590643,Q30,United States,North America,English-speaking,Very high human development
Q343487,Q55044,Q183,Germany,Europe,Catholic Europe,Very high human development
Q343554,Q10749664,Q30,United States,North America,English-speaking,Very high human development
Q343554,Q863813,Q30,United States,North America,English-speaking,Very high human development
Q344955,Q5244175,Q30,United States,North America,English-speaking,Very high human development
Q345764,Q49112,Q30,United States,North America,English-speaking,Very high human development
Q345845,Q607331,Q774,Guatemala,North America,Latin America,Medium human development
Q345845,Q18720754,Q774,Guatemala,North America,Latin America,Medium human development
Q346729,Q49115,Q30,United States,North America,English-speaking,Very high human development
Q346790,Q2322256,Q155,Brazil,South America,Latin America,High human development
Q346805,Q13371,Q30,United States,North America,English-speaking,Very high human development
Q346805,Q105102630,Q30,United States,North America,English-speaking,Very high human development
Q347412,Q274486,Q17,Japan,Asia,West & South Asia,Very high human development
Q347461,Q4897974,Q30,United States,North America,English-speaking,Very high human development
Q347461,Q182973,Q30,United States,North America,English-speaking,Very high human development
Q347734,Q589636,Q221,North Macedonia,Europe,Orthodox Europe,Very high human development
Q347767,Q16616882,Q36,Poland,Europe,Catholic Europe,Very high human development
Q347890,Q131252,Q30,United States,North America,English-speaking,Very high human development
Q348117,Q6088281,Q43,Turkey,Asia,West & South Asia,{}
Q348117,Q1060621,Q43,Turkey,Asia,West & South Asia,{}
Q348497,Q4028031,Q34266,,{},{},{}
Q348497,Q4028031,Q159,Russia,Europe,Orthodox Europe,{}
Q348623,Q28695,Q33,Finland,Europe,Catholic Europe,Very high human development
Q348623,Q782246,Q33,Finland,Europe,Catholic Europe,Very high human development
Q348916,Q160302,Q145,United Kingdom,Europe,English-speaking,Very high human development
Q348916,Q1902016,Q145,United Kingdom,Europe,English-speaking,Very high human development
Q349306,Q41506,Q30,United States,North America,English-speaking,Very high human development
Q349306,Q1329269,Q30,United States,North America,English-speaking,Very high human development
Q349306,Q1413558,Q30,United States,North America,English-speaking,Very high human development
Q349619,Q15274445,Q145,United Kingdom,Europe,English-speaking,Very high human development
Q349619,Q1053996,Q145,United Kingdom,Europe,English-speaking,Very high human development
Q349692,Q182973,Q30,United States,North America,English-speaking,Very high human development
Q349692,Q1143289,Q30,United States,North America,English-speaking,Very high human development
Q349692,Q1378320,Q30,United States,North America,English-speaking,Very high human development
Q349692,Q7981246,Q30,United States,North America,English-speaking,Very high human development
Q350165,Q2537765,Q145,United Kingdom,Europe,English-speaking,Very high human development
Q350165,Q1264867,Q145,United Kingdom,Europe,English-speaking,Very high human development
Q350404,Q622664,Q30,United States,North America,English-speaking,Very high human development
Q350404,Q4916715,Q30,United States,North America,English-speaking,Very high human development
Q350666,Q736674,Q30,United States,North America,English-speaking,Very high human development
Q350666,Q4614,Q30,United States,North America,English-speaking,Very high human development
Q350666,Q5594705,Q30,United States,North America,English-speaking,Very high human development
Q350734,Q35794,Q145,United Kingdom,Europe,English-speaking,Very high human development
Q350734,Q270532,Q145,United Kingdom,Europe,English-speaking,Very high human development
Q351069,Q1376987,Q145,United Kingdom,Europe,English-speaking,Very high human development
Q351069,Q5553434,Q145,United Kingdom,Europe,English-speaking,Very high human development
Q351168,Q181461,Q145,United Kingdom,Europe,English-speaking,Very high human development
Q351222,Q189441,Q36,Poland,Europe,Catholic Europe,Very high human development
Q351547,Q49088,Q30,United States,North America,English-speaking,Very high human development
Q351547,Q1093910,Q30,United States,North America,English-speaking,Very high human development
Q351547,Q5384959,Q30,United States,North America,English-speaking,Very high human development
Q351683,Q3064325,Q142,France,Europe,Catholic Europe,Very high human development
Q351683,Q1377,Q215,Slovenia,Europe,Catholic Europe,Very high human development
Q352023,Q49210,Q30,United States,North America,English-speaking,Very high human development
Q352059,Q49121,Q30,United States,North America,English-speaking,Very high human development
Q352059,Q49167,Q30,United States,North America,English-speaking,Very high human development
Q352059,Q2154182,Q30,United States,North America,English-speaking,Very high human development
Q352059,Q13371,Q30,United States,North America,English-speaking,Very high human development
Q352059,Q49088,Q30,United States,North America,English-speaking,Very high human development
Q352107,Q13371,Q30,United States,North America,English-speaking,Very high human development
Q352107,Q49112,Q30,United States,North America,English-speaking,Very high human development
Q352107,Q7332852,Q30,United States,North America,English-speaking,Very high human development
Q352325,Q49210,Q30,United States,North America,English-speaking,Very high human development
Q352325,Q5244175,Q30,United States,North America,English-speaking,Very high human development
Q352337,Q1169487,Q1033,Nigeria,Africa,Sub-Saharan Africa,Medium human development
Q352337,Q5440238,Q1033,Nigeria,Africa,Sub-Saharan Africa,Medium human development
Q352346,Q270222,Q30,United States,North America,English-speaking,Very high human development
Q352346,Q6023665,Q30,United States,North America,English-speaking,Very high human development
Q352528,Q899030,Q145,United Kingdom,Europe,English-speaking,Very high human development
Q352528,Q73094,Q145,United Kingdom,Europe,English-speaking,Very high human development
Q352528,Q5377303,Q145,United Kingdom,Europe,English-speaking,Very high human development
Q352708,Q616591,Q30,United States,North America,English-speaking,Very high human development
Q352708,Q8028974,Q30,United States,North America,English-speaking,Very high human development
Q352729,Q797892,Q145,United Kingdom,Europe,English-speaking,Very high human development
Q352729,Q1795492,Q145,United Kingdom,Europe,English-speaking,Very high human development
Q352729,Q245247,Q145,United Kingdom,Europe,English-speaking,Very high human development
Q352729,Q2504619,Q145,United Kingdom,Europe,English-speaking,Very high human development
Q352963,Q13371,Q30,United States,North America,English-speaking,Very high human development
Q352963,Q1426464,Q30,United States,North America,English-speaking,Very high human development
Q352963,Q7586814,Q30,United States,North America,English-speaking,Very high human development
Q352963,Q6423668,Q30,United States,North America,English-speaking,Very high human development
Q352963,Q3017750,Q30,United States,North America,English-speaking,Very high human development
Q353137,Q332498,Q30,United States,North America,English-speaking,Very high human development
Q353137,Q7252783,Q30,United States,North America,English-speaking,Very high human development
Q353144,Q499510,Q145,United Kingdom,Europe,English-speaking,Very high human development
Q353144,Q951305,Q258,South Africa,Africa,Sub-Saharan Africa,High human development
Q353144,Q1227526,Q145,United Kingdom,Europe,English-speaking,Very high human development
Q353238,Q245247,Q145,United Kingdom,Europe,English-speaking,Very high human development
Q353238,Q776807,Q145,United Kingdom,Europe,English-speaking,Very high human development
Q353238,Q4968912,Q145,United Kingdom,Europe,English-speaking,Very high human development
Q353762,Q219615,Q29,Spain,Europe,Catholic Europe,Very high human development
Q353774,Q5882770,Q30,United States,North America,English-speaking,Very high human development
Q353857,Q209842,Q142,France,Europe,Catholic Europe,Very high human development
Q353869,Q681025,Q30,United States,North America,English-speaking,Very high human development
Q353869,Q1472358,Q30,United States,North America,English-speaking,Very high human development
Q353876,Q568554,Q142,France,Europe,Catholic Europe,Very high human development
Q353893,Q1193547,Q30,United States,North America,English-speaking,Very high human development
Q353893,Q8033198,Q30,United States,North America,English-speaking,Very high human development
Q353893,Q469476,Q79,Egypt,Africa,African-Islamic,High human development
Q353897,Q7744970,Q30,United States,North America,English-speaking,Very high human development
Q353897,Q115376,Q30,United States,North America,English-speaking,Very high human development
Q353897,Q5150026,Q30,United States,North America,English-speaking,Very high human development
Q353898,Q6530549,Q30,United States,North America,English-speaking,Very high human development
Q353915,Q13371,Q30,United States,North America,English-speaking,Very high human development
Q353915,Q131252,Q30,United States,North America,English-speaking,Very high human development
Q354149,Q34433,Q145,United Kingdom,Europe,English-speaking,Very high human development
Q354755,Q2067315,Q38,Italy,Europe,Catholic Europe,Very high human development
Q354783,Q1068752,Q30,United States,North America,English-speaking,Very high human development
Q354783,Q49088,Q30,United States,North America,English-speaking,Very high human development
Q354783,Q499451,Q30,United States,North America,English-speaking,Very high human development
Q354783,Q599316,Q30,United States,North America,English-speaking,Very high human development
Q354783,Q4863632,Q30,United States,North America,English-speaking,Very high human development
Q354888,Q219563,Q30,United States,North America,English-speaking,Very high human development
Q354888,Q1140775,Q30,United States,North America,English-speaking,Very high human development
Q356156,Q7432601,Q30,United States,North America,English-speaking,Very high human development
Q356156,Q7250749,Q30,United States,North America,English-speaking,Very high human development
Q356283,Q192775,Q145,United Kingdom,Europe,English-speaking,Very high human development
Q356357,Q82513,Q145,United Kingdom,Europe,English-speaking,Very high human development
Q356357,Q3403302,Q145,United Kingdom,Europe,English-speaking,Very high human development
Q356428,Q939607,Q145,United Kingdom,Europe,English-speaking,Very high human development
Q356428,Q5168997,Q27,Ireland,Europe,English-speaking,Very high human development
Q356429,Q2904557,Q30,United States,North America,English-speaking,Very high human development
Q356537,Q1059546,Q142,France,Europe,Catholic Europe,Very high human development
Q356639,Q805285,Q145,United Kingdom,Europe,English-speaking,Very high human development
Q356639,Q610999,Q145,United Kingdom,Europe,English-speaking,Very high human development
Q356639,Q2280221,Q145,United Kingdom,Europe,English-speaking,Very high human development
Q356960,Q7842,Q17,Japan,Asia,West & South Asia,Very high human development
Q357065,Q7128507,Q30,United States,North America,English-speaking,Very high human development
Q357108,Q49114,Q30,United States,North America,English-speaking,Very high human development
Q357108,Q41506,Q30,United States,North America,English-speaking,Very high human development
Q357108,Q7894804,Q30,United States,North America,English-speaking,Very high human development
Q357114,Q7567200,Q30,United States,North America,English-speaking,Very high human development
Q357120,Q256754,Q145,United Kingdom,Europe,English-speaking,Very high human development
Q357120,Q5019095,Q145,United Kingdom,Europe,English-speaking,Very high human development
Q357839,Q49213,Q30,United States,North America,English-speaking,Very high human development
Q357839,Q1150105,Q30,United States,North America,English-speaking,Very high human development
Q357929,Q181461,Q145,United Kingdom,Europe,English-speaking,Very high human development
Q357970,Q377757,Q258,South Africa,Africa,Sub-Saharan Africa,High human development
Q357970,Q6835637,Q258,South Africa,Africa,Sub-Saharan Africa,High human development
Q357970,Q5170082,Q258,South Africa,Africa,Sub-Saharan Africa,High human development
Q358178,Q967165,Q145,United Kingdom,Europe,English-speaking,Very high human development
Q358188,Q579968,Q30,United States,North America,English-speaking,Very high human development
Q358188,Q130965,Q30,United States,North America,English-speaking,Very high human development
Q358312,Q622664,Q30,United States,North America,English-speaking,Very high human development
Q358312,Q640652,Q30,United States,North America,English-speaking,Very high human development
Q358345,Q3072747,Q30,United States,North America,English-speaking,Very high human development
Q358345,Q7739610,Q30,United States,North America,English-speaking,Very high human development
Q358345,Q5756639,Q30,United States,North America,English-speaking,Very high human development
Q358345,Q502218,Q30,United States,North America,English-speaking,Very high human development
Q358615,Q4726385,Q30,United States,North America,English-speaking,Very high human development
Q358669,Q1424632,Q79,Egypt,Africa,African-Islamic,High human development
Q359463,Q180865,Q16,Canada,North America,English-speaking,Very high human development
Q359498,Q1399299,Q145,United Kingdom,Europe,English-speaking,Very high human development
Q359498,Q458393,Q145,United Kingdom,Europe,English-speaking,Very high human development
Q359513,Q865528,Q145,United Kingdom,Europe,English-speaking,Very high human development
Q359513,Q1816202,Q145,United Kingdom,Europe,English-speaking,Very high human development
Q359548,Q21578,Q30,United States,North America,English-speaking,Very high human development
Q359548,Q5546988,Q30,United States,North America,English-speaking,Very high human development
Q359665,Q459506,Q145,United Kingdom,Europe,English-speaking,Very high human development
Q359665,Q7310077,Q145,United Kingdom,Europe,English-speaking,Very high human development
Q359665,Q6751333,Q145,United Kingdom,Europe,English-speaking,Very high human development
Q361004,Q748307,Q142,France,Europe,Catholic Europe,Very high human development
Q361004,Q83259,Q142,France,Europe,Catholic Europe,Very high human development
Q361149,Q49212,Q30,United States,North America,English-speaking,Very high human development
Q361149,Q1472358,Q30,United States,North America,English-speaking,Very high human development
Q361149,Q6480866,Q30,United States,North America,English-speaking,Very high human development
Q361478,Q49206,Q30,United States,North America,English-speaking,Very high human development
Q361562,Q6054382,Q30,United States,North America,English-speaking,Very high human development
Q361617,Q49115,Q30,United States,North America,English-speaking,Very high human development
Q361617,Q6924377,Q30,United States,North America,English-speaking,Very high human development
Q361653,Q1378320,Q30,United States,North America,English-speaking,Very high human development
Q361653,Q1783608,Q30,United States,North America,English-speaking,Very high human development
Q361653,Q216273,Q145,United Kingdom,Europe,English-speaking,Very high human development
Q361653,Q5060473,Q30,United States,North America,English-speaking,Very high human development
Q361976,Q568554,Q142,France,Europe,Catholic Europe,Very high human development
Q361976,Q273523,Q142,France,Europe,Catholic Europe,Very high human development
Q361976,Q3268638,Q142,France,Europe,Catholic Europe,Very high human development
Q362638,Q7401283,Q298,Chile,South America,Latin America,Very high human development
Q362930,Q49210,Q30,United States,North America,English-speaking,Very high human development
Q362930,Q5890519,Q30,United States,North America,English-speaking,Very high human development
Q362930,Q6608367,Q30,United States,North America,English-speaking,Very high human development
Q363810,Q1026925,Q30,United States,North America,English-speaking,Very high human development
Q364153,Q2803035,Q55,Netherlands,Europe,Protestant Europe,Very high human development
Q364189,Q838330,Q30,United States,North America,English-speaking,Very high human development
Q364189,Q49088,Q30,United States,North America,English-speaking,Very high human development
Q364189,Q6861711,Q30,United States,North America,English-speaking,Very high human development
Q364901,Q160302,Q145,United Kingdom,Europe,English-speaking,Very high human development
Q364901,Q5109368,Q954,Zimbabwe,Africa,Sub-Saharan Africa,Medium human development
Q364901,Q7895368,Q145,United Kingdom,Europe,English-speaking,Very high human development
Q365664,Q7739685,Q30,United States,North America,English-speaking,Very high human development
Q365682,Q5061200,Q30,United States,North America,English-speaking,Very high human development
Q365682,Q7331910,Q30,United States,North America,English-speaking,Very high human development
Q365682,Q7620140,Q30,United States,North America,English-speaking,Very high human development
Q366091,Q156598,Q55,Netherlands,Europe,Protestant Europe,Very high human development
Q366091,Q221653,Q55,Netherlands,Europe,Protestant Europe,Very high human development
Q366150,Q7089403,Q30,United States,North America,English-speaking,Very high human development
Q366150,Q7089410,Q30,United States,North America,English-speaking,Very high human development
Q366243,Q6821079,Q30,United States,North America,English-speaking,Very high human development
Q366266,Q7141532,Q30,United States,North America,English-speaking,Very high human development
Q366266,Q19871954,Q30,United States,North America,English-speaking,Very high human development
Q366281,Q486156,Q20,Norway,Europe,Protestant Europe,Very high human development
Q366281,Q19563633,Q20,Norway,Europe,Protestant Europe,Very high human development
Q366575,Q131252,Q30,United States,North America,English-speaking,Very high human development
Q366575,Q238101,Q30,United States,North America,English-speaking,Very high human development
Q366575,Q806116,Q668,India,Asia,Indosphere,Medium human development
Q366575,Q4924484,Q30,United States,North America,English-speaking,Very high human development
Q366643,Q209842,Q142,France,Europe,Catholic Europe,Very high human development
Q366643,Q7898594,Q30,United States,North America,English-speaking,Very high human development
Q366930,Q16242504,Q142,France,Europe,Catholic Europe,Very high human development
Q367729,Q2983698,Q142,France,Europe,Catholic Europe,Very high human development
Q367729,Q1546437,Q142,France,Europe,Catholic Europe,Very high human development
Q367848,Q6054382,Q30,United States,North America,English-speaking,Very high human development
Q367848,Q650068,Q145,United Kingdom,Europe,English-speaking,Very high human development
Q368224,Q7128507,Q30,United States,North America,English-speaking,Very high human development
Q368263,Q49114,Q30,United States,North America,English-speaking,Very high human development
Q368455,Q27621,Q159,Russia,Europe,Orthodox Europe,{}
Q368455,Q27621,Q15180,,{},{},{}
Q368455,Q27621,Q34266,,{},{},{}
Q368519,Q270532,Q145,United Kingdom,Europe,English-speaking,Very high human development
Q368866,Q523926,Q145,United Kingdom,Europe,English-speaking,Very high human development
Q369632,Q1446181,Q30,United States,North America,English-speaking,Very high human development
Q369632,Q130981,Q30,United States,North America,English-speaking,Very high human development
Q369957,Q165980,Q40,Austria,Europe,Catholic Europe,Very high human development
Q370246,Q186285,Q35,Denmark,Europe,Protestant Europe,Very high human development
Q370377,Q2093794,Q30,United States,North America,English-speaking,Very high human development
Q370441,Q5522207,Q30,United States,North America,English-speaking,Very high human development
Q370441,Q5374138,Q30,United States,North America,English-speaking,Very high human development
Q370441,Q6967558,Q30,United States,North America,English-speaking,Very high human development
Q370521,Q49114,Q30,United States,North America,English-speaking,Very high human development
Q370851,Q192775,Q145,United Kingdom,Europe,English-speaking,Very high human development
Q370851,Q4788261,Q145,United Kingdom,Europe,English-speaking,Very high human development
Q370921,Q168751,Q30,United States,North America,English-speaking,Very high human development
Q370973,Q1068258,Q27,Ireland,Europe,English-speaking,Very high human development
Q371011,Q951946,Q145,United Kingdom,Europe,English-speaking,Very high human development
Q371011,Q1146700,Q145,United Kingdom,Europe,English-speaking,Very high human development
Q371011,Q7684841,Q145,United Kingdom,Europe,English-speaking,Very high human development
Q371080,Q274486,Q17,Japan,Asia,West & South Asia,Very high human development
Q371925,Q46210,Q38,Italy,Europe,Catholic Europe,Very high human development
Q371930,Q49088,Q30,United States,North America,English-speaking,Very high human development
Q371930,Q49110,Q30,United States,North America,English-speaking,Very high human development
Q372035,Q469482,Q822,Lebanon,Asia,African-Islamic,High human development
Q372182,Q714740,Q145,United Kingdom,Europe,English-speaking,Very high human development
Q372182,Q865528,Q145,United Kingdom,Europe,English-speaking,Very high human development
Q372182,Q7738972,Q145,United Kingdom,Europe,English-speaking,Very high human development
Q372533,Q258464,Q27,Ireland,Europe,English-speaking,Very high human development
Q372533,Q1045828,Q145,United Kingdom,Europe,English-speaking,Very high human development
Q372533,Q7702061,Q27,Ireland,Europe,English-speaking,Very high human development
Q373150,Q319078,Q408,Australia,Australia,English-speaking,Very high human development
Q373541,Q17020147,Q145,United Kingdom,Europe,English-speaking,Very high human development
Q373552,Q746153,Q766,Jamaica,North America,English-speaking,High human development
Q373552,Q746153,Q244,Barbados,North America,Latin America,Very high human development
Q373552,Q746153,Q754,Trinidad and Tobago,South America,Latin America,Very high human development
Q373552,Q967165,Q145,United Kingdom,Europe,English-speaking,Very high human development
Q373836,Q178848,Q30,United States,North America,English-speaking,Very high human development
Q374401,Q168756,Q30,United States,North America,English-speaking,Very high human development
Q374401,Q7335148,Q30,United States,North America,English-speaking,Very high human development
Q374540,Q131252,Q30,United States,North America,English-speaking,Very high human development
Q374540,Q6736537,Q30,United States,North America,English-speaking,Very high human development
Q374817,Q11524791,Q17,Japan,Asia,West & South Asia,Very high human development
Q376071,Q1140775,Q30,United States,North America,English-speaking,Very high human development
Q376499,Q274486,Q17,Japan,Asia,West & South Asia,Very high human development
Q376678,Q194445,Q79,Egypt,Africa,African-Islamic,High human development
Q376859,Q131252,Q30,United States,North America,English-speaking,Very high human development
Q376859,Q1093910,Q30,United States,North America,English-speaking,Very high human development
Q376859,Q5545975,Q30,United States,North America,English-speaking,Very high human development
Q377424,Q5407591,Q30,United States,North America,English-speaking,Very high human development
Q377881,Q1145306,Q668,India,Asia,Indosphere,Medium human development
Q377881,Q2749583,Q668,India,Asia,Indosphere,Medium human development
Q377881,Q15944318,Q668,India,Asia,Indosphere,Medium human development
Q377881,Q5897727,Q668,India,Asia,Indosphere,Medium human development
Q377881,Q6842611,Q668,India,Asia,Indosphere,Medium human development
Q378098,Q49112,Q30,United States,North America,English-speaking,Very high human development
Q378098,Q5230230,Q30,United States,North America,English-speaking,Very high human development
Q378098,Q14706968,Q30,United States,North America,English-speaking,Very high human development
Q378116,Q83259,Q142,France,Europe,Catholic Europe,Very high human development
Q378116,Q1059546,Q142,France,Europe,Catholic Europe,Very high human development
Q378116,Q999763,Q142,France,Europe,Catholic Europe,Very high human development
Q378116,Q3064325,Q142,France,Europe,Catholic Europe,Very high human development
Q378116,Q1431541,Q142,France,Europe,Catholic Europe,Very high human development
Q378240,Q1137665,Q31,Belgium,Europe,Catholic Europe,Very high human development
Q378240,Q1137665,Q29999,Kingdom of the Netherlands,Europe,Protestant Europe,{}
Q378240,Q1137665,Q31,Belgium,Europe,Catholic Europe,Very high human development
Q378240,Q2470103,Q31,Belgium,Europe,Catholic Europe,Very high human development
Q378639,Q1758474,Q38,Italy,Europe,Catholic Europe,Very high human development
Q378639,Q3831950,Q38,Italy,Europe,Catholic Europe,Very high human development
Q378878,Q844673,Q30,United States,North America,English-speaking,Very high human development
Q378878,Q907481,Q30,United States,North America,English-speaking,Very high human development
Q378878,Q49119,Q30,United States,North America,English-speaking,Very high human development
Q378878,Q6113783,Q30,United States,North America,English-speaking,Very high human development
Q379520,Q6054382,Q30,United States,North America,English-speaking,Very high human development
Q379595,Q192964,Q43,Turkey,Asia,West & South Asia,{}
Q379745,Q132140,Q155,Brazil,South America,Latin America,High human development
Q379762,Q1135137,Q145,United Kingdom,Europe,English-speaking,Very high human development
Q379762,Q3531508,Q145,United Kingdom,Europe,English-speaking,Very high human development
Q379762,Q41506,Q30,United States,North America,English-speaking,Very high human development
Q379762,Q7590698,Q668,India,Asia,Indosphere,Medium human development
Q379762,Q7592186,Q668,India,Asia,Indosphere,Medium human development
Q379762,Q7980991,Q668,India,Asia,Indosphere,Medium human development
Q379855,Q6088281,Q43,Turkey,Asia,West & South Asia,{}
Q379855,Q1060621,Q43,Turkey,Asia,West & South Asia,{}
Q379949,Q926749,Q142,France,Europe,Catholic Europe,Very high human development
Q379949,Q20749407,Q142,France,Europe,Catholic Europe,Very high human development
Q379956,Q1431541,Q142,France,Europe,Catholic Europe,Very high human development
Q379956,Q3152816,Q142,France,Europe,Catholic Europe,Very high human development
Q379960,Q2371114,Q1028,Morocco,Africa,African-Islamic,High human development
Q380000,Q1977696,Q212,Ukraine,Europe,Orthodox Europe,High human development
Q380150,Q1646874,Q33,Finland,Europe,Catholic Europe,Very high human development
Q380229,Q1059517,Q145,United Kingdom,Europe,English-speaking,Very high human development
Q380229,Q575618,Q145,United Kingdom,Europe,English-speaking,Very high human development
Q380229,Q4663925,Q145,United Kingdom,Europe,English-speaking,Very high human development
Q380265,Q1326245,Q17,Japan,Asia,West & South Asia,Very high human development
Q380277,Q471980,Q142,France,Europe,Catholic Europe,Very high human development
Q380545,Q4271044,Q172107,,{},{},{}
Q380545,Q4271044,Q153136,,{},{},{}
Q380645,Q13371,Q30,United States,North America,English-speaking,Very high human development
Q380645,Q6841942,Q30,United States,North America,English-speaking,Very high human development
Q380784,Q8055406,Q30,United States,North America,English-speaking,Very high human development
Q380983,Q951946,Q145,United Kingdom,Europe,English-speaking,Very high human development
Q380983,Q1896148,Q145,United Kingdom,Europe,English-speaking,Very high human development
Q381086,Q12302318,Q35,Denmark,Europe,Protestant Europe,Very high human development
Q381254,Q752663,Q55,Netherlands,Europe,Protestant Europe,Very high human development
Q381656,Q49112,Q30,United States,North America,English-speaking,Very high human development
Q381656,Q6526322,Q30,United States,North America,English-speaking,Very high human development
Q381732,Q3113011,Q30,United States,North America,English-speaking,Very high human development
Q382068,Q131252,Q30,United States,North America,English-speaking,Very high human development
Q382101,Q890884,Q1029,Mozambique,Africa,Sub-Saharan Africa,Low human development
Q434695,Q168756,Q30,United States,North America,English-speaking,Very high human development
Q434892,Q194223,Q414,Argentina,South America,Latin America,Very high human development
Q435056,Q168751,Q30,United States,North America,English-speaking,Very high human development
Q435056,Q49108,Q30,United States,North America,English-speaking,Very high human development
Q435056,Q4924038,Q30,United States,North America,English-speaking,Very high human development
Q435058,Q274486,Q17,Japan,Asia,West & South Asia,Very high human development
Q435062,Q1143226,Q17,Japan,Asia,West & South Asia,Very high human development
Q435062,Q5750869,Q17,Japan,Asia,West & South Asia,Very high human development
Q435085,Q336264,Q17,Japan,Asia,West & South Asia,Very high human development
Q435126,Q981195,Q145,United Kingdom,Europe,English-speaking,Very high human development
Q435126,Q7989500,Q145,United Kingdom,Europe,English-speaking,Very high human development
Q435262,Q1045828,Q145,United Kingdom,Europe,English-speaking,Very high human development
Q435262,Q209842,Q142,France,Europe,Catholic Europe,Very high human development
Q435262,Q5481304,Q145,United Kingdom,Europe,English-speaking,Very high human development
Q435401,Q4922996,Q145,United Kingdom,Europe,English-speaking,Very high human development
Q435434,Q49165,Q30,United States,North America,English-speaking,Very high human development
Q435434,Q5680370,Q30,United States,North America,English-speaking,Very high human development
Q435615,Q49124,Q30,United States,North America,English-speaking,Very high human development
Q435615,Q15177849,Q30,United States,North America,English-speaking,Very high human development
Q435615,Q49204,Q30,United States,North America,English-speaking,Very high human development
Q435902,Q766145,Q30,United States,North America,English-speaking,Very high human development
Q435902,Q1190812,Q30,United States,North America,English-speaking,Very high human development
Q435902,Q766145,Q30,United States,North America,English-speaking,Very high human development
Q435920,Q4775012,Q30,United States,North America,English-speaking,Very high human development
Q435920,Q4914246,Q30,United States,North America,English-speaking,Very high human development
Q436082,Q167733,Q30,United States,North America,English-speaking,Very high human development
Q436082,Q5944289,Q30,United States,North America,English-speaking,Very high human development
Q436664,Q1420239,Q30,United States,North America,English-speaking,Very high human development
Q436664,Q184478,Q30,United States,North America,English-speaking,Very high human development
Q436664,Q5020332,Q30,United States,North America,English-speaking,Very high human development
Q436712,Q230899,Q145,United Kingdom,Europe,English-speaking,Very high human development
Q436712,Q867530,Q145,United Kingdom,Europe,English-speaking,Very high human development
Q436712,Q5576125,Q145,United Kingdom,Europe,English-speaking,Very high human development
Q436712,Q5576128,Q145,United Kingdom,Europe,English-speaking,Very high human development
Q436712,Q7621933,Q145,United Kingdom,Europe,English-speaking,Very high human development
Q436801,Q1774693,Q145,United Kingdom,Europe,English-speaking,Very high human development
Q436801,Q956501,Q145,United Kingdom,Europe,English-speaking,Very high human development
Q436801,Q4928636,Q145,United Kingdom,Europe,English-speaking,Very high human development
Q437088,Q6726842,Q30,United States,North America,English-speaking,Very high human development
Q437123,Q49114,Q30,United States,North America,English-speaking,Very high human development
Q437123,Q41506,Q30,United States,North America,English-speaking,Very high human development
Q437123,Q4892030,Q30,United States,North America,English-speaking,Very high human development
Q437174,Q43452,Q29,Spain,Europe,Catholic Europe,Very high human development
Q437321,Q5148103,Q16,Canada,North America,English-speaking,Very high human development
Q437321,Q2979657,Q16,Canada,North America,English-speaking,Very high human development
Q437321,Q3578133,Q16,Canada,North America,English-speaking,Very high human development
Q437370,Q332498,Q30,United States,North America,English-speaking,Very high human development
Q437370,Q5056743,Q30,United States,North America,English-speaking,Very high human development
Q437516,Q951946,Q145,United Kingdom,Europe,English-speaking,Very high human development
Q437567,Q6054382,Q30,United States,North America,English-speaking,Very high human development
Q437687,Q1026912,Q30,United States,North America,English-speaking,Very high human development
Q437687,Q174158,Q801,Israel,Asia,West & South Asia,Very high human development
Q437687,Q1026902,Q30,United States,North America,English-speaking,Very high human development
Q437718,Q967165,Q145,United Kingdom,Europe,English-speaking,Very high human development
Q437718,Q1264867,Q145,United Kingdom,Europe,English-speaking,Very high human development
Q437718,Q765642,Q145,United Kingdom,Europe,English-speaking,Very high human development
Q437771,Q214341,Q55,Netherlands,Europe,Protestant Europe,Very high human development
Q437771,Q808313,Q55,Netherlands,Europe,Protestant Europe,Very high human development
Q437811,Q7842,Q17,Japan,Asia,West & South Asia,Very high human development
Q438024,Q2963304,Q30,United States,North America,English-speaking,Very high human development
Q438024,Q52413,Q30,United States,North America,English-speaking,Very high human development
Q438024,Q131252,Q30,United States,North America,English-speaking,Very high human development
Q438024,Q31249,Q30,United States,North America,English-speaking,Very high human development
Q438024,Q6504151,Q30,United States,North America,English-speaking,Very high human development
Q438164,Q681025,Q30,United States,North America,English-speaking,Very high human development
Q438164,Q1093910,Q30,United States,North America,English-speaking,Very high human development
Q438164,Q3508986,Q30,United States,North America,English-speaking,Very high human development
Q438164,Q751612,Q30,United States,North America,English-speaking,Very high human development
Q438164,Q15142,Q30,United States,North America,English-speaking,Very high human development
Q438164,Q5901972,Q30,United States,North America,English-speaking,Very high human development
Q438260,Q975461,Q822,Lebanon,Asia,African-Islamic,High human development
Q438330,Q5921653,Q145,United Kingdom,Europe,English-speaking,Very high human development
Q438345,Q498526,Q30,United States,North America,English-speaking,Very high human development
Q438345,Q1047293,Q30,United States,North America,English-speaking,Very high human development
Q438569,Q7984608,Q145,United Kingdom,Europe,English-speaking,Very high human development
Q438686,Q737835,Q794,Iran,Asia,African-Islamic,{}
Q439059,Q170027,Q145,United Kingdom,Europe,English-speaking,Very high human development
Q439059,Q7622728,Q145,United Kingdom,Europe,English-speaking,Very high human development
Q439226,Q49115,Q30,United States,North America,English-speaking,Very high human development
Q439226,Q7128507,Q30,United States,North America,English-speaking,Very high human development
Q439292,Q1185955,Q30,United States,North America,English-speaking,Very high human development
Q439292,Q4739083,Q30,United States,North America,English-speaking,Very high human development
Q440100,Q817902,Q30,United States,North America,English-speaking,Very high human development
Q440100,Q7739610,Q30,United States,North America,English-speaking,Very high human development
Q440185,Q6724372,Q30,United States,North America,English-speaking,Very high human development
Q440528,Q193196,Q145,United Kingdom,Europe,English-speaking,Very high human development
Q440528,Q774489,Q145,United Kingdom,Europe,English-speaking,Very high human development
Q440569,Q503415,Q30,United States,North America,English-speaking,Very high human development
Q440612,Q499451,Q30,United States,North America,English-speaking,Very high human development
Q440612,Q49117,Q30,United States,North America,English-speaking,Very high human development
Q440744,Q617433,Q30,United States,North America,English-speaking,Very high human development
Q440744,Q7744702,Q30,United States,North America,English-speaking,Very high human development
Q440877,Q4823122,Q30,United States,North America,English-speaking,Very high human development
Q441056,Q7660170,Q408,Australia,Australia,English-speaking,Very high human development
Q441067,Q182973,Q30,United States,North America,English-speaking,Very high human development
Q441067,Q2093794,Q30,United States,North America,English-speaking,Very high human development
Q441067,Q6224030,Q30,United States,North America,English-speaking,Very high human development
Q441146,Q7595513,Q145,United Kingdom,Europe,English-speaking,Very high human development
Q441146,Q523926,Q145,United Kingdom,Europe,English-speaking,Very high human development
Q441146,Q348134,Q145,United Kingdom,Europe,English-speaking,Very high human development
Q441214,Q49210,Q30,United States,North America,English-speaking,Very high human development
Q441214,Q966540,Q30,United States,North America,English-speaking,Very high human development
Q441214,Q49210,Q30,United States,North America,English-speaking,Very high human development
Q441214,Q19689023,Q30,United States,North America,English-speaking,Very high human development
Q441290,Q46492,Q17,Japan,Asia,West & South Asia,Very high human development
Q441494,Q7712108,Q145,United Kingdom,Europe,English-speaking,Very high human development
Q441603,Q167733,Q30,United States,North America,English-speaking,Very high human development
Q441726,Q5123283,Q145,United Kingdom,Europe,English-speaking,Very high human development
Q442103,Q218506,Q34,Sweden,Europe,Protestant Europe,Very high human development
Q442130,Q14711908,Q30,United States,North America,English-speaking,Very high human development
Q442258,Q309350,Q30,United States,North America,English-speaking,Very high human development
Q442258,Q14688472,Q30,United States,North America,English-speaking,Very high human development
Q442258,Q217741,Q30,United States,North America,English-speaking,Very high human development
Q442258,Q921929,Q30,United States,North America,English-speaking,Very high human development
Q442330,Q7712108,Q145,United Kingdom,Europe,English-speaking,Very high human development
Q442474,Q638859,Q30,United States,North America,English-speaking,Very high human development
Q442549,Q13371,Q30,United States,North America,English-speaking,Very high human development
Q442549,Q14715517,Q30,United States,North America,English-speaking,Very high human development
Q442679,Q193727,Q30,United States,North America,English-speaking,Very high human development
Q442679,Q49116,Q30,United States,North America,English-speaking,Very high human development
Q443042,Q691283,Q145,United Kingdom,Europe,English-speaking,Very high human development
Q443055,Q797892,Q145,United Kingdom,Europe,English-speaking,Very high human development
Q443055,Q114306,Q145,United Kingdom,Europe,English-speaking,Very high human development
Q443055,Q5367766,Q145,United Kingdom,Europe,English-speaking,Very high human development
Q443109,Q184478,Q30,United States,North America,English-speaking,Very high human development
Q443109,Q5169462,Q30,United States,North America,English-speaking,Very high human development
Q443235,Q41506,Q30,United States,North America,English-speaking,Very high human development
Q443235,Q457281,Q30,United States,North America,English-speaking,Very high human development
Q443235,Q1026941,Q30,United States,North America,English-speaking,Very high human development
Q443235,Q7864729,Q30,United States,North America,English-speaking,Very high human development
Q443398,Q7240787,Q408,Australia,Australia,English-speaking,Very high human development
Q443403,Q111595184,Q29,Spain,Europe,Catholic Europe,Very high human development
Q443403,Q308963,Q29,Spain,Europe,Catholic Europe,Very high human development
Q443404,Q546118,Q142,France,Europe,Catholic Europe,Very high human development
Q443404,Q209842,Q142,France,Europe,Catholic Europe,Very high human development
Q443404,Q1583390,Q1008,Ivory Coast,Africa,Sub-Saharan Africa,{}
Q443528,Q1244704,Q145,United Kingdom,Europe,English-speaking,Very high human development
Q443567,Q7801282,Q145,United Kingdom,Europe,English-speaking,Very high human development
Q443591,Q472167,Q16,Canada,North America,English-speaking,Very high human development
Q443681,Q49117,Q30,United States,North America,English-speaking,Very high human development
Q443681,Q4710277,Q30,United States,North America,English-speaking,Very high human development
Q443726,Q1122926,Q45,Portugal,Europe,Catholic Europe,Very high human development
Q443820,Q1144262,Q16,Canada,North America,English-speaking,Very high human development
Q443820,Q5434097,Q16,Canada,North America,English-speaking,Very high human development
Q443830,Q41506,Q30,United States,North America,English-speaking,Very high human development
Q443868,Q204457,Q20,Norway,Europe,Protestant Europe,Very high human development
Q444016,Q230492,Q30,United States,North America,English-speaking,Very high human development
Q444168,Q194445,Q79,Egypt,Africa,African-Islamic,High human development
Q444230,Q7809596,Q858,Syria,Asia,African-Islamic,{}
Q444362,Q270222,Q30,United States,North America,English-speaking,Very high human development
Q444486,Q73094,Q145,United Kingdom,Europe,English-speaking,Very high human development
Q444730,Q1537759,Q30,United States,North America,English-speaking,Very high human development
Q444806,Q49088,Q30,United States,North America,English-speaking,Very high human development
Q444806,Q1605513,Q30,United States,North America,English-speaking,Very high human development
Q444806,Q7842961,Q30,United States,North America,English-speaking,Very high human development
Q444849,Q309331,Q30,United States,North America,English-speaking,Very high human development
Q444849,Q49210,Q30,United States,North America,English-speaking,Very high human development
Q444849,Q5944289,Q30,United States,North America,English-speaking,Very high human development
Q444867,Q523926,Q145,United Kingdom,Europe,English-speaking,Very high human development
Q444867,Q6745089,Q145,United Kingdom,Europe,English-speaking,Very high human development
Q444995,Q14715179,Q30,United States,North America,English-speaking,Very high human development
Q445429,Q681025,Q30,United States,North America,English-speaking,Very high human development
Q445776,Q2723670,Q79,Egypt,Africa,African-Islamic,High human development
Q445839,Q11484807,Q17,Japan,Asia,West & South Asia,Very high human development
Q445930,Q5302745,Q30,United States,North America,English-speaking,Very high human development
Q446209,Q7054837,Q30,United States,North America,English-speaking,Very high human development
Q446209,Q5547419,Q30,United States,North America,English-speaking,Very high human development
Q446396,Q492467,Q664,New Zealand,Australia,English-speaking,Very high human development
Q446483,Q309350,Q30,United States,North America,English-speaking,Very high human development
Q446483,Q6806876,Q30,United States,North America,English-speaking,Very high human development
Q446483,Q8001045,Q30,United States,North America,English-speaking,Very high human development
Q446597,Q186285,Q35,Denmark,Europe,Protestant Europe,Very high human development
Q446605,Q193196,Q145,United Kingdom,Europe,English-speaking,Very high human development
Q446605,Q6901005,Q145,United Kingdom,Europe,English-speaking,Very high human development
Q446627,Q7417653,Q30,United States,North America,English-speaking,Very high human development
Q446687,Q795988,Q16,Canada,North America,English-speaking,Very high human development
Q446687,Q5683775,Q16,Canada,North America,English-speaking,Very high human development
Q446747,Q7594982,Q145,United Kingdom,Europe,English-speaking,Very high human development
Q446941,Q238101,Q30,United States,North America,English-speaking,Very high human development
Q447025,Q611723,Q16,Canada,North America,English-speaking,Very high human development
Q447244,Q49088,Q30,United States,North America,English-speaking,Very high human development
Q447244,Q6304221,Q30,United States,North America,English-speaking,Very high human development
Q447367,Q37008,Q230,Georgia,Asia,Orthodox Europe,Very high human development
Q447404,Q868421,Q30,United States,North America,English-speaking,Very high human development
Q447507,Q1394262,Q142,France,Europe,Catholic Europe,Very high human development
Q447519,Q1896148,Q145,United Kingdom,Europe,English-speaking,Very high human development
Q447519,Q5123283,Q145,United Kingdom,Europe,English-speaking,Very high human development
Q447630,Q7245400,Q145,United Kingdom,Europe,English-speaking,Very high human development
Q447850,Q168515,Q30,United States,North America,English-speaking,Very high human development
Q447902,Q1661274,Q30,United States,North America,English-speaking,Very high human development
Q447902,Q49088,Q30,United States,North America,English-speaking,Very high human development
Q448241,Q7895753,Q30,United States,North America,English-speaking,Very high human development
Q448241,Q7838580,Q30,United States,North America,English-speaking,Very high human development
Q448246,Q7057618,Q145,United Kingdom,Europe,English-speaking,Very high human development
Q448246,Q865528,Q145,United Kingdom,Europe,English-speaking,Very high human development
Q448425,Q6914205,Q30,United States,North America,English-speaking,Very high human development
Q448736,Q49206,Q30,United States,North America,English-speaking,Very high human development
Q448736,Q49088,Q30,United States,North America,English-speaking,Very high human development
Q448767,Q49166,Q30,United States,North America,English-speaking,Very high human development
Q448767,Q7766655,Q30,United States,North America,English-speaking,Very high human development
Q448767,Q5033691,Q30,United States,North America,English-speaking,Very high human development
Q448776,Q1786078,Q30,United States,North America,English-speaking,Very high human development
Q449028,Q1035745,Q145,United Kingdom,Europe,English-speaking,Very high human development
Q449028,Q1072029,Q145,United Kingdom,Europe,English-speaking,Very high human development
Q449028,Q5038430,Q145,United Kingdom,Europe,English-speaking,Very high human development
Q449085,Q4638918,Q145,United Kingdom,Europe,English-speaking,Very high human development
Q449279,Q21578,Q30,United States,North America,English-speaking,Very high human development
Q449473,Q274486,Q17,Japan,Asia,West & South Asia,Very high human development
Q449640,Q1127387,Q142,France,Europe,Catholic Europe,Very high human development
Q449640,Q1137719,Q142,France,Europe,Catholic Europe,Very high human development
Q449640,Q2994581,Q142,France,Europe,Catholic Europe,Very high human development
Q449797,Q131252,Q30,United States,North America,English-speaking,Very high human development
Q449801,Q209344,Q38,Italy,Europe,Catholic Europe,Very high human development
Q449801,Q3268623,Q38,Italy,Europe,Catholic Europe,Very high human development
Q449818,Q290456,Q17,Japan,Asia,West & South Asia,Very high human development
Q450243,Q617433,Q30,United States,North America,English-speaking,Very high human development
Q450243,Q1357891,Q30,United States,North America,English-speaking,Very high human development
Q450243,Q1432645,Q30,United States,North America,English-speaking,Very high human development
Q450243,Q5044478,Q786,Dominican Republic,North America,Latin America,High human development
Q450243,Q1797448,Q30,United States,North America,English-speaking,Very high human development
Q450335,Q1232180,Q29,Spain,Europe,Catholic Europe,Very high human development
Q450335,Q219694,Q29,Spain,Europe,Catholic Europe,Very high human development
Q450335,Q6116067,Q29,Spain,Europe,Catholic Europe,Very high human development
Q450346,Q49114,Q30,United States,North America,English-speaking,Very high human development
Q450346,Q167733,Q30,United States,North America,English-speaking,Very high human development
Q450346,Q5125940,Q30,United States,North America,English-speaking,Very high human development
Q450346,Q746153,Q766,Jamaica,North America,English-speaking,High human development
Q450346,Q746153,Q244,Barbados,North America,Latin America,Very high human development
Q450346,Q746153,Q754,Trinidad and Tobago,South America,Latin America,Very high human development
Q450376,Q849751,Q16,Canada,North America,English-speaking,Very high human development
Q450376,Q6949476,Q954,Zimbabwe,Africa,Sub-Saharan Africa,Medium human development
Q450690,Q6054382,Q30,United States,North America,English-speaking,Very high human development
Q450796,Q49088,Q30,United States,North America,English-speaking,Very high human development
Q450802,Q774489,Q145,United Kingdom,Europe,English-speaking,Very high human development
Q450875,Q194223,Q414,Argentina,South America,Latin America,Very high human development
Q450875,Q5255905,Q414,Argentina,South America,Latin America,Very high human development
Q450913,Q1122926,Q45,Portugal,Europe,Catholic Europe,Very high human development
Q450923,Q638859,Q30,United States,North America,English-speaking,Very high human development
Q451009,Q131252,Q30,United States,North America,English-speaking,Very high human development
Q451009,Q7073679,Q30,United States,North America,English-speaking,Very high human development
Q451058,Q274486,Q17,Japan,Asia,West & South Asia,Very high human development
Q451058,Q156725,Q183,Germany,Europe,Catholic Europe,Very high human development
Q451058,Q206702,Q39,Switzerland,Europe,Catholic Europe,Very high human development
Q451136,Q41506,Q30,United States,North America,English-speaking,Very high human development
Q451136,Q49122,Q30,United States,North America,English-speaking,Very high human development
Q451136,Q49165,Q30,United States,North America,English-speaking,Very high human development
Q451136,Q7012169,Q30,United States,North America,English-speaking,Very high human development
Q451379,Q1140775,Q30,United States,North America,English-speaking,Very high human development
Q452145,Q168000,Q30,United States,North America,English-speaking,Very high human development
Q452145,Q49206,Q30,United States,North America,English-speaking,Very high human development
Q452145,Q8033204,Q30,United States,North America,English-speaking,Very high human development
Q452206,Q49205,Q30,United States,North America,English-speaking,Very high human development
Q452206,Q4915696,Q30,United States,North America,English-speaking,Very high human development
Q452249,Q6984798,Q30,United States,North America,English-speaking,Very high human development
Q452282,Q326342,Q16,Canada,North America,English-speaking,Very high human development
Q452282,Q15277924,Q16,Canada,North America,English-speaking,Very high human development
Q452282,Q4862212,Q16,Canada,North America,English-speaking,Very high human development
Q452404,Q2303536,Q30,United States,North America,English-speaking,Very high human development
Q452404,Q219563,Q30,United States,North America,English-speaking,Very high human development
Q452722,Q41506,Q30,United States,North America,English-speaking,Very high human development
Q452722,Q4682076,Q30,United States,North America,English-speaking,Very high human development
Q452722,Q7912217,Q30,United States,North America,English-speaking,Very high human development
Q452742,Q83259,Q142,France,Europe,Catholic Europe,Very high human development
Q452761,Q7894348,Q30,United States,North America,English-speaking,Very high human development
Q452860,Q1654025,Q117,Ghana,Africa,Sub-Saharan Africa,Medium human development
Q453251,Q13371,Q30,United States,North America,English-speaking,Very high human development
Q453251,Q1034225,Q30,United States,North America,English-speaking,Very high human development
Q453251,Q49123,Q30,United States,North America,English-speaking,Very high human development
Q453288,Q805285,Q145,United Kingdom,Europe,English-speaking,Very high human development
Q453288,Q13371,Q30,United States,North America,English-speaking,Very high human development
Q453288,Q131252,Q30,United States,North America,English-speaking,Very high human development
Q453288,Q1431541,Q142,France,Europe,Catholic Europe,Very high human development
Q453288,Q3269093,Q30,United States,North America,English-speaking,Very high human development
Q453329,Q49110,Q30,United States,North America,English-speaking,Very high human development
Q453329,Q13371,Q30,United States,North America,English-speaking,Very high human development
Q453329,Q14437811,Q30,United States,North America,English-speaking,Very high human development
Q453329,Q4948183,Q30,United States,North America,English-speaking,Very high human development
Q453377,Q4711817,Q17,Japan,Asia,West & South Asia,Very high human development
Q453384,Q131252,Q30,United States,North America,English-speaking,Very high human development
Q453384,Q7138111,Q30,United States,North America,English-speaking,Very high human development
Q453410,Q467269,Q145,United Kingdom,Europe,English-speaking,Very high human development
Q453410,Q765642,Q145,United Kingdom,Europe,English-speaking,Very high human development
Q453427,Q5950744,Q30,United States,North America,English-speaking,Very high human development
Q453427,Q1321046,Q30,United States,North America,English-speaking,Very high human development
Q453427,Q5461600,Q30,United States,North America,English-speaking,Very high human development
Q453427,Q49109,Q30,United States,North America,English-speaking,Very high human development
Q453427,Q705737,Q30,United States,North America,English-speaking,Very high human development
Q453427,Q130981,Q30,United States,North America,English-speaking,Very high human development
Q453434,Q49114,Q30,United States,North America,English-speaking,Very high human development
Q453537,Q4484266,Q159,Russia,Europe,Orthodox Europe,{}
Q453537,Q49112,Q30,United States,North America,English-speaking,Very high human development
Q453537,Q152087,Q183,Germany,Europe,Catholic Europe,Very high human development
Q453665,Q49087,Q30,United States,North America,English-speaking,Very high human development
Q453665,Q49088,Q30,United States,North America,English-speaking,Very high human development
Q453665,Q186285,Q35,Denmark,Europe,Protestant Europe,Very high human development
Q453665,Q111018631,Q30,United States,North America,English-speaking,Very high human development
Q453835,Q863813,Q30,United States,North America,English-speaking,Very high human development
Q453908,Q49088,Q30,United States,North America,English-speaking,Very high human development
Q453908,Q3113011,Q30,United States,North America,English-speaking,Very high human development
Q453908,Q5149905,Q30,United States,North America,English-speaking,Very high human development
Q453908,Q788081,Q142,France,Europe,Catholic Europe,Very high human development
Q453932,Q877925,Q145,United Kingdom,Europe,English-speaking,Very high human development
Q453983,Q6972836,Q408,Australia,Australia,English-speaking,Very high human development
Q454420,Q838330,Q30,United States,North America,English-speaking,Very high human development
Q454420,Q4954640,Q30,United States,North America,English-speaking,Very high human development
Q454420,Q4854165,Q30,United States,North America,English-speaking,Very high human development
Q454595,Q192775,Q145,United Kingdom,Europe,English-speaking,Very high human development
Q454595,Q193196,Q145,United Kingdom,Europe,English-speaking,Very high human development
Q454686,Q7567933,Q408,Australia,Australia,English-speaking,Very high human development
Q454734,Q245247,Q145,United Kingdom,Europe,English-speaking,Very high human development
Q454836,Q309331,Q30,United States,North America,English-speaking,Very high human development
Q454836,Q2093794,Q30,United States,North America,English-speaking,Very high human development
Q454836,Q6753901,Q30,United States,North America,English-speaking,Very high human development
Q454888,Q7842,Q17,Japan,Asia,West & South Asia,Very high human development
Q454920,Q217741,Q30,United States,North America,English-speaking,Very high human development
Q455286,Q6054382,Q30,United States,North America,English-speaking,Very high human development
Q455410,Q19563633,Q20,Norway,Europe,Protestant Europe,Very high human development
Q455410,Q486156,Q20,Norway,Europe,Protestant Europe,Very high human development
Q455574,Q209842,Q142,France,Europe,Catholic Europe,Very high human development
Q455574,Q4974832,Q30,United States,North America,English-speaking,Very high human development
Q455652,Q743615,Q17,Japan,Asia,West & South Asia,Very high human development
Q455703,Q2667184,Q155,Brazil,South America,Latin America,High human development
Q455776,Q1567748,Q30,United States,North America,English-speaking,Very high human development
Q455780,Q174710,Q30,United States,North America,English-speaking,Very high human development
Q455780,Q161562,Q30,United States,North America,English-speaking,Very high human development
Q455852,Q7895753,Q30,United States,North America,English-speaking,Very high human development
Q455852,Q7992330,Q30,United States,North America,English-speaking,Very high human development
Q455930,Q1326230,Q17,Japan,Asia,West & South Asia,Very high human development
Q455930,Q11440467,Q17,Japan,Asia,West & South Asia,Very high human development
Q455930,Q11440704,Q17,Japan,Asia,West & South Asia,Very high human development
Q455951,Q1093910,Q30,United States,North America,English-speaking,Very high human development
Q455951,Q751612,Q30,United States,North America,English-speaking,Very high human development
Q456191,Q1061981,Q17,Japan,Asia,West & South Asia,Very high human development
Q456336,Q6747304,Q30,United States,North America,English-speaking,Very high human development
Q456340,Q219694,Q29,Spain,Europe,Catholic Europe,Very high human development
Q456494,Q49117,Q30,United States,North America,English-speaking,Very high human development
Q456494,Q1952033,Q30,United States,North America,English-speaking,Very high human development
Q456855,Q2093794,Q30,United States,North America,English-speaking,Very high human development
Q456855,Q41506,Q30,United States,North America,English-speaking,Very high human development
Q456855,Q7457282,Q30,United States,North America,English-speaking,Very high human development
Q456958,Q13371,Q30,United States,North America,English-speaking,Very high human development
Q456958,Q14706265,Q30,United States,North America,English-speaking,Very high human development
Q457092,Q714717,Q145,United Kingdom,Europe,English-speaking,Very high human development
Q457092,Q35794,Q145,United Kingdom,Europe,English-speaking,Very high human development
Q457092,Q7597409,Q145,United Kingdom,Europe,English-speaking,Very high human development
Q457177,Q838330,Q30,United States,North America,English-speaking,Very high human development
Q457185,Q1109093,Q30,United States,North America,English-speaking,Very high human development
Q457185,Q3428253,Q30,United States,North America,English-speaking,Very high human development
Q457185,Q1473615,Q30,United States,North America,English-speaking,Very high human development
Q457185,Q6425073,Q668,India,Asia,Indosphere,Medium human development
Q457287,Q805285,Q145,United Kingdom,Europe,English-speaking,Very high human development
Q457287,Q7593614,Q145,United Kingdom,Europe,English-speaking,Very high human development
Q457338,Q5142861,Q414,Argentina,South America,Latin America,Very high human development
Q457371,Q3182956,Q145,United Kingdom,Europe,English-speaking,Very high human development
Q457450,Q209842,Q142,France,Europe,Catholic Europe,Very high human development
Q457450,Q590643,Q30,United States,North America,English-speaking,Very high human development
Q457495,Q1057890,Q408,Australia,Australia,English-speaking,Very high human development
Q457601,Q49114,Q30,United States,North America,English-speaking,Very high human development
Q457601,Q2302336,Q30,United States,North America,English-speaking,Very high human development
Q457601,Q5546988,Q30,United States,North America,English-speaking,Very high human development
Q457608,Q332498,Q30,United States,North America,English-speaking,Very high human development
Q457608,Q14704944,Q30,United States,North America,English-speaking,Very high human development
Q457873,Q1201513,Q664,New Zealand,Australia,English-speaking,Very high human development
Q457873,Q1150437,Q664,New Zealand,Australia,English-speaking,Very high human development
Q457873,Q113580688,Q664,New Zealand,Australia,English-speaking,Very high human development
Q458077,Q1848657,Q30,United States,North America,English-speaking,Very high human development
Q458224,Q11524737,Q17,Japan,Asia,West & South Asia,Very high human development
Q458240,Q4968616,Q408,Australia,Australia,English-speaking,Very high human development
Q458240,Q48815826,Q408,Australia,Australia,English-speaking,Very high human development
Q458336,Q6879096,Q30,United States,North America,English-speaking,Very high human development
Q458336,Q5134140,Q30,United States,North America,English-speaking,Very high human development
Q458390,Q13371,Q30,United States,North America,English-speaking,Very high human development
Q458390,Q152087,Q183,Germany,Europe,Catholic Europe,Very high human development
Q458445,Q1305521,Q30,United States,North America,English-speaking,Very high human development
Q458509,Q1822063,Q30,United States,North America,English-speaking,Very high human development
Q458658,Q192088,Q145,United Kingdom,Europe,English-speaking,Very high human development
Q458658,Q17020147,Q145,United Kingdom,Europe,English-speaking,Very high human development
Q458658,Q5088830,Q145,United Kingdom,Europe,English-speaking,Very high human development
Q459230,Q1806300,Q30,United States,North America,English-speaking,Very high human development
Q459230,Q5224002,Q30,United States,North America,English-speaking,Very high human development
Q459541,Q194223,Q414,Argentina,South America,Latin America,Very high human development
Q459541,Q15966057,Q414,Argentina,South America,Latin America,Very high human development
Q459631,Q5628567,Q30,United States,North America,English-speaking,Very high human development
Q459631,Q7851946,Q30,United States,North America,English-speaking,Very high human development
Q459791,Q392189,Q16,Canada,North America,English-speaking,Very high human development
Q459901,Q903092,Q28,Hungary,Europe,Catholic Europe,Very high human development
Q460088,Q16952,Q148,People's Republic of China,Asia,Confucian,{}
Q460088,Q182973,Q30,United States,North America,English-speaking,Very high human development
Q460187,Q1201513,Q664,New Zealand,Australia,English-speaking,Very high human development
Q460245,Q4696636,Q145,United Kingdom,Europe,English-speaking,Very high human development
Q460323,Q168751,Q30,United States,North America,English-speaking,Very high human development
Q460323,Q1190812,Q30,United States,North America,English-speaking,Very high human development
Q460323,Q7423230,Q30,United States,North America,English-speaking,Very high human development
Q460352,Q178416,Q159,Russia,Europe,Orthodox Europe,{}
Q460352,Q178416,Q15180,,{},{},{}
Q460352,Q178416,Q34266,,{},{},{}
Q460366,Q7865512,Q30,United States,North America,English-speaking,Very high human development
Q460383,Q616359,Q17,Japan,Asia,West & South Asia,Very high human development
Q460414,Q611723,Q16,Canada,North America,English-speaking,Very high human development
Q460425,Q49120,Q30,United States,North America,English-speaking,Very high human development
Q460430,Q5507357,Q17,Japan,Asia,West & South Asia,Very high human development
Q460490,Q5261681,Q414,Argentina,South America,Latin America,Very high human development
Q460546,Q6407035,Q27,Ireland,Europe,English-speaking,Very high human development
Q460602,Q1145814,Q30,United States,North America,English-speaking,Very high human development
Q460602,Q217741,Q30,United States,North America,English-speaking,Very high human development
Q460602,Q1537759,Q30,United States,North America,English-speaking,Very high human development
Q460602,Q131252,Q30,United States,North America,English-speaking,Very high human development
Q460602,Q4162116,Q30,United States,North America,English-speaking,Very high human development
Q460660,Q81162,Q145,United Kingdom,Europe,English-speaking,Very high human development
Q460660,Q1059517,Q145,United Kingdom,Europe,English-speaking,Very high human development
Q460660,Q16238579,Q145,United Kingdom,Europe,English-speaking,Very high human development
Q460660,Q6481558,Q145,United Kingdom,Europe,English-speaking,Very high human development
Q460811,Q392189,Q16,Canada,North America,English-speaking,Very high human development
Q460861,Q1341516,Q145,United Kingdom,Europe,English-speaking,Very high human development
Q460952,Q13371,Q30,United States,North America,English-speaking,Very high human development
Q460952,Q41506,Q30,United States,North America,English-speaking,Very high human development
Q460952,Q7768608,Q30,United States,North America,English-speaking,Very high human development
Q461000,Q1093910,Q30,United States,North America,English-speaking,Very high human development
Q461000,Q1700617,Q30,United States,North America,English-speaking,Very high human development
Q461075,Q2974556,Q30,United States,North America,English-speaking,Very high human development
Q461320,Q815432,Q17,Japan,Asia,West & South Asia,Very high human development
Q461472,Q274486,Q17,Japan,Asia,West & South Asia,Very high human development
Q461536,Q1643758,Q736,Ecuador,South America,Latin America,High human development
Q461638,Q7056909,Q408,Australia,Australia,English-speaking,Very high human development
Q461638,Q13164,Q159,Russia,Europe,Orthodox Europe,{}
Q461638,Q13164,Q15180,,{},{},{}
Q461638,Q13164,Q34266,,{},{},{}
Q461638,Q127990,Q408,Australia,Australia,English-speaking,Very high human development
Q461675,Q170027,Q145,United Kingdom,Europe,English-speaking,Very high human development
Q461690,Q223429,Q145,United Kingdom,Europe,English-speaking,Very high human development
Q461690,Q4775012,Q30,United States,North America,English-speaking,Very high human development
Q461690,Q15253416,Q145,United Kingdom,Europe,English-speaking,Very high human development
Q461690,Q7269950,Q1033,Nigeria,Africa,Sub-Saharan Africa,Medium human development
Q461845,Q7842,Q17,Japan,Asia,West & South Asia,Very high human development
Q461853,Q7842,Q17,Japan,Asia,West & South Asia,Very high human development
Q461853,Q5507734,Q17,Japan,Asia,West & South Asia,Very high human development
Q461865,Q10302903,Q45,Portugal,Europe,Catholic Europe,Very high human development
Q461902,Q15277603,Q145,United Kingdom,Europe,English-speaking,Very high human development
Q462157,Q7842,Q17,Japan,Asia,West & South Asia,Very high human development
Q462172,Q290456,Q17,Japan,Asia,West & South Asia,Very high human development
Q462319,Q274486,Q17,Japan,Asia,West & South Asia,Very high human development
Q462356,Q1059546,Q142,France,Europe,Catholic Europe,Very high human development
Q462399,Q7397221,Q16,Canada,North America,English-speaking,Very high human development
Q462579,Q644789,Q31,Belgium,Europe,Catholic Europe,Very high human development
Q462579,Q1872693,Q31,Belgium,Europe,Catholic Europe,Very high human development
Q462579,Q1391752,Q31,Belgium,Europe,Catholic Europe,Very high human development
Q462689,Q1007545,Q43,Turkey,Asia,West & South Asia,{}
Q462689,Q6099542,Q43,Turkey,Asia,West & South Asia,{}
Q462860,Q170027,Q145,United Kingdom,Europe,English-speaking,Very high human development
Q462860,Q1206658,Q30,United States,North America,English-speaking,Very high human development
Q462953,Q924289,Q145,United Kingdom,Europe,English-speaking,Very high human development
Q462953,Q11514851,Q17,Japan,Asia,West & South Asia,Very high human development
Q463019,Q1604022,Q148,People's Republic of China,Asia,Confucian,{}
Q463182,Q837164,Q145,United Kingdom,Europe,English-speaking,Very high human development
Q463233,Q5608132,Q258,South Africa,Africa,Sub-Saharan Africa,High human development
Q463279,Q1307345,Q30,United States,North America,English-speaking,Very high human development
Q463299,Q65598614,Q419,Peru,South America,Latin America,High human development
Q463319,Q49088,Q30,United States,North America,English-speaking,Very high human development
Q463319,Q1446181,Q30,United States,North America,English-speaking,Very high human development
Q463319,Q5944289,Q30,United States,North America,English-speaking,Very high human development
Q463319,Q222738,Q96,Mexico,North America,Latin America,High human development
Q463319,Q29406254,Q30,United States,North America,English-speaking,Very high human development
Q463975,Q7662442,Q27,Ireland,Europe,English-speaking,Very high human development
Q464143,Q1634522,Q16,Canada,North America,English-speaking,Very high human development
Q464389,Q30751498,Q1041,Senegal,Africa,{},Low human development
Q464700,Q492318,Q30,United States,North America,English-speaking,Very high human development
Q464700,Q7865137,Q30,United States,North America,English-speaking,Very high human development
Q464756,Q1143226,Q17,Japan,Asia,West & South Asia,Very high human development
Q464960,Q2537765,Q145,United Kingdom,Europe,English-speaking,Very high human development
Q464960,Q1760791,Q145,United Kingdom,Europe,English-speaking,Very high human development
Q464963,Q149990,Q30,United States,North America,English-speaking,Very high human development
Q464963,Q375606,Q145,United Kingdom,Europe,English-speaking,Very high human development
Q464963,Q170027,Q145,United Kingdom,Europe,English-speaking,Very high human development
Q464963,Q7384965,Q30,United States,North America,English-speaking,Very high human development
Q464976,Q160302,Q145,United Kingdom,Europe,English-speaking,Very high human development
Q464976,Q499510,Q145,United Kingdom,Europe,English-speaking,Very high human development
Q464976,Q7063647,Q145,United Kingdom,Europe,English-speaking,Very high human development
Q465179,Q6356958,Q30,United States,North America,English-speaking,Very high human development
Q465179,Q168756,Q30,United States,North America,English-speaking,Very high human development
Q465181,Q1342484,Q43,Turkey,Asia,West & South Asia,{}
Q465183,Q6054382,Q30,United States,North America,English-speaking,Very high human development
Q465208,Q49110,Q30,United States,North America,English-speaking,Very high human development
Q465208,Q167733,Q30,United States,North America,English-speaking,Very high human development
Q465208,Q4948172,Q30,United States,North America,English-speaking,Very high human development
Q465208,Q7567623,Q30,United States,North America,English-speaking,Very high human development
Q465216,Q747179,Q30,United States,North America,English-speaking,Very high human development
Q465222,Q463781,Q30,United States,North America,English-speaking,Very high human development
Q465237,Q838330,Q30,United States,North America,English-speaking,Very high human development
Q465242,Q1360303,Q30,United States,North America,English-speaking,Very high human development
Q465242,Q49088,Q30,United States,North America,English-speaking,Very high human development
Q465326,Q1202039,Q145,United Kingdom,Europe,English-speaking,Very high human development
Q465339,Q230899,Q145,United Kingdom,Europe,English-speaking,Very high human development
Q465339,Q34433,Q145,United Kingdom,Europe,English-speaking,Very high human development
Q465421,Q2667184,Q155,Brazil,South America,Latin America,High human development
Q465576,Q6203214,Q17,Japan,Asia,West & South Asia,Very high human development
Q465594,Q1446181,Q30,United States,North America,English-speaking,Very high human development
Q465594,Q49088,Q30,United States,North America,English-speaking,Very high human development
Q465624,Q49115,Q30,United States,North America,English-speaking,Very high human development
Q465624,Q49117,Q30,United States,North America,English-speaking,Very high human development
Q465624,Q7182715,Q30,United States,North America,English-speaking,Very high human development
Q465693,Q6054382,Q30,United States,North America,English-speaking,Very high human development
Q465693,Q835960,Q155,Brazil,South America,Latin America,High human development
Q465700,Q823917,Q145,United Kingdom,Europe,English-speaking,Very high human development
Q465700,Q174570,Q145,United Kingdom,Europe,English-speaking,Very high human development
Q465721,Q469476,Q79,Egypt,Africa,African-Islamic,High human development
Q465851,Q7073699,Q30,United States,North America,English-speaking,Very high human development
Q465890,Q866012,Q408,Australia,Australia,English-speaking,Very high human development
Q465890,Q7842707,Q145,United Kingdom,Europe,English-speaking,Very high human development
Q465890,Q523926,Q145,United Kingdom,Europe,English-speaking,Very high human development
Q466175,Q209842,Q142,France,Europe,Catholic Europe,Very high human development
Q466234,Q833670,Q31,Belgium,Europe,Catholic Europe,Very high human development
Q466341,Q936354,Q35,Denmark,Europe,Protestant Europe,Very high human development
Q466431,Q734266,Q145,United Kingdom,Europe,English-speaking,Very high human development
Q466431,Q41506,Q30,United States,North America,English-speaking,Very high human development
Q466431,Q774489,Q145,United Kingdom,Europe,English-speaking,Very high human development
Q466431,Q7774382,Q30,United States,North America,English-speaking,Very high human development
Q466431,Q5583351,Q145,United Kingdom,Europe,English-speaking,Very high human development
Q466660,Q49118,Q30,United States,North America,English-speaking,Very high human development
Q466660,Q14715428,Q30,United States,North America,English-speaking,Very high human development
Q466782,Q174158,Q801,Israel,Asia,West & South Asia,Very high human development
Q467058,Q523926,Q145,United Kingdom,Europe,English-speaking,Very high human development
Q467066,Q501758,Q30,United States,North America,English-speaking,Very high human development
Q467302,Q1141728,Q17,Japan,Asia,West & South Asia,Very high human development
Q467352,Q4303988,Q34266,,{},{},{}
Q467404,Q579968,Q30,United States,North America,English-speaking,Very high human development
Q467404,Q7138826,Q30,United States,North America,English-speaking,Very high human development
Q467741,Q27621,Q159,Russia,Europe,Orthodox Europe,{}
Q467741,Q27621,Q15180,,{},{},{}
Q467741,Q27621,Q34266,,{},{},{}
Q467770,Q5599084,Q145,United Kingdom,Europe,English-speaking,Very high human development
Q467869,Q194445,Q79,Egypt,Africa,African-Islamic,High human development
Q467869,Q955764,Q30,United States,North America,English-speaking,Very high human development
Q468003,Q1634051,Q419,Peru,South America,Latin America,High human development
Q468156,Q7895753,Q30,United States,North America,English-speaking,Very high human development
Q468247,Q669442,Q30,United States,North America,English-speaking,Very high human development
Q468272,Q13371,Q30,United States,North America,English-speaking,Very high human development
Q468272,Q49123,Q30,United States,North America,English-speaking,Very high human development
Q468344,Q3249136,Q145,United Kingdom,Europe,English-speaking,Very high human development
Q468344,Q7128293,Q145,United Kingdom,Europe,English-speaking,Very high human development
Q468408,Q19908112,Q159,Russia,Europe,Orthodox Europe,{}
Q468550,Q49204,Q30,United States,North America,English-speaking,Very high human development
Q468550,Q4709336,Q30,United States,North America,English-speaking,Very high human development
Q468667,Q5305629,Q30,United States,North America,English-speaking,Very high human development
Q468667,Q131252,Q30,United States,North America,English-speaking,Very high human development
Q468676,Q49112,Q30,United States,North America,English-speaking,Very high human development
Q468676,Q7771822,Q30,United States,North America,English-speaking,Very high human development
Q469093,Q1068258,Q27,Ireland,Europe,English-speaking,Very high human development
Q469135,Q180865,Q16,Canada,North America,English-speaking,Very high human development
Q469135,Q7917312,Q16,Canada,North America,English-speaking,Very high human development
Q469249,Q174158,Q801,Israel,Asia,West & South Asia,Very high human development
Q469249,Q12412069,Q801,Israel,Asia,West & South Asia,Very high human development
Q469250,Q114306,Q145,United Kingdom,Europe,English-speaking,Very high human development
Q469250,Q17020147,Q145,United Kingdom,Europe,English-speaking,Very high human development
Q469349,Q49114,Q30,United States,North America,English-speaking,Very high human development
Q469349,Q131252,Q30,United States,North America,English-speaking,Very high human development
Q469349,Q8047423,Q30,United States,North America,English-speaking,Very high human development
Q469435,Q49117,Q30,United States,North America,English-speaking,Very high human development
Q469656,Q499911,Q38,Italy,Europe,Catholic Europe,Very high human development
Q469707,Q1062928,Q17,Japan,Asia,West & South Asia,Very high human development
Q469707,Q1051840,Q30,United States,North America,English-speaking,Very high human development
Q469737,Q230492,Q30,United States,North America,English-speaking,Very high human development
Q469737,Q457281,Q30,United States,North America,English-speaking,Very high human development
Q469737,Q37548,Q30,United States,North America,English-speaking,Very high human development
Q469737,Q5568156,Q30,United States,North America,English-speaking,Very high human development
Q470067,Q499911,Q38,Italy,Europe,Catholic Europe,Very high human development
Q470132,Q1622139,Q20,Norway,Europe,Protestant Europe,Very high human development
Q470133,Q4121704,Q155,Brazil,South America,Latin America,High human development
Q470282,Q766145,Q30,United States,North America,English-speaking,Very high human development
Q470282,Q8563820,Q30,United States,North America,English-speaking,Very high human development
Q470282,Q7227035,Q30,United States,North America,English-speaking,Very high human development
Q470302,Q15274445,Q145,United Kingdom,Europe,English-speaking,Very high human development
Q470302,Q13371,Q30,United States,North America,English-speaking,Very high human development
Q470334,Q1665208,Q155,Brazil,South America,Latin America,High human development
Q470371,Q4483556,Q34266,,{},{},{}
Q470371,Q4483556,Q139319,,{},{},{}
Q470371,Q4483556,Q2305208,,{},{},{}
Q470371,Q4483556,Q15180,,{},{},{}
Q470758,Q1068258,Q27,Ireland,Europe,English-speaking,Very high human development
Q470758,Q7595316,Q27,Ireland,Europe,English-speaking,Very high human development
Q470848,Q14683182,Q30,United States,North America,English-speaking,Very high human development
Q470848,Q5953653,Q30,United States,North America,English-speaking,Very high human development
Q471021,Q319078,Q408,Australia,Australia,English-speaking,Very high human development
Q471021,Q781371,Q408,Australia,Australia,English-speaking,Very high human development
Q471021,Q5109373,Q408,Australia,Australia,English-speaking,Very high human development
Q471413,Q7971186,Q145,United Kingdom,Europe,English-speaking,Very high human development
Q472071,Q82513,Q145,United Kingdom,Europe,English-speaking,Very high human development
Q472071,Q1067870,Q145,United Kingdom,Europe,English-speaking,Very high human development
Q472352,Q805285,Q145,United Kingdom,Europe,English-speaking,Very high human development
Q472352,Q193196,Q145,United Kingdom,Europe,English-speaking,Very high human development
Q472352,Q1333283,Q668,India,Asia,Indosphere,Medium human development
Q472356,Q4484266,Q159,Russia,Europe,Orthodox Europe,{}
Q472457,Q180865,Q16,Canada,North America,English-speaking,Very high human development
Q472457,Q844673,Q30,United States,North America,English-speaking,Very high human development
Q472568,Q3269174,Q142,France,Europe,Catholic Europe,Very high human development
Q472568,Q1987282,Q142,France,Europe,Catholic Europe,Very high human development
Q472613,Q2473125,Q142,France,Europe,Catholic Europe,Very high human development
Q472697,Q1059546,Q142,France,Europe,Catholic Europe,Very high human development
Q472697,Q3268696,Q142,France,Europe,Catholic Europe,Very high human development
Q472921,Q1152190,Q17,Japan,Asia,West & South Asia,Very high human development
Q473030,Q895401,Q30,United States,North America,English-speaking,Very high human development
Q473030,Q5146978,Q30,United States,North America,English-speaking,Very high human development
Q473196,Q486156,Q20,Norway,Europe,Protestant Europe,Very high human development
Q473538,Q39311438,Q188712,,{},{},{}
Q476660,Q861888,Q30,United States,North America,English-speaking,Very high human development
Q477210,Q74544552,Q155,Brazil,South America,Latin America,High human development
Q477210,Q835960,Q155,Brazil,South America,Latin America,High human development
Q477819,Q5140489,Q30,United States,North America,English-speaking,Very high human development
Q477819,Q5328589,Q30,United States,North America,English-speaking,Very high human development
Q477999,Q4922670,Q30,United States,North America,English-speaking,Very high human development
Q478450,Q49088,Q30,United States,North America,English-speaking,Very high human development
Q478450,Q49087,Q30,United States,North America,English-speaking,Very high human development
Q478450,Q4572296,Q30,United States,North America,English-speaking,Very high human development
Q478450,Q7600232,Q30,United States,North America,English-speaking,Very high human development
Q481960,Q1854488,Q30,United States,North America,English-speaking,Very high human development
Q481960,Q5127036,Q30,United States,North America,English-speaking,Very high human development
Q382450,Q3056813,Q145,United Kingdom,Europe,English-speaking,Very high human development
Q382450,Q16891635,Q145,United Kingdom,Europe,English-speaking,Very high human development
Q382450,Q7739369,Q145,United Kingdom,Europe,English-speaking,Very high human development
Q382604,Q860450,Q145,United Kingdom,Europe,English-speaking,Very high human development
Q382604,Q15208489,Q145,United Kingdom,Europe,English-speaking,Very high human development
Q382604,Q128260,Q145,United Kingdom,Europe,English-speaking,Very high human development
Q382681,Q7842,Q17,Japan,Asia,West & South Asia,Very high human development
Q382692,Q1143242,Q145,United Kingdom,Europe,English-speaking,Very high human development
Q382786,Q73079,Q145,United Kingdom,Europe,English-speaking,Very high human development
Q382786,Q1264867,Q145,United Kingdom,Europe,English-speaking,Very high human development
Q384293,Q482649,Q884,South Korea,Asia,West & South Asia,{}
Q384481,Q81162,Q145,United Kingdom,Europe,English-speaking,Very high human development
Q384481,Q6747415,Q145,United Kingdom,Europe,English-speaking,Very high human development
Q384863,Q815432,Q17,Japan,Asia,West & South Asia,Very high human development
Q385747,Q336264,Q17,Japan,Asia,West & South Asia,Very high human development
Q386113,Q686522,Q40,Austria,Europe,Catholic Europe,Very high human development
Q386244,Q1273836,Q30,United States,North America,English-speaking,Very high human development
Q386244,Q492318,Q30,United States,North America,English-speaking,Very high human development
Q386244,Q5945112,Q30,United States,North America,English-speaking,Very high human development
Q386285,Q13371,Q30,United States,North America,English-speaking,Very high human development
Q386285,Q193727,Q30,United States,North America,English-speaking,Very high human development
Q386285,Q182973,Q30,United States,North America,English-speaking,Very high human development
Q386285,Q1357891,Q30,United States,North America,English-speaking,Very high human development
Q386285,Q15142,Q30,United States,North America,English-speaking,Very high human development
Q386622,Q222738,Q96,Mexico,North America,Latin America,High human development
Q390469,Q258943,Q30,United States,North America,English-speaking,Very high human development
Q390868,Q274486,Q17,Japan,Asia,West & South Asia,Very high human development
Q392015,Q7842,Q17,Japan,Asia,West & South Asia,Very high human development
Q394628,Q332342,Q145,United Kingdom,Europe,English-speaking,Very high human development
Q394628,Q6411707,Q145,United Kingdom,Europe,English-speaking,Very high human development
Q401963,Q8057887,Q30,United States,North America,English-speaking,Very high human development
Q402664,Q49115,Q30,United States,North America,English-speaking,Very high human development
Q402664,Q499451,Q30,United States,North America,English-speaking,Very high human development
Q402664,Q7083535,Q30,United States,North America,English-speaking,Very high human development
Q402664,Q48740978,Q30,United States,North America,English-speaking,Very high human development
Q404622,Q1145306,Q668,India,Asia,Indosphere,Medium human development
Q404622,Q75094695,Q668,India,Asia,Indosphere,Medium human development
Q405234,Q11462181,Q188712,,{},{},{}
Q405295,Q1641504,Q38,Italy,Europe,Catholic Europe,Very high human development
Q405532,Q868421,Q30,United States,North America,English-speaking,Very high human development
Q405532,Q622664,Q30,United States,North America,English-speaking,Very high human development
Q408758,Q81173,Q145,United Kingdom,Europe,English-speaking,Very high human development
Q408758,Q7299333,Q145,United Kingdom,Europe,English-speaking,Very high human development
Q418165,Q1057199,Q17,Japan,Asia,West & South Asia,Very high human development
Q418584,Q1141980,Q17,Japan,Asia,West & South Asia,Very high human development
Q418663,Q7842,Q17,Japan,Asia,West & South Asia,Very high human development
Q419060,Q1372362,Q17,Japan,Asia,West & South Asia,Very high human development
Q419501,Q274486,Q17,Japan,Asia,West & South Asia,Very high human development
Q423597,Q192334,Q30,United States,North America,English-speaking,Very high human development
Q423597,Q7296520,Q30,United States,North America,English-speaking,Very high human development
Q423597,Q6986540,Q30,United States,North America,English-speaking,Very high human development
Q426582,Q2093794,Q30,United States,North America,English-speaking,Very high human development
Q426582,Q46210815,Q30,United States,North America,English-speaking,Very high human development
Q426582,Q5318097,Q30,United States,North America,English-speaking,Very high human development
Q427886,Q500606,Q30,United States,North America,English-speaking,Very high human development
Q428160,Q574606,Q31,Belgium,Europe,Catholic Europe,Very high human development
Q428215,Q1341516,Q145,United Kingdom,Europe,English-speaking,Very high human development
Q428451,Q2983698,Q142,France,Europe,Catholic Europe,Very high human development
Q429011,Q13371,Q30,United States,North America,English-speaking,Very high human development
Q429011,Q5403378,Q30,United States,North America,English-speaking,Very high human development
Q429011,Q49123,Q30,United States,North America,English-speaking,Very high human development
Q430182,Q1264867,Q145,United Kingdom,Europe,English-speaking,Very high human development
Q430182,Q245247,Q145,United Kingdom,Europe,English-speaking,Very high human development
Q430182,Q4732213,Q145,United Kingdom,Europe,English-speaking,Very high human development
Q430204,Q859363,Q142,France,Europe,Catholic Europe,Very high human development
Q430204,Q2869304,Q31,Belgium,Europe,Catholic Europe,Very high human development
Q430523,Q1264867,Q145,United Kingdom,Europe,English-speaking,Very high human development
Q430523,Q1376987,Q145,United Kingdom,Europe,English-speaking,Very high human development
Q430795,Q7842,Q17,Japan,Asia,West & South Asia,Very high human development
Q430795,Q1328372,Q17,Japan,Asia,West & South Asia,Very high human development
Q431306,Q14935289,Q408,Australia,Australia,English-speaking,Very high human development
Q431306,Q6811896,Q408,Australia,Australia,English-speaking,Very high human development
Q431884,Q165980,Q40,Austria,Europe,Catholic Europe,Very high human development
Q432239,Q5917653,Q298,Chile,South America,Latin America,Very high human development
Q432239,Q5975107,Q298,Chile,South America,Latin America,Very high human development
Q432245,Q3417076,Q145,United Kingdom,Europe,English-speaking,Very high human development
Q432245,Q73079,Q145,United Kingdom,Europe,English-speaking,Very high human development
Q432322,Q1202039,Q145,United Kingdom,Europe,English-speaking,Very high human development
Q432362,Q927627,Q145,United Kingdom,Europe,English-speaking,Very high human development
Q432362,Q18331598,Q258,South Africa,Africa,Sub-Saharan Africa,High human development
Q432362,Q6747503,Q145,United Kingdom,Europe,English-speaking,Very high human development
Q432362,Q1888771,Q145,United Kingdom,Europe,English-speaking,Very high human development
Q432728,Q49110,Q30,United States,North America,English-speaking,Very high human development
Q432728,Q13371,Q30,United States,North America,English-speaking,Very high human development
Q432728,Q49088,Q30,United States,North America,English-speaking,Very high human development
Q432728,Q4874607,Q30,United States,North America,English-speaking,Very high human development
Q433207,Q7290128,Q30,United States,North America,English-speaking,Very high human development
Q433291,Q167733,Q30,United States,North America,English-speaking,Very high human development
Q433291,Q995265,Q30,United States,North America,English-speaking,Very high human development
Q433485,Q1051840,Q30,United States,North America,English-speaking,Very high human development
Q433485,Q182973,Q30,United States,North America,English-speaking,Very high human development
Q433585,Q7895753,Q30,United States,North America,English-speaking,Very high human development
Q433597,Q6413188,Q145,United Kingdom,Europe,English-speaking,Very high human development
Q433708,Q174570,Q145,United Kingdom,Europe,English-speaking,Very high human development
Q433708,Q7371245,Q145,United Kingdom,Europe,English-speaking,Very high human development
Q433956,Q7535073,Q30,United States,North America,English-speaking,Very high human development
Q433994,Q617433,Q30,United States,North America,English-speaking,Very high human development
Q433994,Q167733,Q30,United States,North America,English-speaking,Very high human development
Q434029,Q270222,Q30,United States,North America,English-speaking,Very high human development
Q434029,Q457281,Q30,United States,North America,English-speaking,Very high human development
Q434029,Q5568156,Q30,United States,North America,English-speaking,Very high human development
Q434138,Q49210,Q30,United States,North America,English-speaking,Very high human development
Q434138,Q50015,Q30,United States,North America,English-speaking,Very high human development
Q434160,Q536282,Q145,United Kingdom,Europe,English-speaking,Very high human development
Q434160,Q610999,Q145,United Kingdom,Europe,English-speaking,Very high human development
Q434160,Q6413785,Q145,United Kingdom,Europe,English-speaking,Very high human development
Q434164,Q1537759,Q30,United States,North America,English-speaking,Very high human development
Q434164,Q131252,Q30,United States,North America,English-speaking,Very high human development
Q434164,Q182973,Q30,United States,North America,English-speaking,Very high human development
Q434164,Q11727843,Q414,Argentina,South America,Latin America,Very high human development
Q434193,Q5854907,Q414,Argentina,South America,Latin America,Very high human development
Q434342,Q1420239,Q30,United States,North America,English-speaking,Very high human development
Q482162,Q3268957,Q142,France,Europe,Catholic Europe,Very high human development
Q483022,Q41765,Q884,South Korea,Asia,West & South Asia,{}
Q483089,Q482673,Q884,South Korea,Asia,West & South Asia,{}
Q484292,Q1250779,Q159,Russia,Europe,Orthodox Europe,{}
Q484292,Q1250779,Q15180,,{},{},{}
Q484615,Q49210,Q30,United States,North America,English-speaking,Very high human development
Q484615,Q190080,Q30,United States,North America,English-speaking,Very high human development
Q484615,Q5941934,Q30,United States,North America,English-speaking,Very high human development
Q484615,Q49213,Q30,United States,North America,English-speaking,Very high human development
Q484615,Q7987007,Q30,United States,North America,English-speaking,Very high human development
Q484615,Q7122944,Q30,United States,North America,English-speaking,Very high human development
Q484615,Q3339065,Q30,United States,North America,English-speaking,Very high human development
Q484615,Q5043955,Q30,United States,North America,English-speaking,Very high human development
Q484947,Q487804,Q884,South Korea,Asia,West & South Asia,{}
Q484947,Q489331,Q884,South Korea,Asia,West & South Asia,{}
Q484947,Q489331,Q188712,,{},{},{}
Q484947,Q489331,Q28233,,{},{},{}
Q484947,Q6452726,Q884,South Korea,Asia,West & South Asia,{}
Q485772,Q49110,Q30,United States,North America,English-speaking,Very high human development
Q487408,Q174710,Q30,United States,North America,English-speaking,Very high human development
Q487408,Q7397744,Q30,United States,North America,English-speaking,Very high human development
Q490802,Q12330402,Q35,Denmark,Europe,Protestant Europe,Very high human development
Q490802,Q186285,Q35,Denmark,Europe,Protestant Europe,Very high human development
Q493118,Q634396,Q30,United States,North America,English-speaking,Very high human development
Q493118,Q182973,Q30,United States,North America,English-speaking,Very high human development
Q493123,Q2140391,Q30,United States,North America,English-speaking,Very high human development
Q493123,Q4954640,Q30,United States,North America,English-speaking,Very high human development
Q494257,Q1760791,Q145,United Kingdom,Europe,English-speaking,Very high human development
Q494257,Q5123283,Q145,United Kingdom,Europe,English-speaking,Very high human development
Q494257,Q2413375,Q145,United Kingdom,Europe,English-speaking,Very high human development
Q495420,Q2303536,Q30,United States,North America,English-speaking,Very high human development
Q495420,Q7896545,Q30,United States,North America,English-speaking,Very high human development
Q495420,Q5715843,Q30,United States,North America,English-speaking,Very high human development
Q495754,Q41506,Q30,United States,North America,English-speaking,Very high human development
Q495754,Q81090,Q145,United Kingdom,Europe,English-speaking,Very high human development
Q497454,Q6485447,Q30,United States,North America,English-speaking,Very high human development
Q499405,Q702499,Q183,Germany,Europe,Catholic Europe,Very high human development
Q500042,Q49088,Q30,United States,North America,English-speaking,Very high human development
Q500042,Q49115,Q30,United States,North America,English-speaking,Very high human development
Q500042,Q5171560,Q30,United States,North America,English-speaking,Very high human development
Q500546,Q2303432,Q29,Spain,Europe,Catholic Europe,Very high human development
Q500546,Q1473677,Q29,Spain,Europe,Catholic Europe,Very high human development
Q501619,Q1067935,Q16,Canada,North America,English-speaking,Very high human development
Q501619,Q392189,Q16,Canada,North America,English-speaking,Very high human development
Q501741,Q797078,Q30,United States,North America,English-speaking,Very high human development
Q503095,Q49114,Q30,United States,North America,English-speaking,Very high human development
Q503483,Q131252,Q30,United States,North America,English-speaking,Very high human development
Q503497,Q182973,Q30,United States,North America,English-speaking,Very high human development
Q503497,Q309350,Q30,United States,North America,English-speaking,Very high human development
Q503497,Q7060402,Q30,United States,North America,English-speaking,Very high human development
Q503557,Q457281,Q30,United States,North America,English-speaking,Very high human development
Q503557,Q7864729,Q30,United States,North America,English-speaking,Very high human development
Q503720,Q863813,Q30,United States,North America,English-speaking,Very high human development
Q503720,Q838330,Q30,United States,North America,English-speaking,Very high human development
Q503907,Q13371,Q30,United States,North America,English-speaking,Very high human development
Q503907,Q663625,Q30,United States,North America,English-speaking,Very high human development
Q503907,Q49206,Q30,United States,North America,English-speaking,Very high human development
Q503907,Q1961140,Q30,United States,North America,English-speaking,Very high human development
Q503997,Q258464,Q27,Ireland,Europe,English-speaking,Very high human development
Q503997,Q49116,Q30,United States,North America,English-speaking,Very high human development
Q503997,Q868421,Q30,United States,North America,English-speaking,Very high human development
Q503997,Q5146978,Q30,United States,North America,English-speaking,Very high human development
Q504317,Q611723,Q16,Canada,North America,English-speaking,Very high human development
Q504677,Q219563,Q30,United States,North America,English-speaking,Very high human development
Q504677,Q149990,Q30,United States,North America,English-speaking,Very high human development
Q504677,Q219563,Q30,United States,North America,English-speaking,Very high human development
Q504696,Q49114,Q30,United States,North America,English-speaking,Very high human development
Q504696,Q49088,Q30,United States,North America,English-speaking,Very high human development
Q504696,Q2154182,Q30,United States,North America,English-speaking,Very high human development
Q504698,Q2302336,Q30,United States,North America,English-speaking,Very high human development
Q504805,Q6986214,Q30,United States,North America,English-speaking,Very high human development
Q504805,Q270222,Q30,United States,North America,English-speaking,Very high human development
Q504923,Q131252,Q30,United States,North America,English-speaking,Very high human development
Q504923,Q7896226,Q30,United States,North America,English-speaking,Very high human development
Q505088,Q617433,Q30,United States,North America,English-speaking,Very high human development
Q505123,Q4775035,Q30,United States,North America,English-speaking,Very high human development
Q505123,Q4775012,Q30,United States,North America,English-speaking,Very high human development
Q505123,Q4889700,Q30,United States,North America,English-speaking,Very high human development
Q505164,Q13371,Q30,United States,North America,English-speaking,Very high human development
Q505164,Q49123,Q30,United States,North America,English-speaking,Very high human development
Q505164,Q182973,Q30,United States,North America,English-speaking,Very high human development
Q505274,Q15274445,Q145,United Kingdom,Europe,English-speaking,Very high human development
Q505274,Q1753535,Q145,United Kingdom,Europe,English-speaking,Very high human development
Q505274,Q8008568,Q145,United Kingdom,Europe,English-speaking,Very high human development
Q505274,Q7594669,Q145,United Kingdom,Europe,English-speaking,Very high human development
Q505626,Q3268614,Q142,France,Europe,Catholic Europe,Very high human development
Q505626,Q926749,Q142,France,Europe,Catholic Europe,Very high human development
Q505702,Q168756,Q30,United States,North America,English-speaking,Very high human development
Q505702,Q3125258,Q30,United States,North America,English-speaking,Very high human development
Q505715,Q49117,Q30,United States,North America,English-speaking,Very high human development
Q505753,Q49112,Q30,United States,North America,English-speaking,Very high human development
Q505753,Q1024543,Q30,United States,North America,English-speaking,Very high human development
Q505827,Q805285,Q145,United Kingdom,Europe,English-speaking,Very high human development
Q505827,Q216273,Q145,United Kingdom,Europe,English-speaking,Very high human development
Q505827,Q3047595,Q145,United Kingdom,Europe,English-speaking,Very high human development
Q505827,Q161795,Q145,United Kingdom,Europe,English-speaking,Very high human development
Q505827,Q7448545,Q145,United Kingdom,Europe,English-speaking,Very high human development
Q505932,Q981195,Q145,United Kingdom,Europe,English-speaking,Very high human development
Q505932,Q7529406,Q145,United Kingdom,Europe,English-speaking,Very high human development
Q506069,Q13371,Q30,United States,North America,English-speaking,Very high human development
Q506069,Q168751,Q30,United States,North America,English-speaking,Very high human development
Q506069,Q82513,Q145,United Kingdom,Europe,English-speaking,Very high human development
Q506203,Q7568235,Q30,United States,North America,English-speaking,Very high human development
Q506231,Q797892,Q145,United Kingdom,Europe,English-speaking,Very high human development
Q506231,Q35794,Q145,United Kingdom,Europe,English-speaking,Very high human development
Q506231,Q15238550,Q145,United Kingdom,Europe,English-speaking,Very high human development
Q506410,Q3417076,Q145,United Kingdom,Europe,English-speaking,Very high human development
Q506410,Q81087,Q145,United Kingdom,Europe,English-speaking,Very high human development
Q506430,Q866012,Q408,Australia,Australia,English-speaking,Very high human development
Q506430,Q4968573,Q408,Australia,Australia,English-speaking,Very high human development
Q506582,Q31519,Q213,Czech Republic,Europe,Orthodox Europe,{}
Q506582,Q1063665,Q213,Czech Republic,Europe,Orthodox Europe,{}
Q506885,Q49088,Q30,United States,North America,English-speaking,Very high human development
Q506885,Q616591,Q30,United States,North America,English-speaking,Very high human development
Q506958,Q385471,Q145,United Kingdom,Europe,English-speaking,Very high human development
Q506958,Q599316,Q30,United States,North America,English-speaking,Very high human development
Q506958,Q49207,Q30,United States,North America,English-speaking,Very high human development
Q506958,Q7586899,Q30,United States,North America,English-speaking,Very high human development
Q507991,Q114306,Q145,United Kingdom,Europe,English-speaking,Very high human development
Q508218,Q1152190,Q17,Japan,Asia,West & South Asia,Very high human development
Q508259,Q1047060,Q30,United States,North America,English-speaking,Very high human development
Q508259,Q49110,Q30,United States,North America,English-speaking,Very high human development
Q508259,Q386348,Q30,United States,North America,English-speaking,Very high human development
Q508452,Q170027,Q145,United Kingdom,Europe,English-speaking,Very high human development
Q508452,Q5144760,Q145,United Kingdom,Europe,English-speaking,Very high human development
Q508522,Q1143226,Q17,Japan,Asia,West & South Asia,Very high human development
Q508533,Q1059546,Q142,France,Europe,Catholic Europe,Very high human development
Q508632,Q3268795,Q142,France,Europe,Catholic Europe,Very high human development
Q508632,Q209842,Q142,France,Europe,Catholic Europe,Very high human development
Q508638,Q849751,Q16,Canada,North America,English-speaking,Very high human development
Q508853,Q1276338,Q145,United Kingdom,Europe,English-speaking,Very high human development
Q508853,Q3531508,Q145,United Kingdom,Europe,English-speaking,Very high human development
Q508975,Q56716516,Q15180,,{},{},{}
Q508975,Q56716516,Q212,Ukraine,Europe,Orthodox Europe,High human development
Q509002,Q838330,Q30,United States,North America,English-speaking,Very high human development
Q509076,Q1737734,Q145,United Kingdom,Europe,English-speaking,Very high human development
Q509528,Q1624742,Q145,United Kingdom,Europe,English-speaking,Very high human development
Q509528,Q4638918,Q145,United Kingdom,Europe,English-speaking,Very high human development
Q509662,Q13371,Q30,United States,North America,English-speaking,Very high human development
Q509662,Q7842961,Q30,United States,North America,English-speaking,Very high human development
Q509844,Q41506,Q30,United States,North America,English-speaking,Very high human development
Q509844,Q309350,Q30,United States,North America,English-speaking,Very high human development
Q509844,Q4115969,Q30,United States,North America,English-speaking,Very high human development
Q510034,Q7895758,Q30,United States,North America,English-speaking,Very high human development
Q510034,Q230492,Q30,United States,North America,English-speaking,Very high human development
Q510034,Q20725458,Q30,United States,North America,English-speaking,Very high human development
Q510034,Q7064846,Q30,United States,North America,English-speaking,Very high human development
Q510119,Q951305,Q258,South Africa,Africa,Sub-Saharan Africa,High human development
Q510119,Q7242167,Q258,South Africa,Africa,Sub-Saharan Africa,High human development
Q510320,Q15142,Q30,United States,North America,English-speaking,Very high human development
Q510320,Q6805312,Q30,United States,North America,English-speaking,Very high human development
Q510346,Q180865,Q16,Canada,North America,English-speaking,Very high human development
Q510400,Q160302,Q145,United Kingdom,Europe,English-speaking,Very high human development
Q510811,Q1411222,Q30,United States,North America,English-speaking,Very high human development
Q510811,Q5769100,Q30,United States,North America,English-speaking,Very high human development
Q510811,Q5077498,Q30,United States,North America,English-speaking,Very high human development
Q511432,Q1140542,Q30,United States,North America,English-speaking,Very high human development
Q511432,Q5305740,Q145,United Kingdom,Europe,English-speaking,Very high human development
Q511432,Q7743363,Q30,United States,North America,English-speaking,Very high human development
Q511742,Q167733,Q30,United States,North America,English-speaking,Very high human development
Q511742,Q4614,Q30,United States,North America,English-speaking,Very high human development
Q511742,Q7838554,Q30,United States,North America,English-speaking,Very high human development
Q511948,Q168756,Q30,United States,North America,English-speaking,Very high human development
Q511948,Q7074010,Q30,United States,North America,English-speaking,Very high human development
Q512062,Q369839,Q28,Hungary,Europe,Catholic Europe,Very high human development
Q512062,Q390287,Q28,Hungary,Europe,Catholic Europe,Very high human development
Q512616,Q371522,Q34,Sweden,Europe,Protestant Europe,Very high human development
Q512638,Q274486,Q17,Japan,Asia,West & South Asia,Very high human development
Q513150,Q2367144,Q159,Russia,Europe,Orthodox Europe,{}
Q513262,Q230492,Q30,United States,North America,English-speaking,Very high human development
Q513262,Q5295558,Q30,United States,North America,English-speaking,Very high human development
Q513262,Q7374619,Q30,United States,North America,English-speaking,Very high human development
Q513262,Q6935395,Q30,United States,North America,English-speaking,Very high human development
Q513321,Q1849271,Q145,United Kingdom,Europe,English-speaking,Very high human development
Q513472,Q1432632,Q145,United Kingdom,Europe,English-speaking,Very high human development
Q513472,Q46756,Q114,Kenya,Africa,Sub-Saharan Africa,Medium human development
Q513472,Q866012,Q408,Australia,Australia,English-speaking,Very high human development
Q514041,Q927627,Q145,United Kingdom,Europe,English-speaking,Very high human development
Q514080,Q49204,Q30,United States,North America,English-speaking,Very high human development
Q514080,Q6500006,Q30,United States,North America,English-speaking,Very high human development
Q514546,Q2687782,Q30,United States,North America,English-speaking,Very high human development
Q514546,Q597236,Q30,United States,North America,English-speaking,Very high human development
Q514998,Q170027,Q145,United Kingdom,Europe,English-speaking,Very high human development
Q514998,Q5302478,Q145,United Kingdom,Europe,English-speaking,Very high human development
Q515363,Q49088,Q30,United States,North America,English-speaking,Very high human development
Q515363,Q1567748,Q30,United States,North America,English-speaking,Very high human development
Q515702,Q39913,Q884,South Korea,Asia,West & South Asia,{}
Q516128,Q290456,Q17,Japan,Asia,West & South Asia,Very high human development
Q516530,Q2869306,Q31,Belgium,Europe,Catholic Europe,Very high human development
Q517286,Q7389108,Q408,Australia,Australia,English-speaking,Very high human development
Q517435,Q41506,Q30,United States,North America,English-speaking,Very high human development
Q517435,Q3100195,Q30,United States,North America,English-speaking,Very high human development
Q517435,Q49205,Q30,United States,North America,English-speaking,Very high human development
Q517809,Q487556,Q408,Australia,Australia,English-speaking,Very high human development
Q517809,Q49112,Q30,United States,North America,English-speaking,Very high human development
Q517809,Q863940,Q145,United Kingdom,Europe,English-speaking,Very high human development
Q518325,Q4775035,Q30,United States,North America,English-speaking,Very high human development
Q518325,Q617433,Q30,United States,North America,English-speaking,Very high human development
Q518325,Q4775012,Q30,United States,North America,English-speaking,Very high human development
Q518359,Q6747415,Q145,United Kingdom,Europe,English-speaking,Very high human development
Q518455,Q1093910,Q30,United States,North America,English-speaking,Very high human development
Q518455,Q1760438,Q30,United States,North America,English-speaking,Very high human development
Q518694,Q1051840,Q30,United States,North America,English-speaking,Very high human development
Q518694,Q1111261,Q30,United States,North America,English-speaking,Very high human development
Q518694,Q41506,Q30,United States,North America,English-speaking,Very high human development
Q518694,Q3273124,Q30,United States,North America,English-speaking,Very high human development
Q518805,Q168756,Q30,United States,North America,English-speaking,Very high human development
Q519064,Q49124,Q30,United States,North America,English-speaking,Very high human development
Q519064,Q13371,Q30,United States,North America,English-speaking,Very high human development
Q519158,Q336264,Q17,Japan,Asia,West & South Asia,Very high human development
Q519158,Q7842,Q17,Japan,Asia,West & South Asia,Very high human development
Q519158,Q7105596,Q17,Japan,Asia,West & South Asia,Very high human development
Q519574,Q1250779,Q159,Russia,Europe,Orthodox Europe,{}
Q519574,Q1250779,Q15180,,{},{},{}
Q519739,Q863813,Q30,United States,North America,English-speaking,Very high human development
Q519739,Q93662,Q30,United States,North America,English-speaking,Very high human development
Q519752,Q1036470,Q17,Japan,Asia,West & South Asia,Very high human development
Q519827,Q319078,Q408,Australia,Australia,English-speaking,Very high human development
Q519827,Q7824204,Q408,Australia,Australia,English-speaking,Very high human development
Q519878,Q4407708,Q159,Russia,Europe,Orthodox Europe,{}
Q519878,Q4407708,Q34266,,{},{},{}
Q519878,Q4407708,Q15180,,{},{},{}
Q519878,Q1379834,Q159,Russia,Europe,Orthodox Europe,{}
Q519878,Q1379834,Q34266,,{},{},{}
Q519878,Q1379834,Q15180,,{},{},{}
Q519969,Q624985,Q30,United States,North America,English-speaking,Very high human development
Q520135,Q168756,Q30,United States,North America,English-speaking,Very high human development
Q520135,Q3125258,Q30,United States,North America,English-speaking,Very high human development
Q520691,Q3064325,Q142,France,Europe,Catholic Europe,Very high human development
Q520691,Q3268619,Q142,France,Europe,Catholic Europe,Very high human development
Q520723,Q49088,Q30,United States,North America,English-speaking,Very high human development
Q520723,Q5149905,Q30,United States,North America,English-speaking,Very high human development
Q520723,Q1068072,Q30,United States,North America,English-speaking,Very high human development
Q520733,Q49088,Q30,United States,North America,English-speaking,Very high human development
Q520733,Q5149901,Q30,United States,North America,English-speaking,Very high human development
Q522689,Q2093794,Q30,United States,North America,English-speaking,Very high human development
Q523086,Q7569541,Q145,United Kingdom,Europe,English-speaking,Very high human development
Q523105,Q4821021,Q30,United States,North America,English-speaking,Very high human development
Q523578,Q774489,Q145,United Kingdom,Europe,English-speaking,Very high human development
Q523578,Q7270432,Q145,United Kingdom,Europe,English-speaking,Very high human development
Q523653,Q8012895,Q30,United States,North America,English-speaking,Very high human development
Q523653,Q5299202,Q30,United States,North America,English-speaking,Very high human development
Q523653,Q41506,Q30,United States,North America,English-speaking,Very high human development
Q523816,Q4614,Q30,United States,North America,English-speaking,Very high human development
Q523816,Q174710,Q30,United States,North America,English-speaking,Very high human development
Q523816,Q5066529,Q30,United States,North America,English-speaking,Very high human development
Q523952,Q31519,Q213,Czech Republic,Europe,Orthodox Europe,{}
Q524283,Q319078,Q408,Australia,Australia,English-speaking,Very high human development
Q525347,Q49210,Q30,United States,North America,English-speaking,Very high human development
Q525347,Q1051840,Q30,United States,North America,English-speaking,Very high human development
Q525760,Q7592193,Q668,India,Asia,Indosphere,Medium human development
Q525760,Q5289309,Q668,India,Asia,Indosphere,Medium human development
Q525760,Q665105,Q668,India,Asia,Indosphere,Medium human development
Q526242,Q193196,Q145,United Kingdom,Europe,English-speaking,Very high human development
Q526242,Q924289,Q145,United Kingdom,Europe,English-speaking,Very high human development
Q526242,Q5553434,Q145,United Kingdom,Europe,English-speaking,Very high human development
Q526555,Q131252,Q30,United States,North America,English-speaking,Very high human development
Q526555,Q309350,Q30,United States,North America,English-speaking,Very high human development
Q526744,Q457281,Q30,United States,North America,English-speaking,Very high human development
Q526761,Q174570,Q145,United Kingdom,Europe,English-speaking,Very high human development
Q526761,Q523926,Q145,United Kingdom,Europe,English-speaking,Very high human development
Q526761,Q5576782,Q145,United Kingdom,Europe,English-speaking,Very high human development
Q526968,Q309331,Q30,United States,North America,English-speaking,Very high human development
Q527146,Q774489,Q145,United Kingdom,Europe,English-speaking,Very high human development
Q527302,Q1411093,Q30,United States,North America,English-speaking,Very high human development
Q527679,Q131262,Q38,Italy,Europe,Catholic Europe,Very high human development
Q528134,Q1446181,Q30,United States,North America,English-speaking,Very high human development
Q528134,Q16951582,Q30,United States,North America,English-speaking,Very high human development
Q528576,Q774489,Q145,United Kingdom,Europe,English-speaking,Very high human development
Q528576,Q7115353,Q145,United Kingdom,Europe,English-speaking,Very high human development
Q528593,Q49121,Q30,United States,North America,English-speaking,Very high human development
Q528593,Q41506,Q30,United States,North America,English-speaking,Very high human development
Q528593,Q182973,Q30,United States,North America,English-speaking,Very high human development
Q528593,Q1061104,Q30,United States,North America,English-speaking,Very high human development
Q528593,Q7414131,Q30,United States,North America,English-speaking,Very high human development
Q528593,Q7830009,Q30,United States,North America,English-speaking,Very high human development
Q528656,Q7617276,Q30,United States,North America,English-speaking,Very high human development
Q528656,Q2983593,Q30,United States,North America,English-speaking,Very high human development
Q528826,Q2496094,Q27,Ireland,Europe,English-speaking,Very high human development
Q528826,Q7592866,Q27,Ireland,Europe,English-speaking,Very high human development
Q529072,Q815432,Q17,Japan,Asia,West & South Asia,Very high human development
Q529072,Q11414177,Q17,Japan,Asia,West & South Asia,Very high human development
Q529082,Q49112,Q30,United States,North America,English-speaking,Very high human development
Q529082,Q7896498,Q16,Canada,North America,English-speaking,Very high human development
Q529082,Q6860967,Q30,United States,North America,English-speaking,Very high human development
Q529309,Q670649,Q159,Russia,Europe,Orthodox Europe,{}
Q529309,Q670649,Q15180,,{},{},{}
Q529566,Q6923297,Q664,New Zealand,Australia,English-speaking,Very high human development
Q529566,Q492467,Q664,New Zealand,Australia,English-speaking,Very high human development
Q529583,Q37008,Q230,Georgia,Asia,Orthodox Europe,Very high human development
Q529639,Q153265,Q30,United States,North America,English-speaking,Very high human development
Q529639,Q17083671,Q30,United States,North America,English-speaking,Very high human development
Q529639,Q49088,Q30,United States,North America,English-speaking,Very high human development
Q529735,Q13371,Q30,United States,North America,English-speaking,Very high human development
Q529735,Q14686410,Q30,United States,North America,English-speaking,Very high human development
Q529950,Q7842,Q17,Japan,Asia,West & South Asia,Very high human development
Q530321,Q332342,Q145,United Kingdom,Europe,English-speaking,Very high human development
Q530321,Q5568133,Q145,United Kingdom,Europe,English-speaking,Very high human development
Q530588,Q6350383,Q30,United States,North America,English-speaking,Very high human development
Q530588,Q204626,Q17,Japan,Asia,West & South Asia,Very high human development
Q530638,Q835960,Q155,Brazil,South America,Latin America,High human development
Q530647,Q523926,Q145,United Kingdom,Europe,English-speaking,Very high human development
Q531194,Q5648588,Q145,United Kingdom,Europe,English-speaking,Very high human development
Q531606,Q691283,Q145,United Kingdom,Europe,English-speaking,Very high human development
Q531606,Q2654767,Q145,United Kingdom,Europe,English-speaking,Very high human development
Q531608,Q270222,Q30,United States,North America,English-speaking,Very high human development
Q531608,Q5061204,Q30,United States,North America,English-speaking,Very high human development
Q531711,Q49210,Q30,United States,North America,English-speaking,Very high human development
Q532279,Q4614,Q30,United States,North America,English-speaking,Very high human development
Q532279,Q846101,Q30,United States,North America,English-speaking,Very high human development
Q532279,Q559549,Q30,United States,North America,English-speaking,Very high human development
Q532279,Q4883930,Q30,United States,North America,English-speaking,Very high human development
Q532279,Q5244505,Q145,United Kingdom,Europe,English-speaking,Very high human development
Q532336,Q192334,Q30,United States,North America,English-speaking,Very high human development
Q532336,Q5604445,Q30,United States,North America,English-speaking,Very high human development
Q532336,Q5073011,Q30,United States,North America,English-speaking,Very high human development
Q532541,Q336264,Q17,Japan,Asia,West & South Asia,Very high human development
Q532757,Q967165,Q145,United Kingdom,Europe,English-speaking,Very high human development
Q532947,Q274486,Q17,Japan,Asia,West & South Asia,Very high human development
Q532947,Q1321655,Q17,Japan,Asia,West & South Asia,Very high human development
Q533256,Q49112,Q30,United States,North America,English-speaking,Very high human development
Q533256,Q766145,Q30,United States,North America,English-speaking,Very high human development
Q533256,Q1426464,Q30,United States,North America,English-speaking,Very high human development
Q533256,Q7896027,Q30,United States,North America,English-speaking,Very high human development
Q533343,Q12070051,Q30,United States,North America,English-speaking,Very high human development
Q533400,Q219563,Q30,United States,North America,English-speaking,Very high human development
Q533400,Q956780,Q30,United States,North America,English-speaking,Very high human development
Q533400,Q7442199,Q30,United States,North America,English-speaking,Very high human development
Q533505,Q6859374,Q30,United States,North America,English-speaking,Very high human development
Q533505,Q41506,Q30,United States,North America,English-speaking,Very high human development
Q533505,Q1360303,Q30,United States,North America,English-speaking,Very high human development
Q533778,Q457281,Q30,United States,North America,English-speaking,Very high human development
Q533778,Q895457,Q30,United States,North America,English-speaking,Very high human development
Q533778,Q7655237,Q30,United States,North America,English-speaking,Very high human development
Q533971,Q230492,Q30,United States,North America,English-speaking,Very high human development
Q533971,Q6478812,Q30,United States,North America,English-speaking,Very high human development
Q534258,Q220144,Q145,United Kingdom,Europe,English-speaking,Very high human development
Q534258,Q5383987,Q145,United Kingdom,Europe,English-speaking,Very high human development
Q534258,Q82513,Q145,United Kingdom,Europe,English-speaking,Very high human development
Q534738,Q41506,Q30,United States,North America,English-speaking,Very high human development
Q534763,Q13371,Q30,United States,North America,English-speaking,Very high human development
Q534763,Q1426464,Q30,United States,North America,English-speaking,Very high human development
Q534763,Q49123,Q30,United States,North America,English-speaking,Very high human development
Q534763,Q5684929,Q30,United States,North America,English-speaking,Very high human development
Q534861,Q174710,Q30,United States,North America,English-speaking,Very high human development
Q534861,Q7864046,Q30,United States,North America,English-speaking,Very high human development
Q535211,Q5944289,Q30,United States,North America,English-speaking,Very high human development
Q535211,Q5374138,Q30,United States,North America,English-speaking,Very high human development
Q535311,Q547867,Q41,Greece,Europe,Orthodox Europe,Very high human development
Q535311,Q209842,Q142,France,Europe,Catholic Europe,Very high human development
Q535311,Q667568,Q41,Greece,Europe,Orthodox Europe,Very high human development
Q535396,Q7691246,Q30,United States,North America,English-speaking,Very high human development
Q535812,Q49112,Q30,United States,North America,English-speaking,Very high human development
Q535812,Q1630782,Q30,United States,North America,English-speaking,Very high human development
Q535812,Q4965786,Q30,United States,North America,English-speaking,Very high human development
Q535812,Q35794,Q145,United Kingdom,Europe,English-speaking,Very high human development
Q535812,Q7847747,Q30,United States,North America,English-speaking,Very high human development
Q535856,Q168756,Q30,United States,North America,English-speaking,Very high human development
Q535856,Q5149905,Q30,United States,North America,English-speaking,Very high human development
Q536161,Q5189672,Q145,United Kingdom,Europe,English-speaking,Very high human development
Q536596,Q1321803,Q17,Japan,Asia,West & South Asia,Very high human development
Q536861,Q49124,Q30,United States,North America,English-speaking,Very high human development
Q536861,Q13371,Q30,United States,North America,English-speaking,Very high human development
Q536913,Q1640648,Q408,Australia,Australia,English-speaking,Very high human development
Q536913,Q5273786,Q408,Australia,Australia,English-speaking,Very high human development
Q536913,Q6708803,Q408,Australia,Australia,English-speaking,Very high human development
Q537014,Q3128334,Q142,France,Europe,Catholic Europe,Very high human development
Q537014,Q1431541,Q142,France,Europe,Catholic Europe,Very high human development
Q537014,Q35794,Q145,United Kingdom,Europe,English-speaking,Very high human development
Q537057,Q842909,Q30,United States,North America,English-speaking,Very high human development
Q537093,Q3268844,Q142,France,Europe,Catholic Europe,Very high human development
Q537112,Q7894634,Q145,United Kingdom,Europe,English-speaking,Very high human development
Q537202,Q5018694,Q30,United States,North America,English-speaking,Very high human development
Q537266,Q705737,Q30,United States,North America,English-speaking,Very high human development
Q537306,Q180865,Q16,Canada,North America,English-speaking,Very high human development
Q537473,Q861548,Q30,United States,North America,English-speaking,Very high human development
Q537699,Q7527537,Q16,Canada,North America,English-speaking,Very high human development
Q537699,Q2979657,Q16,Canada,North America,English-speaking,Very high human development
Q537898,Q10664609,Q30,United States,North America,English-speaking,Very high human development
Q538299,Q2962242,Q145,United Kingdom,Europe,English-speaking,Very high human development
Q538508,Q863813,Q30,United States,North America,English-speaking,Very high human development
Q538638,Q193510,Q38,Italy,Europe,Catholic Europe,Very high human development
Q538708,Q219615,Q29,Spain,Europe,Catholic Europe,Very high human development
Q538761,Q6487738,Q30,United States,North America,English-speaking,Very high human development
Q538761,Q7487173,Q30,United States,North America,English-speaking,Very high human development
Q538962,Q1422903,Q45,Portugal,Europe,Catholic Europe,Very high human development
Q539214,Q534643,Q258,South Africa,Africa,Sub-Saharan Africa,High human development
Q539221,Q230492,Q30,United States,North America,English-speaking,Very high human development
Q539221,Q1247589,Q145,United Kingdom,Europe,English-speaking,Very high human development
Q539247,Q4769023,Q408,Australia,Australia,English-speaking,Very high human development
Q539418,Q49112,Q30,United States,North America,English-speaking,Very high human development
Q539418,Q1140542,Q30,United States,North America,English-speaking,Very high human development
Q539746,Q815432,Q17,Japan,Asia,West & South Asia,Very high human development
Q539782,Q49110,Q30,United States,North America,English-speaking,Very high human development
Q539782,Q4948174,Q30,United States,North America,English-speaking,Very high human development
Q540024,Q590643,Q30,United States,North America,English-speaking,Very high human development
Q540024,Q6827434,Q30,United States,North America,English-speaking,Very high human development
Q540166,Q5737962,Q145,United Kingdom,Europe,English-speaking,Very high human development
Q540219,Q273593,Q142,France,Europe,Catholic Europe,Very high human development
Q540461,Q546118,Q142,France,Europe,Catholic Europe,Very high human development
Q540695,Q219615,Q29,Spain,Europe,Catholic Europe,Very high human development
Q540784,Q333886,Q30,United States,North America,English-speaking,Very high human development
Q540784,Q432637,Q30,United States,North America,English-speaking,Very high human development
Q540784,Q4974884,Q30,United States,North America,English-speaking,Very high human development
Q541088,Q1346110,Q30,United States,North America,English-speaking,Very high human development
Q541501,Q487556,Q408,Australia,Australia,English-speaking,Very high human development
Q541808,Q160302,Q145,United Kingdom,Europe,English-speaking,Very high human development
Q541812,Q503424,Q145,United Kingdom,Europe,English-speaking,Very high human development
Q541812,Q245247,Q145,United Kingdom,Europe,English-speaking,Very high human development
Q541883,Q49110,Q30,United States,North America,English-speaking,Very high human development
Q541883,Q170027,Q145,United Kingdom,Europe,English-speaking,Very high human development
Q541883,Q4948172,Q30,United States,North America,English-speaking,Very high human development
Q541890,Q13371,Q30,United States,North America,English-speaking,Very high human development
Q541890,Q868421,Q30,United States,North America,English-speaking,Very high human development
Q541890,Q49123,Q30,United States,North America,English-speaking,Very high human development
Q541890,Q5703587,Q30,United States,North America,English-speaking,Very high human development
Q542257,Q194445,Q79,Egypt,Africa,African-Islamic,High human development
Q542410,Q774489,Q145,United Kingdom,Europe,English-speaking,Very high human development
Q542410,Q5636716,Q145,United Kingdom,Europe,English-speaking,Very high human development
Q542410,Q813868,Q145,United Kingdom,Europe,English-speaking,Very high human development
Q542634,Q230899,Q145,United Kingdom,Europe,English-speaking,Very high human development
Q542763,Q899030,Q145,United Kingdom,Europe,English-speaking,Very high human development
Q542763,Q5493652,Q145,United Kingdom,Europe,English-speaking,Very high human development
Q542763,Q7703134,Q145,United Kingdom,Europe,English-speaking,Very high human development
Q542933,Q4968616,Q408,Australia,Australia,English-speaking,Very high human development
Q542933,Q7559974,Q408,Australia,Australia,English-speaking,Very high human development
Q543625,Q180865,Q16,Canada,North America,English-speaking,Very high human development
Q543625,Q16257999,Q754,Trinidad and Tobago,South America,Latin America,Very high human development
Q543625,Q7094796,Q16,Canada,North America,English-speaking,Very high human development
Q543915,Q41506,Q30,United States,North America,English-speaking,Very high human development
Q544207,Q49088,Q30,United States,North America,English-speaking,Very high human development
Q544412,Q617433,Q30,United States,North America,English-speaking,Very high human development
Q544412,Q7981631,Q30,United States,North America,English-speaking,Very high human development
Q544611,Q4829225,Q30,United States,North America,English-speaking,Very high human development
Q544900,Q2302260,Q30,United States,North America,English-speaking,Very high human development
Q544900,Q1305521,Q30,United States,North America,English-speaking,Very high human development
Q544900,Q1278253,Q30,United States,North America,English-speaking,Very high human development
Q544925,Q209842,Q142,France,Europe,Catholic Europe,Very high human development
Q544975,Q1026804,Q30,United States,North America,English-speaking,Very high human development
Q545223,Q274486,Q17,Japan,Asia,West & South Asia,Very high human development
Q545375,Q805285,Q145,United Kingdom,Europe,English-speaking,Very high human development
Q545375,Q1542352,Q16,Canada,North America,English-speaking,Very high human development
Q545375,Q1420038,Q16,Canada,North America,English-speaking,Very high human development
Q545375,Q6413505,Q16,Canada,North America,English-speaking,Very high human development
Q545381,Q2164222,Q30,United States,North America,English-speaking,Very high human development
Q545381,Q4551377,Q30,United States,North America,English-speaking,Very high human development
Q545476,Q766447,Q155,Brazil,South America,Latin America,High human development
Q545476,Q600634,Q155,Brazil,South America,Latin America,High human development
Q545781,Q230492,Q30,United States,North America,English-speaking,Very high human development
Q545840,Q534643,Q258,South Africa,Africa,Sub-Saharan Africa,High human development
Q545945,Q192964,Q43,Turkey,Asia,West & South Asia,{}
Q546275,Q6860022,Q30,United States,North America,English-speaking,Very high human development
Q546275,Q1070333,Q30,United States,North America,English-speaking,Very high human development
Q546275,Q29052,Q30,United States,North America,English-speaking,Very high human development
Q546374,Q34433,Q145,United Kingdom,Europe,English-speaking,Very high human development
Q546374,Q899030,Q145,United Kingdom,Europe,English-speaking,Very high human development
Q546374,Q49204,Q30,United States,North America,English-speaking,Very high human development
Q546374,Q951946,Q145,United Kingdom,Europe,English-speaking,Very high human development
Q546374,Q7059380,Q30,United States,North America,English-speaking,Very high human development
Q546511,Q5184017,Q30,United States,North America,English-speaking,Very high human development
Q546569,Q1150437,Q664,New Zealand,Australia,English-speaking,Very high human development
Q547023,Q336264,Q17,Japan,Asia,West & South Asia,Very high human development
Q547414,Q49088,Q30,United States,North America,English-speaking,Very high human development
Q547414,Q738258,Q30,United States,North America,English-speaking,Very high human development
Q547606,Q774489,Q145,United Kingdom,Europe,English-speaking,Very high human development
Q547794,Q270222,Q30,United States,North America,English-speaking,Very high human development
Q547794,Q230492,Q30,United States,North America,English-speaking,Very high human development
Q547794,Q777403,Q30,United States,North America,English-speaking,Very high human development
Q547794,Q868421,Q30,United States,North America,English-speaking,Very high human development
Q547794,Q5599163,Q30,United States,North America,English-speaking,Very high human development
Q547794,Q6939058,Q30,United States,North America,English-speaking,Very high human development
Q547815,Q1326230,Q17,Japan,Asia,West & South Asia,Very high human development
Q547914,Q457281,Q30,United States,North America,English-speaking,Very high human development
Q547914,Q7781989,Q30,United States,North America,English-speaking,Very high human development
Q547914,Q7864729,Q30,United States,North America,English-speaking,Very high human development
Q547926,Q1051840,Q30,United States,North America,English-speaking,Very high human development
Q548004,Q797892,Q145,United Kingdom,Europe,English-speaking,Very high human development
Q548004,Q5316554,Q145,United Kingdom,Europe,English-speaking,Very high human development
Q548004,Q7529502,Q145,United Kingdom,Europe,English-speaking,Very high human development
Q548040,Q5574794,Q145,United Kingdom,Europe,English-speaking,Very high human development
Q548140,Q41506,Q30,United States,North America,English-speaking,Very high human development
Q548140,Q49088,Q30,United States,North America,English-speaking,Very high human development
Q548140,Q219563,Q30,United States,North America,English-speaking,Very high human development
Q548140,Q4879170,Q145,United Kingdom,Europe,English-speaking,Very high human development
Q548156,Q49112,Q30,United States,North America,English-speaking,Very high human development
Q548156,Q49117,Q30,United States,North America,English-speaking,Very high human development
Q548156,Q995265,Q30,United States,North America,English-speaking,Very high human development
Q548156,Q6241699,Q30,United States,North America,English-speaking,Very high human development
Q548180,Q7244458,Q408,Australia,Australia,English-speaking,Very high human development
Q548201,Q2093794,Q30,United States,North America,English-speaking,Very high human development
Q548201,Q5944289,Q30,United States,North America,English-speaking,Very high human development
Q548201,Q49112,Q30,United States,North America,English-speaking,Very high human development
Q548222,Q1458113,Q16,Canada,North America,English-speaking,Very high human development
Q548237,Q1144262,Q16,Canada,North America,English-speaking,Very high human development
Q548237,Q7985379,Q16,Canada,North America,English-speaking,Very high human development
Q548345,Q3551657,Q30,United States,North America,English-speaking,Very high human development
Q548960,Q21578,Q30,United States,North America,English-speaking,Very high human development
Q548960,Q1179599,Q30,United States,North America,English-speaking,Very high human development
Q548998,Q274486,Q17,Japan,Asia,West & South Asia,Very high human development
Q549145,Q1067916,Q17,Japan,Asia,West & South Asia,Very high human development
Q549487,Q49088,Q30,United States,North America,English-speaking,Very high human development
Q549487,Q49213,Q30,United States,North America,English-speaking,Very high human development
Q550521,Q309331,Q30,United States,North America,English-speaking,Very high human development
Q550614,Q49112,Q30,United States,North America,English-speaking,Very high human development
Q550614,Q4879156,Q30,United States,North America,English-speaking,Very high human development
Q550667,Q4796416,Q30,United States,North America,English-speaking,Very high human development
Q550806,Q273593,Q142,France,Europe,Catholic Europe,Very high human development
Q550819,Q49110,Q30,United States,North America,English-speaking,Very high human development
Q550819,Q1075116,Q30,United States,North America,English-speaking,Very high human development
Q550819,Q4948172,Q30,United States,North America,English-speaking,Very high human development
Q550926,Q13371,Q30,United States,North America,English-speaking,Very high human development
Q550926,Q131252,Q30,United States,North America,English-speaking,Very high human development
Q550926,Q49108,Q30,United States,North America,English-speaking,Very high human development
Q550926,Q7372418,Q30,United States,North America,English-speaking,Very high human development
Q550996,Q5332879,Q30,United States,North America,English-speaking,Very high human development
Q550996,Q2302336,Q30,United States,North America,English-speaking,Very high human development
Q550996,Q8026294,Q30,United States,North America,English-speaking,Very high human development
Q551075,Q31519,Q213,Czech Republic,Europe,Orthodox Europe,{}
Q551075,Q3563550,Q213,Czech Republic,Europe,Orthodox Europe,{}
Q551262,Q11524659,Q17,Japan,Asia,West & South Asia,Very high human development
Q551262,Q7842,Q17,Japan,Asia,West & South Asia,Very high human development
Q551487,Q3098911,Q30,United States,North America,English-speaking,Very high human development
Q551499,Q815432,Q17,Japan,Asia,West & South Asia,Very high human development
Q551570,Q209842,Q142,France,Europe,Catholic Europe,Very high human development
Q551597,Q926749,Q142,France,Europe,Catholic Europe,Very high human development
Q551597,Q3268696,Q142,France,Europe,Catholic Europe,Very high human development
Q551710,Q4614,Q30,United States,North America,English-speaking,Very high human development
Q551744,Q748307,Q142,France,Europe,Catholic Europe,Very high human development
Q551744,Q83259,Q142,France,Europe,Catholic Europe,Very high human development
Q551772,Q459026,Q142,France,Europe,Catholic Europe,Very high human development
Q551783,Q859363,Q142,France,Europe,Catholic Europe,Very high human development
Q551794,Q1665253,Q77,Uruguay,South America,Latin America,Very high human development
Q551929,Q49088,Q30,United States,North America,English-speaking,Very high human development
Q552067,Q49088,Q30,United States,North America,English-speaking,Very high human development
Q552067,Q5149700,Q30,United States,North America,English-speaking,Very high human development
Q552356,Q7842,Q17,Japan,Asia,West & South Asia,Very high human development
Q552372,Q14687600,Q30,United States,North America,English-speaking,Very high human development
Q552583,Q274486,Q17,Japan,Asia,West & South Asia,Very high human development
Q552593,Q7842,Q17,Japan,Asia,West & South Asia,Very high human development
Q552892,Q1250779,Q159,Russia,Europe,Orthodox Europe,{}
Q552892,Q1250779,Q15180,,{},{},{}
Q552911,Q15574,Q408,Australia,Australia,English-speaking,Very high human development
Q552911,Q15574,Q174193,,{},{},{}
Q552955,Q41506,Q30,United States,North America,English-speaking,Very high human development
Q552990,Q11453658,Q17,Japan,Asia,West & South Asia,Very high human development
Q553484,Q1195900,Q17,Japan,Asia,West & South Asia,Very high human development
Q553683,Q274486,Q17,Japan,Asia,West & South Asia,Very high human development
Q554224,Q232141,Q298,Chile,South America,Latin America,Very high human development
Q554224,Q1129925,Q298,Chile,South America,Latin America,Very high human development
Q554224,Q2422271,Q298,Chile,South America,Latin America,Very high human development
Q554254,Q7842,Q17,Japan,Asia,West & South Asia,Very high human development
Q554484,Q3551869,Q17,Japan,Asia,West & South Asia,Very high human development
Q554685,Q571293,Q142,France,Europe,Catholic Europe,Very high human development
Q554685,Q975461,Q822,Lebanon,Asia,African-Islamic,High human development
Q554900,Q457281,Q30,United States,North America,English-speaking,Very high human development
Q554900,Q7864729,Q30,United States,North America,English-speaking,Very high human development
Q555298,Q7200312,Q30,United States,North America,English-speaking,Very high human development
Q555319,Q196559,Q189,Iceland,Europe,Protestant Europe,Very high human development
Q555324,Q21578,Q30,United States,North America,English-speaking,Very high human development
Q555619,Q46492,Q17,Japan,Asia,West & South Asia,Very high human development
Q555621,Q5338172,Q145,United Kingdom,Europe,English-speaking,Very high human development
Q555621,Q7445151,Q145,United Kingdom,Europe,English-speaking,Very high human development
Q555621,Q924289,Q145,United Kingdom,Europe,English-speaking,Very high human development
Q556244,Q1157046,Q17,Japan,Asia,West & South Asia,Very high human development
Q556662,Q1122926,Q45,Portugal,Europe,Catholic Europe,Very high human development
Q557774,Q222738,Q96,Mexico,North America,Latin America,High human development
Q558138,Q49115,Q30,United States,North America,English-speaking,Very high human development
Q558138,Q3098911,Q30,United States,North America,English-speaking,Very high human development
Q558252,Q1401524,Q928,Philippines,Asia,West & South Asia,High human development
Q558416,Q7988285,Q30,United States,North America,English-speaking,Very high human development
Q558416,Q1468607,Q30,United States,North America,English-speaking,Very high human development
Q558416,Q2740389,Q30,United States,North America,English-speaking,Very high human development
Q558425,Q49126,Q30,United States,North America,English-speaking,Very high human development
Q558425,Q617433,Q30,United States,North America,English-speaking,Very high human development
Q558425,Q13371,Q30,United States,North America,English-speaking,Very high human development
Q558425,Q1329269,Q30,United States,North America,English-speaking,Very high human development
Q558430,Q503419,Q30,United States,North America,English-speaking,Very high human development
Q558570,Q7404648,Q30,United States,North America,English-speaking,Very high human development
Q559409,Q5576249,Q30,United States,North America,English-speaking,Very high human development
Q559409,Q4683679,Q30,United States,North America,English-speaking,Very high human development
Q559409,Q7989734,Q30,United States,North America,English-speaking,Very high human development
Q559506,Q1059517,Q145,United Kingdom,Europe,English-speaking,Very high human development
Q559506,Q332342,Q145,United Kingdom,Europe,English-speaking,Very high human development
Q559565,Q1248821,Q38,Italy,Europe,Catholic Europe,Very high human development
Q559631,Q492467,Q664,New Zealand,Australia,English-speaking,Very high human development
Q559631,Q459506,Q145,United Kingdom,Europe,English-speaking,Very high human development
Q559631,Q6919331,Q664,New Zealand,Australia,English-speaking,Very high human development
Q560015,Q49108,Q30,United States,North America,English-speaking,Very high human development
Q560015,Q1247544,Q145,United Kingdom,Europe,English-speaking,Very high human development
Q560015,Q15260067,Q145,United Kingdom,Europe,English-speaking,Very high human development
Q560286,Q503424,Q145,United Kingdom,Europe,English-speaking,Very high human development
Q560286,Q5699047,Q145,United Kingdom,Europe,English-speaking,Very high human development
Q560286,Q8032698,Q145,United Kingdom,Europe,English-speaking,Very high human development
Q560286,Q4962479,Q145,United Kingdom,Europe,English-speaking,Very high human development
Q560315,Q1431541,Q142,France,Europe,Catholic Europe,Very high human development
Q560371,Q55044,Q183,Germany,Europe,Catholic Europe,Very high human development
Q560541,Q820887,Q38,Italy,Europe,Catholic Europe,Very high human development
Q560541,Q3689758,Q38,Italy,Europe,Catholic Europe,Very high human development
Q560733,Q13371,Q30,United States,North America,English-speaking,Very high human development
Q560733,Q7894583,Q30,United States,North America,English-speaking,Very high human development
Q560735,Q49117,Q30,United States,North America,English-speaking,Very high human development
Q560735,Q1048851,Q30,United States,North America,English-speaking,Very high human development
Q560735,Q7403635,Q30,United States,North America,English-speaking,Very high human development
Q560735,Q6773401,Q30,United States,North America,English-speaking,Very high human development
Q560735,Q1688743,Q30,United States,North America,English-speaking,Very high human development
Q560735,Q55393765,Q30,United States,North America,English-speaking,Very high human development
Q561027,Q258464,Q27,Ireland,Europe,English-speaking,Very high human development
Q561169,Q835960,Q155,Brazil,South America,Latin America,High human development
Q561378,Q1059546,Q142,France,Europe,Catholic Europe,Very high human development
Q561434,Q170027,Q145,United Kingdom,Europe,English-speaking,Very high human development
Q561434,Q656871,Q1049,Sudan,Africa,African-Islamic,Low human development
Q561486,Q3268789,Q142,France,Europe,Catholic Europe,Very high human development
Q561650,Q214341,Q55,Netherlands,Europe,Protestant Europe,Very high human development
Q561833,Q222738,Q96,Mexico,North America,Latin America,High human development
Q562000,Q45319220,Q145,United Kingdom,Europe,English-speaking,Very high human development
Q562652,Q73079,Q145,United Kingdom,Europe,English-speaking,Very high human development
Q562874,Q49116,Q30,United States,North America,English-speaking,Very high human development
Q562874,Q5250893,Q30,United States,North America,English-speaking,Very high human development
Q562874,Q14683182,Q30,United States,North America,English-speaking,Very high human development
Q563118,Q193727,Q30,United States,North America,English-speaking,Very high human development
Q563118,Q1520129,Q30,United States,North America,English-speaking,Very high human development
Q563620,Q49088,Q30,United States,North America,English-speaking,Very high human development
Q564792,Q658975,Q39,Switzerland,Europe,Catholic Europe,Very high human development
Q565580,Q20562645,Q211,Latvia,Europe,Catholic Europe,Very high human development
Q565580,Q20564739,Q211,Latvia,Europe,Catholic Europe,Very high human development
Q565580,Q209842,Q142,France,Europe,Catholic Europe,Very high human development
Q565580,Q584919,Q29,Spain,Europe,Catholic Europe,Very high human development
Q565580,Q160302,Q145,United Kingdom,Europe,English-speaking,Very high human development
Q565684,Q3323609,Q30,United States,North America,English-speaking,Very high human development
Q570122,Q49122,Q30,United States,North America,English-speaking,Very high human development
Q570122,Q13371,Q30,United States,North America,English-speaking,Very high human development
Q572655,Q18219554,Q96,Mexico,North America,Latin America,High human development
Q572655,Q1108060,Q96,Mexico,North America,Latin America,High human development
Q572741,Q760967,Q145,United Kingdom,Europe,English-speaking,Very high human development
Q572741,Q995138,Q145,United Kingdom,Europe,English-speaking,Very high human development
Q572741,Q7230874,Q145,United Kingdom,Europe,English-speaking,Very high human development
Q572741,Q35794,Q145,United Kingdom,Europe,English-speaking,Very high human development
Q573610,Q1150437,Q664,New Zealand,Australia,English-speaking,Very high human development
Q573610,Q1134606,Q664,New Zealand,Australia,English-speaking,Very high human development
Q573813,Q805285,Q145,United Kingdom,Europe,English-speaking,Very high human development
Q573813,Q192088,Q145,United Kingdom,Europe,English-speaking,Very high human development
Q573997,Q332342,Q145,United Kingdom,Europe,English-speaking,Very high human development
Q575043,Q170027,Q145,United Kingdom,Europe,English-speaking,Very high human development
Q575345,Q174710,Q30,United States,North America,English-speaking,Very high human development
Q575883,Q7842,Q17,Japan,Asia,West & South Asia,Very high human development
Q576143,Q214341,Q55,Netherlands,Europe,Protestant Europe,Very high human development
Q577180,Q13371,Q30,United States,North America,English-speaking,Very high human development
Q577180,Q579611,Q30,United States,North America,English-speaking,Very high human development
Q577180,Q709204,Q17,Japan,Asia,West & South Asia,Very high human development
Q577180,Q11448877,Q17,Japan,Asia,West & South Asia,Very high human development
Q577548,Q1878600,Q142,France,Europe,Catholic Europe,Very high human development
Q577548,Q83259,Q142,France,Europe,Catholic Europe,Very high human development
Q577548,Q3268638,Q142,France,Europe,Catholic Europe,Very high human development
Q577565,Q131252,Q30,United States,North America,English-speaking,Very high human development
Q578011,Q49088,Q30,United States,North America,English-speaking,Very high human development
Q578011,Q8047423,Q30,United States,North America,English-speaking,Very high human development
Q579475,Q1093910,Q30,United States,North America,English-speaking,Very high human development
Q579475,Q1128593,Q30,United States,North America,English-speaking,Very high human development
Q580137,Q2984272,Q142,France,Europe,Catholic Europe,Very high human development
Q583065,Q3268957,Q142,France,Europe,Catholic Europe,Very high human development
Q583527,Q815432,Q17,Japan,Asia,West & South Asia,Very high human development
Q583783,Q745967,Q145,United Kingdom,Europe,English-speaking,Very high human development
Q583783,Q1624742,Q145,United Kingdom,Europe,English-speaking,Very high human development
Q583783,Q4879695,Q145,United Kingdom,Europe,English-speaking,Very high human development
Q584128,Q8043254,Q30,United States,North America,English-speaking,Very high human development
Q586388,Q4671107,Q30,United States,North America,English-speaking,Very high human development
Q586776,Q49088,Q30,United States,North America,English-speaking,Very high human development
Q587332,Q5244230,Q145,United Kingdom,Europe,English-speaking,Very high human development
Q587389,Q46210,Q38,Italy,Europe,Catholic Europe,Very high human development
Q588653,Q620640,Q30,United States,North America,English-speaking,Very high human development
Q588653,Q7970595,Q30,United States,North America,English-speaking,Very high human development
Q588933,Q1517021,Q408,Australia,Australia,English-speaking,Very high human development
Q588933,Q4850228,Q408,Australia,Australia,English-speaking,Very high human development
Q589497,Q457281,Q30,United States,North America,English-speaking,Very high human development
Q589497,Q14634066,Q30,United States,North America,English-speaking,Very high human development
Q589497,Q7864729,Q30,United States,North America,English-speaking,Very high human development
Q589585,Q12728079,Q218,Romania,Europe,Catholic Europe,Very high human development
Q591270,Q309350,Q30,United States,North America,English-speaking,Very high human development
Q591270,Q7641280,Q30,United States,North America,English-speaking,Very high human development
Q592511,Q13371,Q30,United States,North America,English-speaking,Very high human development
Q592511,Q1426464,Q30,United States,North America,English-speaking,Very high human development
Q592895,Q651233,Q17,Japan,Asia,West & South Asia,Very high human development
Q592895,Q11667358,Q17,Japan,Asia,West & South Asia,Very high human development
Q596034,Q168751,Q30,United States,North America,English-speaking,Very high human development
Q596925,Q82513,Q145,United Kingdom,Europe,English-speaking,Very high human development
Q596925,Q1227526,Q145,United Kingdom,Europe,English-speaking,Very high human development
Q597627,Q274486,Q17,Japan,Asia,West & South Asia,Very high human development
Q598452,Q209842,Q142,France,Europe,Catholic Europe,Very high human development
Q598452,Q1194988,Q142,France,Europe,Catholic Europe,Very high human development
Q598452,Q1190852,Q262,Algeria,Africa,African-Islamic,High human development
Q598452,Q1190852,Q142,France,Europe,Catholic Europe,Very high human development
Q598494,Q7059109,Q30,United States,North America,English-speaking,Very high human development
Q598494,Q49114,Q30,United States,North America,English-speaking,Very high human development
Q598720,Q200601,Q419,Peru,South America,Latin America,High human development
Q598771,Q936476,Q717,Venezuela,South America,Latin America,{}
Q599358,Q7081780,Q16,Canada,North America,English-speaking,Very high human development
Q599358,Q1458113,Q16,Canada,North America,English-speaking,Very high human development
Q599358,Q165528,Q183,Germany,Europe,Catholic Europe,Very high human development
Q600415,Q13371,Q30,United States,North America,English-speaking,Very high human development
Q601304,Q179036,Q30,United States,North America,English-speaking,Very high human development
Q601307,Q951305,Q258,South Africa,Africa,Sub-Saharan Africa,High human development
Q601709,Q557597,Q924,Tanzania,Africa,Sub-Saharan Africa,{}
Q601709,Q557597,Q924,Tanzania,Africa,Sub-Saharan Africa,{}
Q601709,Q1755318,Q30,United States,North America,English-speaking,Very high human development
Q602468,Q3578279,Q142,France,Europe,Catholic Europe,Very high human development
Q602510,Q7895890,Q30,United States,North America,English-speaking,Very high human development
Q604524,Q5882770,Q30,United States,North America,English-speaking,Very high human development
Q604661,Q4879170,Q145,United Kingdom,Europe,English-speaking,Very high human development
Q605532,Q1150419,Q739,Colombia,South America,Latin America,High human development
Q605989,Q3339059,Q30,United States,North America,English-speaking,Very high human development
Q606154,Q182973,Q30,United States,North America,English-speaking,Very high human development
Q606154,Q846173,Q30,United States,North America,English-speaking,Very high human development
Q606389,Q2667184,Q155,Brazil,South America,Latin America,High human development
Q606389,Q835960,Q155,Brazil,South America,Latin America,High human development
Q606656,Q1140775,Q30,United States,North America,English-speaking,Very high human development
Q607503,Q21578,Q30,United States,North America,English-speaking,Very high human development
Q607825,Q1719898,Q159,Russia,Europe,Orthodox Europe,{}
Q607825,Q1719898,Q36,Poland,Europe,Catholic Europe,Very high human development
Q607825,Q1719898,Q15180,,{},{},{}
Q608051,Q392189,Q16,Canada,North America,English-speaking,Very high human development
Q609317,Q204457,Q20,Norway,Europe,Protestant Europe,Very high human development
Q609317,Q1780675,Q20,Norway,Europe,Protestant Europe,Very high human development
Q610515,Q837320,Q241,Cuba,North America,Latin America,High human development
Q610522,Q777403,Q30,United States,North America,English-speaking,Very high human development
Q610567,Q2487322,Q145,United Kingdom,Europe,English-speaking,Very high human development
Q610567,Q4735831,Q145,United Kingdom,Europe,English-speaking,Very high human development
Q610771,Q598841,Q408,Australia,Australia,English-speaking,Very high human development
Q611586,Q15142,Q30,United States,North America,English-speaking,Very high human development
Q611672,Q860527,Q30,United States,North America,English-speaking,Very high human development
Q611672,Q4785943,Q30,United States,North America,English-speaking,Very high human development
Q611672,Q842909,Q30,United States,North America,English-speaking,Very high human development
Q611828,Q1474019,Q145,United Kingdom,Europe,English-speaking,Very high human development
Q611828,Q7744481,Q145,United Kingdom,Europe,English-speaking,Very high human development
Q611828,Q4972779,Q145,United Kingdom,Europe,English-speaking,Very high human development
Q611959,Q270222,Q30,United States,North America,English-speaking,Very high human development
Q612005,Q219694,Q29,Spain,Europe,Catholic Europe,Very high human development
Q612005,Q2290716,Q29,Spain,Europe,Catholic Europe,Very high human development
Q613259,Q149990,Q30,United States,North America,English-speaking,Very high human development
Q613846,Q28695,Q33,Finland,Europe,Catholic Europe,Very high human development
Q615129,Q11261788,Q17,Japan,Asia,West & South Asia,Very high human development
Q615960,Q1062129,Q17,Japan,Asia,West & South Asia,Very high human development
Q617215,Q2750060,Q29,Spain,Europe,Catholic Europe,Very high human development
Q617215,Q1640731,Q29,Spain,Europe,Catholic Europe,Very high human development
Q618886,Q684783,Q17,Japan,Asia,West & South Asia,Very high human development
Q622232,Q167733,Q30,United States,North America,English-speaking,Very high human development
Q622232,Q49088,Q30,United States,North America,English-speaking,Very high human development
Q622232,Q5149905,Q30,United States,North America,English-speaking,Very high human development
Q623737,Q487804,Q884,South Korea,Asia,West & South Asia,{}
Q623974,Q274486,Q17,Japan,Asia,West & South Asia,Very high human development
Q624168,Q41085,Q884,South Korea,Asia,West & South Asia,{}
Q624211,Q39988,Q884,South Korea,Asia,West & South Asia,{}
Q624299,Q39988,Q884,South Korea,Asia,West & South Asia,{}
Q624299,Q7993659,Q884,South Korea,Asia,West & South Asia,{}
Q625272,Q49114,Q30,United States,North America,English-speaking,Very high human development
Q625272,Q5000450,Q30,United States,North America,English-speaking,Very high human development
Q625336,Q274486,Q17,Japan,Asia,West & South Asia,Very high human development
Q625721,Q219615,Q29,Spain,Europe,Catholic Europe,Very high human development
Q626290,Q1326230,Q17,Japan,Asia,West & South Asia,Very high human development
Q626412,Q7299545,Q794,Iran,Asia,African-Islamic,{}
Q628479,Q6412957,Q145,United Kingdom,Europe,English-speaking,Very high human development
Q630446,Q1797768,Q30,United States,North America,English-speaking,Very high human development
Q630446,Q1661274,Q30,United States,North America,English-speaking,Very high human development
Q630446,Q6476161,Q30,United States,North America,English-speaking,Very high human development
Q630446,Q8778313,Q30,United States,North America,English-speaking,Very high human development
Q630454,Q13371,Q30,United States,North America,English-speaking,Very high human development
Q634905,Q153265,Q30,United States,North America,English-speaking,Very high human development
Q634950,Q83259,Q142,France,Europe,Catholic Europe,Very high human development
Q634950,Q332342,Q145,United Kingdom,Europe,English-speaking,Very high human development
Q634950,Q546118,Q142,France,Europe,Catholic Europe,Very high human development
Q634950,Q1878600,Q142,France,Europe,Catholic Europe,Very high human development
Q635739,Q691283,Q145,United Kingdom,Europe,English-speaking,Very high human development
Q636037,Q49166,Q30,United States,North America,English-speaking,Very high human development
Q637306,Q2065769,Q16,Canada,North America,English-speaking,Very high human development
Q637306,Q849751,Q16,Canada,North America,English-speaking,Very high human development
Q637306,Q503424,Q145,United Kingdom,Europe,English-speaking,Very high human development
Q637396,Q209842,Q142,France,Europe,Catholic Europe,Very high human development
Q637689,Q6054382,Q30,United States,North America,English-speaking,Very high human development
Q638179,Q457281,Q30,United States,North America,English-speaking,Very high human development
Q638179,Q5243948,Q30,United States,North America,English-speaking,Very high human development
Q638179,Q1666866,Q869,Thailand,Asia,West & South Asia,High human development
Q638179,Q7864729,Q30,United States,North America,English-speaking,Very high human development
Q639041,Q167733,Q30,United States,North America,English-speaking,Very high human development
Q639041,Q5403378,Q30,United States,North America,English-speaking,Very high human development
Q639360,Q1797768,Q30,United States,North America,English-speaking,Very high human development
Q639538,Q739627,Q30,United States,North America,English-speaking,Very high human development
Q642680,Q1682329,Q30,United States,North America,English-speaking,Very high human development
Q643408,Q2983698,Q142,France,Europe,Catholic Europe,Very high human development
Q643408,Q1059546,Q142,France,Europe,Catholic Europe,Very high human development
Q643904,Q154804,Q183,Germany,Europe,Catholic Europe,Very high human development
Q645141,Q2303432,Q29,Spain,Europe,Catholic Europe,Very high human development
Q645362,Q49112,Q30,United States,North America,English-speaking,Very high human development
Q645362,Q5901972,Q30,United States,North America,English-speaking,Very high human development
Q645362,Q1146700,Q145,United Kingdom,Europe,English-speaking,Very high human development
Q645362,Q6273029,Q30,United States,North America,English-speaking,Very high human development
Q647687,Q336264,Q17,Japan,Asia,West & South Asia,Very high human development
Q647687,Q46492,Q17,Japan,Asia,West & South Asia,Very high human development
Q648920,Q83259,Q142,France,Europe,Catholic Europe,Very high human development
Q649054,Q219694,Q29,Spain,Europe,Catholic Europe,Very high human development
Q649054,Q1093910,Q30,United States,North America,English-speaking,Very high human development
Q649054,Q2075365,Q30,United States,North America,English-speaking,Very high human development
Q650332,Q168756,Q30,United States,North America,English-speaking,Very high human development
Q653236,Q863940,Q145,United Kingdom,Europe,English-speaking,Very high human development
Q653236,Q5123747,Q145,United Kingdom,Europe,English-speaking,Very high human development
Q653236,Q4954686,Q145,United Kingdom,Europe,English-speaking,Very high human development
Q653366,Q49112,Q30,United States,North America,English-speaking,Very high human development
Q653366,Q8033204,Q30,United States,North America,English-speaking,Very high human development
Q654747,Q805285,Q145,United Kingdom,Europe,English-speaking,Very high human development
Q654747,Q1247373,Q145,United Kingdom,Europe,English-speaking,Very high human development
Q654747,Q5133190,Q145,United Kingdom,Europe,English-speaking,Very high human development
Q654954,Q7813941,Q17,Japan,Asia,West & South Asia,Very high human development
Q656292,Q5428830,Q155,Brazil,South America,Latin America,High human development
Q659027,Q168756,Q30,United States,North America,English-speaking,Very high human development
Q659027,Q611995,Q298,Chile,South America,Latin America,Very high human development
Q659364,Q184478,Q30,United States,North America,English-speaking,Very high human development
Q660069,Q2383462,Q142,France,Europe,Catholic Europe,Very high human development
Q660525,Q608338,Q218,Romania,Europe,Catholic Europe,Very high human development
Q660525,Q2983884,Q218,Romania,Europe,Catholic Europe,Very high human development
Q660646,Q2983589,Q16,Canada,North America,English-speaking,Very high human development
Q661925,Q617433,Q30,United States,North America,English-speaking,Very high human development
Q662611,Q49112,Q30,United States,North America,English-speaking,Very high human development
Q662611,Q7073679,Q30,United States,North America,English-speaking,Very high human development
Q662611,Q5230230,Q30,United States,North America,English-speaking,Very high human development
Q662980,Q7842,Q17,Japan,Asia,West & South Asia,Very high human development
Q663705,Q13371,Q30,United States,North America,English-speaking,Very high human development
Q663705,Q49119,Q30,United States,North America,English-speaking,Very high human development
Q663884,Q1328372,Q17,Japan,Asia,West & South Asia,Very high human development
Q664673,Q951305,Q258,South Africa,Africa,Sub-Saharan Africa,High human development
Q665144,Q192334,Q30,United States,North America,English-speaking,Very high human development
Q665768,Q49213,Q30,United States,North America,English-speaking,Very high human development
Q668090,Q4748473,Q145,United Kingdom,Europe,English-speaking,Very high human development
Q668090,Q691283,Q145,United Kingdom,Europe,English-speaking,Very high human development
Q668511,Q640694,Q16,Canada,North America,English-speaking,Very high human development
Q670108,Q193196,Q145,United Kingdom,Europe,English-speaking,Very high human development
Q670108,Q6385989,Q145,United Kingdom,Europe,English-speaking,Very high human development
Q670179,Q35794,Q145,United Kingdom,Europe,English-speaking,Very high human development
Q670179,Q13371,Q30,United States,North America,English-speaking,Very high human development
Q670179,Q332342,Q145,United Kingdom,Europe,English-speaking,Very high human development
Q670179,Q151510,Q183,Germany,Europe,Catholic Europe,Very high human development
Q670179,Q906930,Q30,United States,North America,English-speaking,Very high human development
Q670179,Q209344,Q38,Italy,Europe,Catholic Europe,Very high human development
Q671852,Q21705070,Q29,Spain,Europe,Catholic Europe,Very high human development
Q671951,Q3268795,Q142,France,Europe,Catholic Europe,Very high human development
Q672816,Q981752,Q38,Italy,Europe,Catholic Europe,Very high human development
Q672816,Q3552548,Q145,United Kingdom,Europe,English-speaking,Very high human development
Q673217,Q41506,Q30,United States,North America,English-speaking,Very high human development
Q673217,Q1256981,Q30,United States,North America,English-speaking,Very high human development
Q673217,Q7555714,Q30,United States,North America,English-speaking,Very high human development
Q673567,Q579611,Q30,United States,North America,English-speaking,Very high human development
Q673567,Q7204160,Q30,United States,North America,English-speaking,Very high human development
Q673985,Q528231,Q145,United Kingdom,Europe,English-speaking,Very high human development
Q675290,Q1150437,Q664,New Zealand,Australia,English-speaking,Very high human development
Q675396,Q21578,Q30,United States,North America,English-speaking,Very high human development
Q675662,Q7679025,Q145,United Kingdom,Europe,English-speaking,Very high human development
Q675676,Q156598,Q55,Netherlands,Europe,Protestant Europe,Very high human development
Q676455,Q5919042,Q298,Chile,South America,Latin America,Very high human development
Q676455,Q5777301,Q298,Chile,South America,Latin America,Very high human development
Q676455,Q5918235,Q298,Chile,South America,Latin America,Very high human development
Q676455,Q5975125,Q298,Chile,South America,Latin America,Very high human development
Q678778,Q5087708,Q30,United States,North America,English-speaking,Very high human development
Q678778,Q4840844,Q30,United States,North America,English-speaking,Very high human development
Q680335,Q1206658,Q30,United States,North America,English-speaking,Very high human development
Q680335,Q49119,Q30,United States,North America,English-speaking,Very high human development
Q680335,Q5149722,Q30,United States,North America,English-speaking,Very high human development
Q680479,Q1041671,Q30,United States,North America,English-speaking,Very high human development
Q682356,Q6773401,Q30,United States,North America,English-speaking,Very high human development
Q682467,Q238101,Q30,United States,North America,English-speaking,Very high human development
Q682467,Q1067935,Q16,Canada,North America,English-speaking,Very high human development
Q682467,Q115825085,Q30,United States,North America,English-speaking,Very high human development
Q682767,Q1861687,Q30,United States,North America,English-speaking,Very high human development
Q684481,Q39311438,Q188712,,{},{},{}
Q684481,Q11448891,Q188712,,{},{},{}
Q684748,Q432637,Q30,United States,North America,English-speaking,Very high human development
Q686301,Q503246,Q30,United States,North America,English-speaking,Very high human development
Q686301,Q7965399,Q30,United States,North America,English-speaking,Very high human development
Q686437,Q673354,Q39,Switzerland,Europe,Catholic Europe,Very high human development
Q687658,Q12082041,Q36,Poland,Europe,Catholic Europe,Very high human development
Q687658,Q12082041,Q28513,,{},{},{}
Q688739,Q49117,Q30,United States,North America,English-speaking,Very high human development
Q688739,Q1376987,Q145,United Kingdom,Europe,English-speaking,Very high human development
Q688739,Q15142,Q30,United States,North America,English-speaking,Very high human development
Q688739,Q15265769,Q30,United States,North America,English-speaking,Very high human development
Q689828,Q154804,Q183,Germany,Europe,Catholic Europe,Very high human development
Q690103,Q131252,Q30,United States,North America,English-speaking,Very high human development
Q690103,Q3360203,Q30,United States,North America,English-speaking,Very high human development
Q690103,Q174710,Q30,United States,North America,English-speaking,Very high human development
Q690233,Q182973,Q30,United States,North America,English-speaking,Very high human development
Q690304,Q222738,Q96,Mexico,North America,Latin America,High human development
Q690338,Q174710,Q30,United States,North America,English-speaking,Very high human development
Q691479,Q83259,Q142,France,Europe,Catholic Europe,Very high human development
Q691796,Q5588733,Q668,India,Asia,Indosphere,Medium human development
Q691796,Q7419011,Q668,India,Asia,Indosphere,Medium human development
Q691796,Q7419009,Q668,India,Asia,Indosphere,Medium human development
Q692219,Q15142,Q30,United States,North America,English-speaking,Very high human development
Q692219,Q182973,Q30,United States,North America,English-speaking,Very high human development
Q696666,Q11411894,Q865,Taiwan,Asia,Confucian,{}
Q697008,Q117027946,Q17,Japan,Asia,West & South Asia,Very high human development
Q697741,Q3542768,Q403,Serbia,Europe,Orthodox Europe,Very high human development
Q697943,Q1326230,Q17,Japan,Asia,West & South Asia,Very high human development
Q699401,Q273553,Q142,France,Europe,Catholic Europe,Very high human development
Q699722,Q6054382,Q30,United States,North America,English-speaking,Very high human development
Q700616,Q3360332,Q145,United Kingdom,Europe,English-speaking,Very high human development
Q700616,Q7591549,Q145,United Kingdom,Europe,English-speaking,Very high human development
Q702268,Q493294,Q218,Romania,Europe,Catholic Europe,Very high human development
Q702468,Q3268619,Q142,France,Europe,Catholic Europe,Very high human development
Q702468,Q273626,Q142,France,Europe,Catholic Europe,Very high human development
Q702468,Q1189954,Q142,France,Europe,Catholic Europe,Very high human development
Q702468,Q34433,Q145,United Kingdom,Europe,English-speaking,Very high human development
Q703476,Q7587802,Q145,United Kingdom,Europe,English-speaking,Very high human development
Q703935,Q332342,Q145,United Kingdom,Europe,English-speaking,Very high human development
Q703935,Q1227526,Q145,United Kingdom,Europe,English-speaking,Very high human development
Q704294,Q3831932,Q38,Italy,Europe,Catholic Europe,Very high human development
Q704553,Q230492,Q30,United States,North America,English-speaking,Very high human development
Q704553,Q49208,Q30,United States,North America,English-speaking,Very high human development
Q704553,Q5328480,Q30,United States,North America,English-speaking,Very high human development
Q705022,Q21578,Q30,United States,North America,English-speaking,Very high human development
Q705022,Q3399544,Q30,United States,North America,English-speaking,Very high human development
Q705058,Q230492,Q30,United States,North America,English-speaking,Very high human development
Q705074,Q192088,Q145,United Kingdom,Europe,English-speaking,Very high human development
Q705074,Q924289,Q145,United Kingdom,Europe,English-speaking,Very high human development
Q705074,Q7595425,Q145,United Kingdom,Europe,English-speaking,Very high human development
Q705464,Q274486,Q17,Japan,Asia,West & South Asia,Very high human development
Q705827,Q6054382,Q30,United States,North America,English-speaking,Very high human development
Q705999,Q49117,Q30,United States,North America,English-speaking,Very high human development
Q706016,Q49112,Q30,United States,North America,English-speaking,Very high human development
Q706016,Q174710,Q30,United States,North America,English-speaking,Very high human development
Q706016,Q168756,Q30,United States,North America,English-speaking,Very high human development
Q706196,Q10855049,Q188712,,{},{},{}
Q706196,Q11524659,Q17,Japan,Asia,West & South Asia,Very high human development
Q706258,Q125102302,Q17,Japan,Asia,West & South Asia,Very high human development
Q706272,Q1150419,Q739,Colombia,South America,Latin America,High human development
Q706272,Q1517478,Q739,Colombia,South America,Latin America,High human development
Q706445,Q185246,Q34,Sweden,Europe,Protestant Europe,Very high human development
Q706658,Q12006153,Q20,Norway,Europe,Protestant Europe,Very high human development
Q706668,Q523926,Q145,United Kingdom,Europe,English-speaking,Very high human development
Q706668,Q18331598,Q258,South Africa,Africa,Sub-Saharan Africa,High human development
Q706785,Q3268957,Q142,France,Europe,Catholic Europe,Very high human development
Q706794,Q170027,Q145,United Kingdom,Europe,English-speaking,Very high human development
Q706794,Q7592974,Q145,United Kingdom,Europe,English-speaking,Very high human development
Q706856,Q1045828,Q145,United Kingdom,Europe,English-speaking,Very high human development
Q706935,Q714717,Q145,United Kingdom,Europe,English-speaking,Very high human development
Q706935,Q35794,Q145,United Kingdom,Europe,English-speaking,Very high human development
Q706935,Q5303281,Q145,United Kingdom,Europe,English-speaking,Very high human development
Q707117,Q2093794,Q30,United States,North America,English-speaking,Very high human development
Q707117,Q49088,Q30,United States,North America,English-speaking,Very high human development
Q707117,Q5149905,Q30,United States,North America,English-speaking,Very high human development
Q708157,Q8026294,Q30,United States,North America,English-speaking,Very high human development
Q708198,Q49112,Q30,United States,North America,English-speaking,Very high human development
Q708581,Q5061200,Q30,United States,North America,English-speaking,Very high human development
Q708647,Q76174780,Q142,France,Europe,Catholic Europe,Very high human development
Q708647,Q463055,Q142,France,Europe,Catholic Europe,Very high human development
Q708679,Q707140,Q865,Taiwan,Asia,Confucian,{}
Q708679,Q584919,Q29,Spain,Europe,Catholic Europe,Very high human development
Q709295,Q131252,Q30,United States,North America,English-speaking,Very high human development
Q709295,Q178848,Q30,United States,North America,English-speaking,Very high human development
Q709368,Q49114,Q30,United States,North America,English-speaking,Very high human development
Q709368,Q49088,Q30,United States,North America,English-speaking,Very high human development
Q709368,Q5149905,Q30,United States,North America,English-speaking,Very high human development
Q709368,Q906930,Q30,United States,North America,English-speaking,Very high human development
Q709534,Q61750959,Q15180,,{},{},{}
Q709534,Q4480746,Q159,Russia,Europe,Orthodox Europe,{}
Q709751,Q49088,Q30,United States,North America,English-speaking,Very high human development
Q710334,Q49115,Q30,United States,North America,English-speaking,Very high human development
Q710334,Q5384959,Q30,United States,North America,English-speaking,Very high human development
Q710876,Q815432,Q17,Japan,Asia,West & South Asia,Very high human development
Q711137,Q168756,Q30,United States,North America,English-speaking,Very high human development
Q711479,Q1152391,Q17,Japan,Asia,West & South Asia,Very high human development
Q711558,Q13371,Q30,United States,North America,English-speaking,Very high human development
Q711558,Q7896088,Q30,United States,North America,English-speaking,Very high human development
Q711701,Q49116,Q30,United States,North America,English-speaking,Very high human development
Q711830,Q3056813,Q145,United Kingdom,Europe,English-speaking,Very high human development
Q711909,Q7896095,Q30,United States,North America,English-speaking,Very high human development
Q711909,Q5092386,Q30,United States,North America,English-speaking,Very high human development
Q712191,Q4954524,Q145,United Kingdom,Europe,English-speaking,Very high human development
Q712191,Q867530,Q145,United Kingdom,Europe,English-speaking,Very high human development
Q712191,Q3551402,Q145,United Kingdom,Europe,English-speaking,Very high human development
Q712555,Q168515,Q30,United States,North America,English-speaking,Very high human development
Q712596,Q1026919,Q30,United States,North America,English-speaking,Very high human development
Q712596,Q1256981,Q30,United States,North America,English-speaking,Very high human development
Q712675,Q1204714,Q30,United States,North America,English-speaking,Very high human development
Q712675,Q3551351,Q30,United States,North America,English-speaking,Very high human development
Q712734,Q336264,Q17,Japan,Asia,West & South Asia,Very high human development
Q712734,Q1188786,Q17,Japan,Asia,West & South Asia,Very high human development
Q712746,Q168756,Q30,United States,North America,English-speaking,Very high human development
Q712791,Q49114,Q30,United States,North America,English-speaking,Very high human development
Q712791,Q5644300,Q30,United States,North America,English-speaking,Very high human development
Q713824,Q714717,Q145,United Kingdom,Europe,English-speaking,Very high human development
Q713824,Q2983686,Q145,United Kingdom,Europe,English-speaking,Very high human development
Q714153,Q49114,Q30,United States,North America,English-speaking,Very high human development
Q714153,Q8032350,Q30,United States,North America,English-speaking,Very high human development
Q714250,Q192334,Q30,United States,North America,English-speaking,Very high human development
Q714250,Q1191202,Q30,United States,North America,English-speaking,Very high human development
Q714250,Q18346138,Q30,United States,North America,English-speaking,Very high human development
Q714485,Q1190812,Q30,United States,North America,English-speaking,Very high human development
Q714712,Q2983698,Q142,France,Europe,Catholic Europe,Very high human development
Q714712,Q83259,Q142,France,Europe,Catholic Europe,Very high human development
Q715241,Q49167,Q30,United States,North America,English-speaking,Very high human development
Q715505,Q52413,Q30,United States,North America,English-speaking,Very high human development
Q715692,Q115376,Q30,United States,North America,English-speaking,Very high human development
Q715692,Q7895286,Q30,United States,North America,English-speaking,Very high human development
Q715796,Q230899,Q145,United Kingdom,Europe,English-speaking,Very high human development
Q715814,Q559549,Q30,United States,North America,English-speaking,Very high human development
Q715814,Q6779832,Q30,United States,North America,English-speaking,Very high human development
Q715945,Q165980,Q40,Austria,Europe,Catholic Europe,Very high human development
Q717071,Q1379613,Q30,United States,North America,English-speaking,Very high human development
Q717175,Q13371,Q30,United States,North America,English-speaking,Very high human development
Q717204,Q1161297,Q145,United Kingdom,Europe,English-speaking,Very high human development
Q717520,Q750066,Q145,United Kingdom,Europe,English-speaking,Very high human development
Q717520,Q5420130,Q145,United Kingdom,Europe,English-speaking,Very high human development
Q717602,Q1067935,Q16,Canada,North America,English-speaking,Very high human development
Q717878,Q975461,Q822,Lebanon,Asia,African-Islamic,High human development
Q717878,Q571293,Q142,France,Europe,Catholic Europe,Very high human development
Q717936,Q336264,Q17,Japan,Asia,West & South Asia,Very high human development
Q718262,Q170027,Q145,United Kingdom,Europe,English-speaking,Very high human development
Q718262,Q5588712,Q1033,Nigeria,Africa,Sub-Saharan Africa,Medium human development
Q718463,Q816377,Q30,United States,North America,English-speaking,Very high human development
Q718665,Q3446091,Q30,United States,North America,English-speaking,Very high human development
Q719046,Q1124657,Q801,Israel,Asia,West & South Asia,Very high human development
Q719046,Q1467921,Q801,Israel,Asia,West & South Asia,Very high human development
Q719250,Q921088,Q17,Japan,Asia,West & South Asia,Very high human development
Q719649,Q924265,Q35,Denmark,Europe,Protestant Europe,Very high human development
Q719649,Q12300325,Q35,Denmark,Europe,Protestant Europe,Very high human development
Q720182,Q3428253,Q30,United States,North America,English-speaking,Very high human development
Q720182,Q9219,Q30,United States,North America,English-speaking,Very high human development
Q720182,Q7591559,Q30,United States,North America,English-speaking,Very high human development
Q720182,Q407875,Q30,United States,North America,English-speaking,Very high human development
Q720242,Q49122,Q30,United States,North America,English-speaking,Very high human development
Q720242,Q81087,Q145,United Kingdom,Europe,English-speaking,Very high human development
Q720242,Q49123,Q30,United States,North America,English-speaking,Very high human development
Q720242,Q6841942,Q30,United States,North America,English-speaking,Very high human development
Q720306,Q1045828,Q145,United Kingdom,Europe,English-speaking,Very high human development
Q720306,Q1760791,Q145,United Kingdom,Europe,English-speaking,Very high human development
Q720306,Q5228062,Q145,United Kingdom,Europe,English-speaking,Very high human development
Q720306,Q262854,Q145,United Kingdom,Europe,English-speaking,Very high human development
Q720317,Q973884,Q145,United Kingdom,Europe,English-speaking,Very high human development
Q720317,Q6735519,Q145,United Kingdom,Europe,English-speaking,Very high human development
Q720435,Q4897974,Q30,United States,North America,English-speaking,Very high human development
Q720435,Q503415,Q30,United States,North America,English-speaking,Very high human development
Q720562,Q7404114,Q30,United States,North America,English-speaking,Very high human development
Q720669,Q49213,Q30,United States,North America,English-speaking,Very high human development
Q720779,Q153265,Q30,United States,North America,English-speaking,Very high human development
Q720779,Q1047060,Q30,United States,North America,English-speaking,Very high human development
Q720782,Q6411517,Q145,United Kingdom,Europe,English-speaking,Very high human development
Q720782,Q223429,Q145,United Kingdom,Europe,English-speaking,Very high human development
Q720797,Q168751,Q30,United States,North America,English-speaking,Very high human development
Q721345,Q1333399,Q145,United Kingdom,Europe,English-speaking,Very high human development
Q721345,Q3183295,Q145,United Kingdom,Europe,English-speaking,Very high human development
Q721578,Q49166,Q30,United States,North America,English-speaking,Very high human development
Q721753,Q486156,Q20,Norway,Europe,Protestant Europe,Very high human development
Q721999,Q49213,Q30,United States,North America,English-speaking,Very high human development
Q721999,Q7169324,Q30,United States,North America,English-speaking,Very high human development
Q722103,Q81174,Q145,United Kingdom,Europe,English-speaking,Very high human development
Q722103,Q192775,Q145,United Kingdom,Europe,English-speaking,Very high human development
Q722103,Q1198571,Q142,France,Europe,Catholic Europe,Very high human development
Q722103,Q1538148,Q145,United Kingdom,Europe,English-speaking,Very high human development
Q722103,Q19370961,Q142,France,Europe,Catholic Europe,Very high human development
Q722202,Q319239,Q801,Israel,Asia,West & South Asia,Very high human development
Q723200,Q7567418,Q145,United Kingdom,Europe,English-speaking,Very high human development
Q723200,Q1247589,Q145,United Kingdom,Europe,English-speaking,Very high human development
Q723374,Q875637,Q30,United States,North America,English-speaking,Very high human development
Q723621,Q1878600,Q142,France,Europe,Catholic Europe,Very high human development
Q723621,Q1059546,Q142,France,Europe,Catholic Europe,Very high human development
Q723621,Q3268696,Q142,France,Europe,Catholic Europe,Very high human development
Q723621,Q83259,Q142,France,Europe,Catholic Europe,Very high human development
Q723761,Q200601,Q419,Peru,South America,Latin America,High human development
Q723839,Q1791020,Q38,Italy,Europe,Catholic Europe,Very high human development
Q724395,Q1145814,Q30,United States,North America,English-speaking,Very high human development
Q724672,Q955609,Q38,Italy,Europe,Catholic Europe,Very high human development
Q724786,Q180865,Q16,Canada,North America,English-speaking,Very high human development
Q724786,Q3016196,Q16,Canada,North America,English-speaking,Very high human development
Q724874,Q336264,Q17,Japan,Asia,West & South Asia,Very high human development
Q724874,Q7105596,Q17,Japan,Asia,West & South Asia,Very high human development
Q725065,Q13371,Q30,United States,North America,English-speaking,Very high human development
Q725065,Q49117,Q30,United States,North America,English-speaking,Very high human development
Q725065,Q14715517,Q30,United States,North America,English-speaking,Very high human development
Q725248,Q82513,Q145,United Kingdom,Europe,English-speaking,Very high human development
Q725344,Q7587249,Q145,United Kingdom,Europe,English-speaking,Very high human development
Q725421,Q7063652,Q145,United Kingdom,Europe,English-speaking,Very high human development
Q725421,Q73094,Q145,United Kingdom,Europe,English-speaking,Very high human development
Q726071,Q540672,Q30,United States,North America,English-speaking,Very high human development
Q726071,Q7158147,Q30,United States,North America,English-speaking,Very high human development
Q726071,Q624090,Q30,United States,North America,English-speaking,Very high human development
Q726071,Q14679289,Q30,United States,North America,English-speaking,Very high human development
Q726177,Q501758,Q30,United States,North America,English-speaking,Very high human development
Q726177,Q621043,Q30,United States,North America,English-speaking,Very high human development
Q726177,Q7201606,Q30,United States,North America,English-speaking,Very high human development
Q726194,Q973884,Q145,United Kingdom,Europe,English-speaking,Very high human development
Q726194,Q4096908,Q145,United Kingdom,Europe,English-speaking,Very high human development
Q726529,Q1664711,Q29,Spain,Europe,Catholic Europe,Very high human development
Q726529,Q5917707,Q29,Spain,Europe,Catholic Europe,Very high human development
Q726967,Q1204304,Q142,France,Europe,Catholic Europe,Very high human development
Q727079,Q499451,Q30,United States,North America,English-speaking,Very high human development
Q727079,Q213439,Q30,United States,North America,English-speaking,Very high human development
Q727148,Q10279528,Q155,Brazil,South America,Latin America,High human development
Q727331,Q597236,Q30,United States,North America,English-speaking,Very high human development
Q727416,Q219694,Q29,Spain,Europe,Catholic Europe,Very high human development
Q727705,Q608338,Q218,Romania,Europe,Catholic Europe,Very high human development
Q727717,Q2303432,Q29,Spain,Europe,Catholic Europe,Very high human development
Q727717,Q5142946,Q29,Spain,Europe,Catholic Europe,Very high human development
Q727856,Q472316,Q145,United Kingdom,Europe,English-speaking,Very high human development
Q729117,Q230492,Q30,United States,North America,English-speaking,Very high human development
Q729117,Q5181958,Q30,United States,North America,English-speaking,Very high human development
Q729117,Q906437,Q30,United States,North America,English-speaking,Very high human development
Q729121,Q748106,Q145,United Kingdom,Europe,English-speaking,Very high human development
Q729121,Q7996058,Q145,United Kingdom,Europe,English-speaking,Very high human development
Q730116,Q49088,Q30,United States,North America,English-speaking,Very high human development
Q730116,Q3098911,Q30,United States,North America,English-speaking,Very high human development
Q730116,Q5123519,Q30,United States,North America,English-speaking,Very high human development
Q730223,Q7762628,Q38,Italy,Europe,Catholic Europe,Very high human development
Q731036,Q610999,Q145,United Kingdom,Europe,English-speaking,Very high human development
Q731036,Q1059517,Q145,United Kingdom,Europe,English-speaking,Very high human development
Q731036,Q776807,Q145,United Kingdom,Europe,English-speaking,Very high human development
Q731146,Q536282,Q145,United Kingdom,Europe,English-speaking,Very high human development
Q731146,Q3933220,Q145,United Kingdom,Europe,English-speaking,Very high human development
Q732128,Q6771004,Q419,Peru,South America,Latin America,High human development
Q732128,Q49212,Q30,United States,North America,English-speaking,Very high human development
Q732338,Q180865,Q16,Canada,North America,English-speaking,Very high human development
Q732338,Q7592174,Q668,India,Asia,Indosphere,Medium human development
Q732434,Q35794,Q145,United Kingdom,Europe,English-speaking,Very high human development
Q732434,Q193196,Q145,United Kingdom,Europe,English-speaking,Very high human development
Q732980,Q859363,Q142,France,Europe,Catholic Europe,Very high human development
Q732980,Q392189,Q16,Canada,North America,English-speaking,Very high human development
Q733112,Q3246681,Q142,France,Europe,Catholic Europe,Very high human development
Q733151,Q1198571,Q142,France,Europe,Catholic Europe,Very high human development
Q733151,Q776223,Q142,France,Europe,Catholic Europe,Very high human development
Q733235,Q337504,Q142,France,Europe,Catholic Europe,Very high human development
Q733393,Q194445,Q79,Egypt,Africa,African-Islamic,High human development
Q733417,Q1399299,Q145,United Kingdom,Europe,English-speaking,Very high human development
Q733417,Q7270328,Q145,United Kingdom,Europe,English-speaking,Very high human development
Q733547,Q471980,Q142,France,Europe,Catholic Europe,Very high human development
Q733850,Q41506,Q30,United States,North America,English-speaking,Very high human development
Q733850,Q7231704,Q30,United States,North America,English-speaking,Very high human development
Q734092,Q270145,Q419,Peru,South America,Latin America,High human development
Q734092,Q1194988,Q142,France,Europe,Catholic Europe,Very high human development
Q734278,Q332342,Q145,United Kingdom,Europe,English-speaking,Very high human development
Q734278,Q3197003,Q145,United Kingdom,Europe,English-speaking,Very high human development
Q734278,Q865528,Q145,United Kingdom,Europe,English-speaking,Very high human development
Q734397,Q21705070,Q29,Spain,Europe,Catholic Europe,Very high human development
Q736123,Q49116,Q30,United States,North America,English-speaking,Very high human development
Q736123,Q131252,Q30,United States,North America,English-speaking,Very high human development
Q736123,Q7414125,Q30,United States,North America,English-speaking,Very high human development
Q736137,Q49120,Q30,United States,North America,English-speaking,Very high human development
Q736137,Q1780816,Q30,United States,North America,English-speaking,Very high human development
Q736137,Q1140241,Q30,United States,North America,English-speaking,Very high human development
Q736137,Q17012072,Q30,United States,North America,English-speaking,Very high human development
Q736343,Q168751,Q30,United States,North America,English-speaking,Very high human development
Q736343,Q182973,Q30,United States,North America,English-speaking,Very high human development
Q736343,Q5312901,Q30,United States,North America,English-speaking,Very high human development
Q736447,Q6608367,Q30,United States,North America,English-speaking,Very high human development
Q736447,Q1079140,Q30,United States,North America,English-speaking,Very high human development
Q736570,Q1190812,Q30,United States,North America,English-speaking,Very high human development
Q736570,Q41506,Q30,United States,North America,English-speaking,Very high human development
Q736570,Q4820947,Q30,United States,North America,English-speaking,Very high human development
Q736570,Q213439,Q30,United States,North America,English-speaking,Very high human development
Q736900,Q1122926,Q45,Portugal,Europe,Catholic Europe,Very high human development
Q737570,Q230899,Q145,United Kingdom,Europe,English-speaking,Very high human development
Q738114,Q309350,Q30,United States,North America,English-speaking,Very high human development
Q738114,Q572286,Q225,Bosnia and Herzegovina,Europe,Orthodox Europe,Very high human development
Q738248,Q49210,Q30,United States,North America,English-speaking,Very high human development
Q738911,Q13371,Q30,United States,North America,English-speaking,Very high human development
Q738911,Q248970,Q30,United States,North America,English-speaking,Very high human development
Q738911,Q4924484,Q30,United States,North America,English-speaking,Very high human development
Q739129,Q274486,Q17,Japan,Asia,West & South Asia,Very high human development
Q739129,Q4778674,Q17,Japan,Asia,West & South Asia,Very high human development
Q739385,Q499451,Q30,United States,North America,English-speaking,Very high human development
Q739555,Q16661600,Q142,France,Europe,Catholic Europe,Very high human development
Q739555,Q1431541,Q142,France,Europe,Catholic Europe,Very high human development
Q739555,Q3064259,Q142,France,Europe,Catholic Europe,Very high human development
Q739555,Q273535,Q142,France,Europe,Catholic Europe,Very high human development
Q740256,Q219615,Q29,Spain,Europe,Catholic Europe,Very high human development
Q740928,Q1360303,Q30,United States,North America,English-speaking,Very high human development
Q741671,Q1394262,Q142,France,Europe,Catholic Europe,Very high human development
Q741862,Q499911,Q38,Italy,Europe,Catholic Europe,Very high human development
Q742170,Q5362612,Q25230,,{},{},{}
Q742632,Q7227384,Q30,United States,North America,English-speaking,Very high human development
Q742632,Q7721068,Q30,United States,North America,English-speaking,Very high human development
Q742918,Q34433,Q145,United Kingdom,Europe,English-speaking,Very high human development
Q743035,Q2983698,Q142,France,Europe,Catholic Europe,Very high human development
Q743035,Q859363,Q142,France,Europe,Catholic Europe,Very high human development
Q743079,Q5493652,Q145,United Kingdom,Europe,English-speaking,Very high human development
Q743079,Q924289,Q145,United Kingdom,Europe,English-speaking,Very high human development
Q743079,Q7400916,Q334,Singapore,Asia,Confucian,Very high human development
Q743767,Q274486,Q17,Japan,Asia,West & South Asia,Very high human development
Q744956,Q3445232,Q224,Croatia,Europe,Catholic Europe,Very high human development
Q745363,Q31519,Q213,Czech Republic,Europe,Orthodox Europe,{}
Q745528,Q1878600,Q142,France,Europe,Catholic Europe,Very high human development
Q746018,Q221645,Q34,Sweden,Europe,Protestant Europe,Very high human development
Q746018,Q10498591,Q34,Sweden,Europe,Protestant Europe,Very high human development
Q746999,Q168751,Q30,United States,North America,English-speaking,Very high human development
Q746999,Q7591483,Q30,United States,North America,English-speaking,Very high human development
Q747284,Q273626,Q142,France,Europe,Catholic Europe,Very high human development
Q749498,Q650068,Q145,United Kingdom,Europe,English-speaking,Very high human development
Q749714,Q7969745,Q30,United States,North America,English-speaking,Very high human development
Q750036,Q1335573,Q30,United States,North America,English-speaking,Very high human development
Q750036,Q49213,Q30,United States,North America,English-speaking,Very high human development
Q750036,Q6665223,Q30,United States,North America,English-speaking,Very high human development
Q751234,Q739627,Q30,United States,North America,English-speaking,Very high human development
Q751234,Q5611381,Q30,United States,North America,English-speaking,Very high human development
Q758126,Q6099542,Q43,Turkey,Asia,West & South Asia,{}
Q758126,Q6101106,Q43,Turkey,Asia,West & South Asia,{}
Q758126,Q6098983,Q43,Turkey,Asia,West & South Asia,{}
Q758126,Q192964,Q43,Turkey,Asia,West & South Asia,{}
Q758879,Q1328372,Q17,Japan,Asia,West & South Asia,Very high human development
Q759024,Q49204,Q30,United States,North America,English-speaking,Very high human development
Q759024,Q391028,Q16,Canada,North America,English-speaking,Very high human development
Q759024,Q7995086,Q30,United States,North America,English-speaking,Very high human development
Q761152,Q739627,Q30,United States,North America,English-speaking,Very high human development
Q761152,Q738258,Q30,United States,North America,English-speaking,Very high human development
Q761453,Q13371,Q30,United States,North America,English-speaking,Very high human development
Q762719,Q308963,Q29,Spain,Europe,Catholic Europe,Very high human development
Q762719,Q768224,Q29,Spain,Europe,Catholic Europe,Very high human development
Q762719,Q21605566,Q29,Spain,Europe,Catholic Europe,Very high human development
Q763218,Q21578,Q30,United States,North America,English-speaking,Very high human development
Q763218,Q174710,Q30,United States,North America,English-speaking,Very high human development
Q764591,Q1140775,Q30,United States,North America,English-speaking,Very high human development
Q764591,Q766145,Q30,United States,North America,English-speaking,Very high human development
Q764800,Q21578,Q30,United States,North America,English-speaking,Very high human development
Q764800,Q49122,Q30,United States,North America,English-speaking,Very high human development
Q764800,Q4697711,Q30,United States,North America,English-speaking,Very high human development
Q764800,Q805285,Q145,United Kingdom,Europe,English-speaking,Very high human development
Q764889,Q194445,Q79,Egypt,Africa,African-Islamic,High human development
Q765363,Q2093794,Q30,United States,North America,English-speaking,Very high human development
Q765363,Q4891992,Q30,United States,North America,English-speaking,Very high human development
Q765423,Q41506,Q30,United States,North America,English-speaking,Very high human development
Q765423,Q7728756,Q30,United States,North America,English-speaking,Very high human development
Q765747,Q2983587,Q16,Canada,North America,English-speaking,Very high human development
Q765747,Q1109408,Q30,United States,North America,English-speaking,Very high human development
Q765747,Q326342,Q16,Canada,North America,English-speaking,Very high human development
Q765755,Q617433,Q30,United States,North America,English-speaking,Very high human development
Q765755,Q739627,Q30,United States,North America,English-speaking,Very high human development
Q765755,Q1204714,Q30,United States,North America,English-speaking,Very high human development
Q765755,Q16983719,Q30,United States,North America,English-speaking,Very high human development
Q766235,Q39311438,Q188712,,{},{},{}
Q766235,Q11448891,Q188712,,{},{},{}
Q766723,Q21578,Q30,United States,North America,English-speaking,Very high human development
Q766723,Q167733,Q30,United States,North America,English-speaking,Very high human development
Q767226,Q46492,Q17,Japan,Asia,West & South Asia,Very high human development
Q767439,Q15142,Q30,United States,North America,English-speaking,Very high human development
Q767547,Q859363,Q142,France,Europe,Catholic Europe,Very high human development
Q767547,Q3504022,Q142,France,Europe,Catholic Europe,Very high human development
Q767547,Q2496149,Q142,France,Europe,Catholic Europe,Very high human development
Q768038,Q332342,Q145,United Kingdom,Europe,English-speaking,Very high human development
Q768038,Q4638918,Q145,United Kingdom,Europe,English-speaking,Very high human development
Q768296,Q995265,Q30,United States,North America,English-speaking,Very high human development
Q768810,Q49119,Q30,United States,North America,English-speaking,Very high human development
Q770423,Q3100918,Q794,Iran,Asia,African-Islamic,{}
Q770929,Q1062928,Q17,Japan,Asia,West & South Asia,Very high human development
Q771270,Q160302,Q145,United Kingdom,Europe,English-speaking,Very high human development
Q771270,Q3047595,Q145,United Kingdom,Europe,English-speaking,Very high human development
Q771698,Q1902016,Q145,United Kingdom,Europe,English-speaking,Very high human development
Q771698,Q15693892,Q145,United Kingdom,Europe,English-speaking,Very high human development
Q772618,Q258464,Q27,Ireland,Europe,English-speaking,Very high human development
Q772618,Q1045828,Q145,United Kingdom,Europe,English-speaking,Very high human development
Q773389,Q547867,Q41,Greece,Europe,Orthodox Europe,Very high human development
Q773828,Q7270097,Q754,Trinidad and Tobago,South America,Latin America,Very high human development
Q774280,Q390287,Q28,Hungary,Europe,Catholic Europe,Very high human development
Q774280,Q1213238,Q28,Hungary,Europe,Catholic Europe,Very high human development
Q774860,Q49210,Q30,United States,North America,English-speaking,Very high human development
Q774860,Q371625,Q30,United States,North America,English-speaking,Very high human development
Q774860,Q5303215,Q30,United States,North America,English-speaking,Very high human development
Q774860,Q749421,Q30,United States,North America,English-speaking,Very high human development
Q776999,Q49119,Q30,United States,North America,English-speaking,Very high human development
Q776999,Q49115,Q30,United States,North America,English-speaking,Very high human development
Q776999,Q10749664,Q30,United States,North America,English-speaking,Very high human development
Q777354,Q734010,Q29,Spain,Europe,Catholic Europe,Very high human development
Q777354,Q50810225,Q29,Spain,Europe,Catholic Europe,Very high human development
Q777354,Q43452,Q29,Spain,Europe,Catholic Europe,Very high human development
Q777354,Q1229996,Q29,Spain,Europe,Catholic Europe,Very high human development
Q777354,Q43452,Q29,Spain,Europe,Catholic Europe,Very high human development
Q778585,Q5043948,Q30,United States,North America,English-speaking,Very high human development
Q778585,Q18151409,Q30,United States,North America,English-speaking,Very high human development
Q779248,Q46492,Q17,Japan,Asia,West & South Asia,Very high human development
Q780102,Q1399299,Q145,United Kingdom,Europe,English-speaking,Very high human development
Q780102,Q1143281,Q145,United Kingdom,Europe,English-speaking,Very high human development
Q780739,Q217741,Q30,United States,North America,English-speaking,Very high human development
Q781094,Q13371,Q30,United States,North America,English-speaking,Very high human development
Q782738,Q584919,Q29,Spain,Europe,Catholic Europe,Very high human development
Q782738,Q18393693,Q29,Spain,Europe,Catholic Europe,Very high human development
Q782813,Q21578,Q30,United States,North America,English-speaking,Very high human development
Q785550,Q49127,Q30,United States,North America,English-speaking,Very high human development
Q785550,Q9219,Q30,United States,North America,English-speaking,Very high human development
Q785550,Q333886,Q30,United States,North America,English-speaking,Very high human development
Q786616,Q13371,Q30,United States,North America,English-speaking,Very high human development
Q786616,Q49123,Q30,United States,North America,English-speaking,Very high human development
Q786616,Q1034225,Q30,United States,North America,English-speaking,Very high human development
Q786616,Q49129,Q30,United States,North America,English-speaking,Very high human development
Q786927,Q13371,Q30,United States,North America,English-speaking,Very high human development
Q791729,Q332498,Q30,United States,North America,English-speaking,Very high human development
Q792956,Q13371,Q30,United States,North America,English-speaking,Very high human development
Q792956,Q49088,Q30,United States,North America,English-speaking,Very high human development
Q792956,Q4673779,Q117,Ghana,Africa,Sub-Saharan Africa,Medium human development
Q792956,Q5149905,Q30,United States,North America,English-speaking,Very high human development
Q792956,Q872541,Q30,United States,North America,English-speaking,Very high human development
Q793895,Q1041671,Q30,United States,North America,English-speaking,Very high human development
Q794087,Q4041,Q142,France,Europe,Catholic Europe,Very high human development
Q794213,Q1623314,Q30,United States,North America,English-speaking,Very high human development
Q794213,Q5366867,Q30,United States,North America,English-speaking,Very high human development
Q794906,Q603686,Q148,People's Republic of China,Asia,Confucian,{}
Q794906,Q603686,Q1054923,,{},{},{}
Q796362,Q2093794,Q30,United States,North America,English-speaking,Very high human development
Q797649,Q167733,Q30,United States,North America,English-speaking,Very high human development
Q799227,Q1326230,Q17,Japan,Asia,West & South Asia,Very high human development
Q799543,Q2744209,Q145,United Kingdom,Europe,English-speaking,Very high human development
Q799543,Q4638918,Q145,United Kingdom,Europe,English-speaking,Very high human development
Q800187,Q20949323,Q79,Egypt,Africa,African-Islamic,High human development
Q807448,Q168756,Q30,United States,North America,English-speaking,Very high human development
Q808178,Q309350,Q30,United States,North America,English-speaking,Very high human development
Q809033,Q845768,Q30,United States,North America,English-speaking,Very high human development
Q809033,Q6858649,Q30,United States,North America,English-speaking,Very high human development
Q809050,Q49088,Q30,United States,North America,English-speaking,Very high human development
Q809050,Q1432645,Q30,United States,North America,English-speaking,Very high human development
Q809062,Q8039751,Q145,United Kingdom,Europe,English-speaking,Very high human development
Q809062,Q60286109,Q145,United Kingdom,Europe,English-speaking,Very high human development
Q809063,Q178848,Q30,United States,North America,English-speaking,Very high human development
Q809063,Q49210,Q30,United States,North America,English-speaking,Very high human development
Q809063,Q766145,Q30,United States,North America,English-speaking,Very high human development
Q816409,Q16896690,Q145,United Kingdom,Europe,English-speaking,Very high human development
Q816553,Q49114,Q30,United States,North America,English-speaking,Very high human development
Q817380,Q49117,Q30,United States,North America,English-speaking,Very high human development
Q817380,Q49210,Q30,United States,North America,English-speaking,Very high human development
Q817380,Q1592074,Q30,United States,North America,English-speaking,Very high human development
Q817585,Q13371,Q30,United States,North America,English-speaking,Very high human development
Q817585,Q1182421,Q30,United States,North America,English-speaking,Very high human development
Q817585,Q5149905,Q30,United States,North America,English-speaking,Very high human development
Q817585,Q906930,Q30,United States,North America,English-speaking,Very high human development
Q817587,Q49116,Q30,United States,North America,English-speaking,Very high human development
Q817587,Q49122,Q30,United States,North America,English-speaking,Very high human development
Q817587,Q7240724,Q117,Ghana,Africa,Sub-Saharan Africa,Medium human development
Q821018,Q1132066,Q142,France,Europe,Catholic Europe,Very high human development
Q822793,Q49112,Q30,United States,North America,English-speaking,Very high human development
Q822971,Q10274592,Q155,Brazil,South America,Latin America,High human development
Q822971,Q1857293,Q155,Brazil,South America,Latin America,High human development
Q823003,Q2667184,Q155,Brazil,South America,Latin America,High human development
Q823003,Q835960,Q155,Brazil,South America,Latin America,High human development
Q831125,Q472167,Q16,Canada,North America,English-speaking,Very high human development
Q831125,Q5614777,Q16,Canada,North America,English-speaking,Very high human development
Q831125,Q5030319,Q16,Canada,North America,English-speaking,Very high human development
Q835759,Q1326245,Q17,Japan,Asia,West & South Asia,Very high human development
Q838661,Q217741,Q30,United States,North America,English-speaking,Very high human development
Q838661,Q5759738,Q30,United States,North America,English-speaking,Very high human development
Q841464,Q3551832,Q17,Japan,Asia,West & South Asia,Very high human development
Q842334,Q534845,Q17,Japan,Asia,West & South Asia,Very high human development
Q843541,Q2904557,Q30,United States,North America,English-speaking,Very high human development
Q843699,Q1328372,Q17,Japan,Asia,West & South Asia,Very high human development
Q843830,Q274486,Q17,Japan,Asia,West & South Asia,Very high human development
Q843837,Q1781384,Q30,United States,North America,English-speaking,Very high human development
Q843837,Q7569568,Q30,United States,North America,English-speaking,Very high human development
Q844318,Q914024,Q17,Japan,Asia,West & South Asia,Very high human development
Q845622,Q1191132,Q17,Japan,Asia,West & South Asia,Very high human development
Q845622,Q2914024,Q17,Japan,Asia,West & South Asia,Very high human development
Q848530,Q1436699,Q17,Japan,Asia,West & South Asia,Very high human development
Q848716,Q3435687,Q148,People's Republic of China,Asia,Confucian,{}
Q848865,Q369333,Q17,Japan,Asia,West & South Asia,Very high human development
Q851805,Q4569311,Q30,United States,North America,English-speaking,Very high human development
Q852306,Q21578,Q30,United States,North America,English-speaking,Very high human development
Q852306,Q503246,Q30,United States,North America,English-speaking,Very high human development
Q854737,Q1062129,Q17,Japan,Asia,West & South Asia,Very high human development
Q856014,Q223429,Q145,United Kingdom,Europe,English-speaking,Very high human development
Q857714,Q608338,Q218,Romania,Europe,Catholic Europe,Very high human development
Q857714,Q2983884,Q218,Romania,Europe,Catholic Europe,Very high human development
Q859065,Q622664,Q30,United States,North America,English-speaking,Very high human development
Q859960,Q1143235,Q17,Japan,Asia,West & South Asia,Very high human development
Q860169,Q273626,Q142,France,Europe,Catholic Europe,Very high human development
Q860169,Q34433,Q145,United Kingdom,Europe,English-speaking,Very high human development
Q860169,Q192775,Q145,United Kingdom,Europe,English-speaking,Very high human development
Q860169,Q273523,Q142,France,Europe,Catholic Europe,Very high human development
Q861002,Q274486,Q17,Japan,Asia,West & South Asia,Very high human development
Q861482,Q309331,Q30,United States,North America,English-speaking,Very high human development
Q862329,Q1185955,Q30,United States,North America,English-speaking,Very high human development
Q862364,Q193196,Q145,United Kingdom,Europe,English-speaking,Very high human development
Q862364,Q432475,Q664,New Zealand,Australia,English-speaking,Very high human development
Q862364,Q5608461,Q664,New Zealand,Australia,English-speaking,Very high human development
Q862387,Q7171664,Q30,United States,North America,English-speaking,Very high human development
Q863049,Q15274445,Q145,United Kingdom,Europe,English-speaking,Very high human development
Q863049,Q2598272,Q145,United Kingdom,Europe,English-speaking,Very high human development
Q863049,Q6391780,Q145,United Kingdom,Europe,English-speaking,Very high human development
Q864327,Q6811784,Q408,Australia,Australia,English-speaking,Very high human development
Q866272,Q160302,Q145,United Kingdom,Europe,English-speaking,Very high human development
Q866496,Q1201513,Q664,New Zealand,Australia,English-speaking,Very high human development
Q871235,Q13344,Q142,France,Europe,Catholic Europe,Very high human development
Q872066,Q21578,Q30,United States,North America,English-speaking,Very high human development
Q879237,Q2008672,Q1033,Nigeria,Africa,Sub-Saharan Africa,Medium human development
Q879550,Q153978,Q183,Germany,Europe,Catholic Europe,Very high human development
Q879550,Q165980,Q40,Austria,Europe,Catholic Europe,Very high human development
Q881422,Q4855562,Q30,United States,North America,English-speaking,Very high human development
Q887050,Q1250779,Q159,Russia,Europe,Orthodox Europe,{}
Q887050,Q1250779,Q15180,,{},{},{}
Q890980,Q790029,Q145,United Kingdom,Europe,English-speaking,Very high human development
Q890980,Q5920836,Q145,United Kingdom,Europe,English-speaking,Very high human development
Q892108,Q49112,Q30,United States,North America,English-speaking,Very high human development
Q892108,Q1630782,Q30,United States,North America,English-speaking,Very high human development
Q892108,Q7587296,Q30,United States,North America,English-speaking,Very high human development
Q893138,Q21578,Q30,United States,North America,English-speaking,Very high human development
Q893138,Q217741,Q30,United States,North America,English-speaking,Very high human development
Q893138,Q1426464,Q30,United States,North America,English-speaking,Very high human development
Q893138,Q7502221,Q30,United States,North America,English-speaking,Very high human development
Q893781,Q192088,Q145,United Kingdom,Europe,English-speaking,Very high human development
Q893781,Q1094046,Q145,United Kingdom,Europe,English-speaking,Very high human development
Q893781,Q332342,Q145,United Kingdom,Europe,English-speaking,Very high human development
Q894981,Q13371,Q30,United States,North America,English-speaking,Very high human development
Q894981,Q49123,Q30,United States,North America,English-speaking,Very high human development
Q896344,Q49210,Q30,United States,North America,English-speaking,Very high human development
Q896817,Q49122,Q30,United States,North America,English-speaking,Very high human development
Q896817,Q15142,Q30,United States,North America,English-speaking,Very high human development
Q896817,Q906437,Q30,United States,North America,English-speaking,Very high human development
Q896846,Q230492,Q30,United States,North America,English-speaking,Very high human development
Q896846,Q1149089,Q30,United States,North America,English-speaking,Very high human development
Q896846,Q7056097,Q30,United States,North America,English-speaking,Very high human development
Q897008,Q52413,Q30,United States,North America,English-speaking,Very high human development
Q898322,Q34433,Q145,United Kingdom,Europe,English-speaking,Very high human development
Q898322,Q499510,Q145,United Kingdom,Europe,English-speaking,Very high human development
Q903331,Q457281,Q30,United States,North America,English-speaking,Very high human development
Q903331,Q432637,Q30,United States,North America,English-speaking,Very high human development
Q903331,Q1140040,Q30,United States,North America,English-speaking,Very high human development
Q903331,Q7864729,Q30,United States,North America,English-speaking,Very high human development
Q903331,Q1782724,Q30,United States,North America,English-speaking,Very high human development
Q904489,Q274486,Q17,Japan,Asia,West & South Asia,Very high human development
Q904686,Q1372362,Q17,Japan,Asia,West & South Asia,Very high human development
Q905323,Q1329478,Q213,Czech Republic,Europe,Orthodox Europe,{}
Q905323,Q1329478,Q33946,,{},{},{}
Q906193,Q3560910,Q145,United Kingdom,Europe,English-speaking,Very high human development
Q906814,Q3113694,Q17,Japan,Asia,West & South Asia,Very high human development
Q908571,Q1353679,Q30,United States,North America,English-speaking,Very high human development
Q908573,Q274486,Q17,Japan,Asia,West & South Asia,Very high human development
Q908592,Q14680312,Q30,United States,North America,English-speaking,Very high human development
Q909874,Q5763774,Q30,United States,North America,English-speaking,Very high human development
Q909874,Q112167838,Q30,United States,North America,English-speaking,Very high human development
Q910123,Q34433,Q145,United Kingdom,Europe,English-speaking,Very high human development
Q910538,Q41506,Q30,United States,North America,English-speaking,Very high human development
Q910800,Q7842344,Q30,United States,North America,English-speaking,Very high human development
Q910874,Q336264,Q17,Japan,Asia,West & South Asia,Very high human development
Q911939,Q201603,Q16,Canada,North America,English-speaking,Very high human development
Q912023,Q13371,Q30,United States,North America,English-speaking,Very high human development
Q912023,Q1426464,Q30,United States,North America,English-speaking,Very high human development
Q912791,Q7594090,Q145,United Kingdom,Europe,English-speaking,Very high human development
Q912801,Q1051840,Q30,United States,North America,English-speaking,Very high human development
Q912801,Q7691704,Q30,United States,North America,English-speaking,Very high human development
Q913061,Q49208,Q30,United States,North America,English-speaking,Very high human development
Q913061,Q5327960,Q30,United States,North America,English-speaking,Very high human development
Q913403,Q131252,Q30,United States,North America,English-speaking,Very high human development
Q917004,Q1045828,Q145,United Kingdom,Europe,English-speaking,Very high human development
Q917004,Q2275185,Q145,United Kingdom,Europe,English-speaking,Very high human development
Q917010,Q131252,Q30,United States,North America,English-speaking,Very high human development
Q917570,Q5303281,Q145,United Kingdom,Europe,English-speaking,Very high human development
Q918443,Q49114,Q30,United States,North America,English-speaking,Very high human development
Q918443,Q49108,Q30,United States,North America,English-speaking,Very high human development
Q918553,Q49213,Q30,United States,North America,English-speaking,Very high human development
Q918764,Q550376,Q796,Iraq,Asia,African-Islamic,Medium human development
Q919448,Q7570171,Q30,United States,North America,English-speaking,Very high human development
Q919448,Q10723329,Q30,United States,North America,English-speaking,Very high human development
Q919448,Q1143289,Q30,United States,North America,English-speaking,Very high human development
Q919448,Q4551367,Q30,United States,North America,English-speaking,Very high human development
Q919448,Q2035359,Q145,United Kingdom,Europe,English-speaking,Very high human development
Q919515,Q107236358,Q30,United States,North America,English-speaking,Very high human development
Q919835,Q270532,Q145,United Kingdom,Europe,English-speaking,Very high human development
Q919835,Q168756,Q30,United States,North America,English-speaking,Very high human development
Q919835,Q49115,Q30,United States,North America,English-speaking,Very high human development
Q919835,Q4666924,Q145,United Kingdom,Europe,English-speaking,Very high human development
Q920901,Q7227384,Q30,United States,North America,English-speaking,Very high human development
Q920901,Q7432601,Q30,United States,North America,English-speaking,Very high human development
Q920996,Q2274271,Q145,United Kingdom,Europe,English-speaking,Very high human development
Q921225,Q49167,Q30,United States,North America,English-speaking,Very high human development
Q921225,Q5149905,Q30,United States,North America,English-speaking,Very high human development
Q921435,Q193196,Q145,United Kingdom,Europe,English-speaking,Very high human development
Q921435,Q4673779,Q117,Ghana,Africa,Sub-Saharan Africa,Medium human development
Q921435,Q969850,Q30,United States,North America,English-speaking,Very high human development
Q921584,Q11543037,Q17,Japan,Asia,West & South Asia,Very high human development
Q921584,Q114951872,Q17,Japan,Asia,West & South Asia,Very high human development
Q921584,Q66133800,Q17,Japan,Asia,West & South Asia,Very high human development
Q921808,Q49114,Q30,United States,North America,English-speaking,Very high human development
Q921808,Q858729,Q30,United States,North America,English-speaking,Very high human development
Q921808,Q6755246,Q30,United States,North America,English-speaking,Very high human development
Q921808,Q5572178,Q30,United States,North America,English-speaking,Very high human development
Q921925,Q13371,Q30,United States,North America,English-speaking,Very high human development
Q921925,Q49123,Q30,United States,North America,English-speaking,Very high human development
Q921925,Q4884370,Q30,United States,North America,English-speaking,Very high human development
Q921925,Q6841942,Q30,United States,North America,English-speaking,Very high human development
Q922053,Q1521725,Q30,United States,North America,English-speaking,Very high human development
Q922345,Q11417445,Q17,Japan,Asia,West & South Asia,Very high human development
Q922457,Q622137,Q30,United States,North America,English-speaking,Very high human development
Q922457,Q5383283,Q30,United States,North America,English-speaking,Very high human development
Q922760,Q13371,Q30,United States,North America,English-speaking,Very high human development
Q922795,Q5917653,Q298,Chile,South America,Latin America,Very high human development
Q922795,Q5917653,Q298,Chile,South America,Latin America,Very high human development
Q922795,Q154804,Q183,Germany,Europe,Catholic Europe,Very high human development
Q922795,Q837320,Q241,Cuba,North America,Latin America,High human development
Q922795,Q182973,Q30,United States,North America,English-speaking,Very high human development
Q923019,Q1282917,Q403,Serbia,Europe,Orthodox Europe,Very high human development
Q923019,Q7131863,Q236,Montenegro,Europe,Orthodox Europe,Very high human development
Q923499,Q315658,Q36,Poland,Europe,Catholic Europe,Very high human development
Q923499,Q201492,Q16,Canada,North America,English-speaking,Very high human development
Q924430,Q204457,Q20,Norway,Europe,Protestant Europe,Very high human development
Q925520,Q842909,Q30,United States,North America,English-speaking,Very high human development
Q925520,Q182973,Q30,United States,North America,English-speaking,Very high human development
Q925520,Q7407644,Q30,United States,North America,English-speaking,Very high human development
Q926034,Q1143235,Q17,Japan,Asia,West & South Asia,Very high human development
Q926682,Q1474019,Q145,United Kingdom,Europe,English-speaking,Very high human development
Q927759,Q815432,Q17,Japan,Asia,West & South Asia,Very high human development
Q928940,Q12073297,Q34266,,{},{},{}
Q929268,Q4889700,Q30,United States,North America,English-speaking,Very high human development
Q929597,Q131252,Q30,United States,North America,English-speaking,Very high human development
Q930489,Q274486,Q17,Japan,Asia,West & South Asia,Very high human development
Q931105,Q579611,Q30,United States,North America,English-speaking,Very high human development
Q931105,Q1376987,Q145,United Kingdom,Europe,English-speaking,Very high human development
Q932891,Q84151,Q34266,,{},{},{}
Q932891,Q84151,Q15180,,{},{},{}
Q932891,Q84151,Q212,Ukraine,Europe,Orthodox Europe,High human development
Q933918,Q13371,Q30,United States,North America,English-speaking,Very high human development
Q933918,Q2982991,Q30,United States,North America,English-speaking,Very high human development
Q934642,Q168751,Q30,United States,North America,English-speaking,Very high human development
Q934642,Q193727,Q30,United States,North America,English-speaking,Very high human development
Q934682,Q1190852,Q262,Algeria,Africa,African-Islamic,High human development
Q934682,Q1190852,Q142,France,Europe,Catholic Europe,Very high human development
Q935706,Q52413,Q30,United States,North America,English-speaking,Very high human development
Q935706,Q49088,Q30,United States,North America,English-speaking,Very high human development
Q936028,Q52413,Q30,United States,North America,English-speaking,Very high human development
Q936028,Q49114,Q30,United States,North America,English-speaking,Very high human development
Q936028,Q7227302,Q30,United States,North America,English-speaking,Very high human development
Q936029,Q274486,Q17,Japan,Asia,West & South Asia,Very high human development
Q937000,Q193727,Q30,United States,North America,English-speaking,Very high human development
Q937232,Q5061175,Q30,United States,North America,English-speaking,Very high human development
Q937232,Q349055,Q30,United States,North America,English-speaking,Very high human development
Q937232,Q49210,Q30,United States,North America,English-speaking,Very high human development
Q937610,Q160302,Q145,United Kingdom,Europe,English-speaking,Very high human development
Q937610,Q1190812,Q30,United States,North America,English-speaking,Very high human development
Q937610,Q1190812,Q30,United States,North America,English-speaking,Very high human development
Q937610,Q49112,Q30,United States,North America,English-speaking,Very high human development
Q937610,Q49117,Q30,United States,North America,English-speaking,Very high human development
Q937697,Q180865,Q16,Canada,North America,English-speaking,Very high human development
Q937697,Q201492,Q16,Canada,North America,English-speaking,Very high human development
Q937697,Q849751,Q16,Canada,North America,English-speaking,Very high human development
Q937697,Q5939790,Q16,Canada,North America,English-speaking,Very high human development
Q937697,Q3578133,Q16,Canada,North America,English-speaking,Very high human development
Q937697,Q967165,Q145,United Kingdom,Europe,English-speaking,Very high human development
Q937697,Q2493808,Q16,Canada,North America,English-speaking,Very high human development
Q937835,Q7063655,Q30,United States,North America,English-speaking,Very high human development
Q938005,Q4852827,Q30,United States,North America,English-speaking,Very high human development
Q938710,Q192088,Q145,United Kingdom,Europe,English-speaking,Very high human development
Q938710,Q256754,Q145,United Kingdom,Europe,English-speaking,Very high human development
Q938710,Q4855220,Q869,Thailand,Asia,West & South Asia,High human development
Q939797,Q7842,Q17,Japan,Asia,West & South Asia,Very high human development
Q940105,Q1067935,Q16,Canada,North America,English-speaking,Very high human development
Q940902,Q49116,Q30,United States,North America,English-speaking,Very high human development
Q940902,Q49088,Q30,United States,North America,English-speaking,Very high human development
Q940902,Q5149905,Q30,United States,North America,English-speaking,Very high human development
Q940902,Q7660702,Q30,United States,North America,English-speaking,Very high human development
Q940958,Q174710,Q30,United States,North America,English-speaking,Very high human development
Q941334,Q49088,Q30,United States,North America,English-speaking,Very high human development
Q941334,Q5149905,Q30,United States,North America,English-speaking,Very high human development
Q941334,Q7501481,Q30,United States,North America,English-speaking,Very high human development
Q941794,Q5056937,Q30,United States,North America,English-speaking,Very high human development
Q941966,Q1376987,Q145,United Kingdom,Europe,English-speaking,Very high human development
Q941966,Q15238550,Q145,United Kingdom,Europe,English-speaking,Very high human development
Q942627,Q213439,Q30,United States,North America,English-speaking,Very high human development
Q942627,Q2620177,Q30,United States,North America,English-speaking,Very high human development
Q942636,Q61745566,Q29,Spain,Europe,Catholic Europe,Very high human development
Q942773,Q1190812,Q30,United States,North America,English-speaking,Very high human development
Q942773,Q10854154,Q30,United States,North America,English-speaking,Very high human development
Q943273,Q1411222,Q30,United States,North America,English-speaking,Very high human development
Q943273,Q590643,Q30,United States,North America,English-speaking,Very high human development
Q943567,Q131252,Q30,United States,North America,English-speaking,Very high human development
Q943567,Q1093910,Q30,United States,North America,English-speaking,Very high human development
Q943997,Q691283,Q145,United Kingdom,Europe,English-speaking,Very high human development
Q944204,Q7595066,Q27,Ireland,Europe,English-speaking,Very high human development
Q944409,Q838330,Q30,United States,North America,English-speaking,Very high human development
Q944894,Q1062129,Q17,Japan,Asia,West & South Asia,Very high human development
Q945893,Q139901,Q30,United States,North America,English-speaking,Very high human development
Q945929,Q880447,Q30,United States,North America,English-speaking,Very high human development
Q946031,Q2557355,Q16,Canada,North America,English-speaking,Very high human development
Q946031,Q1067935,Q16,Canada,North America,English-speaking,Very high human development
Q946237,Q533235,Q928,Philippines,Asia,West & South Asia,High human development
Q946237,Q308963,Q29,Spain,Europe,Catholic Europe,Very high human development
Q946237,Q219694,Q29,Spain,Europe,Catholic Europe,Very high human development
Q947012,Q219563,Q30,United States,North America,English-speaking,Very high human development
Q947012,Q168756,Q30,United States,North America,English-speaking,Very high human development
Q947986,Q5244175,Q30,United States,North America,English-speaking,Very high human development
Q948870,Q153265,Q30,United States,North America,English-speaking,Very high human development
Q948960,Q161562,Q30,United States,North America,English-speaking,Very high human development
Q949829,Q230492,Q30,United States,North America,English-speaking,Very high human development
Q950762,Q49112,Q30,United States,North America,English-speaking,Very high human development
Q950762,Q7571269,Q30,United States,North America,English-speaking,Very high human development
Q950762,Q7571292,Q30,United States,North America,English-speaking,Very high human development
Q950949,Q459506,Q145,United Kingdom,Europe,English-speaking,Very high human development
Q950949,Q981195,Q145,United Kingdom,Europe,English-speaking,Very high human development
Q950949,Q4865666,Q145,United Kingdom,Europe,English-speaking,Very high human development
Q951110,Q523926,Q145,United Kingdom,Europe,English-speaking,Very high human development
Q951886,Q846101,Q30,United States,North America,English-speaking,Very high human development
Q951886,Q49117,Q30,United States,North America,English-speaking,Very high human development
Q951963,Q13371,Q30,United States,North America,English-speaking,Very high human development
Q952614,Q3113011,Q30,United States,North America,English-speaking,Very high human development
Q953153,Q7208107,Q30,United States,North America,English-speaking,Very high human development
Q953153,Q6398487,Q30,United States,North America,English-speaking,Very high human development
Q953288,Q761534,Q30,United States,North America,English-speaking,Very high human development
Q953410,Q1256981,Q30,United States,North America,English-speaking,Very high human development
Q953410,Q7414060,Q30,United States,North America,English-speaking,Very high human development
Q953410,Q7073802,Q30,United States,North America,English-speaking,Very high human development
Q953849,Q2706734,Q145,United Kingdom,Europe,English-speaking,Very high human development
Q953849,Q7842960,Q145,United Kingdom,Europe,English-speaking,Very high human development
Q953962,Q49115,Q30,United States,North America,English-speaking,Very high human development
Q954383,Q2537765,Q145,United Kingdom,Europe,English-speaking,Very high human development
Q954383,Q2278254,Q145,United Kingdom,Europe,English-speaking,Very high human development
Q954686,Q1364550,Q79,Egypt,Africa,African-Islamic,High human development
Q954997,Q7791260,Q30,United States,North America,English-speaking,Very high human development
Q955586,Q503415,Q30,United States,North America,English-speaking,Very high human development
Q956187,Q766447,Q155,Brazil,South America,Latin America,High human development
Q956400,Q559549,Q30,United States,North America,English-speaking,Very high human development
Q956400,Q7110021,Q30,United States,North America,English-speaking,Very high human development
Q956459,Q1059546,Q142,France,Europe,Catholic Europe,Very high human development
Q957997,Q39311438,Q188712,,{},{},{}
Q957997,Q11448891,Q188712,,{},{},{}
Q959020,Q4673779,Q117,Ghana,Africa,Sub-Saharan Africa,Medium human development
Q959020,Q5588726,Q1033,Nigeria,Africa,Sub-Saharan Africa,Medium human development
Q959020,Q8046341,Q1033,Nigeria,Africa,Sub-Saharan Africa,Medium human development
Q959020,Q170027,Q145,United Kingdom,Europe,English-speaking,Very high human development
Q959699,Q5144760,Q145,United Kingdom,Europe,English-speaking,Very high human development
Q960088,Q999763,Q142,France,Europe,Catholic Europe,Very high human development
Q960088,Q13344,Q142,France,Europe,Catholic Europe,Very high human development
Q960491,Q223429,Q145,United Kingdom,Europe,English-speaking,Very high human development
Q960612,Q49115,Q30,United States,North America,English-speaking,Very high human development
Q960612,Q7739610,Q30,United States,North America,English-speaking,Very high human development
Q960862,Q1232428,Q29,Spain,Europe,Catholic Europe,Very high human development
Q961147,Q1878600,Q142,France,Europe,Catholic Europe,Very high human development
Q961263,Q6041382,Q736,Ecuador,South America,Latin America,High human development
Q961645,Q39311438,Q188712,,{},{},{}
Q961645,Q5365568,Q17,Japan,Asia,West & South Asia,Very high human development
Q961645,Q11525376,Q17,Japan,Asia,West & South Asia,Very high human development
Q962004,Q7739610,Q30,United States,North America,English-speaking,Very high human development
Q962004,Q7603617,Q30,United States,North America,English-speaking,Very high human development
Q962061,Q866012,Q408,Australia,Australia,English-speaking,Very high human development
Q962061,Q5135070,Q408,Australia,Australia,English-speaking,Very high human development
Q963625,Q1150437,Q664,New Zealand,Australia,English-speaking,Very high human development
Q963625,Q5950952,Q664,New Zealand,Australia,English-speaking,Very high human development
Q963727,Q49112,Q30,United States,North America,English-speaking,Very high human development
Q963727,Q168756,Q30,United States,North America,English-speaking,Very high human development
Q963727,Q4614,Q30,United States,North America,English-speaking,Very high human development
Q963727,Q1583249,Q30,United States,North America,English-speaking,Very high human development
Q963727,Q7252783,Q30,United States,North America,English-speaking,Very high human development
Q963799,Q4805286,Q145,United Kingdom,Europe,English-speaking,Very high human development
Q964037,Q1516779,Q55,Netherlands,Europe,Protestant Europe,Very high human development
Q964093,Q273518,Q142,France,Europe,Catholic Europe,Very high human development
Q964093,Q980688,Q142,France,Europe,Catholic Europe,Very high human development
Q964255,Q49213,Q30,United States,North America,English-speaking,Very high human development
Q964255,Q309350,Q30,United States,North America,English-speaking,Very high human development
Q964776,Q209842,Q142,France,Europe,Catholic Europe,Very high human development
Q964776,Q2383462,Q142,France,Europe,Catholic Europe,Very high human development
Q964815,Q49167,Q30,United States,North America,English-speaking,Very high human development
Q965359,Q926749,Q142,France,Europe,Catholic Europe,Very high human development
Q965456,Q7842960,Q145,United Kingdom,Europe,English-speaking,Very high human development
Q965456,Q5566738,Q145,United Kingdom,Europe,English-speaking,Very high human development
Q965927,Q337480,Q142,France,Europe,Catholic Europe,Very high human development
Q965935,Q83259,Q142,France,Europe,Catholic Europe,Very high human development
Q965935,Q1059546,Q142,France,Europe,Catholic Europe,Very high human development
Q966228,Q49213,Q30,United States,North America,English-speaking,Very high human development
Q966228,Q5135029,Q27,Ireland,Europe,English-speaking,Very high human development
Q966317,Q2093794,Q30,United States,North America,English-speaking,Very high human development
Q966317,Q4985841,Q30,United States,North America,English-speaking,Very high human development
Q966340,Q131252,Q30,United States,North America,English-speaking,Very high human development
Q966701,Q274486,Q17,Japan,Asia,West & South Asia,Very high human development
Q966725,Q49088,Q30,United States,North America,English-speaking,Very high human development
Q967627,Q2749572,Q30,United States,North America,English-speaking,Very high human development
Q967640,Q182973,Q30,United States,North America,English-speaking,Very high human development
Q967640,Q868421,Q30,United States,North America,English-speaking,Very high human development
Q968259,Q815432,Q17,Japan,Asia,West & South Asia,Very high human development
Q968565,Q739627,Q30,United States,North America,English-speaking,Very high human development
Q968715,Q3268638,Q142,France,Europe,Catholic Europe,Very high human development
Q969099,Q192334,Q30,United States,North America,English-speaking,Very high human development
Q969099,Q6773136,Q30,United States,North America,English-speaking,Very high human development
Q969321,Q471980,Q142,France,Europe,Catholic Europe,Very high human development
Q970120,Q7842,Q17,Japan,Asia,West & South Asia,Very high human development
Q970421,Q7842,Q17,Japan,Asia,West & South Asia,Very high human development
Q970649,Q209842,Q142,France,Europe,Catholic Europe,Very high human development
Q970649,Q3997334,Q739,Colombia,South America,Latin America,High human development
Q970649,Q4763699,Q739,Colombia,South America,Latin America,High human development
Q971735,Q1431541,Q142,France,Europe,Catholic Europe,Very high human development
Q972560,Q559549,Q30,United States,North America,English-speaking,Very high human development
Q972957,Q1026932,Q30,United States,North America,English-speaking,Very high human development
Q972967,Q41506,Q30,United States,North America,English-speaking,Very high human development
Q972967,Q178848,Q30,United States,North America,English-speaking,Very high human development
Q973500,Q2537765,Q145,United Kingdom,Europe,English-speaking,Very high human development
Q973500,Q7894634,Q145,United Kingdom,Europe,English-speaking,Very high human development
Q973713,Q899030,Q145,United Kingdom,Europe,English-speaking,Very high human development
Q973713,Q1247373,Q145,United Kingdom,Europe,English-speaking,Very high human development
Q973713,Q610999,Q145,United Kingdom,Europe,English-speaking,Very high human development
Q973734,Q21578,Q30,United States,North America,English-speaking,Very high human development
Q973791,Q160302,Q145,United Kingdom,Europe,English-speaking,Very high human development
Q973961,Q568554,Q142,France,Europe,Catholic Europe,Very high human development
Q974539,Q195668,Q145,United Kingdom,Europe,English-speaking,Very high human development
Q974539,Q1333399,Q145,United Kingdom,Europe,English-speaking,Very high human development
Q974539,Q867530,Q145,United Kingdom,Europe,English-speaking,Very high human development
Q974678,Q1068752,Q30,United States,North America,English-speaking,Very high human development
Q974852,Q714717,Q145,United Kingdom,Europe,English-speaking,Very high human development
Q974852,Q245247,Q145,United Kingdom,Europe,English-speaking,Very high human development
Q975273,Q112330406,Q188712,,{},{},{}
Q975273,Q11650420,Q17,Japan,Asia,West & South Asia,Very high human development
Q975273,Q11524659,Q17,Japan,Asia,West & South Asia,Very high human development
Q975273,Q5365568,Q17,Japan,Asia,West & South Asia,Very high human development
Q975994,Q49088,Q30,United States,North America,English-speaking,Very high human development
Q975994,Q49210,Q30,United States,North America,English-speaking,Very high human development
Q976059,Q230492,Q30,United States,North America,English-speaking,Very high human development
Q977066,Q230492,Q30,United States,North America,English-speaking,Very high human development
Q977066,Q911830,Q30,United States,North America,English-speaking,Very high human development
Q977651,Q487556,Q408,Australia,Australia,English-speaking,Very high human development
Q978830,Q41506,Q30,United States,North America,English-speaking,Very high human development
Q978830,Q168751,Q30,United States,North America,English-speaking,Very high human development
Q978830,Q14706355,Q30,United States,North America,English-speaking,Very high human development
Q978959,Q178848,Q30,United States,North America,English-speaking,Very high human development
Q978959,Q6465085,Q30,United States,North America,English-speaking,Very high human development
Q979076,Q213439,Q30,United States,North America,English-speaking,Very high human development
Q979076,Q1797768,Q30,United States,North America,English-speaking,Very high human development
Q979076,Q1321046,Q30,United States,North America,English-speaking,Very high human development
Q979076,Q5061193,Q30,United States,North America,English-speaking,Very high human development
Q979465,Q1026925,Q30,United States,North America,English-speaking,Very high human development
Q979465,Q6731911,Q30,United States,North America,English-speaking,Very high human development
Q980844,Q1093910,Q30,United States,North America,English-speaking,Very high human development
Q980958,Q49210,Q30,United States,North America,English-speaking,Very high human development
Q980958,Q7575953,Q30,United States,North America,English-speaking,Very high human development
Q981086,Q7595111,Q145,United Kingdom,Europe,English-speaking,Very high human development
Q981352,Q495330,Q17,Japan,Asia,West & South Asia,Very high human development
Q981852,Q160302,Q145,United Kingdom,Europe,English-speaking,Very high human development
Q982023,Q926749,Q142,France,Europe,Catholic Europe,Very high human development
Q982039,Q259388,Q142,France,Europe,Catholic Europe,Very high human development
Q982044,Q1391752,Q31,Belgium,Europe,Catholic Europe,Very high human development
Q982095,Q579968,Q30,United States,North America,English-speaking,Very high human development
Q982095,Q116485,Q30,United States,North America,English-speaking,Very high human development
Q982095,Q6480866,Q30,United States,North America,English-speaking,Very high human development
Q982133,Q21578,Q30,United States,North America,English-speaking,Very high human development
Q982133,Q4614,Q30,United States,North America,English-speaking,Very high human development
Q982133,Q1353679,Q30,United States,North America,English-speaking,Very high human development
Q982361,Q859363,Q142,France,Europe,Catholic Europe,Very high human development
Q982361,Q3577716,Q142,France,Europe,Catholic Europe,Very high human development
Q982414,Q6097677,Q43,Turkey,Asia,West & South Asia,{}
Q982414,Q1496662,Q43,Turkey,Asia,West & South Asia,{}
Q982575,Q46492,Q17,Japan,Asia,West & South Asia,Very high human development
Q982880,Q52413,Q30,United States,North America,English-speaking,Very high human development
Q982880,Q8171840,Q30,United States,North America,English-speaking,Very high human development
Q982880,Q7157226,Q30,United States,North America,English-speaking,Very high human development
Q983109,Q15142,Q30,United States,North America,English-speaking,Very high human development
Q983113,Q49112,Q30,United States,North America,English-speaking,Very high human development
Q983113,Q1426464,Q30,United States,North America,English-speaking,Very high human development
Q983113,Q7116316,Q30,United States,North America,English-speaking,Very high human development
Q983167,Q144488,Q36,Poland,Europe,Catholic Europe,Very high human development
Q983228,Q1150437,Q664,New Zealand,Australia,English-speaking,Very high human development
Q983233,Q2803035,Q55,Netherlands,Europe,Protestant Europe,Very high human development
Q983243,Q6806876,Q30,United States,North America,English-speaking,Very high human development
Q983243,Q309350,Q30,United States,North America,English-speaking,Very high human development
Q983249,Q319078,Q408,Australia,Australia,English-speaking,Very high human development
Q983421,Q13371,Q30,United States,North America,English-speaking,Very high human development
Q983421,Q7970213,Q30,United States,North America,English-speaking,Very high human development
Q983431,Q734764,Q408,Australia,Australia,English-speaking,Very high human development
Q983431,Q7865388,Q408,Australia,Australia,English-speaking,Very high human development
Q983544,Q681025,Q30,United States,North America,English-speaking,Very high human development
Q983672,Q795988,Q16,Canada,North America,English-speaking,Very high human development
Q983881,Q8024265,Q145,United Kingdom,Europe,English-speaking,Very high human development
Q983881,Q3360332,Q145,United Kingdom,Europe,English-speaking,Very high human development
Q983881,Q81173,Q145,United Kingdom,Europe,English-speaking,Very high human development
Q984352,Q223429,Q145,United Kingdom,Europe,English-speaking,Very high human development
Q984352,Q16897397,Q145,United Kingdom,Europe,English-speaking,Very high human development
Q984415,Q131252,Q30,United States,North America,English-speaking,Very high human development
Q984415,Q895457,Q30,United States,North America,English-speaking,Very high human development
Q984415,Q5449992,Q30,United States,North America,English-speaking,Very high human development
Q984452,Q2599077,Q30,United States,North America,English-speaking,Very high human development
Q984452,Q7198236,Q30,United States,North America,English-speaking,Very high human development
Q985992,Q274486,Q17,Japan,Asia,West & South Asia,Very high human development
Q986753,Q7842,Q17,Japan,Asia,West & South Asia,Very high human development
Q995016,Q745967,Q145,United Kingdom,Europe,English-speaking,Very high human development
Q995016,Q192088,Q145,United Kingdom,Europe,English-speaking,Very high human development
Q995016,Q5694214,Q145,United Kingdom,Europe,English-speaking,Very high human development
Q995688,Q495330,Q17,Japan,Asia,West & South Asia,Very high human development
Q996720,Q7842,Q17,Japan,Asia,West & South Asia,Very high human development
Q999726,Q41506,Q30,United States,North America,English-speaking,Very high human development
Q1002127,Q538452,Q218,Romania,Europe,Catholic Europe,Very high human development
Q1002882,Q390287,Q28,Hungary,Europe,Catholic Europe,Very high human development
Q1005559,Q5507694,Q17,Japan,Asia,West & South Asia,Very high human development
Q1021166,Q833961,Q148,People's Republic of China,Asia,Confucian,{}
Q1022460,Q5854907,Q414,Argentina,South America,Latin America,Very high human development
Q1026532,Q49210,Q30,United States,North America,English-speaking,Very high human development
Q1026532,Q1797768,Q30,United States,North America,English-speaking,Very high human development
Q1026532,Q5504210,Q30,United States,North America,English-speaking,Very high human development
Q1028359,Q766145,Q30,United States,North America,English-speaking,Very high human development
Q1028373,Q49117,Q30,United States,North America,English-speaking,Very high human development
Q1028373,Q5568261,Q30,United States,North America,English-speaking,Very high human development
Q1028991,Q34433,Q145,United Kingdom,Europe,English-speaking,Very high human development
Q1028991,Q180865,Q16,Canada,North America,English-speaking,Very high human development
Q1028991,Q7057025,Q16,Canada,North America,English-speaking,Very high human development
Q1029497,Q49206,Q30,United States,North America,English-speaking,Very high human development
Q1031167,Q391028,Q16,Canada,North America,English-speaking,Very high human development
Q1031167,Q681025,Q30,United States,North America,English-speaking,Very high human development
Q1031167,Q1190812,Q30,United States,North America,English-speaking,Very high human development
Q1031954,Q194445,Q79,Egypt,Africa,African-Islamic,High human development
Q1032009,Q49120,Q30,United States,North America,English-speaking,Very high human development
Q1032009,Q131252,Q30,United States,North America,English-speaking,Very high human development
Q1032009,Q969850,Q30,United States,North America,English-speaking,Very high human development
Q1032915,Q13371,Q30,United States,North America,English-speaking,Very high human development
Q1032915,Q797078,Q30,United States,North America,English-speaking,Very high human development
Q1038440,Q501758,Q30,United States,North America,English-speaking,Very high human development
Q1038466,Q336264,Q17,Japan,Asia,West & South Asia,Very high human development
Q1041766,Q1360303,Q30,United States,North America,English-speaking,Very high human development
Q1043099,Q600634,Q155,Brazil,South America,Latin America,High human development
Q1043323,Q368643,Q45,Portugal,Europe,Catholic Europe,Very high human development
Q1044175,Q2093794,Q30,United States,North America,English-speaking,Very high human development
Q1044447,Q391028,Q16,Canada,North America,English-speaking,Very high human development
Q1044457,Q7355544,Q145,United Kingdom,Europe,English-speaking,Very high human development
Q1044643,Q13572981,Q30,United States,North America,English-speaking,Very high human development
Q1044643,Q624090,Q30,United States,North America,English-speaking,Very high human development
Q1046243,Q49114,Q30,United States,North America,English-speaking,Very high human development
Q1046243,Q1439629,Q30,United States,North America,English-speaking,Very high human development
Q1046980,Q49121,Q30,United States,North America,English-speaking,Very high human development
Q1046980,Q7971641,Q30,United States,North America,English-speaking,Very high human development
Q1047108,Q616359,Q17,Japan,Asia,West & South Asia,Very high human development
Q1049096,Q1326230,Q17,Japan,Asia,West & South Asia,Very high human development
Q1049526,Q958696,Q17,Japan,Asia,West & South Asia,Very high human development
Q1050940,Q192775,Q145,United Kingdom,Europe,English-speaking,Very high human development
Q1050940,Q466029,Q183,Germany,Europe,Catholic Europe,Very high human development
Q1051093,Q391028,Q16,Canada,North America,English-speaking,Very high human development
Q1051441,Q11525400,Q17,Japan,Asia,West & South Asia,Very high human development
Q1053204,Q1321655,Q17,Japan,Asia,West & South Asia,Very high human development
Q1053363,Q12333820,Q35,Denmark,Europe,Protestant Europe,Very high human development
Q1053551,Q1323040,Q17,Japan,Asia,West & South Asia,Very high human development
Q1053737,Q7813901,Q17,Japan,Asia,West & South Asia,Very high human development
Q1054177,Q326342,Q16,Canada,North America,English-speaking,Very high human development
Q1054177,Q820887,Q38,Italy,Europe,Catholic Europe,Very high human development
Q1054177,Q849751,Q16,Canada,North America,English-speaking,Very high human development
Q1054177,Q967165,Q145,United Kingdom,Europe,English-speaking,Very high human development
Q1054177,Q180865,Q16,Canada,North America,English-speaking,Very high human development
Q1054177,Q16894066,Q16,Canada,North America,English-speaking,Very high human development
Q1054316,Q691851,Q38,Italy,Europe,Catholic Europe,Very high human development
Q1054731,Q20509755,Q12560,,{},{},{}
Q1054731,Q20509755,Q79,Egypt,Africa,African-Islamic,High human development
Q1055110,Q651233,Q17,Japan,Asia,West & South Asia,Very high human development
Q1055352,Q209344,Q38,Italy,Europe,Catholic Europe,Very high human development
Q1056256,Q616359,Q17,Japan,Asia,West & South Asia,Very high human development
Q1058570,Q49123,Q30,United States,North America,English-speaking,Very high human development
Q1058570,Q213439,Q30,United States,North America,English-speaking,Very high human development
Q1058570,Q7587431,Q30,United States,North America,English-speaking,Very high human development
Q1059572,Q194445,Q79,Egypt,Africa,African-Islamic,High human development
Q1059718,Q495330,Q17,Japan,Asia,West & South Asia,Very high human development
Q1059718,Q11422706,Q17,Japan,Asia,West & South Asia,Very high human development
Q1059718,Q81964276,Q17,Japan,Asia,West & South Asia,Very high human development
Q1059911,Q7562155,Q17,Japan,Asia,West & South Asia,Very high human development
Q1060636,Q6693219,Q30,United States,North America,English-speaking,Very high human development
Q1060636,Q49167,Q30,United States,North America,English-speaking,Very high human development
Q1060636,Q17012072,Q30,United States,North America,English-speaking,Very high human development
Q1061645,Q1068752,Q30,United States,North America,English-speaking,Very high human development
Q1062289,Q1091287,Q17,Japan,Asia,West & South Asia,Very high human development
Q1063851,Q7060402,Q30,United States,North America,English-speaking,Very high human development
Q1063851,Q7739610,Q30,United States,North America,English-speaking,Very high human development
Q1063855,Q129421,Q30,United States,North America,English-speaking,Very high human development
Q1063855,Q941731,Q30,United States,North America,English-speaking,Very high human development
Q1063855,Q7366451,Q30,United States,North America,English-speaking,Very high human development
Q1064052,Q578023,Q142,France,Europe,Catholic Europe,Very high human development
Q1064272,Q11647457,Q17,Japan,Asia,West & South Asia,Very high human development
Q1064272,Q11448366,Q17,Japan,Asia,West & South Asia,Very high human development
Q1064421,Q1152933,Q17,Japan,Asia,West & South Asia,Very high human development
Q1064421,Q11402705,Q17,Japan,Asia,West & South Asia,Very high human development
Q1064454,Q192334,Q30,United States,North America,English-speaking,Very high human development
Q1064454,Q1024426,Q30,United States,North America,English-speaking,Very high human development
Q1064454,Q620640,Q30,United States,North America,English-speaking,Very high human development
Q1065287,Q899030,Q145,United Kingdom,Europe,English-speaking,Very high human development
Q1065689,Q866012,Q408,Australia,Australia,English-speaking,Very high human development
Q1065801,Q20754971,Q31,Belgium,Europe,Catholic Europe,Very high human development
Q1065817,Q1070333,Q30,United States,North America,English-speaking,Very high human development
Q1065901,Q1472347,Q30,United States,North America,English-speaking,Very high human development
Q1065901,Q969850,Q30,United States,North America,English-speaking,Very high human development
Q1066407,Q49166,Q30,United States,North America,English-speaking,Very high human development
Q1066407,Q5071189,Q30,United States,North America,English-speaking,Very high human development
Q1066407,Q15032439,Q30,United States,North America,English-speaking,Very high human development
Q1066431,Q7128010,Q30,United States,North America,English-speaking,Very high human development
Q1066666,Q1137665,Q31,Belgium,Europe,Catholic Europe,Very high human development
Q1066666,Q1137665,Q29999,Kingdom of the Netherlands,Europe,Protestant Europe,{}
Q1066666,Q1137665,Q31,Belgium,Europe,Catholic Europe,Very high human development
Q1067552,Q743615,Q17,Japan,Asia,West & South Asia,Very high human development
Q1070628,Q7895469,Q145,United Kingdom,Europe,English-speaking,Very high human development
Q1070628,Q192775,Q145,United Kingdom,Europe,English-speaking,Very high human development
Q1070662,Q738258,Q30,United States,North America,English-speaking,Very high human development
Q1071789,Q1250779,Q159,Russia,Europe,Orthodox Europe,{}
Q1071789,Q1250779,Q15180,,{},{},{}
Q1072569,Q7842,Q17,Japan,Asia,West & South Asia,Very high human development
Q1072588,Q651233,Q17,Japan,Asia,West & South Asia,Very high human development
Q1072604,Q274486,Q17,Japan,Asia,West & South Asia,Very high human development
Q1072659,Q1323040,Q17,Japan,Asia,West & South Asia,Very high human development
Q1072923,Q1026926,Q30,United States,North America,English-speaking,Very high human development
Q1072923,Q1026925,Q30,United States,North America,English-speaking,Very high human development
Q1076930,Q13371,Q30,United States,North America,English-speaking,Very high human development
Q1076930,Q501758,Q30,United States,North America,English-speaking,Very high human development
Q1076930,Q1034225,Q30,United States,North America,English-speaking,Very high human development
Q1076930,Q1061104,Q30,United States,North America,English-speaking,Very high human development
Q1076935,Q4614,Q30,United States,North America,English-speaking,Very high human development
Q1076935,Q6005644,Q1033,Nigeria,Africa,Sub-Saharan Africa,Medium human development
Q1076935,Q375606,Q145,United Kingdom,Europe,English-speaking,Very high human development
Q1076935,Q4614,Q30,United States,North America,English-speaking,Very high human development
Q1076935,Q6005644,Q1033,Nigeria,Africa,Sub-Saharan Africa,Medium human development
Q1076935,Q170027,Q145,United Kingdom,Europe,English-speaking,Very high human development
Q1077057,Q1026932,Q30,United States,North America,English-speaking,Very high human development
Q1077103,Q805285,Q145,United Kingdom,Europe,English-speaking,Very high human development
Q1077103,Q5304514,Q145,United Kingdom,Europe,English-speaking,Very high human development
Q1077137,Q1278253,Q30,United States,North America,English-speaking,Very high human development
Q1077566,Q49207,Q30,United States,North America,English-speaking,Very high human development
Q1077730,Q230899,Q145,United Kingdom,Europe,English-speaking,Very high human development
Q1077730,Q49117,Q30,United States,North America,English-speaking,Very high human development
Q1077730,Q1474019,Q145,United Kingdom,Europe,English-speaking,Very high human development
Q1079574,Q457281,Q30,United States,North America,English-speaking,Very high human development
Q1080528,Q1542386,Q35,Denmark,Europe,Protestant Europe,Very high human development
Q1081888,Q184478,Q30,United States,North America,English-speaking,Very high human development
Q1085452,Q1195900,Q17,Japan,Asia,West & South Asia,Very high human development
Q1086549,Q49112,Q30,United States,North America,English-speaking,Very high human development
Q1086549,Q130965,Q30,United States,North America,English-speaking,Very high human development
Q1086549,Q3399544,Q30,United States,North America,English-speaking,Very high human development
Q1086549,Q6273029,Q30,United States,North America,English-speaking,Very high human development
Q1086776,Q962011,Q408,Australia,Australia,English-speaking,Very high human development
Q1086776,Q7595622,Q408,Australia,Australia,English-speaking,Very high human development
Q1086932,Q49114,Q30,United States,North America,English-speaking,Very high human development
Q1086932,Q797078,Q30,United States,North America,English-speaking,Very high human development
Q1086932,Q6080950,Q30,United States,North America,English-speaking,Very high human development
Q1087071,Q3381488,Q145,United Kingdom,Europe,English-speaking,Very high human development
Q1087071,Q6410900,Q145,United Kingdom,Europe,English-speaking,Very high human development
Q1087071,Q35794,Q145,United Kingdom,Europe,English-speaking,Very high human development
Q1087887,Q1142082,Q17,Japan,Asia,West & South Asia,Very high human development
Q1090406,Q4985404,Q30,United States,North America,English-speaking,Very high human development
Q1090406,Q1026925,Q30,United States,North America,English-speaking,Very high human development
Q1091123,Q815432,Q17,Japan,Asia,West & South Asia,Very high human development
Q1091150,Q201492,Q16,Canada,North America,English-speaking,Very high human development
Q1091150,Q1357891,Q30,United States,North America,English-speaking,Very high human development
Q1091150,Q640694,Q16,Canada,North America,English-speaking,Very high human development
Q1092277,Q46492,Q17,Japan,Asia,West & South Asia,Very high human development
Q1093783,Q11448543,Q17,Japan,Asia,West & South Asia,Very high human development
Q1093783,Q11363637,Q17,Japan,Asia,West & South Asia,Very high human development
Q1093783,Q11512341,Q17,Japan,Asia,West & South Asia,Very high human development
Q1093783,Q11655231,Q17,Japan,Asia,West & South Asia,Very high human development
Q1096768,Q392189,Q16,Canada,North America,English-speaking,Very high human development
Q1097274,Q503419,Q30,United States,North America,English-speaking,Very high human development
Q1097274,Q739627,Q30,United States,North America,English-speaking,Very high human development
Q1098512,Q1326245,Q17,Japan,Asia,West & South Asia,Very high human development
Q1098512,Q8046424,Q17,Japan,Asia,West & South Asia,Very high human development
Q1099318,Q309331,Q30,United States,North America,English-speaking,Very high human development
Q1099987,Q622683,Q40,Austria,Europe,Catholic Europe,Very high human development
Q1100849,Q877925,Q145,United Kingdom,Europe,English-speaking,Very high human development
Q1100849,Q1045828,Q145,United Kingdom,Europe,English-speaking,Very high human development
Q1101228,Q49112,Q30,United States,North America,English-speaking,Very high human development
Q1101228,Q664881,Q30,United States,North America,English-speaking,Very high human development
Q1101262,Q1227526,Q145,United Kingdom,Europe,English-speaking,Very high human development
Q1102013,Q1326230,Q17,Japan,Asia,West & South Asia,Very high human development
Q1103301,Q192334,Q30,United States,North America,English-speaking,Very high human development
Q1103301,Q14708089,Q30,United States,North America,English-speaking,Very high human development
Q1108068,Q2983698,Q142,France,Europe,Catholic Europe,Very high human development
Q1108453,Q7743384,Q145,United Kingdom,Europe,English-speaking,Very high human development
Q1108495,Q579611,Q30,United States,North America,English-speaking,Very high human development
Q1108495,Q7989734,Q30,United States,North America,English-speaking,Very high human development
Q1108739,Q192088,Q145,United Kingdom,Europe,English-speaking,Very high human development
Q1110463,Q1760791,Q145,United Kingdom,Europe,English-speaking,Very high human development
Q1110463,Q7592308,Q145,United Kingdom,Europe,English-speaking,Very high human development
Q1111769,Q223429,Q145,United Kingdom,Europe,English-speaking,Very high human development
Q1115121,Q5576249,Q30,United States,North America,English-speaking,Very high human development
Q1115121,Q182973,Q30,United States,North America,English-speaking,Very high human development
Q1115121,Q1075339,Q30,United States,North America,English-speaking,Very high human development
Q1116251,Q201603,Q16,Canada,North America,English-speaking,Very high human development
Q1116251,Q1041737,Q16,Canada,North America,English-speaking,Very high human development
Q1116251,Q1067471,Q16,Canada,North America,English-speaking,Very high human development
Q1118750,Q235034,Q30,United States,North America,English-speaking,Very high human development
Q1122051,Q81162,Q145,United Kingdom,Europe,English-speaking,Very high human development
Q1122051,Q1227526,Q145,United Kingdom,Europe,English-speaking,Very high human development
Q1122051,Q5144677,Q145,United Kingdom,Europe,English-speaking,Very high human development
Q1122303,Q805285,Q145,United Kingdom,Europe,English-speaking,Very high human development
Q1124931,Q1760438,Q30,United States,North America,English-speaking,Very high human development
Q1127989,Q151510,Q183,Germany,Europe,Catholic Europe,Very high human development
Q1127989,Q608338,Q218,Romania,Europe,Catholic Europe,Very high human development
Q1131856,Q6806876,Q30,United States,North America,English-speaking,Very high human development
Q1131856,Q14688280,Q30,United States,North America,English-speaking,Very high human development
Q1135505,Q11524677,Q17,Japan,Asia,West & South Asia,Very high human development
Q1137066,Q13371,Q30,United States,North America,English-speaking,Very high human development
Q1137066,Q49210,Q30,United States,North America,English-speaking,Very high human development
Q1137066,Q5244175,Q30,United States,North America,English-speaking,Very high human development
Q1137821,Q49112,Q30,United States,North America,English-speaking,Very high human development
Q1137821,Q1630782,Q30,United States,North America,English-speaking,Very high human development
Q1137821,Q4892294,Q30,United States,North America,English-speaking,Very high human development
Q1137821,Q3303928,Q30,United States,North America,English-speaking,Very high human development
Q1139463,Q132140,Q155,Brazil,South America,Latin America,High human development
Q1140408,Q222738,Q96,Mexico,North America,Latin America,High human development
Q1140408,Q1472358,Q30,United States,North America,English-speaking,Very high human development
Q1140743,Q159102,Q155,Brazil,South America,Latin America,High human development
Q1142761,Q1062928,Q17,Japan,Asia,West & South Asia,Very high human development
Q1142761,Q6294477,Q17,Japan,Asia,West & South Asia,Very high human development
Q1143660,Q587503,Q17,Japan,Asia,West & South Asia,Very high human development
Q1148078,Q860450,Q145,United Kingdom,Europe,English-speaking,Very high human development
Q1148083,Q160302,Q145,United Kingdom,Europe,English-speaking,Very high human development
Q1148083,Q193196,Q145,United Kingdom,Europe,English-speaking,Very high human development
Q1150122,Q1127338,Q39,Switzerland,Europe,Catholic Europe,Very high human development
Q1150163,Q3268972,Q142,France,Europe,Catholic Europe,Very high human development
Q1151388,Q49167,Q30,United States,North America,English-speaking,Very high human development
Q1151388,Q182973,Q30,United States,North America,English-speaking,Very high human development
Q1151388,Q258464,Q27,Ireland,Europe,English-speaking,Very high human development
Q1151724,Q6101106,Q43,Turkey,Asia,West & South Asia,{}
Q1152905,Q192334,Q30,United States,North America,English-speaking,Very high human development
Q1152905,Q65379,Q30,United States,North America,English-speaking,Very high human development
Q1152905,Q7934604,Q30,United States,North America,English-speaking,Very high human development
Q1153256,Q1339626,Q30,United States,North America,English-speaking,Very high human development
Q1154316,Q2661290,Q142,France,Europe,Catholic Europe,Very high human development
Q1154316,Q19888178,Q1037,Rwanda,Africa,Sub-Saharan Africa,Medium human development
Q1156074,Q952960,Q399,Armenia,Asia,Orthodox Europe,Very high human development
Q1157861,Q1795487,Q30,United States,North America,English-speaking,Very high human development
Q1158494,Q1180978,Q408,Australia,Australia,English-speaking,Very high human development
Q1159062,Q192334,Q30,United States,North America,English-speaking,Very high human development
Q1159091,Q6867974,Q30,United States,North America,English-speaking,Very high human development
Q1159094,Q7842,Q17,Japan,Asia,West & South Asia,Very high human development
Q1159871,Q1190812,Q30,United States,North America,English-speaking,Very high human development
Q1160619,Q1521725,Q30,United States,North America,English-speaking,Very high human development
Q1160785,Q5330110,Q30,United States,North America,English-speaking,Very high human development
Q1161320,Q28695,Q33,Finland,Europe,Catholic Europe,Very high human development
Q1163210,Q182973,Q30,United States,North America,English-speaking,Very high human development
Q1163210,Q52413,Q30,United States,North America,English-speaking,Very high human development
Q1163833,Q174158,Q801,Israel,Asia,West & South Asia,Very high human development
Q1165217,Q5147620,Q790,Haiti,North America,Latin America,Medium human development
Q1165426,Q193196,Q145,United Kingdom,Europe,English-speaking,Very high human development
Q1165426,Q4614,Q30,United States,North America,English-speaking,Very high human development
Q1165426,Q1360237,Q1028,Morocco,Africa,African-Islamic,High human development
Q1165505,Q391028,Q16,Canada,North America,English-speaking,Very high human development
Q1165624,Q13371,Q30,United States,North America,English-speaking,Very high human development
Q1165624,Q6858649,Q30,United States,North America,English-speaking,Very high human development
Q1165731,Q21578,Q30,United States,North America,English-speaking,Very high human development
Q1165731,Q168756,Q30,United States,North America,English-speaking,Very high human development
Q1165735,Q835960,Q155,Brazil,South America,Latin America,High human development
Q1166012,Q2302336,Q30,United States,North America,English-speaking,Very high human development
Q1167088,Q13371,Q30,United States,North America,English-speaking,Very high human development
Q1173398,Q332498,Q30,United States,North America,English-speaking,Very high human development
Q1173398,Q1029431,Q30,United States,North America,English-speaking,Very high human development
Q1173565,Q82513,Q145,United Kingdom,Europe,English-speaking,Very high human development
Q1174351,Q273263,Q183,Germany,Europe,Catholic Europe,Very high human development
Q1174481,Q49112,Q30,United States,North America,English-speaking,Very high human development
Q1174481,Q49122,Q30,United States,North America,English-speaking,Very high human development
Q1174481,Q7896498,Q16,Canada,North America,English-speaking,Very high human development
Q1174539,Q1026939,Q30,United States,North America,English-speaking,Very high human development
Q1174539,Q4008476,Q30,United States,North America,English-speaking,Very high human development
Q1174539,Q6682369,Q30,United States,North America,English-speaking,Very high human development
Q1174548,Q180865,Q16,Canada,North America,English-speaking,Very high human development
Q1174548,Q1542352,Q16,Canada,North America,English-speaking,Very high human development
Q1174564,Q1420239,Q30,United States,North America,English-speaking,Very high human development
Q1174564,Q15277837,Q30,United States,North America,English-speaking,Very high human development
Q1174627,Q219563,Q30,United States,North America,English-speaking,Very high human development
Q1174627,Q7366451,Q30,United States,North America,English-speaking,Very high human development
Q1174627,Q3236113,Q30,United States,North America,English-speaking,Very high human development
Q1174815,Q13371,Q30,United States,North America,English-speaking,Very high human development
Q1174815,Q924289,Q145,United Kingdom,Europe,English-speaking,Very high human development
Q1174815,Q49123,Q30,United States,North America,English-speaking,Very high human development
Q1174815,Q7586750,Q30,United States,North America,English-speaking,Very high human development
Q1175073,Q860527,Q30,United States,North America,English-speaking,Very high human development
Q1175150,Q49112,Q30,United States,North America,English-speaking,Very high human development
Q1175150,Q5618905,Q30,United States,North America,English-speaking,Very high human development
Q1175302,Q617433,Q30,United States,North America,English-speaking,Very high human development
Q1175302,Q49088,Q30,United States,North America,English-speaking,Very high human development
Q1175302,Q1509333,Q30,United States,North America,English-speaking,Very high human development
Q1175967,Q180865,Q16,Canada,North America,English-speaking,Very high human development
Q1176073,Q1888771,Q145,United Kingdom,Europe,English-speaking,Very high human development
Q1176199,Q81162,Q145,United Kingdom,Europe,English-speaking,Very high human development
Q1176199,Q192088,Q145,United Kingdom,Europe,English-speaking,Very high human development
Q1176217,Q777403,Q30,United States,North America,English-speaking,Very high human development
Q1176836,Q192088,Q145,United Kingdom,Europe,English-speaking,Very high human development
Q1176836,Q924289,Q145,United Kingdom,Europe,English-speaking,Very high human development
Q1176847,Q1264867,Q145,United Kingdom,Europe,English-speaking,Very high human development
Q1176950,Q41506,Q30,United States,North America,English-speaking,Very high human development
Q1176950,Q1887879,Q30,United States,North America,English-speaking,Very high human development
Q1176950,Q49115,Q30,United States,North America,English-speaking,Very high human development
Q1176950,Q492318,Q30,United States,North America,English-speaking,Very high human development
Q1177006,Q844673,Q30,United States,North America,English-speaking,Very high human development
Q1177006,Q613736,Q30,United States,North America,English-speaking,Very high human development
Q1177114,Q168756,Q30,United States,North America,English-speaking,Very high human development
Q1177138,Q842909,Q30,United States,North America,English-speaking,Very high human development
Q1177138,Q7414341,Q30,United States,North America,English-speaking,Very high human development
Q1177322,Q736674,Q30,United States,North America,English-speaking,Very high human development
Q1181085,Q766145,Q30,United States,North America,English-speaking,Very high human development
Q1181085,Q498526,Q30,United States,North America,English-speaking,Very high human development
Q1189056,Q7141532,Q30,United States,North America,English-speaking,Very high human development
Q1189056,Q7199570,Q30,United States,North America,English-speaking,Very high human development
Q1189280,Q168751,Q30,United States,North America,English-speaking,Very high human development
Q1189280,Q579968,Q30,United States,North America,English-speaking,Very high human development
Q1190579,Q13371,Q30,United States,North America,English-speaking,Very high human development
Q1190579,Q49123,Q30,United States,North America,English-speaking,Very high human development
Q1190579,Q14715768,Q30,United States,North America,English-speaking,Very high human development
Q1190926,Q49088,Q30,United States,North America,English-speaking,Very high human development
Q1190926,Q15142,Q30,United States,North America,English-speaking,Very high human development
Q1190926,Q1321380,Q30,United States,North America,English-speaking,Very high human development
Q1190926,Q5604444,Q30,United States,North America,English-speaking,Very high human development
Q1191104,Q1247373,Q145,United Kingdom,Europe,English-speaking,Very high human development
Q1191142,Q841999,Q17,Japan,Asia,West & South Asia,Very high human development
Q1191514,Q495330,Q17,Japan,Asia,West & South Asia,Very high human development
Q1192277,Q219563,Q30,United States,North America,English-speaking,Very high human development
Q1192885,Q1206658,Q30,United States,North America,English-speaking,Very high human development
Q1193270,Q13371,Q30,United States,North America,English-speaking,Very high human development
Q1193270,Q7842,Q17,Japan,Asia,West & South Asia,Very high human development
Q1193871,Q579968,Q30,United States,North America,English-speaking,Very high human development
Q1193871,Q14705363,Q30,United States,North America,English-speaking,Very high human development
Q1193871,Q6473203,Q30,United States,North America,English-speaking,Very high human development
Q1196609,Q1372362,Q17,Japan,Asia,West & South Asia,Very high human development
Q1197320,Q616359,Q17,Japan,Asia,West & South Asia,Very high human development
Q1197320,Q11661252,Q17,Japan,Asia,West & South Asia,Very high human development
Q1199836,Q1111367,Q30,United States,North America,English-speaking,Very high human development
Q1199836,Q1278253,Q30,United States,North America,English-speaking,Very high human development
Q1207120,Q336264,Q17,Japan,Asia,West & South Asia,Very high human development
Q1207120,Q274486,Q17,Japan,Asia,West & South Asia,Very high human development
Q1207530,Q386203,Q17,Japan,Asia,West & South Asia,Very high human development
Q1208781,Q951946,Q145,United Kingdom,Europe,English-speaking,Very high human development
Q1208990,Q41506,Q30,United States,North America,English-speaking,Very high human development
Q1208990,Q49205,Q30,United States,North America,English-speaking,Very high human development
Q1215607,Q1378320,Q30,United States,North America,English-speaking,Very high human development
Q1215723,Q131262,Q38,Italy,Europe,Catholic Europe,Very high human development
Q1216039,Q2667184,Q155,Brazil,South America,Latin America,High human development
Q1216039,Q5428830,Q155,Brazil,South America,Latin America,High human development
Q1217640,Q7996977,Q30,United States,North America,English-speaking,Very high human development
Q1221893,Q1298529,Q30,United States,North America,English-speaking,Very high human development
Q1225086,Q21578,Q30,United States,North America,English-speaking,Very high human development
Q1225086,Q7791268,Q30,United States,North America,English-speaking,Very high human development
Q1228133,Q49117,Q30,United States,North America,English-speaking,Very high human development
Q1230637,Q1026932,Q30,United States,North America,English-speaking,Very high human development
Q1230637,Q49110,Q30,United States,North America,English-speaking,Very high human development
Q1230705,Q273605,Q142,France,Europe,Catholic Europe,Very high human development
Q1230753,Q49210,Q30,United States,North America,English-speaking,Very high human development
Q1230753,Q371625,Q30,United States,North America,English-speaking,Very high human development
Q1230809,Q7271133,Q408,Australia,Australia,English-speaking,Very high human development
Q1231493,Q73094,Q145,United Kingdom,Europe,English-speaking,Very high human development
Q1233018,Q1276338,Q145,United Kingdom,Europe,English-speaking,Very high human development
Q1233018,Q34433,Q145,United Kingdom,Europe,English-speaking,Very high human development
Q1234248,Q926749,Q142,France,Europe,Catholic Europe,Very high human development
Q1235215,Q7159068,Q30,United States,North America,English-speaking,Very high human development
Q1235251,Q219317,Q38,Italy,Europe,Catholic Europe,Very high human development
Q1236131,Q1664782,Q142,France,Europe,Catholic Europe,Very high human development
Q1236772,Q182973,Q30,United States,North America,English-speaking,Very high human development
Q1236772,Q309350,Q30,United States,North America,English-speaking,Very high human development
Q1236772,Q182973,Q30,United States,North America,English-speaking,Very high human development
Q1236772,Q106763970,Q30,United States,North America,English-speaking,Very high human development
Q1237856,Q3064325,Q142,France,Europe,Catholic Europe,Very high human development
Q1237904,Q738236,Q334,Singapore,Asia,Confucian,Very high human development
Q1238567,Q3268602,Q142,France,Europe,Catholic Europe,Very high human development
Q1238574,Q859363,Q142,France,Europe,Catholic Europe,Very high human development
Q1238593,Q3064325,Q142,France,Europe,Catholic Europe,Very high human development
Q1238602,Q83259,Q142,France,Europe,Catholic Europe,Very high human development
Q1238602,Q1059546,Q142,France,Europe,Catholic Europe,Very high human development
Q1238618,Q20754971,Q31,Belgium,Europe,Catholic Europe,Very high human development
Q1238811,Q6391891,Q30,United States,North America,English-speaking,Very high human development
Q1239116,Q1622152,Q39,Switzerland,Europe,Catholic Europe,Very high human development
Q1239670,Q13371,Q30,United States,North America,English-speaking,Very high human development
Q1239670,Q2599077,Q30,United States,North America,English-speaking,Very high human development
Q1239798,Q29052,Q30,United States,North America,English-speaking,Very high human development
Q1240267,Q309331,Q30,United States,North America,English-speaking,Very high human development
Q1240467,Q238101,Q30,United States,North America,English-speaking,Very high human development
Q1240486,Q5729651,Q30,United States,North America,English-speaking,Very high human development
Q1240552,Q274486,Q17,Japan,Asia,West & South Asia,Very high human development
Q1241451,Q194445,Q79,Egypt,Africa,African-Islamic,High human development
Q1241451,Q15142,Q30,United States,North America,English-speaking,Very high human development
Q1241759,Q13371,Q30,United States,North America,English-speaking,Very high human development
Q1241759,Q5169462,Q30,United States,North America,English-speaking,Very high human development
Q1242472,Q7971186,Q145,United Kingdom,Europe,English-speaking,Very high human development
Q1242472,Q760967,Q145,United Kingdom,Europe,English-speaking,Very high human development
Q1242948,Q49207,Q30,United States,North America,English-speaking,Very high human development
Q1242948,Q7603627,Q30,United States,North America,English-speaking,Very high human development
Q1243147,Q780745,Q145,United Kingdom,Europe,English-speaking,Very high human development
Q1243147,Q2275185,Q145,United Kingdom,Europe,English-speaking,Very high human development
Q1243368,Q46210,Q38,Italy,Europe,Catholic Europe,Very high human development
Q1243441,Q49117,Q30,United States,North America,English-speaking,Very high human development
Q1243441,Q49117,Q30,United States,North America,English-speaking,Very high human development
Q1243441,Q49117,Q30,United States,North America,English-speaking,Very high human development
Q1243973,Q3403302,Q145,United Kingdom,Europe,English-speaking,Very high human development
Q1243973,Q8049356,Q145,United Kingdom,Europe,English-speaking,Very high human development
Q1245984,Q3577716,Q142,France,Europe,Catholic Europe,Very high human development
Q1246353,Q5166453,Q30,United States,North America,English-speaking,Very high human development
Q1246921,Q49166,Q30,United States,North America,English-speaking,Very high human development
Q1246921,Q8047423,Q30,United States,North America,English-speaking,Very high human development
Q1248054,Q49088,Q30,United States,North America,English-speaking,Very high human development
Q1248648,Q2639520,Q183,Germany,Europe,Catholic Europe,Very high human development
Q1249485,Q81153,Q145,United Kingdom,Europe,English-speaking,Very high human development
Q1251800,Q13371,Q30,United States,North America,English-speaking,Very high human development
Q1251800,Q861548,Q30,United States,North America,English-speaking,Very high human development
Q1251800,Q7449521,Q30,United States,North America,English-speaking,Very high human development
Q1251926,Q617433,Q30,United States,North America,English-speaking,Very high human development
Q1251926,Q1111367,Q30,United States,North America,English-speaking,Very high human development
Q1251926,Q7073465,Q30,United States,North America,English-speaking,Very high human development
Q1251971,Q538452,Q218,Romania,Europe,Catholic Europe,Very high human development
Q1251971,Q757391,Q28,Hungary,Europe,Catholic Europe,Very high human development
Q1251971,Q757391,Q40,Austria,Europe,Catholic Europe,Very high human development
Q1252469,Q7645506,Q145,United Kingdom,Europe,English-speaking,Very high human development
Q1252645,Q193196,Q145,United Kingdom,Europe,English-speaking,Very high human development
Q1252645,Q3249136,Q145,United Kingdom,Europe,English-speaking,Very high human development
Q1253264,Q37008,Q230,Georgia,Asia,Orthodox Europe,Very high human development
Q1253923,Q675848,Q224,Croatia,Europe,Catholic Europe,Very high human development
Q1256957,Q41506,Q30,United States,North America,English-speaking,Very high human development
Q1256957,Q4227955,Q30,United States,North America,English-speaking,Very high human development
Q1256957,Q8047428,Q30,United States,North America,English-speaking,Very high human development
Q1256957,Q4115969,Q30,United States,North America,English-speaking,Very high human development
Q1256957,Q766145,Q30,United States,North America,English-speaking,Very high human development
Q1256957,Q49117,Q30,United States,North America,English-speaking,Very high human development
Q1258235,Q49112,Q30,United States,North America,English-speaking,Very high human development
Q1258235,Q230492,Q30,United States,North America,English-speaking,Very high human development
Q1258235,Q49210,Q30,United States,North America,English-speaking,Very high human development
Q1258959,Q309331,Q30,United States,North America,English-speaking,Very high human development
Q1258959,Q1179599,Q30,United States,North America,English-speaking,Very high human development
Q1258959,Q7450824,Q30,United States,North America,English-speaking,Very high human development
Q1262212,Q469482,Q822,Lebanon,Asia,African-Islamic,High human development
Q1262216,Q35794,Q145,United Kingdom,Europe,English-speaking,Very high human development
Q1262216,Q192088,Q145,United Kingdom,Europe,English-speaking,Very high human development
Q1262216,Q332342,Q145,United Kingdom,Europe,English-speaking,Very high human development
Q1264643,Q503419,Q30,United States,North America,English-speaking,Very high human development
Q1264643,Q1179599,Q30,United States,North America,English-speaking,Very high human development
Q1266083,Q499451,Q30,United States,North America,English-speaking,Very high human development
Q1267116,Q598841,Q408,Australia,Australia,English-speaking,Very high human development
Q1269275,Q131252,Q30,United States,North America,English-speaking,Very high human development
Q1269550,Q4200373,Q159,Russia,Europe,Orthodox Europe,{}
Q1269550,Q4200373,Q34266,,{},{},{}
Q1270441,Q332342,Q145,United Kingdom,Europe,English-speaking,Very high human development
Q1270441,Q5639263,Q145,United Kingdom,Europe,English-speaking,Very high human development
Q1270673,Q7894634,Q145,United Kingdom,Europe,English-speaking,Very high human development
Q1270673,Q6411527,Q145,United Kingdom,Europe,English-speaking,Very high human development
Q1273517,Q1070333,Q30,United States,North America,English-speaking,Very high human development
Q1273533,Q4775035,Q30,United States,North America,English-speaking,Very high human development
Q1273533,Q3098911,Q30,United States,North America,English-speaking,Very high human development
Q1273533,Q4775012,Q30,United States,North America,English-speaking,Very high human development
Q1273533,Q6651525,Q30,United States,North America,English-speaking,Very high human development
Q1275257,Q3445232,Q224,Croatia,Europe,Catholic Europe,Very high human development
Q1275257,Q1564297,Q224,Croatia,Europe,Catholic Europe,Very high human development
Q1275257,Q24054377,Q224,Croatia,Europe,Catholic Europe,Very high human development
Q1276720,Q160302,Q145,United Kingdom,Europe,English-speaking,Very high human development
Q1276720,Q2171033,Q145,United Kingdom,Europe,English-speaking,Very high human development
Q1277467,Q10814056,Q30,United States,North America,English-speaking,Very high human development
Q1277467,Q131252,Q30,United States,North America,English-speaking,Very high human development
Q1277467,Q1093910,Q30,United States,North America,English-speaking,Very high human development
Q1277467,Q6720539,Q30,United States,North America,English-speaking,Very high human development
Q1277641,Q7595066,Q27,Ireland,Europe,English-speaking,Very high human development
Q1277641,Q1068258,Q27,Ireland,Europe,English-speaking,Very high human development
Q1278407,Q1341516,Q145,United Kingdom,Europe,English-speaking,Very high human development
Q1278677,Q5144760,Q145,United Kingdom,Europe,English-speaking,Very high human development
Q1280035,Q167733,Q30,United States,North America,English-speaking,Very high human development
Q1280035,Q7758837,Q30,United States,North America,English-speaking,Very high human development
Q1280205,Q6811784,Q408,Australia,Australia,English-speaking,Very high human development
Q1281119,Q49122,Q30,United States,North America,English-speaking,Very high human development
Q1281119,Q906930,Q30,United States,North America,English-speaking,Very high human development
Q1281119,Q13371,Q30,United States,North America,English-speaking,Very high human development
Q1281738,Q49213,Q30,United States,North America,English-speaking,Very high human development
Q1281738,Q4823124,Q30,United States,North America,English-speaking,Very high human development
Q1282338,Q6608367,Q30,United States,North America,English-speaking,Very high human development
Q1282338,Q131252,Q30,United States,North America,English-speaking,Very high human development
Q1282338,Q1472347,Q30,United States,North America,English-speaking,Very high human development
Q1282471,Q6246906,Q30,United States,North America,English-speaking,Very high human development
Q1283557,Q2099847,Q145,United Kingdom,Europe,English-speaking,Very high human development
Q1283560,Q391028,Q16,Canada,North America,English-speaking,Very high human development
Q1283560,Q1458113,Q16,Canada,North America,English-speaking,Very high human development
Q1284085,Q13371,Q30,United States,North America,English-speaking,Very high human development
Q1285184,Q180865,Q16,Canada,North America,English-speaking,Very high human development
Q1285419,Q1093910,Q30,United States,North America,English-speaking,Very high human development
Q1285562,Q192088,Q145,United Kingdom,Europe,English-speaking,Very high human development
Q1285626,Q7989148,Q30,United States,North America,English-speaking,Very high human development
Q1287768,Q309331,Q30,United States,North America,English-speaking,Very high human development
Q1288644,Q3403302,Q145,United Kingdom,Europe,English-speaking,Very high human development
Q1288644,Q16932730,Q145,United Kingdom,Europe,English-speaking,Very high human development
Q1289140,Q2983738,Q145,United Kingdom,Europe,English-speaking,Very high human development
Q1289140,Q7762628,Q38,Italy,Europe,Catholic Europe,Very high human development
Q1289151,Q1141571,Q30,United States,North America,English-speaking,Very high human development
Q1289151,Q13371,Q30,United States,North America,English-speaking,Very high human development
Q1289151,Q8037257,Q30,United States,North America,English-speaking,Very high human development
Q1291185,Q6979259,Q414,Argentina,South America,Latin America,Very high human development
Q1292004,Q149990,Q30,United States,North America,English-speaking,Very high human development
Q1292012,Q49088,Q30,United States,North America,English-speaking,Very high human development
Q1292012,Q168756,Q30,United States,North America,English-speaking,Very high human development
Q1292087,Q7374952,Q145,United Kingdom,Europe,English-speaking,Very high human development
Q1292087,Q258464,Q27,Ireland,Europe,English-speaking,Very high human development
Q1292432,Q2974556,Q30,United States,North America,English-speaking,Very high human development
Q1292432,Q168756,Q30,United States,North America,English-speaking,Very high human development
Q1292826,Q559549,Q30,United States,North America,English-speaking,Very high human development
Q1292826,Q137269,Q30,United States,North America,English-speaking,Very high human development
Q1293447,Q1093910,Q30,United States,North America,English-speaking,Very high human development
Q1293447,Q49210,Q30,United States,North America,English-speaking,Very high human development
Q1293447,Q371625,Q30,United States,North America,English-speaking,Very high human development
Q1293611,Q1921431,Q145,United Kingdom,Europe,English-speaking,Very high human development
Q1293793,Q13371,Q30,United States,North America,English-speaking,Very high human development
Q1293793,Q7227302,Q30,United States,North America,English-speaking,Very high human development
Q1294088,Q49112,Q30,United States,North America,English-speaking,Very high human development
Q1294088,Q5250964,Q30,United States,North America,English-speaking,Very high human development
Q1298183,Q777403,Q30,United States,North America,English-speaking,Very high human development
Q1298183,Q238101,Q30,United States,North America,English-speaking,Very high human development
Q1298183,Q85749159,Q30,United States,North America,English-speaking,Very high human development
Q1298183,Q81162,Q145,United Kingdom,Europe,English-speaking,Very high human development
Q1303498,Q5641415,Q408,Australia,Australia,English-speaking,Very high human development
Q1304934,Q569350,Q183,Germany,Europe,Catholic Europe,Very high human development
Q1307719,Q21578,Q30,United States,North America,English-speaking,Very high human development
Q1308340,Q7842,Q17,Japan,Asia,West & South Asia,Very high human development
Q1309970,Q3268795,Q142,France,Europe,Catholic Europe,Very high human development
Q1309970,Q83259,Q142,France,Europe,Catholic Europe,Very high human development
Q1309970,Q1878600,Q142,France,Europe,Catholic Europe,Very high human development
Q1312287,Q1514848,Q16,Canada,North America,English-speaking,Very high human development
Q1315386,Q571293,Q142,France,Europe,Catholic Europe,Very high human development
Q1316719,Q219563,Q30,United States,North America,English-speaking,Very high human development
Q1316719,Q168756,Q30,United States,North America,English-speaking,Very high human development
Q1316719,Q5596258,Q30,United States,North America,English-speaking,Very high human development
Q1317964,Q309350,Q30,United States,North America,English-speaking,Very high human development
Q1318617,Q8028571,Q30,United States,North America,English-speaking,Very high human development
Q1319539,Q49210,Q30,United States,North America,English-speaking,Very high human development
Q1319539,Q797078,Q30,United States,North America,English-speaking,Very high human development
Q1319539,Q7073679,Q30,United States,North America,English-speaking,Very high human development
Q1320146,Q49115,Q30,United States,North America,English-speaking,Very high human development
Q1320146,Q217741,Q30,United States,North America,English-speaking,Very high human development
Q1320489,Q174710,Q30,United States,North America,English-speaking,Very high human development
Q1320489,Q7894738,Q30,United States,North America,English-speaking,Very high human development
Q1322301,Q7842,Q17,Japan,Asia,West & South Asia,Very high human development
Q1324800,Q7655237,Q30,United States,North America,English-speaking,Very high human development
Q1324878,Q1140775,Q30,United States,North America,English-speaking,Very high human development
Q1324878,Q1026827,Q30,United States,North America,English-speaking,Very high human development
Q1324878,Q1256981,Q30,United States,North America,English-speaking,Very high human development
Q1325374,Q1326230,Q17,Japan,Asia,West & South Asia,Very high human development
Q1325821,Q3064259,Q142,France,Europe,Catholic Europe,Very high human development
Q1326764,Q1190812,Q30,United States,North America,English-speaking,Very high human development
Q1326764,Q580821,Q30,United States,North America,English-speaking,Very high human development
Q1330299,Q49210,Q30,United States,North America,English-speaking,Very high human development
Q1330299,Q7403635,Q30,United States,North America,English-speaking,Very high human development
Q1331244,Q1247589,Q145,United Kingdom,Europe,English-speaking,Very high human development
Q1331244,Q7592804,Q145,United Kingdom,Europe,English-speaking,Very high human development
Q1331252,Q7059380,Q30,United States,North America,English-speaking,Very high human development
Q1331252,Q2599077,Q30,United States,North America,English-speaking,Very high human development
Q1332098,Q8049286,Q145,United Kingdom,Europe,English-speaking,Very high human development
Q1332266,Q49119,Q30,United States,North America,English-speaking,Very high human development
Q1332266,Q49088,Q30,United States,North America,English-speaking,Very high human development
Q1332944,Q49213,Q30,United States,North America,English-speaking,Very high human development
Q1333841,Q492467,Q664,New Zealand,Australia,English-speaking,Very high human development
Q1333841,Q432475,Q664,New Zealand,Australia,English-speaking,Very high human development
Q1333848,Q1138374,Q30,United States,North America,English-speaking,Very high human development
Q1334139,Q1446181,Q30,United States,North America,English-speaking,Very high human development
Q1334139,Q616591,Q30,United States,North America,English-speaking,Very high human development
Q1334139,Q3098911,Q30,United States,North America,English-speaking,Very high human development
Q1334230,Q5181956,Q145,United Kingdom,Europe,English-speaking,Very high human development
Q1334281,Q194223,Q414,Argentina,South America,Latin America,Very high human development
Q1334281,Q209842,Q142,France,Europe,Catholic Europe,Very high human development
Q1334326,Q5142861,Q414,Argentina,South America,Latin America,Very high human development
Q1334326,Q194223,Q414,Argentina,South America,Latin America,Very high human development
Q1334536,Q691283,Q145,United Kingdom,Europe,English-speaking,Very high human development
Q1334536,Q1264867,Q145,United Kingdom,Europe,English-speaking,Very high human development
Q1335686,Q4852807,Q30,United States,North America,English-speaking,Very high human development
Q1337482,Q1323040,Q17,Japan,Asia,West & South Asia,Very high human development
Q1337482,Q11502963,Q17,Japan,Asia,West & South Asia,Very high human development
Q1337504,Q238101,Q30,United States,North America,English-speaking,Very high human development
Q1337504,Q1307345,Q30,United States,North America,English-speaking,Very high human development
Q1338016,Q7842,Q17,Japan,Asia,West & South Asia,Very high human development
Q1338016,Q274486,Q17,Japan,Asia,West & South Asia,Very high human development
Q1338016,Q571293,Q142,France,Europe,Catholic Europe,Very high human development
Q1338209,Q3577716,Q142,France,Europe,Catholic Europe,Very high human development
Q1339252,Q274486,Q17,Japan,Asia,West & South Asia,Very high human development
Q1339265,Q7842,Q17,Japan,Asia,West & South Asia,Very high human development
Q1339944,Q274486,Q17,Japan,Asia,West & South Asia,Very high human development
Q1340511,Q5150790,Q244,Barbados,North America,Latin America,Very high human development
Q1340586,Q273619,Q16,Canada,North America,English-speaking,Very high human development
Q1340677,Q161562,Q30,United States,North America,English-speaking,Very high human development
Q1342082,Q194445,Q79,Egypt,Africa,African-Islamic,High human development
Q1343486,Q332342,Q145,United Kingdom,Europe,English-speaking,Very high human development
Q1343486,Q1067870,Q145,United Kingdom,Europe,English-speaking,Very high human development
Q1343550,Q11524659,Q17,Japan,Asia,West & South Asia,Very high human development
Q1343550,Q7842,Q17,Japan,Asia,West & South Asia,Very high human development
Q1343804,Q609646,Q145,United Kingdom,Europe,English-speaking,Very high human development
Q1343804,Q7017338,Q145,United Kingdom,Europe,English-speaking,Very high human development
Q1343944,Q3563550,Q213,Czech Republic,Europe,Orthodox Europe,{}
Q1343944,Q194223,Q414,Argentina,South America,Latin America,Very high human development
Q1344032,Q232141,Q298,Chile,South America,Latin America,Very high human development
Q1344032,Q5975101,Q298,Chile,South America,Latin America,Very high human development
Q1344078,Q503246,Q30,United States,North America,English-speaking,Very high human development
Q1344078,Q21578,Q30,United States,North America,English-speaking,Very high human development
Q1344078,Q49122,Q30,United States,North America,English-speaking,Very high human development
Q1344217,Q174710,Q30,United States,North America,English-speaking,Very high human development
Q1344250,Q6818324,Q145,United Kingdom,Europe,English-speaking,Very high human development
Q1344451,Q7842,Q17,Japan,Asia,West & South Asia,Very high human development
Q1344495,Q913861,Q30,United States,North America,English-speaking,Very high human development
Q1344686,Q223429,Q145,United Kingdom,Europe,English-speaking,Very high human development
Q1344686,Q4954686,Q145,United Kingdom,Europe,English-speaking,Very high human development
Q1346664,Q132140,Q155,Brazil,South America,Latin America,High human development
Q1346678,Q1067870,Q145,United Kingdom,Europe,English-speaking,Very high human development
Q1346678,Q7296496,Q145,United Kingdom,Europe,English-speaking,Very high human development
Q1346691,Q49110,Q30,United States,North America,English-speaking,Very high human development
Q1346885,Q1797768,Q30,United States,North America,English-speaking,Very high human development
Q1346885,Q1142082,Q17,Japan,Asia,West & South Asia,Very high human development
Q1346885,Q1188786,Q17,Japan,Asia,West & South Asia,Very high human development
Q1346976,Q258464,Q27,Ireland,Europe,English-speaking,Very high human development
Q1347163,Q1048898,Q30,United States,North America,English-speaking,Very high human development
Q1347232,Q1346110,Q30,United States,North America,English-speaking,Very high human development
Q1347301,Q49110,Q30,United States,North America,English-speaking,Very high human development
Q1347301,Q13371,Q30,United States,North America,English-speaking,Very high human development
Q1347301,Q4948172,Q30,United States,North America,English-speaking,Very high human development
Q1348138,Q49112,Q30,United States,North America,English-speaking,Very high human development
Q1348138,Q7712997,Q30,United States,North America,English-speaking,Very high human development
Q1348153,Q13371,Q30,United States,North America,English-speaking,Very high human development
Q1348153,Q13157152,Q27,Ireland,Europe,English-speaking,Very high human development
Q1348153,Q1574185,Q27,Ireland,Europe,English-speaking,Very high human development
Q1348334,Q1878600,Q142,France,Europe,Catholic Europe,Very high human development
Q1348334,Q1235608,Q142,France,Europe,Catholic Europe,Very high human development
Q1348713,Q7842,Q17,Japan,Asia,West & South Asia,Very high human development
Q1349027,Q1138384,Q30,United States,North America,English-speaking,Very high human development
Q1349027,Q7842791,Q30,United States,North America,English-speaking,Very high human development
Q1349144,Q337480,Q142,France,Europe,Catholic Europe,Very high human development
Q1349245,Q174710,Q30,United States,North America,English-speaking,Very high human development
Q1349245,Q4614,Q30,United States,North America,English-speaking,Very high human development
Q1349276,Q15223561,Q30,United States,North America,English-speaking,Very high human development
Q1349276,Q1420239,Q30,United States,North America,English-speaking,Very high human development
Q1349297,Q4493503,Q30,United States,North America,English-speaking,Very high human development
Q1349297,Q7589327,Q30,United States,North America,English-speaking,Very high human development
Q1350599,Q5646301,Q145,United Kingdom,Europe,English-speaking,Very high human development
Q1350599,Q1432632,Q145,United Kingdom,Europe,English-speaking,Very high human development
Q1351191,Q962011,Q408,Australia,Australia,English-speaking,Very high human development
Q1351191,Q780745,Q145,United Kingdom,Europe,English-speaking,Very high human development
Q1351304,Q49115,Q30,United States,North America,English-speaking,Very high human development
Q1351304,Q4614,Q30,United States,North America,English-speaking,Very high human development
Q1351304,Q7056097,Q30,United States,North America,English-speaking,Very high human development
Q1351447,Q4740270,Q30,United States,North America,English-speaking,Very high human development
Q1351554,Q49210,Q30,United States,North America,English-speaking,Very high human development
Q1351819,Q1474157,Q30,United States,North America,English-speaking,Very high human development
Q1352236,Q1026932,Q30,United States,North America,English-speaking,Very high human development
Q1352236,Q5066795,Q30,United States,North America,English-speaking,Very high human development
Q1353956,Q49088,Q30,United States,North America,English-speaking,Very high human development
Q1353956,Q153265,Q30,United States,North America,English-speaking,Very high human development
Q1354130,Q4614,Q30,United States,North America,English-speaking,Very high human development
Q1354130,Q168515,Q30,United States,North America,English-speaking,Very high human development
Q1354130,Q14711896,Q30,United States,North America,English-speaking,Very high human development
Q1354608,Q49204,Q30,United States,North America,English-speaking,Very high human development
Q1356059,Q130965,Q30,United States,North America,English-speaking,Very high human development
Q1356059,Q5038612,Q30,United States,North America,English-speaking,Very high human development
Q1356200,Q1164229,Q30,United States,North America,English-speaking,Very high human development
Q1356200,Q7402227,Q30,United States,North America,English-speaking,Very high human development
Q1356259,Q6747415,Q145,United Kingdom,Europe,English-speaking,Very high human development
Q1356272,Q209842,Q142,France,Europe,Catholic Europe,Very high human development
Q1356272,Q131252,Q30,United States,North America,English-speaking,Very high human development
Q1356427,Q1093910,Q30,United States,North America,English-speaking,Very high human development
Q1356435,Q670897,Q30,United States,North America,English-speaking,Very high human development
Q1356499,Q1878600,Q142,France,Europe,Catholic Europe,Very high human development
Q1356499,Q3268857,Q142,France,Europe,Catholic Europe,Very high human development
Q1356499,Q999763,Q142,France,Europe,Catholic Europe,Very high human development
Q1356499,Q202660,Q142,France,Europe,Catholic Europe,Very high human development
Q1357524,Q1149089,Q30,United States,North America,English-speaking,Very high human development
Q1360009,Q333886,Q30,United States,North America,English-speaking,Very high human development
Q1360009,Q7592208,Q30,United States,North America,English-speaking,Very high human development
Q1361931,Q332342,Q145,United Kingdom,Europe,English-speaking,Very high human development
Q1362244,Q28695,Q33,Finland,Europe,Catholic Europe,Very high human development
Q1362359,Q3268957,Q142,France,Europe,Catholic Europe,Very high human development
Q1363121,Q34433,Q145,United Kingdom,Europe,English-speaking,Very high human development
Q1363572,Q7894634,Q145,United Kingdom,Europe,English-speaking,Very high human development
Q1363572,Q1508631,Q145,United Kingdom,Europe,English-speaking,Very high human development
Q1363572,Q189022,Q145,United Kingdom,Europe,English-speaking,Very high human development
Q1363756,Q608338,Q218,Romania,Europe,Catholic Europe,Very high human development
Q1363756,Q12744221,Q2685298,,{},{},{}
Q1363756,Q12724351,Q218,Romania,Europe,Catholic Europe,Very high human development
Q1363814,Q192088,Q145,United Kingdom,Europe,English-speaking,Very high human development
Q1363814,Q332342,Q145,United Kingdom,Europe,English-speaking,Very high human development
Q1364205,Q235034,Q30,United States,North America,English-speaking,Very high human development
Q1364205,Q7460953,Q30,United States,North America,English-speaking,Very high human development
Q1364205,Q559549,Q30,United States,North America,English-speaking,Very high human development
Q1366068,Q7842,Q17,Japan,Asia,West & South Asia,Very high human development
Q1366693,Q6101106,Q43,Turkey,Asia,West & South Asia,{}
Q1367133,Q2537765,Q145,United Kingdom,Europe,English-speaking,Very high human development
Q1367133,Q865528,Q145,United Kingdom,Europe,English-speaking,Very high human development
Q1367133,Q4854142,Q145,United Kingdom,Europe,English-speaking,Very high human development
Q1367995,Q640652,Q30,United States,North America,English-speaking,Very high human development
Q1367995,Q7847713,Q30,United States,North America,English-speaking,Very high human development
Q1367996,Q192775,Q145,United Kingdom,Europe,English-speaking,Very high human development
Q1369211,Q11375679,Q17,Japan,Asia,West & South Asia,Very high human development
Q1369224,Q49213,Q30,United States,North America,English-speaking,Very high human development
Q1369224,Q5060532,Q30,United States,North America,English-speaking,Very high human development
Q1369224,Q23091432,Q30,United States,North America,English-speaking,Very high human development
Q1369803,Q8000254,Q30,United States,North America,English-speaking,Very high human development
Q1370880,Q308963,Q29,Spain,Europe,Catholic Europe,Very high human development
Q1371154,Q131252,Q30,United States,North America,English-speaking,Very high human development
Q1371409,Q37548,Q30,United States,North America,English-speaking,Very high human development
Q1371409,Q13371,Q30,United States,North America,English-speaking,Very high human development
Q1371409,Q209842,Q142,France,Europe,Catholic Europe,Very high human development
Q1371628,Q936476,Q717,Venezuela,South America,Latin America,{}
Q1372850,Q219563,Q30,United States,North America,English-speaking,Very high human development
Q1372850,Q309350,Q30,United States,North America,English-speaking,Very high human development
Q1372851,Q152087,Q183,Germany,Europe,Catholic Europe,Very high human development
Q1372993,Q797897,Q145,United Kingdom,Europe,English-speaking,Very high human development
Q1372993,Q691283,Q145,United Kingdom,Europe,English-speaking,Very high human development
Q1372993,Q1536562,Q145,United Kingdom,Europe,English-speaking,Very high human development
Q1372993,Q8049356,Q145,United Kingdom,Europe,English-speaking,Very high human development
Q1373060,Q81162,Q145,United Kingdom,Europe,English-speaking,Very high human development
Q1373060,Q41506,Q30,United States,North America,English-speaking,Very high human development
Q1373183,Q194445,Q79,Egypt,Africa,African-Islamic,High human development
Q1373183,Q193727,Q30,United States,North America,English-speaking,Very high human development
Q1374243,Q49088,Q30,United States,North America,English-speaking,Very high human development
Q1374243,Q49115,Q30,United States,North America,English-speaking,Very high human development
Q1374243,Q5149905,Q30,United States,North America,English-speaking,Very high human development
Q1374243,Q751612,Q30,United States,North America,English-speaking,Very high human development
Q1374400,Q49088,Q30,United States,North America,English-speaking,Very high human development
Q1377013,Q29052,Q30,United States,North America,English-speaking,Very high human development
Q1377013,Q631066,Q30,United States,North America,English-speaking,Very high human development
Q1377013,Q14686755,Q30,United States,North America,English-speaking,Very high human development
Q1377013,Q5224002,Q30,United States,North America,English-speaking,Very high human development
Q1377923,Q389336,Q30,United States,North America,English-speaking,Very high human development
Q1377923,Q6138769,Q30,United States,North America,English-speaking,Very high human development
Q1378188,Q168756,Q30,United States,North America,English-speaking,Very high human development
Q1378375,Q1752117,Q145,United Kingdom,Europe,English-speaking,Very high human development
Q1378641,Q274486,Q17,Japan,Asia,West & South Asia,Very high human development
Q1379189,Q3439758,Q30,United States,North America,English-speaking,Very high human development
Q1379189,Q1426464,Q30,United States,North America,English-speaking,Very high human development
Q1379189,Q49109,Q30,United States,North America,English-speaking,Very high human development
Q1379791,Q186285,Q35,Denmark,Europe,Protestant Europe,Very high human development
Q1379791,Q7536843,Q35,Denmark,Europe,Protestant Europe,Very high human development
Q1380960,Q2567148,Q145,United Kingdom,Europe,English-speaking,Very high human development
Q1381427,Q308963,Q29,Spain,Europe,Catholic Europe,Very high human development
Q1381627,Q7842,Q17,Japan,Asia,West & South Asia,Very high human development
Q1381985,Q1320232,Q30,United States,North America,English-speaking,Very high human development
Q1381985,Q777403,Q30,United States,North America,English-speaking,Very high human development
Q1381985,Q1179599,Q30,United States,North America,English-speaking,Very high human development
Q1382720,Q192088,Q145,United Kingdom,Europe,English-speaking,Very high human development
Q1382720,Q3266049,Q145,United Kingdom,Europe,English-speaking,Very high human development
Q1383270,Q1702106,Q30,United States,North America,English-speaking,Very high human development
Q1383270,Q7070781,Q30,United States,North America,English-speaking,Very high human development
Q1383662,Q3268919,Q142,France,Europe,Catholic Europe,Very high human development
Q1383662,Q3152822,Q142,France,Europe,Catholic Europe,Very high human development
Q1383662,Q176746,Q142,France,Europe,Catholic Europe,Very high human development
Q1383799,Q691283,Q145,United Kingdom,Europe,English-speaking,Very high human development
Q1384133,Q219564,Q34,Sweden,Europe,Protestant Europe,Very high human development
Q1385598,Q1188786,Q17,Japan,Asia,West & South Asia,Very high human development
Q1385614,Q2165900,Q17,Japan,Asia,West & South Asia,Very high human development
Q1386705,Q49210,Q30,United States,North America,English-speaking,Very high human development
Q1387224,Q245247,Q145,United Kingdom,Europe,English-speaking,Very high human development
Q1387224,Q575618,Q145,United Kingdom,Europe,English-speaking,Very high human development
Q1387642,Q7842,Q17,Japan,Asia,West & South Asia,Very high human development
Q1387643,Q160302,Q145,United Kingdom,Europe,English-speaking,Very high human development
Q1390604,Q81173,Q145,United Kingdom,Europe,English-speaking,Very high human development
Q1391196,Q7898594,Q30,United States,North America,English-speaking,Very high human development
Q1391927,Q774489,Q145,United Kingdom,Europe,English-speaking,Very high human development
Q1392021,Q609646,Q145,United Kingdom,Europe,English-speaking,Very high human development
Q1392021,Q6858340,Q145,United Kingdom,Europe,English-speaking,Very high human development
Q1392250,Q201492,Q16,Canada,North America,English-speaking,Very high human development
Q1392250,Q5763164,Q145,United Kingdom,Europe,English-speaking,Very high human development
Q1393111,Q658975,Q39,Switzerland,Europe,Catholic Europe,Very high human development
Q1393111,Q287072,Q142,France,Europe,Catholic Europe,Very high human development
Q1393111,Q5147632,Q822,Lebanon,Asia,African-Islamic,High human development
Q1393388,Q926749,Q142,France,Europe,Catholic Europe,Very high human development
Q1393443,Q926749,Q142,France,Europe,Catholic Europe,Very high human development
Q1393443,Q20749406,Q142,France,Europe,Catholic Europe,Very high human development
Q1394609,Q1781094,Q30,United States,North America,English-speaking,Very high human development
Q1394609,Q6123576,Q30,United States,North America,English-speaking,Very high human development
Q1395161,Q5918091,Q29,Spain,Europe,Catholic Europe,Very high human development
Q1395161,Q200601,Q419,Peru,South America,Latin America,High human development
Q1395379,Q308963,Q29,Spain,Europe,Catholic Europe,Very high human development
Q1395538,Q49117,Q30,United States,North America,English-speaking,Very high human development
Q1395770,Q12070051,Q30,United States,North America,English-speaking,Very high human development
Q1395770,Q14706889,Q30,United States,North America,English-speaking,Very high human development
Q1395915,Q9219,Q30,United States,North America,English-speaking,Very high human development
Q1395915,Q5901972,Q30,United States,North America,English-speaking,Very high human development
Q1396387,Q5372997,Q30,United States,North America,English-speaking,Very high human development
Q1396654,Q681025,Q30,United States,North America,English-speaking,Very high human development
Q1396654,Q616591,Q30,United States,North America,English-speaking,Very high human development
Q1396763,Q139901,Q30,United States,North America,English-speaking,Very high human development
Q1396764,Q11568202,Q17,Japan,Asia,West & South Asia,Very high human development
Q1396764,Q11414642,Q17,Japan,Asia,West & South Asia,Very high human development
Q1396764,Q17221321,Q17,Japan,Asia,West & South Asia,Very high human development
Q1397305,Q7958639,Q30,United States,North America,English-speaking,Very high human development
Q1397543,Q1196888,Q17,Japan,Asia,West & South Asia,Very high human development
Q1397660,Q2321391,Q145,United Kingdom,Europe,English-speaking,Very high human development
Q1398498,Q7590683,Q27,Ireland,Europe,English-speaking,Very high human development
Q1398751,Q1474129,Q30,United States,North America,English-speaking,Very high human development
Q1398751,Q193727,Q30,United States,North America,English-speaking,Very high human development
Q1399160,Q842909,Q30,United States,North America,English-speaking,Very high human development
Q1399160,Q736674,Q30,United States,North America,English-speaking,Very high human development
Q1399160,Q736674,Q30,United States,North America,English-speaking,Very high human development
Q1399160,Q161562,Q30,United States,North America,English-speaking,Very high human development
Q1399160,Q4731500,Q30,United States,North America,English-speaking,Very high human development
Q1399341,Q13371,Q30,United States,North America,English-speaking,Very high human development
Q1399637,Q200601,Q419,Peru,South America,Latin America,High human development
Q1399637,Q5142948,Q419,Peru,South America,Latin America,High human development
Q1400307,Q13371,Q30,United States,North America,English-speaking,Very high human development
Q1400307,Q5676420,Q30,United States,North America,English-speaking,Very high human development
Q1400307,Q7430280,Q30,United States,North America,English-speaking,Very high human development
Q1402991,Q1760438,Q30,United States,North America,English-speaking,Very high human development
Q1404768,Q2840233,Q155,Brazil,South America,Latin America,High human development
Q1404768,Q586904,Q155,Brazil,South America,Latin America,High human development
Q1404768,Q1422903,Q45,Portugal,Europe,Catholic Europe,Very high human development
Q1405032,Q274486,Q17,Japan,Asia,West & South Asia,Very high human development
Q1407898,Q13371,Q30,United States,North America,English-speaking,Very high human development
Q1407898,Q41506,Q30,United States,North America,English-speaking,Very high human development
Q1408025,Q1811567,Q30,United States,North America,English-speaking,Very high human development
Q1408025,Q82513,Q145,United Kingdom,Europe,English-speaking,Very high human development
Q1408040,Q49116,Q30,United States,North America,English-speaking,Very high human development
Q1408040,Q8047423,Q30,United States,North America,English-speaking,Very high human development
Q1408040,Q5244175,Q30,United States,North America,English-speaking,Very high human development
Q1409570,Q178848,Q30,United States,North America,English-speaking,Very high human development
Q1409989,Q616359,Q17,Japan,Asia,West & South Asia,Very high human development
Q1412142,Q498526,Q30,United States,North America,English-speaking,Very high human development
Q1413561,Q519427,Q30,United States,North America,English-speaking,Very high human development
Q1413561,Q238101,Q30,United States,North America,English-speaking,Very high human development
Q1419759,Q1771717,Q30,United States,North America,English-speaking,Very high human development
Q1422252,Q274486,Q17,Japan,Asia,West & South Asia,Very high human development
Q1422563,Q2503809,Q145,United Kingdom,Europe,English-speaking,Very high human development
Q1434265,Q7592193,Q668,India,Asia,Indosphere,Medium human development
Q1434616,Q499510,Q145,United Kingdom,Europe,English-speaking,Very high human development
Q1434925,Q49212,Q30,United States,North America,English-speaking,Very high human development
Q1439360,Q332342,Q145,United Kingdom,Europe,English-speaking,Very high human development
Q1440732,Q274486,Q17,Japan,Asia,West & South Asia,Very high human development
Q1441447,Q5508993,Q155,Brazil,South America,Latin America,High human development
Q1442249,Q972553,Q96,Mexico,North America,Latin America,High human development
Q1443018,Q230492,Q30,United States,North America,English-speaking,Very high human development
Q1443018,Q17022501,Q30,United States,North America,English-speaking,Very high human development
Q1443099,Q579611,Q30,United States,North America,English-speaking,Very high human development
Q1443099,Q6753162,Q30,United States,North America,English-speaking,Very high human development
Q1443787,Q167733,Q30,United States,North America,English-speaking,Very high human development
Q1444297,Q2093794,Q30,United States,North America,English-speaking,Very high human development
Q1444345,Q1317143,Q30,United States,North America,English-speaking,Very high human development
Q1444495,Q131252,Q30,United States,North America,English-speaking,Very high human development
Q1444495,Q7124862,Q30,United States,North America,English-speaking,Very high human development
Q1444495,Q49087,Q30,United States,North America,English-speaking,Very high human development
Q1445641,Q6054382,Q30,United States,North America,English-speaking,Very high human development
Q1446393,Q1150419,Q739,Colombia,South America,Latin America,High human development
Q1446683,Q49204,Q30,United States,North America,English-speaking,Very high human development
Q1446683,Q5353476,Q30,United States,North America,English-speaking,Very high human development
Q1448930,Q993267,Q30,United States,North America,English-speaking,Very high human development
Q1448930,Q49112,Q30,United States,North America,English-speaking,Very high human development
Q1449422,Q4129748,Q15180,,{},{},{}
Q1449422,Q4129748,Q159,Russia,Europe,Orthodox Europe,{}
Q1452749,Q49112,Q30,United States,North America,English-speaking,Very high human development
Q1452749,Q924289,Q145,United Kingdom,Europe,English-speaking,Very high human development
Q1452749,Q579611,Q30,United States,North America,English-speaking,Very high human development
Q1452749,Q49117,Q30,United States,North America,English-speaking,Very high human development
Q1452794,Q193727,Q30,United States,North America,English-speaking,Very high human development
Q1452807,Q21578,Q30,United States,North America,English-speaking,Very high human development
Q1452807,Q1196251,Q30,United States,North America,English-speaking,Very high human development
Q1452807,Q11351132,Q30,United States,North America,English-speaking,Very high human development
Q1452813,Q1191335,Q30,United States,North America,English-speaking,Very high human development
Q1452813,Q1951942,Q30,United States,North America,English-speaking,Very high human development
Q1452813,Q28924619,Q30,United States,North America,English-speaking,Very high human development
Q1453258,Q1061504,Q34,Sweden,Europe,Protestant Europe,Very high human development
Q1453258,Q5338105,Q30,United States,North America,English-speaking,Very high human development
Q1453423,Q7842,Q17,Japan,Asia,West & South Asia,Very high human development
Q1453544,Q1143235,Q17,Japan,Asia,West & South Asia,Very high human development
Q1453687,Q49124,Q30,United States,North America,English-speaking,Very high human development
Q1453687,Q13371,Q30,United States,North America,English-speaking,Very high human development
Q1453743,Q49165,Q30,United States,North America,English-speaking,Very high human development
Q1453743,Q6543419,Q30,United States,North America,English-speaking,Very high human development
Q1457862,Q1539129,Q17,Japan,Asia,West & South Asia,Very high human development
Q1457862,Q7842,Q17,Japan,Asia,West & South Asia,Very high human development
Q1457862,Q46492,Q17,Japan,Asia,West & South Asia,Very high human development
Q1458319,Q13371,Q30,United States,North America,English-speaking,Very high human development
Q1458319,Q15265769,Q30,United States,North America,English-speaking,Very high human development
Q1458612,Q49114,Q30,United States,North America,English-speaking,Very high human development
Q1458612,Q49088,Q30,United States,North America,English-speaking,Very high human development
Q1458612,Q6860967,Q30,United States,North America,English-speaking,Very high human development
Q1460605,Q54096,Q183,Germany,Europe,Catholic Europe,Very high human development
Q1465790,Q815432,Q17,Japan,Asia,West & South Asia,Very high human development
Q1465790,Q11495150,Q17,Japan,Asia,West & South Asia,Very high human development
Q1465790,Q11495137,Q17,Japan,Asia,West & South Asia,Very high human development
Q1468771,Q617433,Q30,United States,North America,English-speaking,Very high human development
Q1468786,Q1067935,Q16,Canada,North America,English-speaking,Very high human development
Q1473365,Q7842,Q17,Japan,Asia,West & South Asia,Very high human development
Q1474002,Q7842,Q17,Japan,Asia,West & South Asia,Very high human development
Q1475327,Q1061504,Q34,Sweden,Europe,Protestant Europe,Very high human development
Q1475327,Q7666369,Q34,Sweden,Europe,Protestant Europe,Very high human development
Q1475327,Q221645,Q34,Sweden,Europe,Protestant Europe,Very high human development
Q1475826,Q115376,Q30,United States,North America,English-speaking,Very high human development
Q1477082,Q152087,Q183,Germany,Europe,Catholic Europe,Very high human development
Q1477082,Q32120,Q183,Germany,Europe,Catholic Europe,Very high human development
Q1477910,Q815432,Q17,Japan,Asia,West & South Asia,Very high human development
Q1480556,Q11676804,Q17,Japan,Asia,West & South Asia,Very high human development
Q1481362,Q3560910,Q145,United Kingdom,Europe,English-speaking,Very high human development
Q1489518,Q309350,Q30,United States,North America,English-speaking,Very high human development
Q1489518,Q5588726,Q1033,Nigeria,Africa,Sub-Saharan Africa,Medium human development
Q1490388,Q4879695,Q145,United Kingdom,Europe,English-speaking,Very high human development
Q1490603,Q2646956,Q183,Germany,Europe,Catholic Europe,Very high human development
Q1490603,Q20266330,Q38872,,{},{},{}
Q1490603,Q20266330,Q1206012,,{},{},{}
Q1491217,Q180865,Q16,Canada,North America,English-speaking,Very high human development
Q1491217,Q1514848,Q16,Canada,North America,English-speaking,Very high human development
Q1491217,Q1049470,Q16,Canada,North America,English-speaking,Very high human development
Q1494824,Q955764,Q30,United States,North America,English-speaking,Very high human development
Q1496335,Q65920870,Q142,France,Europe,Catholic Europe,Very high human development
Q1496441,Q956501,Q145,United Kingdom,Europe,English-speaking,Very high human development
Q1496463,Q209344,Q38,Italy,Europe,Catholic Europe,Very high human development
Q1496570,Q391028,Q16,Canada,North America,English-speaking,Very high human development
Q1496570,Q127990,Q408,Australia,Australia,English-speaking,Very high human development
Q1502891,Q1135137,Q145,United Kingdom,Europe,English-speaking,Very high human development
Q1505328,Q610999,Q145,United Kingdom,Europe,English-speaking,Very high human development
Q1505328,Q1244704,Q145,United Kingdom,Europe,English-speaking,Very high human development
Q1505328,Q1902016,Q145,United Kingdom,Europe,English-speaking,Very high human development
Q1506319,Q1062568,Q17,Japan,Asia,West & South Asia,Very high human development
Q1506837,Q217741,Q30,United States,North America,English-speaking,Very high human development
Q1507305,Q640694,Q16,Canada,North America,English-speaking,Very high human development
Q1507305,Q1420038,Q16,Canada,North America,English-speaking,Very high human development
Q1507305,Q579321,Q16,Canada,North America,English-speaking,Very high human development
Q1507305,Q1049470,Q16,Canada,North America,English-speaking,Very high human development
Q1507305,Q7270334,Q16,Canada,North America,English-speaking,Very high human development
Q1507366,Q859363,Q142,France,Europe,Catholic Europe,Very high human development
Q1508039,Q503415,Q30,United States,North America,English-speaking,Very high human development
Q1508039,Q7060476,Q30,United States,North America,English-speaking,Very high human development
Q1508382,Q875637,Q30,United States,North America,English-speaking,Very high human development
Q1509108,Q3064259,Q142,France,Europe,Catholic Europe,Very high human development
Q1510036,Q13371,Q30,United States,North America,English-speaking,Very high human development
Q1510036,Q49210,Q30,United States,North America,English-speaking,Very high human development
Q1510036,Q238101,Q30,United States,North America,English-speaking,Very high human development
Q1515266,Q13371,Q30,United States,North America,English-speaking,Very high human development
Q1515266,Q7894583,Q30,United States,North America,English-speaking,Very high human development
Q1518033,Q734774,Q30,United States,North America,English-speaking,Very high human development
Q1518033,Q5184017,Q30,United States,North America,English-speaking,Very high human development
Q1518033,Q7401683,Q30,United States,North America,English-speaking,Very high human development
Q1518051,Q3064277,Q142,France,Europe,Catholic Europe,Very high human development
Q1521332,Q469482,Q822,Lebanon,Asia,African-Islamic,High human development
Q1522742,Q41506,Q30,United States,North America,English-speaking,Very high human development
Q1522742,Q1143289,Q30,United States,North America,English-speaking,Very high human development
Q1522742,Q6094511,Q30,United States,North America,English-speaking,Very high human development
Q1524029,Q6806876,Q30,United States,North America,English-speaking,Very high human development
Q1524029,Q3113011,Q30,United States,North America,English-speaking,Very high human development
Q1524574,Q7842,Q17,Japan,Asia,West & South Asia,Very high human development
Q1524648,Q486156,Q20,Norway,Europe,Protestant Europe,Very high human development
Q1524828,Q503424,Q145,United Kingdom,Europe,English-speaking,Very high human development
Q1529940,Q174158,Q801,Israel,Asia,West & South Asia,Very high human development
Q1530559,Q4318615,Q159,Russia,Europe,Orthodox Europe,{}
Q1530559,Q4318615,Q15180,,{},{},{}
Q1530559,Q492766,Q159,Russia,Europe,Orthodox Europe,{}
Q1530559,Q492766,Q15180,,{},{},{}
Q1530559,Q492766,Q34266,,{},{},{}
Q1530913,Q844673,Q30,United States,North America,English-speaking,Very high human development
Q1532067,Q230492,Q30,United States,North America,English-speaking,Very high human development
Q1532656,Q7895906,Q30,United States,North America,English-speaking,Very high human development
Q1536854,Q46492,Q17,Japan,Asia,West & South Asia,Very high human development
Q1536860,Q1328372,Q17,Japan,Asia,West & South Asia,Very high human development
Q1540592,Q863813,Q30,United States,North America,English-speaking,Very high human development
Q1541271,Q13371,Q30,United States,North America,English-speaking,Very high human development
Q1541271,Q457281,Q30,United States,North America,English-speaking,Very high human development
Q1541271,Q7450824,Q30,United States,North America,English-speaking,Very high human development
Q1543221,Q1029431,Q30,United States,North America,English-speaking,Very high human development
Q1544958,Q761534,Q30,United States,North America,English-speaking,Very high human development
Q1544958,Q1939211,Q30,United States,North America,English-speaking,Very high human development
Q1544958,Q1138384,Q30,United States,North America,English-speaking,Very high human development
Q1545030,Q13371,Q30,United States,North America,English-speaking,Very high human development
Q1545030,Q73079,Q145,United Kingdom,Europe,English-speaking,Very high human development
Q1545030,Q4883507,Q30,United States,North America,English-speaking,Very high human development
Q1545386,Q13371,Q30,United States,North America,English-speaking,Very high human development
Q1553867,Q213439,Q30,United States,North America,English-speaking,Very high human development
Q1553867,Q634669,Q30,United States,North America,English-speaking,Very high human development
Q1556811,Q3117949,Q739,Colombia,South America,Latin America,High human development
Q1562225,Q6054382,Q30,United States,North America,English-speaking,Very high human development
Q1563125,Q168756,Q30,United States,North America,English-speaking,Very high human development
Q1563125,Q174710,Q30,United States,North America,English-speaking,Very high human development
Q1563821,Q170027,Q145,United Kingdom,Europe,English-speaking,Very high human development
Q1563821,Q223429,Q145,United Kingdom,Europe,English-speaking,Very high human development
Q1563821,Q5377303,Q145,United Kingdom,Europe,English-speaking,Very high human development
Q1563821,Q3547145,Q145,United Kingdom,Europe,English-speaking,Very high human development
Q1567034,Q4947835,Q30,United States,North America,English-speaking,Very high human development
Q1567518,Q13371,Q30,United States,North America,English-speaking,Very high human development
Q1567518,Q1143289,Q30,United States,North America,English-speaking,Very high human development
Q1567518,Q995265,Q30,United States,North America,English-speaking,Very high human development
Q1568679,Q1333283,Q668,India,Asia,Indosphere,Medium human development
Q1568956,Q3191792,Q27,Ireland,Europe,English-speaking,Very high human development
Q1570571,Q219615,Q29,Spain,Europe,Catholic Europe,Very high human development
Q1571552,Q2631642,Q213,Czech Republic,Europe,Orthodox Europe,{}
Q1573454,Q1193547,Q30,United States,North America,English-speaking,Very high human development
Q1575073,Q49112,Q30,United States,North America,English-speaking,Very high human development
Q1584576,Q1558301,Q40,Austria,Europe,Catholic Europe,Very high human development
Q1584951,Q13371,Q30,United States,North America,English-speaking,Very high human development
Q1584951,Q168756,Q30,United States,North America,English-speaking,Very high human development
Q1585875,Q49110,Q30,United States,North America,English-speaking,Very high human development
Q1585875,Q49115,Q30,United States,North America,English-speaking,Very high human development
Q1585984,Q5854907,Q414,Argentina,South America,Latin America,Very high human development
Q1586159,Q846859,Q30,United States,North America,English-speaking,Very high human development
Q1586159,Q1317143,Q30,United States,North America,English-speaking,Very high human development
Q1586451,Q761534,Q30,United States,North America,English-speaking,Very high human development
Q1586451,Q4839924,Q30,United States,North America,English-speaking,Very high human development
Q1586611,Q49117,Q30,United States,North America,English-speaking,Very high human development
Q1592436,Q1161297,Q145,United Kingdom,Europe,English-speaking,Very high human development
Q1593961,Q681025,Q30,United States,North America,English-speaking,Very high human development
Q1594680,Q131252,Q30,United States,North America,English-speaking,Very high human development
Q1595809,Q39311438,Q188712,,{},{},{}
Q1595809,Q22120480,Q17,Japan,Asia,West & South Asia,Very high human development
Q1595809,Q11448874,Q188712,,{},{},{}
Q1598125,Q49112,Q30,United States,North America,English-speaking,Very high human development
Q1598125,Q11351132,Q30,United States,North America,English-speaking,Very high human development
Q1601829,Q14437811,Q30,United States,North America,English-speaking,Very high human development
Q1604549,Q2093794,Q30,United States,North America,English-speaking,Very high human development
Q1606343,Q283181,Q183,Germany,Europe,Catholic Europe,Very high human development
Q1606714,Q35794,Q145,United Kingdom,Europe,English-speaking,Very high human development
Q1606714,Q863940,Q145,United Kingdom,Europe,English-speaking,Very high human development
Q1607063,Q49088,Q30,United States,North America,English-speaking,Very high human development
Q1607236,Q13371,Q30,United States,North America,English-speaking,Very high human development
Q1607236,Q4089774,Q30,United States,North America,English-speaking,Very high human development
Q1608527,Q12728079,Q218,Romania,Europe,Catholic Europe,Very high human development
Q1608527,Q273518,Q142,France,Europe,Catholic Europe,Very high human development
Q1609112,Q1126179,Q30,United States,North America,English-speaking,Very high human development
Q1612773,Q333886,Q30,United States,North America,English-speaking,Very high human development
Q1612773,Q49213,Q30,United States,North America,English-speaking,Very high human development
Q1615369,Q1592074,Q30,United States,North America,English-speaking,Very high human development
Q1615369,Q7971641,Q30,United States,North America,English-speaking,Very high human development
Q1617184,Q194223,Q414,Argentina,South America,Latin America,Very high human development
Q1617184,Q30899754,Q414,Argentina,South America,Latin America,Very high human development
Q1618607,Q617433,Q30,United States,North America,English-speaking,Very high human development
Q1618607,Q49088,Q30,United States,North America,English-speaking,Very high human development
Q1619374,Q1521725,Q30,United States,North America,English-speaking,Very high human development
Q1620148,Q11524880,Q17,Japan,Asia,West & South Asia,Very high human development
Q1620148,Q336264,Q17,Japan,Asia,West & South Asia,Very high human development
Q1620233,Q1137665,Q31,Belgium,Europe,Catholic Europe,Very high human development
Q1620233,Q1137665,Q29999,Kingdom of the Netherlands,Europe,Protestant Europe,{}
Q1620233,Q1137665,Q31,Belgium,Europe,Catholic Europe,Very high human development
Q1620306,Q5365568,Q17,Japan,Asia,West & South Asia,Very high human development
Q1620313,Q274486,Q17,Japan,Asia,West & South Asia,Very high human development
Q1620636,Q7842,Q17,Japan,Asia,West & South Asia,Very high human development
Q1621314,Q486156,Q20,Norway,Europe,Protestant Europe,Very high human development
Q1621314,Q154804,Q183,Germany,Europe,Catholic Europe,Very high human development
Q1621326,Q1059546,Q142,France,Europe,Catholic Europe,Very high human development
Q1621598,Q49112,Q30,United States,North America,English-speaking,Very high human development
Q1621598,Q7896545,Q30,United States,North America,English-speaking,Very high human development
Q1621598,Q7587296,Q30,United States,North America,English-speaking,Very high human development
Q1622795,Q49112,Q30,United States,North America,English-speaking,Very high human development
Q1623364,Q49115,Q30,United States,North America,English-speaking,Very high human development
Q1626025,Q65379,Q30,United States,North America,English-speaking,Very high human development
Q1626025,Q4905498,Q30,United States,North America,English-speaking,Very high human development
Q1628278,Q951305,Q258,South Africa,Africa,Sub-Saharan Africa,High human development
Q1628278,Q49213,Q30,United States,North America,English-speaking,Very high human development
Q1628278,Q1378320,Q30,United States,North America,English-speaking,Very high human development
Q1629792,Q3047595,Q145,United Kingdom,Europe,English-speaking,Very high human development
Q1629792,Q81170,Q145,United Kingdom,Europe,English-speaking,Very high human development
Q1631799,Q632891,Q16,Canada,North America,English-speaking,Very high human development
Q1633025,Q41506,Q30,United States,North America,English-speaking,Very high human development
Q1633338,Q49114,Q30,United States,North America,English-speaking,Very high human development
Q1633343,Q20754971,Q31,Belgium,Europe,Catholic Europe,Very high human development
Q1634009,Q34433,Q145,United Kingdom,Europe,English-speaking,Very high human development
Q1634191,Q10814056,Q30,United States,North America,English-speaking,Very high human development
Q1634842,Q49210,Q30,United States,North America,English-speaking,Very high human development
Q1634870,Q32821,Q29,Spain,Europe,Catholic Europe,Very high human development
Q1635919,Q21578,Q30,United States,North America,English-speaking,Very high human development
Q1635919,Q6905651,Q30,United States,North America,English-speaking,Very high human development
Q1635919,Q12060410,Q30,United States,North America,English-speaking,Very high human development
Q1637205,Q1143242,Q145,United Kingdom,Europe,English-speaking,Very high human development
Q1639223,Q174570,Q145,United Kingdom,Europe,English-speaking,Very high human development
Q1642211,Q1191335,Q30,United States,North America,English-speaking,Very high human development
Q1647133,Q428520,Q222,Albania,Europe,Catholic Europe,Very high human development
Q1647940,Q3577924,Q17,Japan,Asia,West & South Asia,Very high human development
Q1648830,Q2093110,Q30,United States,North America,English-speaking,Very high human development
Q1649511,Q1446181,Q30,United States,North America,English-speaking,Very high human development
Q1649511,Q7020331,Q30,United States,North America,English-speaking,Very high human development
Q1655990,Q863813,Q30,United States,North America,English-speaking,Very high human development
Q1655990,Q5695820,Q30,United States,North America,English-speaking,Very high human development
Q1657241,Q308963,Q29,Spain,Europe,Catholic Europe,Very high human development
Q1657847,Q1250779,Q159,Russia,Europe,Orthodox Europe,{}
Q1657847,Q1250779,Q15180,,{},{},{}
Q1659739,Q178848,Q30,United States,North America,English-speaking,Very high human development
Q1659739,Q1112515,Q16,Canada,North America,English-speaking,Very high human development
Q1659739,Q2038889,Q16,Canada,North America,English-speaking,Very high human development
Q1659739,Q7064241,Q16,Canada,North America,English-speaking,Very high human development
Q1660170,Q174570,Q145,United Kingdom,Europe,English-speaking,Very high human development
Q1660170,Q1819342,Q145,United Kingdom,Europe,English-speaking,Very high human development
Q1660170,Q6658480,Q145,United Kingdom,Europe,English-speaking,Very high human development
Q1670229,Q1091287,Q17,Japan,Asia,West & South Asia,Very high human development
Q1671867,Q1921431,Q145,United Kingdom,Europe,English-speaking,Very high human development
Q1671870,Q1367388,Q96,Mexico,North America,Latin America,High human development
Q1672502,Q13371,Q30,United States,North America,English-speaking,Very high human development
Q1673745,Q274486,Q17,Japan,Asia,West & South Asia,Very high human development
