qid,label,total_claims,pareto_claims,intersection
Q100318,Lara-Isabelle Rentinck,35,1,Western Europe_female_Millennials
Q100418,Petra Hack,11,0,Western Europe_female_Generation X
Q100587764,Patchaploy Rueandaluang,12,0,South-eastern Asia_female_Generation Z
Q100587766,Patcharaporn Chantarapadit,16,0,South-eastern Asia_female_Generation Z
Q100805871,Rabiya Mateo,12,0,South-eastern Asia_female_Generation Z
Q101068264,Sunniva Frigstad,9,0,Northern Europe_female_Generation Z
Q101220338,Lindsey Coffey,14,0,Northern America_female_Millennials
Q101515719,Markéta Kazdová,10,0,Eastern Europe_female_Millennials
Q101517524,Andrea Vránová,8,0,Eastern Europe_female_Millennials
Q101552918,Estefanía Soto,12,0,Northern America_female_Millennials
Q101870312,Polina Dibrova,16,0,Eastern Europe_female_Millennials
Q1021909,Bruna Tenório,23,1,South America_female_Millennials
Q102250390,Siew Pui Yi,24,1,South-eastern Asia_female_Generation Z
Q10263893,Dani Bolina,21,1,South America_female_Millennials
Q10266043,Diana Pereira,16,0,Southern Europe_female_Millennials
Q10281194,Fernanda Serrano,23,1,Southern Europe_female_Generation X
Q1028132,Dóra Gregori,9,0,Eastern Europe_female_Millennials
Q10284494,Francine Eickemberg,10,0,South America_female_Millennials
Q10287942,Gabriele Marinho,10,0,South America_female_Millennials
Q10289962,Gislaine Rodrigues Ferreira,10,0,South America_female_Millennials
Q10290827,Gracyanne Barbosa,45,1,South America_female_Millennials
Q10292763,Guilherme Ceretta de Lima,11,0,South America_male_Millennials
Q10294438,Helena Costa,14,0,Southern Europe_female_Millennials
Q10295907,Taciane Ribeiro,8,0,South America_female_Millennials
Q10303856,Isabella Melo,18,1,South America_female_Millennials
Q10304354,Iva Lamarão,13,0,Southern Europe_female_Millennials
Q10305244,Jani Zhao,29,1,Southern Europe_female_Millennials
Q10305342,Jaqueline Khury,17,0,South America_female_Millennials
Q10306817,Jessica Athaide,10,0,Southern Europe_female_Millennials
Q10306984,Joana Anes,11,0,Southern Europe_female_Millennials
Q10306996,Joana Duarte,15,0,Southern Europe_female_Millennials
Q10307036,Joana de Verona,38,1,South America_female_Millennials
Q1030971,Janice Behrendt,15,0,Western Europe_female_Millennials
Q103125060,Alessia Tresoldi,25,1,Southern Europe_female_Generation Z
Q10312854,Juliana Pantalena,10,0,South America_female_Millennials
Q10312856,Juliana Salimeni,27,1,South America_female_Millennials
Q10313710,Kamilla Salgado,20,1,South America_female_Millennials
Q10318334,Liliana Aguiar,14,0,Southern Europe_female_Generation X
Q10318590,Lindsay Marie,20,1,Northern America_female_Millennials
Q10318884,Lisa Cant,17,0,Northern America_female_Millennials
Q10320262,Luciana Reis,11,0,South America_female_Millennials
Q10322206,Lívia Lemos,15,0,South America_female_Millennials
Q10322985,Mafalda Matos,17,0,Southern Europe_female_Millennials
Q10324996,Marcela Temer,29,1,South America_female_Millennials
Q10326212,Mariana Bittencourt,11,0,South America_female_Millennials
Q10326238,Mariana Monteiro,22,1,Southern Europe_female_Millennials
Q10326243,Mariana Pacheco,17,0,Southern Europe_female_Millennials
Q10330630,Mirella Santos,13,0,South America_female_Millennials
Q10335872,Nayma Mingas,21,1,Southern Europe_female_Generation X
Q1033952,Bea Hargitai,11,0,Eastern Europe_female_Millennials
Q10340114,Oceana Basílio,13,0,Southern Europe_female_Generation X
Q10341792,Orsi Fehér,9,0,Eastern Europe_female_Millennials
Q10346165,Patrícia Bull,25,1,Southern Europe_female_Generation X
Q10357502,Raquel Henriques,14,0,Southern Europe_female_Generation X
Q10357503,Raquel Jacob,16,0,Southern Europe_female_Millennials
Q10359286,Renata Maciel,10,0,South America_female_Millennials
Q103627259,Nutnicha Srithongsuk,6,0,South-eastern Asia_female_Generation Z
Q10363043,Rita Lopes,13,0,Southern Europe_female_Millennials
Q1036356,Hil Hernández,16,0,South America_female_Millennials
Q10364627,Roshumba Williams,25,1,Northern America_female_Generation X
Q10365419,Rute Marques,21,1,Southern Europe_female_Generation X
Q10368382,Sara Barradas,22,1,Southern Europe_female_Millennials
Q10368395,Sara Moniz,16,0,Southern Europe_female_Generation X
Q10368401,Sara Sampaio,45,1,Southern Europe_female_Millennials
Q10368889,Schynaider de Moura Souza,10,0,South America_female_Millennials
Q10376605,Sónia Brazão,15,0,Southern Europe_female_Generation X
Q10377981,Talytha Pugliesi,12,0,South America_female_Millennials
Q10379311,Telma Santos,11,0,Southern Europe_female_Millennials
Q10389073,Vanessa Oliveira,18,1,Southern Europe_female_Millennials
Q10389085,Vanessa Vidal,13,0,South America_female_Millennials
Q10392140,Vitoria Bisognin,11,0,South America_female_Millennials
Q10392203,Viviane Orth,18,1,South America_female_Millennials
Q104156816,Ivonne Cerdas,12,0,Central America_female_Millennials
Q104346712,Martina Sambucini,11,0,Southern Europe_female_Generation Z
Q104417297,Viviana Vizzini,15,0,Southern Europe_female_Millennials
Q104439008,María Francisca Undurraga,15,0,South America_female_Millennials
Q104511413,Janice Raymond,11,0,Northern Europe_female_Baby Boomers
Q104518848,Lorraine Michaels,17,0,Northern Europe_female_Baby Boomers
Q104518864,Gina Goldberg,20,1,Northern Europe_female_Baby Boomers
Q104519103,Lonny Chin,17,0,Northern Europe_female_Baby Boomers
Q104521010,Christine Richters,15,0,Northern America_female_Generation X
Q104521214,Laurie Carr,16,0,Northern America_female_Generation X
Q104521296,Anna Clark,18,1,Northern America_female_Generation X
Q104521346,Kymberly Paige,15,0,Northern America_female_Generation X
Q104521640,Gwen Hajek,15,0,Northern America_female_Generation X
Q104521837,Terri Lynn Doss,20,1,Northern America_female_Generation X
Q104521861,Laura Richmond,17,0,Northern America_female_Generation X
Q104521893,Simone Eden,15,0,Northern America_female_Generation X
Q104521906,Laurie Wood,14,0,Northern America_female_Generation X
Q104521943,Tawnni Cable,17,0,Northern America_female_Generation X
Q104521956,Gianna Amore,25,1,Northern America_female_Generation X
Q104522016,Karen Foster,19,1,Northern America_female_Generation X
Q104522145,Melissa Evridge,17,0,Northern America_female_Generation X
Q104522170,Lorraine Olivia,17,0,Northern America_female_Generation X
Q104522191,Morgan Fox,19,1,Northern America_female_Generation X
Q104522256,Cristy Thom,20,1,Northern America_female_Generation X
Q104522292,Carrie Jean Yazel,17,0,Northern America_female_Generation X
Q104522301,Saskia Linssen,12,0,Western Europe_female_Generation X
Q104522318,Wendy Kaye,19,1,Northern America_female_Generation X
Q104522371,Samantha Dorman,17,0,Northern America_female_Generation X
Q104522390,Tonja Christensen,13,0,Northern America_female_Generation X
Q104522406,Wendy Hamilton,21,1,Northern America_female_Generation X
Q104522437,Tanya Beyer,16,0,Northern America_female_Generation X
Q104522450,Tylyn John,18,1,Northern America_female_Generation X
Q104522462,Cady Cantrell,16,0,Northern America_female_Generation X
Q104522514,Amanda Hope,18,1,Northern America_female_Generation X
Q104522535,Ashley Allen,17,0,Northern America_female_Generation X
Q104522995,Echo Johnson,22,1,Northern America_female_Generation X
Q104523035,Nicole Wood,18,1,Northern America_female_Generation X
Q104523363,Becky DelosSantos,17,0,Northern America_female_Generation X
Q104523379,Elan Carter,17,0,Northern America_female_Generation X
Q104523440,Donna Perry,18,1,Northern America_female_Generation X
Q104523559,Danelle Folta,18,1,Northern America_female_Generation X
Q104523583,Cynthia Brown,14,0,Northern America_female_Generation X
Q104523600,Rhonda Adams,14,0,Northern America_female_Generation X
Q104523663,Rachel Jéan Marteen,13,0,Northern America_female_Generation X
Q104523697,Holly Witt,14,0,Northern America_female_Generation X
Q104523727,Kona Carmack,21,1,Northern America_female_Generation X
Q104523790,Jessica Lee,17,0,Northern America_female_Generation X
Q104523904,Ulrika Ericsson,14,0,Northern Europe_female_Generation X
Q104523965,Kimber West,18,1,Northern America_female_Generation X
Q104523972,Jennifer Miriam,15,0,Northern America_female_Generation X
Q104524017,Kalin Olson,21,1,Northern America_female_Generation X
Q104525124,Lani Todd,19,1,Northern America_female_Millennials
Q104525175,Laurie Fetter,24,1,Northern America_female_Millennials
Q104525201,Colleen Marie,21,1,Northern America_female_Generation X
Q104525271,Divini Rae,23,1,Northern America_female_Generation X
Q104525303,Deisy Teles,14,0,South America_female_Millennials
Q104525306,Sarah Teles,14,0,South America_female_Millennials
Q104525328,Sandra Hubby,15,0,Northern America_female_Generation X
Q104525351,Nicole Whitehead,17,0,Northern America_female_Generation X
Q104525371,Scarlett Keegan,17,0,Northern America_female_Millennials
Q104527631,Kia Drayton,11,0,Northern America_female_Millennials
Q104527750,Shannon James,18,1,Northern America_female_Millennials
Q104527781,Tiffany Selby,15,0,Northern America_female_Millennials
Q104527951,AJ Alexander,18,1,Northern America_female_Generation X
Q104528027,Grace Kim,16,0,Northern America_female_Generation X
Q104528072,Jennifer Campbell,15,0,Northern America_female_Millennials
Q104528073,Natalie Jo Campbell,13,0,Northern America_female_Millennials
Q104528190,Jennifer Pershing,26,1,Northern America_female_Generation X
Q104528218,Candice Cassidy,17,0,Northern America_female_Millennials
Q104528303,Kimberly Phillips,18,1,Northern America_female_Millennials
Q104528684,Olivia Paige,18,1,Northern America_female_Millennials
Q104529166,Kylie Johnson,21,1,Northern America_female_Millennials
Q104529274,Mei-Ling Lam,16,0,Northern America_female_Millennials
Q104529370,Rainy Day Jordan,12,0,Northern America_female_Millennials
Q104529409,Leola Bell,19,1,Northern America_female_Millennials
Q104529531,Britany Nola,12,0,Northern America_female_Millennials
Q104529599,Shawn Dillon,17,0,Northern America_female_Millennials
Q104529611,Ashley Doris,20,1,Northern America_female_Millennials
Q104529625,Jaslyn Ome,19,1,Northern America_female_Millennials
Q104529649,Kristen Nicole,20,1,Northern America_female_Millennials
Q104529699,Bryiana Noelle,16,0,Northern America_female_Millennials
Q104529930,Jessica Ashley,21,1,Northern America_female_Millennials
Q104530140,Stephanie Branton,19,1,Northern America_female_Millennials
Q104530190,Elizabeth Ostrander,20,1,Northern America_female_Millennials
Q104530396,Brittny Ward,18,1,Northern America_female_Millennials
Q104530416,Kayslee Collins,43,1,Northern America_female_Millennials
Q104530433,Chelsie Aryn,22,1,Northern America_female_Millennials
Q104530507,Brittany Brousseau,19,1,Northern America_female_Millennials
Q104530533,Kaylia Cassandra,17,0,Northern America_female_Millennials
Q104530558,Kayla Rae Reid,23,1,Northern America_female_Millennials
Q104530589,Dominique Jane,19,1,Northern America_female_Millennials
Q104530647,Monica Sims,24,1,Northern America_female_Millennials
Q104530749,Brook Power,17,0,Northern America_female_Millennials
Q104531238,Joy Elizabeth Corrigan,21,1,Northern America_female_Millennials
Q104531244,Elizabeth Victoria Elam,14,0,Northern America_female_Millennials
Q104531250,Nina Drama,34,1,Northern America_female_Millennials
Q104531269,Elsie Rose Hewitt,24,1,Northern Europe_female_Generation Z
Q104531284,Dana Taylor,20,1,Northern America_female_Millennials
Q104531466,Jessica Wall,17,0,Northern America_female_Generation Z
Q104531501,Milan Dixon,17,0,Northern America_female_Millennials
Q104531526,Kayla Garvin,13,0,Northern America_female_Millennials
Q104531555,Megan Samperi,15,0,Northern America_female_Millennials
Q104531573,Jenny Watwood,15,0,Northern America_female_Millennials
Q104531582,Nereyda Bird,14,0,Northern America_female_Generation Z
Q104531616,Shauna Sexton,15,0,Northern America_female_Generation Z
Q104531626,Cassandra Dawn,22,1,Northern America_female_Millennials
Q104531631,Valeria Lakhina,16,0,Eastern Europe_female_Millennials
Q104531637,Lorena Medina,13,0,Central America_female_Millennials
Q104531662,Shelby Rose,15,0,Northern America_female_Generation Z
Q104531698,Megan Moore,14,0,Northern America_female_Generation Z
Q104531715,Felicia Porter,20,1,Northern America_female_Millennials
Q104531722,Abigail O'Neill,21,1,Northern America_female_Generation Z
Q104531739,Yoli Lara,17,0,Northern America_female_Generation Z
Q104531747,Teela LaRoux,16,0,Northern America_female_Millennials
Q104531758,Sophie O’Neil,14,0,Northern Europe_female_Generation Z
Q104531765,Hilda Dias Pimentel,13,0,South America_female_Millennials
Q104531778,Gillian Chan,13,0,Northern America_female_Millennials
Q104531816,Chasity Samone,20,1,Northern America_female_Millennials
Q104531824,Anita Pathammavong,15,0,South-eastern Asia_female_Generation Z
Q104531842,Savannah Smith,12,0,Northern America_female_Generation Z
Q104531868,Alicia Olivas,14,0,Northern America_female_Generation Z
Q104531878,Priscilla Huggins,22,1,Northern America_female_Millennials
Q104531885,Ali Chanel,12,0,Northern America_female_Millennials
Q104531897,Danielle Alcaraz,17,0,Northern America_female_Millennials
Q104531906,Carolina Ballesteros,13,0,Southern Europe_female_Millennials
Q104531953,Tanerelle Stephens,24,1,Northern America_female_Millennials
Q104596550,Thuzar Wint Lwin,9,0,South-eastern Asia_female_Generation Z
Q104599880,Karolina Zmarlak,22,1,Eastern Europe_female_Millennials
Q104637523,Moani Hara,18,1,Northern America_female_Millennials
Q104668143,Saloni Singh,7,0,Southern Asia_female_Generation Z
Q104819332,Pía Slapka,31,1,South America_female_Millennials
Q104819365,Olga Kobzar,33,1,Eastern Europe_female_Millennials
Q104830164,Hailey Grice,20,1,Northern America_female_Generation Z
Q104997516,Evi Vatidou,26,1,Southern Europe_female_Generation X
Q105085499,Kateřina Votavová,9,0,Eastern Europe_female_Millennials
Q10508830,,7,0,Eastern Europe_female_Millennials
Q105139,Ines Kuba,13,0,Western Europe_female_Generation X
Q105175,Anne-Julia Hagen,16,0,Western Europe_female_Millennials
Q105433078,Jessica Minh Anh,34,1,South-eastern Asia_female_Millennials
Q105620781,Yukti Thareja,19,1,Southern Asia_female_Generation Z
Q105703066,Kim Riekenberg,10,0,Western Europe_female_Millennials
Q105975040,Bianca Matte,20,1,South America_female_Millennials
Q106031051,Jimena Sánchez,27,1,Central America_female_Millennials
Q106083528,Katiana Kay,46,1,Northern America_female_Generation Z
Q106195415,Chanel Uzi,15,0,Northern America_female_Millennials
Q106232121,Bernice Burgos,11,0,Northern America_female_Generation X
Q106240506,Ashley Burgos,9,0,Northern America_female_Generation Z
Q106242405,Anna Moiseeva,13,0,Eastern Europe_female_Millennials
Q106262798,Amarie Burgos,8,0,Northern America_female_Millennials
Q1063252,Nichole Van Croft,31,1,Northern America_female_Generation X
Q1063275,Brooke Richards,25,1,Northern America_female_Generation X
Q106361494,Shalom Razade,16,0,South-eastern Asia_female_Generation Z
Q106436663,Jessica Goicoechea,28,1,Southern Europe_female_Generation Z
Q106581867,Abby Champion,12,0,Northern America_female_Generation Z
Q106595905,Sharon Grobben,19,1,Western Europe_female_Millennials
Q106629297,Keridon Davis McMahon,11,0,Northern America_female_Millennials
Q106641331,Alberte Valentine Christensen,10,0,Northern Europe_female_Generation Z
Q106651320,Danella Ilene,8,0,South-eastern Asia_female_Generation Z
Q106686716,Aulia Harrits,8,0,South-eastern Asia_female_Millennials
Q106696192,Alyssa Daguisé,25,1,South-eastern Asia_female_Generation Z
Q1067036,Rebecca Ramos,27,1,Northern America_female_Generation X
Q106709909,Susana Molina,26,1,Southern Europe_female_Millennials
Q106764023,Elizabeth Turner,17,0,Northern America_female_Millennials
Q106840547,Nele Somers,24,1,Western Europe_female_Millennials
Q106863998,Mireia Mendoza,14,0,Southern Europe_female_Millennials
Q1069031,Chelah Horsdal,48,1,Northern America_female_Generation X
Q106941093,,17,0,Eastern Europe_female_Millennials
Q106958914,Fabiola Valentín,16,0,Northern America_female_Generation Z
Q106977566,Fran Grossi,17,0,South America_female_Millennials
Q107014655,Africa Peñalver,13,0,Southern Europe_female_Generation Z
Q107041344,Alissa Anderegg,15,0,Northern America_female_Millennials
Q107114077,Aricia Silva,13,0,South America_female_Millennials
Q107115820,Fernanda Lacerda,12,0,South America_female_Millennials
Q107120978,Monick Camargo,11,0,South America_male_Millennials
Q1071349,Jessica Trisko,32,1,Northern America_female_Millennials
Q107150059,,16,0,Northern America_female_Generation Z
Q107170795,Renan Oliveira,10,0,South America_male_Millennials
Q107177965,Sophia Rogan,15,0,Northern Europe_female_Generation Z
Q107247113,Dilla Fadiela,17,0,South-eastern Asia_female_Millennials
Q107279880,Anna Freemantle-Zee,15,0,Western Europe_female_Generation X
Q107366114,Nightbirde,33,1,Northern America_female_Millennials
Q107428872,Roberta Tirrito,8,0,Southern Europe_female_Generation Z
Q107433738,Juthamas Mekseree,14,0,South-eastern Asia_female_Generation Z
Q10748911,Cara Michelle,22,1,Northern America_female_Generation X
Q107489657,Jeimmy Garzon,6,0,South America_female_Millennials
Q107589867,Eha Urbsalu,19,1,Northern Europe_female_Generation X
Q107641651,Nabila Furtado,18,1,South America_female_Millennials
Q107643569,Gabriela Bártová,15,0,Eastern Europe_female_Millennials
Q10769024,Hoàng Thùy,12,0,South-eastern Asia_female_Millennials
Q107708566,Andressa Suita,30,1,South America_female_Millennials
Q107750105,Desiree Schlotz,22,1,Northern America_female_Generation Z
Q107762,Anja Langer,16,0,Western Europe_female_Generation X
Q107863466,Natalia Martins,8,0,South America_female_Millennials
Q107866151,Natalia Tomczyk,10,0,Eastern Europe_female_Millennials
Q107920580,Pinky Curvy,23,1,Northern America_female_Generation Z
Q108047022,Putri Cinta,19,1,South-eastern Asia_female_Generation Z
Q108100801,Nora Emilie Nakken,16,0,Northern Europe_female_Generation Z
Q108130408,Phan Thị Mơ,13,0,South-eastern Asia_female_Millennials
Q108177810,Parinita Barman,8,0,Southern Asia_female_Generation Z
Q108185862,Diamilex Alexander,11,0,South America_female_Millennials
Q108186181,Annie Fuenmayor,9,0,South America_female_Millennials
Q10823029,Aneta Grabcová,8,0,Eastern Europe_female_Millennials
Q10823065,Aneta Sychrová,7,0,Eastern Europe_female_Millennials
Q10825813,Anna Avakjanová,8,0,Eastern Europe_female_Millennials
Q108290143,Nadine Mirada,20,1,Western Europe_female_Millennials
Q108290249,Samantha Busch,19,1,Northern America_female_Millennials
Q108291851,Zaara Yesmin,30,1,Southern Asia_female_Generation Z
Q108324988,Natalia Garibotto,7,0,Northern America_female_Millennials
Q10833806,Ha Anh,20,1,South-eastern Asia_female_Millennials
Q1083816,Lydia Hearst-Shaw,65,1,Northern America_female_Millennials
Q1083928,Ramona Cheorleu,19,1,Eastern Europe_female_Millennials
Q1085088,Raina Hein,21,1,Northern America_female_Millennials
Q108523870,Oricia Domínguez,9,0,South America_female_Millennials
Q108528712,Elianne Speksnijder,10,0,Western Europe_female_Millennials
Q108547788,Quannah Chasinghorse,27,1,Northern America_female_Generation Z
Q10855712,Anggie Ann Bryan,12,0,South America_female_Millennials
Q108559199,Jacky Romero,13,0,Northern America_female_Generation Z
Q108598464,Sara Rewienska,10,0,Eastern Europe_female_Millennials
Q108602449,Zeinab Harake,14,0,South-eastern Asia_female_Generation Z
Q10861537,Zuzana Juračková,15,0,Eastern Europe_female_Millennials
Q10861556,Zuzana Putnářová,11,0,Eastern Europe_female_Millennials
Q108617522,Liziane Gutierrez,11,0,South America_female_Millennials
Q108647288,Erasmo Viana,13,0,South America_male_Millennials
Q108694510,Faith Lianne,20,1,Northern America_female_Generation Z
Q10872855,Nabilla Benattia,54,1,Western Europe_female_Millennials
Q108730980,Kelsey Richard,7,0,Northern America_female_Generation Z
Q108731992,Caterina Di Fuccia,8,0,Southern Europe_female_Generation Z
Q108753890,Beatrice Gomez,18,1,South-eastern Asia_female_Generation Z
Q108756568,Harnaaz Sandhu,25,1,Southern Asia_female_Generation Z
Q108761863,Michelle Marie Colón,11,0,Northern America_female_Generation Z
Q108769415,Châu Bùi,23,1,South-eastern Asia_female_Generation Z
Q10878246,Margarita Peralta,10,0,South America_female_Millennials
Q108784803,Neha Jaiswal,10,0,Southern Asia_female_Generation Z
Q108813796,Nadia Tjoa,11,0,South-eastern Asia_female_Millennials
Q108816662,Mara La Torre,11,0,South-eastern Asia_female_Millennials
Q108892145,Gabrielle Caunesil Pozzoli,15,0,Western Europe_female_Millennials
Q108906534,Anna Neplyakh,9,0,Eastern Europe_female_Millennials
Q108917604,Sarah Loinaz,8,0,Southern Europe_female_Generation Z
Q10906101,Chelsey Hersley,14,0,Northern America_female_Millennials
Q109083929,Ember,11,0,Northern America_female_Millennials
Q109289648,Sahara Marie,7,0,Northern America_female_Millennials
Q109308558,Ngin Marady,8,0,South-eastern Asia_female_Generation Z
Q109322321,Cindy Obeñita,11,0,South-eastern Asia_female_Generation Z
Q109328933,Moa Sandberg,6,0,Northern Europe_female_Generation Z
Q109429635,Bui Quynh Hoa (Supermodel International 2022),11,0,South-eastern Asia_female_Generation Z
Q109442180,Nguyễn Thúc Thùy Tiên,29,1,South-eastern Asia_female_Generation Z
Q109452309,Nguyễn Quỳnh Anh,14,0,South-eastern Asia_female_Generation Z
Q109468719,Brenda Smith Lezama,17,0,Northern America_female_Millennials
Q109582862,,10,0,Southern Europe_female_Generation Z
Q109584567,Atong Arjok,17,0,Northern America_female_Millennials
Q109641514,Lidia Torrent,22,1,Southern Europe_female_Millennials
Q1097420,Claudia Effenberg,22,1,Western Europe_female_Generation X
Q109826988,Elle Smith,21,1,Northern America_female_Generation Z
Q109916900,Dragana Dujovic,9,0,Southern Europe_female_Millennials
Q110050524,Timea Gelencsér,11,0,Eastern Europe_female_Millennials
Q110054504,Galatia Gea Amanda,13,0,South-eastern Asia_female_Generation Z
Q110074033,Abbey Wilson,27,1,Northern America_female_Millennials
Q110098595,Karolína Huvarová,14,0,Eastern Europe_female_Millennials
Q110140868,Dener Pacheco,20,1,South America_male_Millennials
Q110193058,Tiffany Zhu,22,1,South-eastern Asia_female_Generation Z
Q110235911,Olivia Yacé,13,0,Northern America_female_Generation Z
Q110253738,Eva Menta,8,0,Southern Europe_female_Millennials
Q110311759,Ophélie Guillermand,11,0,Western Europe_female_Millennials
Q110314836,Emma Broyles,27,1,Northern America_female_Generation Z
Q11034228,Megan Young,44,1,Northern America_female_Millennials
Q110358463,Andina Julie,20,1,South-eastern Asia_female_Generation Z
Q11050591,Barbara Ištvánová,7,0,Eastern Europe_female_Millennials
Q110521306,Mila Kuznetsova,18,1,Eastern Europe_female_Millennials
Q11052277,Barbora Hamplová,8,0,Eastern Europe_female_Millennials
Q110560253,Lyna Perez,22,1,Northern America_female_Millennials
Q11064701,Jeanette Borhyová,13,0,Eastern Europe_female_Millennials
Q110701809,Klára Medková,11,0,Eastern Europe_female_Millennials
Q110725539,Dahan Phương Oanh,12,0,South-eastern Asia_female_Generation Z
Q110768145,Veronika Hejlíková,12,0,Eastern Europe_female_Millennials
Q110781553,Ola Rudnicka,10,0,Eastern Europe_female_Millennials
Q110813591,Sabrina Chairunnisa,17,0,South-eastern Asia_female_Millennials
Q1108755,Sigrid Agren,37,1,Western Europe_female_Millennials
Q110892383,Marzia Dorlando,12,0,Southern Europe_female_Millennials
Q110895423,Abby Rao,17,0,Northern America_female_Generation Z
Q110897541,Maria Ryabushkina,56,1,Eastern Europe_female_Millennials
Q110967810,Bárbara Heck,24,1,South America_female_Millennials
Q111023874,Raphaela Sirena,13,0,South America_female_Millennials
Q111084288,Willow Allen,11,0,Northern America_female_Generation Z
Q1111236,Davorka Tovilo,16,0,Southern Europe_female_Generation X
Q111182588,Estefanía Berardi,19,1,South America_female_Millennials
Q111272416,Domitila Barros,24,1,South America_female_Millennials
Q111354026,Zeudi Di Palma,15,0,Southern Europe_female_Generation Z
Q111446603,Natalie Ludwig,14,0,Northern America_female_Generation Z
Q111466969,Trinity Morisette,16,0,Northern America_female_Generation Z
Q111569425,Natália Lage,16,0,South America_female_Millennials
Q11157228,Denisa Domanská,12,0,Eastern Europe_female_Millennials
Q111575435,Jackie Martinez,17,0,Northern America_female_Millennials
Q111577878,Maxine Formosa,9,0,Southern Europe_female_Generation Z
Q111599012,Thuany Martins,12,0,South America_female_Millennials
Q111599825,Eva Ruiz Martin,26,1,Southern Europe_female_Generation X
Q11170757,Renata González,15,0,South America_female_Millennials
Q1118206,Kata Kondás,8,0,Eastern Europe_female_Millennials
Q111910248,Kansuda Chanakeeree,19,1,South-eastern Asia_female_Generation Z
Q111952173,Atasha Muhlach,13,0,South-eastern Asia_female_Generation Z
Q111985806,Helena Prestes,26,1,South America_female_Millennials
Q112023354,Lily Chee,10,0,Northern America_female_Generation Z
Q112036936,Brenda Zambrano,18,1,Central America_female_Millennials
Q112039534,Scarlett Gartmann,19,1,Western Europe_female_Millennials
Q112043610,Yumi Nu,9,0,Northern America_female_Generation Z
Q112213837,Deva Cassel,31,1,Southern Europe_female_Generation Z
Q1122347,Linda Lia Kustánczi,12,0,Eastern Europe_female_Millennials
Q112246603,Adinda Cresheilla,31,1,South-eastern Asia_female_Generation Z
Q112270408,,8,0,Northern Europe_female_Generation Z
Q1123887,Teyona Anderson,13,0,Northern America_female_Millennials
Q112825001,Jéssica Vilela,15,0,South America_female_Millennials
Q11295612,Sha Rizel,42,1,Eastern Europe_female_Millennials
Q112972265,Dorian Dennis,19,1,Northern America_female_Greatest Generation
Q1130277,Betta Lipcsei,14,0,Eastern Europe_female_Millennials
Q11307574,Anu Saagim,20,1,Northern Europe_female_Baby Boomers
Q11308865,Seana Ryan,25,1,Northern America_female_Generation X
Q11310347,Junior Oliveira,6,0,South America_male_Millennials
Q113107478,Mikayla Demaiter,22,1,Northern America_female_Generation Z
Q11312395,Mikako Stukas,11,0,Northern America_female_Millennials
Q113193951,Zara McDermott,26,1,Northern Europe_female_Generation Z
Q11324312,Nicole Marciano,18,1,Northern America_female_Generation X
Q113364035,Anna Sueangam-iam,15,0,South-eastern Asia_female_Generation Z
Q113369044,Niamh Colgan,11,0,Northern Europe_female_Generation Z
Q11337424,Petra Pachlová,14,0,Eastern Europe_female_Millennials
Q113421104,Hélène Boudreau,31,1,Northern America_female_Millennials
Q11347965,Lisa Keller,13,0,Northern America_female_Millennials
Q11348175,Lydia Schone,16,0,Northern America_female_Generation X
Q113499570,Ashley Cariño,19,1,Northern America_female_Millennials
Q113502382,Mai Phương,20,1,South-eastern Asia_female_Generation Z
Q11351025,Lorna Morgan,24,1,Northern Europe_female_Generation X
Q113530806,Ida Anette Hauan,9,0,Northern Europe_female_Generation Z
Q113547700,Gabriela Dvořáková,8,0,Eastern Europe_female_Millennials
Q113638756,Divita Rai,11,0,Southern Asia_female_Generation Z
Q113686671,,10,0,Eastern Europe_female_Millennials
Q11369641,Risa Kume,15,0,South-eastern Asia_female_Millennials
Q113767,Tatjana Gsell,13,0,Western Europe_female_Generation X
Q113828883,Amber Yip,6,0,Northern Europe_female_Generation Z
Q113961807,Catarina Ferreira,13,0,Southern Europe_female_Generation Z
Q114015634,Petra Hämäläinen,14,0,Northern Europe_female_Generation Z
Q114040014,Virginia Stablum,14,0,Southern Europe_female_Generation Z
Q114290347,Katica Rakuljic,6,0,Southern Europe_female_Millennials
Q114395063,R'Bonney Gabriel,28,1,Northern America_female_Millennials
Q114438,Iris Strubegger,20,1,Western Europe_female_Millennials
Q11458293,Erisa Kusunoki,21,1,Western Europe_female_Millennials
Q114978529,Charinporn Ngeoncharoen,18,1,South-eastern Asia_female_Generation Z
Q115012,Tereza Fajksová,24,1,Eastern Europe_female_Millennials
Q115051888,Liudmyla Tkachenko,7,0,Eastern Europe_female_Millennials
Q115052456,Fujianti Utami Putri,32,1,South-eastern Asia_female_Generation Z
Q115122414,Diego Barros,22,1,South America_male_Millennials
Q115206,Imany,104,1,Western Europe_female_Generation X
Q115316126,Vini Büttel,11,0,South America_male_Millennials
Q115407137,Vitalia Sesha,8,0,South-eastern Asia_female_Millennials
Q115470846,Sabrina Salsabila,7,0,South-eastern Asia_female_Millennials
Q115478779,Rosario Avani Durán,8,0,Northern America_female_Generation Z
Q115479506,Livv Fitt,16,0,Northern America_female_Generation Z
Q11551702,Elaiza Ikeda,85,1,South-eastern Asia_female_Generation Z
Q115581683,Kelsey Turner,13,0,Northern America_female_Millennials
Q115677770,Erina Gudono,26,1,Northern America_female_Generation Z
Q115687297,Jasmin Selberg,20,1,Northern Europe_female_Generation Z
Q115731747,Emma Harvey,33,1,Northern America_female_Generation Z
Q115769263,Barbara Berger,18,1,South America_female_Millennials
Q115796214,Lavinia Abate,12,0,Southern Europe_female_Generation Z
Q115829217,Huỳnh Thị Thanh Thủy,22,1,South-eastern Asia_female_Generation Z
Q115898109,Katya Karlova,10,0,Eastern Europe_female_Millennials
Q1159234,Dana Schweiger,28,1,Northern America_female_Generation X
Q115959116,Kai Post,28,1,Northern America_female_Generation Z
Q116060348,Zahra Afiff,13,0,South-eastern Asia_female_Generation Z
Q116131293,Valentina Gallego,17,0,South America_female_Millennials
Q116143,Whitney Toyloy,22,1,Western Europe_female_Millennials
Q116175998,Victoria Saravia,25,1,South America_female_Millennials
Q116196,Linda Fäh,26,1,Western Europe_female_Millennials
Q116215458,Hanna-Maria Sell,13,0,Northern Europe_female_Generation Z
Q116236428,Sophie Codegoni,18,1,Southern Europe_female_Generation Z
Q116286958,Olivia Molina Avellaneda,15,0,South America_female_Millennials
Q116301415,Drusilla Gucci,29,1,Western Europe_female_Millennials
Q1163529,Daniela Rockenschaub,9,0,Western Europe_female_Millennials
Q116486077,Koko Claire Figura-Schoenhals,20,1,Northern America_female_Generation Z
Q116578720,La Niña Gaby,9,0,South America_female_Millennials
Q116673,Kerstin Cook,20,1,Western Europe_female_Millennials
Q116685574,Maria Laura De Vitis,21,1,Southern Europe_female_Generation Z
Q116686156,Taylor Mega,22,1,Southern Europe_female_Millennials
Q116723,Alina Buchschacher,18,1,Western Europe_female_Millennials
Q116734425,Sebastián Tamayo,13,0,South America_male_Millennials
Q11684676,Aida Tumutova,18,1,Eastern Europe_female_Millennials
Q11687196,Kimberly Spicer,25,1,Northern America_female_Generation X
Q11688329,Lara Weller,10,0,Western Europe_female_Generation X
Q11688758,Brandi Quinones,12,0,Northern America_female_Generation X
Q11690758,Claudia Mason,31,1,Northern America_female_Generation X
Q116908443,Iko Bustomi,9,0,South-eastern Asia_female_Generation Z
Q11701403,Gretha Cavazzoni,20,1,Southern Europe_female_Generation X
Q11704988,Vanessa Gleason,23,1,Northern America_female_Generation X
Q11714368,Ivayla Bakalova,10,0,Eastern Europe_female_Millennials
Q117194,Xenia Tchoumitcheva,44,1,Eastern Europe_female_Millennials
Q11722430,Carmen Justová,8,0,Eastern Europe_female_Millennials
Q1172660,Eva Riccobono,43,1,Southern Europe_female_Millennials
Q117284724,Camille DeCicco,13,0,South America_female_Millennials
Q11728885,Judy Jiao,8,0,Northern America_female_Millennials
Q11734565,Kamila Szczawińska,16,0,Eastern Europe_female_Millennials
Q11736446,Karolina Malinowska,17,0,Eastern Europe_female_Millennials
Q11737411,Katia Kokoriewa,17,0,Eastern Europe_female_Millennials
Q117383133,Luana Tenca,14,0,Southern Europe_female_Generation X
Q117398,Julia Saner,20,1,Western Europe_female_Millennials
Q117474108,Eudia Isabelle,11,0,South-eastern Asia_female_Generation Z
Q11753284,Laureta Meci,12,0,Southern Europe_female_Generation X
Q117577,Christina Surer,23,1,Western Europe_female_Generation X
Q11766099,Magdalena Soszyńska-Michno,14,0,Eastern Europe_female_Millennials
Q11766889,Malwina Ratajczak,14,0,Eastern Europe_female_Millennials
Q11769142,María Serrano Serrano,31,1,Southern Europe_female_Generation X
Q11770574,Marta Gut,16,0,Eastern Europe_female_Millennials
Q11774073,Dagmar Šírová,9,0,Eastern Europe_female_Millennials
Q117756812,Lisa Franzen,16,0,Eastern Europe_female_Millennials
Q11776953,Meghan Douglas,22,1,Northern America_female_Generation X
Q117774,Amanda Ammann,10,0,Western Europe_female_Millennials
Q118109367,Diajeng Aulya,8,0,South-eastern Asia_female_Generation Z
Q11812049,Diana Kobzanová,16,0,Western Europe_female_Millennials
Q118134217,Lucas Viana,15,0,South America_male_Millennials
Q11813510,Patricia Hartmann,11,0,Western Europe_female_Generation X
Q11813751,Paula Marciniak,19,1,Eastern Europe_female_Millennials
Q118215616,Lexi Hensler,9,0,Northern America_female_Generation Z
Q118274562,Sherry Shi,19,1,Northern America_female_Generation Z
Q1184826,Farida Waller,13,0,South-eastern Asia_female_Millennials
Q118508410,Lulu Zaharani,21,1,South-eastern Asia_female_Generation Z
Q11879848,Veronika Chmelířová,11,0,Eastern Europe_female_Millennials
Q11879910,Veronika Kopřivová,16,0,Eastern Europe_female_Millennials
Q11880029,Veronika Pompeová,7,0,Eastern Europe_female_Millennials
Q118837944,Yasinta Aurellia,20,1,South-eastern Asia_female_Generation Z
Q11884045,Natasha Yi,22,1,Northern America_female_Generation X
Q11895373,Susanna Penttilä,12,0,Northern Europe_female_Generation X
Q11901706,Virpi Miettinen,21,1,Northern Europe_female_Baby Boomers
Q1191177,Vlada Roslyakova,31,1,Eastern Europe_female_Millennials
Q119520104,Katie Cleary,20,1,Northern America_female_Millennials
Q119521807,Amanza Smith,23,1,Northern America_female_Generation X
Q11958302,Anne Michelle de Massy,14,0,Northern Europe_female_Baby Boomers
Q11961106,Birgit Eriksen,10,0,Northern Europe_female_Baby Boomers
Q11985202,Eva Vašková,12,0,Eastern Europe_female_Millennials
Q119855525,Nguyễn Phương Nhi,11,0,South-eastern Asia_female_Generation Z
Q12017993,Gabriela Bísková,11,0,Eastern Europe_female_Millennials
Q12018963,Hana Jiříčková,24,1,Eastern Europe_female_Millennials
Q12018996,Hana Věrná,10,0,Eastern Europe_female_Millennials
Q120264077,,5,0,Eastern Europe_female_Millennials
Q12028815,Karolina Tolkachova,11,0,Eastern Europe_female_Millennials
Q12031503,Kristýna Ječmenová,7,0,Eastern Europe_female_Millennials
Q12032927,Lenka Hanáková,9,0,Eastern Europe_female_Millennials
Q12032929,,7,0,Eastern Europe_female_Millennials
Q12032939,Lenka Taussigová,7,0,Eastern Europe_female_Millennials
Q12033547,Linda Bartošová,34,1,Eastern Europe_female_Millennials
Q12034159,Lucie Hadasová,22,1,Eastern Europe_female_Millennials
Q12034161,Lucie Klukavá,10,0,Eastern Europe_female_Millennials
Q12034168,Lucie Váchová,25,1,Eastern Europe_female_Millennials
Q12034176,Lucie Smatanová,19,1,Eastern Europe_female_Millennials
Q12035602,Markéta Břízová,12,0,Eastern Europe_female_Millennials
Q12035900,,9,0,Eastern Europe_female_Millennials
Q12036656,Michaela Dihlová,7,0,Eastern Europe_female_Millennials
Q12036668,Michaela Štoudková,11,0,Eastern Europe_female_Millennials
Q120378,Melanie Winiger,38,1,Western Europe_female_Generation X
Q12038575,Monika Vaculíková,15,0,Eastern Europe_female_Millennials
Q12040930,Nikola Petruželová,17,0,Eastern Europe_female_Millennials
Q12044363,Pavla Sudová,8,0,Eastern Europe_female_Millennials
Q12045160,Petra Čuboňová,10,0,Eastern Europe_female_Millennials
Q12049198,Renata Langmannová,16,0,Eastern Europe_female_Millennials
Q12049214,Renáta Czadernová,15,0,Eastern Europe_female_Millennials
Q120496519,Athenea Pérez,18,1,Southern Europe_female_Generation Z
Q120549510,Sammy Krieger,9,0,Northern America_female_Generation Z
Q120557225,Dania Méndez,11,0,Central America_female_Millennials
Q12056759,Julia Dunstall,16,0,Northern America_female_Millennials
Q120629770,Larissa Dones,18,1,Northern America_female_Generation Z
Q12065215,Dina Pandzic,13,0,Southern Europe_female_Millennials
Q12071552,Tiffany Trump,80,1,Northern America_female_Millennials
Q12072588,Susan Wayland,50,1,Western Europe_female_Generation X
Q120893720,Brandy Gordon,17,0,Northern America_female_Generation Z
Q12093188,Viktoriya Sasonkina,22,1,Eastern Europe_female_Millennials
Q120963090,Lilli Luxe,16,0,Northern America_female_Millennials
Q12104552,,7,0,Eastern Europe_female_Millennials
Q12106114,Catherine E Zakharchenko,7,0,Eastern Europe_female_Millennials
Q121096683,María Martínez,18,1,South America_female_Millennials
Q12116072,Yaroslava Kuryacha,12,0,Eastern Europe_female_Millennials
Q12121719,Eleonora Masalab,12,0,Eastern Europe_female_Millennials
Q121307904,Ishitta Arun,14,0,Southern Asia_female_Generation X
Q121437559,Huỳnh Tú Anh,9,0,South-eastern Asia_female_Generation Z
Q12155901,Ariella Arida,19,1,South-eastern Asia_female_Millennials
Q121589667,Celeste Viel,11,0,Northern America_female_Generation Z
Q121707820,Carrie Nygren,14,0,Northern Europe_female_Baby Boomers
Q121750538,Madison Kvaltin,10,0,Northern America_female_Generation Z
Q121913069,Sonal Kukreja,10,0,Southern Asia_female_Generation Z
Q121938199,Faizaa Ashfaq,9,0,Southern Asia_female_Generation Z
Q122189657,Abi Kate McCabe,10,0,Northern Europe_female_Generation Z
Q122230853,Angela Tanuzi,9,0,Southern Europe_female_Generation Z
Q122315092,Sotima John,11,0,South-eastern Asia_female_Generation Z
Q122451011,Jackie Hollywood,11,0,Northern America_female_Millennials
Q12253536,Ane Mendizabal,8,0,Southern Europe_female_Millennials
Q12255576,Bárbara Oteiza,34,1,Southern Europe_female_Millennials
Q12261892,Lara González Oteiza,27,1,Southern Europe_female_Millennials
Q12280065,Zhasmina Toshkova,15,0,Eastern Europe_female_Millennials
Q122830283,Zainab Raza,12,0,Southern Asia_female_Generation Z
Q122842271,Skyler Simpson,19,1,Northern America_female_Generation Z
Q122853728,Ariana Cooper,13,0,Northern America_female_Millennials
Q12286893,Mira,38,1,Eastern Europe_female_Millennials
Q122877279,Noelia Voigt,29,1,Northern America_female_Generation Z
Q122878715,Elicena Andrada,20,1,South America_female_Millennials
Q12288262,Nikol Stankulova,13,0,Eastern Europe_female_Millennials
Q122889132,Nguyễn Thị Hương Ly,7,0,South-eastern Asia_female_Generation Z
Q122897436,Aishah Akorede,19,1,Northern Europe_female_Generation Z
Q1229642,Lili Papp,10,0,Eastern Europe_female_Millennials
Q122973094,Amara Bo,13,0,South-eastern Asia_female_Generation Z
Q122974493,Marielia Zaloumi,14,0,Southern Europe_female_Generation Z
Q122980451,Carmen Panepinto,21,1,Southern Europe_female_Generation Z
Q12299534,Julia Yurevich,13,0,Eastern Europe_female_Millennials
Q123034160,Priyanka Annuncia,9,0,South-eastern Asia_female_Generation Z
Q123058610,Nikoline Uhrenholt Hansen,16,0,Northern Europe_female_Generation Z
Q12307991,Delia Sheppard,27,1,Northern Europe_female_Baby Boomers
Q12318040,Ibi Makienok,27,1,Northern Europe_female_Generation X
Q123186443,Liat Bello,17,0,South America_female_Millennials
Q12326349,Mascha Vang,14,0,Northern Europe_female_Generation X
Q123414832,Francesca Bergesio,18,1,Southern Europe_female_Generation Z
Q123678654,Nicole Weider,14,0,Northern America_female_Millennials
Q12382728,Alejandra Alonso,16,0,Southern Europe_female_Millennials
Q123907425,Hana Abrahamová,13,0,Eastern Europe_female_Millennials
Q123943523,Mirjana Puhar,14,0,Southern Europe_female_Generation Z
Q123957,Anita Buri,22,1,Western Europe_female_Generation X
Q123975225,Drita Ziri,14,0,Southern Europe_female_Generation Z
Q124041148,Claire Northfield,11,0,Northern America_female_Generation Z
Q124060599,April Love Geary,10,0,Northern America_female_Millennials
Q124130117,Ana Afonso,15,0,Southern Europe_female_Generation X
Q124222119,Camilla Araujo,30,1,Northern America_female_Generation Z
Q12433037,Alba Quezada,14,0,South America_female_Millennials
Q124332114,Geane Rocha,9,0,South America_female_Millennials
Q1243861,Doreen Seidel,16,0,Western Europe_female_Millennials
Q124418335,Teresa Noreen,13,0,Northern America_female_Generation X
Q124418361,Viktoria Sekrier,16,0,Eastern Europe_female_Millennials
Q124423352,Kate Bogucharskaia,11,0,Eastern Europe_female_Millennials
Q124424299,Minnie Gupta,10,0,Northern America_female_Millennials
Q124499870,Ashley Sky,7,0,South America_female_Millennials
Q124515102,,10,0,South America_female_Millennials
Q124609107,Miracle Denise Watts,15,0,Northern America_female_Millennials
Q124609143,Nguyễn Thị Loan,17,0,South-eastern Asia_female_Millennials
Q124616687,Bobby T,13,0,Northern Europe_female_Generation X
Q124634550,Sara Arfaoui,13,0,Southern Europe_female_Generation Z
Q124646003,Christina Ionno,11,0,Northern America_female_Millennials
Q124692960,Kari-Ann Moller,21,1,Northern Europe_female_Baby Boomers
Q12471418,Albertina Fransisca Mailoa,12,0,South-eastern Asia_female_Millennials
Q12471730,Amanda Roberta Zevannya,13,0,South-eastern Asia_female_Millennials
Q12472923,Ayu Diandra Sari,16,0,South-eastern Asia_female_Millennials
Q124752057,,8,0,Eastern Europe_female_Millennials
Q12478605,Chelsy Liven,16,0,South-eastern Asia_female_Millennials
Q124791488,Sophie Kirana,22,1,South-eastern Asia_female_Generation Z
Q124812455,Permata Juliastrid,25,1,South-eastern Asia_female_Generation Z
Q12484283,Glory Rosary Oyong,13,0,South-eastern Asia_female_Millennials
Q12494919,Lindi Cistia Prabha,9,0,South-eastern Asia_female_Millennials
Q1249501,Laura Pamplona,28,1,Southern Europe_female_Generation X
Q12497091,Marisa Sartika Maladewi,18,1,South-eastern Asia_female_Millennials
Q124978269,Olivia Vinten,7,0,Northern Europe_female_Generation Z
Q12500937,Novi Amelia,10,0,South-eastern Asia_female_Millennials
Q12501302,Olivia Dewi Soerijo,12,0,South-eastern Asia_female_Generation Z
Q12507726,Raisa,48,1,South-eastern Asia_female_Millennials
Q125119961,Cheryl Chung,8,0,Northern Europe_female_Generation Z
Q125131882,Melati Tedja,22,1,South-eastern Asia_female_Generation Z
Q125386,Mirjana Bogojevic,9,0,Western Europe_female_Generation X
Q125473697,Irisa Shannon Wong,8,0,Northern Europe_female_Generation Z
Q125548977,Amalie Olufsen,26,1,Northern Europe_female_Generation Z
Q125590,Jordan Carver,49,1,Western Europe_female_Millennials
Q125676178,Gwendolyn Rich,12,0,Western Europe_female_Generation X
Q1257119,Francisco Escobar,16,0,South America_male_Millennials
Q125799932,Celia Lora,34,1,Central America_female_Millennials
Q126000768,Aleska Génesis,15,0,South America_female_Millennials
Q126038097,Chelsea Manalo,13,0,South-eastern Asia_female_Generation Z
Q126087935,Tira Provost,13,0,Northern America_female_Generation X
Q1261298,Sofía Zámolo,26,1,South America_female_Millennials
Q1261526,Xenia Pajčin,46,1,Southern Europe_female_Generation X
Q126163424,Jordan Ozuna,13,0,Northern America_female_Millennials
Q126165409,Nadeen Ayoub,20,1,Northern America_female_Generation Z
Q126192004,Cecile Nana,37,1,Northern America_female_Generation Z
Q126327844,Carla Prata,17,0,South America_female_Millennials
Q126370092,Daniela Toloza,7,0,South America_female_Millennials
Q126372664,Nahveenath Norrasubpeecha,12,0,South-eastern Asia_female_Generation Z
Q126433631,Izabela Pek,21,1,Eastern Europe_female_Millennials
Q126617816,Romana Pavelková,10,0,Eastern Europe_female_Millennials
Q126726585,Georgina Mazzeo,7,0,South America_female_Millennials
Q126778230,Sara Caballero,17,0,Southern Europe_female_Generation Z
Q126889869,Dhana Bunel,10,0,South America_female_Millennials
Q12698940,Neelofa,37,1,South-eastern Asia_female_Millennials
Q127180,Renée Simonsen,46,1,Northern Europe_female_Generation X
Q12735874,Monica Gabor,12,0,Eastern Europe_female_Millennials
Q12740893,Simona Sensual,11,0,Eastern Europe_female_Millennials
Q1274209,Tatjana Boenisch,10,0,Western Europe_female_Millennials
Q127424202,Giovanna Ramos,10,0,Northern America_female_Generation Z
Q127428109,Suchata Chuangsri,27,1,South-eastern Asia_female_Generation Z
Q12752646,Katerina Ribraka,22,1,Northern America_female_Generation X
Q12759626,Stanija Dobrojević,13,0,Southern Europe_female_Millennials
Q12761918,Adriana Cernanova,8,0,Eastern Europe_female_Millennials
Q12762281,Andrea Járová,14,0,Eastern Europe_female_Millennials
Q12770234,Lea Tyron,6,0,Eastern Europe_female_Millennials
Q12784248,Alenka Vindiš,14,0,Southern Europe_female_Generation X
Q12796422,Metka Albreht,15,0,Southern Europe_female_Generation X
Q1280549,Delphine Wespiser,52,1,Western Europe_female_Millennials
Q12816800,Fanni Weisz,14,0,Eastern Europe_female_Millennials
Q1283125,Carla Giraldo,24,1,South America_female_Millennials
Q128332249,Marie Dee,15,0,Northern America_female_Millennials
Q128549780,Alma Cooper,21,1,Northern America_female_Generation Z
Q1287173,Orsolya Serdült,8,0,Eastern Europe_female_Millennials
Q128804517,Jasmine Covarrubias,18,1,Northern America_female_Generation Z
Q128808773,Copy Lo,7,0,Northern Europe_female_Generation Z
Q128904181,Osuenhe Ugonoh,11,0,Eastern Europe_female_Millennials
Q12899323,Cristina Del Basso,29,1,Southern Europe_female_Millennials
Q12900203,Haydn Porter,13,0,Northern America_female_Millennials
Q129024407,Juliane Snekkestad,16,0,Northern Europe_female_Generation Z
Q129194761,Ari Kytsya,9,0,Northern America_female_Generation Z
Q129319,Jésica Cirio,27,1,South America_female_Millennials
Q129566105,Nour Arida,19,1,Northern America_female_Millennials
Q12967376,Louise delos Reyes,21,1,South-eastern Asia_female_Millennials
Q12972328,Valerie Weigmann,20,1,Western Europe_female_Millennials
Q129767421,Ngọc Oanh,10,0,South-eastern Asia_female_Millennials
Q130014114,Anaïs Gallagher,28,1,Northern Europe_female_Generation Z
Q13015448,Tussaneeya Karnsomnut,10,0,South-eastern Asia_female_Millennials
Q13016120,Nittha Jirayungyurn,25,1,South-eastern Asia_female_Millennials
Q13018650,Peeranee Kongthai,16,0,South-eastern Asia_female_Millennials
Q13022868,Sunisa Jett,24,1,Northern America_female_Millennials
Q13024843,Noor Pahlavi,28,1,Northern America_female_Millennials
Q13026223,Sammy Cowell,17,0,South-eastern Asia_female_Millennials
Q130287863,Elena Hidalgo Ramírez,8,0,Central America_female_Millennials
Q130307303,Kristina Joksimovic,11,0,Western Europe_female_Millennials
Q1303108,Isi Glück,48,1,Western Europe_female_Millennials
Q130326370,Glelany Cavalcante,11,0,South America_female_Millennials
Q130375979,Loredana Salanță,19,1,Eastern Europe_female_Millennials
Q130376809,Michelle Jiménez,12,0,Southern Europe_female_Generation Z
Q130383360,Christine Opiaza,9,0,South-eastern Asia_female_Generation Z
Q130387172,Tú Hảo,13,0,South-eastern Asia_female_Generation Z
Q130393984,Lilly Sødal,16,0,Northern Europe_female_Generation Z
Q130544759,Jozy Blows,8,0,Northern Europe_female_Generation Z
Q130595277,Camilla Fabri,13,0,Southern Europe_female_Millennials
Q130598535,Chromazz,12,0,Northern America_female_Generation Z
Q130644774,Roma Michael,6,0,Southern Asia_female_Generation Z
Q13076996,Thet Mon Myint,14,0,South-eastern Asia_female_Millennials
Q130807781,Simona Kust,13,0,Northern Europe_female_Generation Z
Q131108699,Rachel Whitlatch,16,0,Northern America_female_Generation Z
Q13114429,Lakshmi Gopalaswamy,19,1,Southern Asia_female_Generation X
Q131154594,Ofelia Passaponti,11,0,Southern Europe_female_Generation Z
Q131178206,,13,0,Southern Asia_female_Generation Z
Q131228171,Victoria Kjær Theilvig,35,1,Northern Europe_female_Generation Z
Q131290687,,12,0,Southern Europe_female_Generation Z
Q13134617,Anna Marie Hendriks,6,0,Western Europe_female_Millennials
Q131363032,Thae Su Nyein,33,1,South-eastern Asia_female_Generation Z
Q131443784,Lucy Dawson,26,1,Northern Europe_female_Generation Z
Q131571371,Loni Willison,11,0,Northern America_female_Millennials
Q1315844,Lisa Loch,13,0,Western Europe_female_Millennials
Q131631260,Livia Pillmann,12,0,Eastern Europe_female_Millennials
Q131665,Lola Pagnani,36,1,Southern Europe_female_Generation X
Q131677706,Kyra Santoro,16,0,Northern America_female_Millennials
Q131738115,Nasamon Niyomdecha,11,0,South-eastern Asia_female_Generation Z
Q131738289,,14,0,Southern Europe_female_Generation Z
Q131751538,Shirley Arica,20,1,South America_female_Millennials
Q131839257,Kha My Van,12,0,South-eastern Asia_female_Millennials
Q1320195,Carolina Morán,15,0,Central America_female_Millennials
Q1320275,Micaela Reis,25,1,Southern Europe_female_Millennials
Q1320293,Eliška Bučková,25,1,Eastern Europe_female_Millennials
Q1320417,Noot Seear,28,1,Northern America_female_Millennials
Q1320622,Kristal Marshall,32,1,Northern America_female_Millennials
Q132173052,Anamaria Goltes,11,0,Southern Europe_female_Generation Z
Q13218490,Bára Kolářová,11,0,Eastern Europe_female_Millennials
Q1321902,Iryna Zhuravska,21,1,Eastern Europe_female_Millennials
Q132204974,Suchanooch Thammawong,12,0,South-eastern Asia_female_Generation Z
Q1322473,Silvia de Esteban,14,0,Southern Europe_female_Generation X
Q132308263,Monica Kezia,13,0,South-eastern Asia_female_Generation Z
Q1323584,Luu Thi Diem Huong,16,0,South-eastern Asia_female_Millennials
Q132377811,,17,0,Southern Europe_female_Generation Z
Q1329827,Duong Truong Thien Ly,16,0,South-eastern Asia_female_Millennials
Q132999386,Georgette Cárdenas,15,0,South America_female_Millennials
Q1332230,Natalie Griffith,12,0,Northern America_female_Millennials
Q133249020,Nguyễn Đình Như Vân,11,0,South-eastern Asia_female_Millennials
Q133255241,Luisa Galindo,10,0,Central America_female_Millennials
Q133308247,Gala Caldirola,10,0,Southern Europe_female_Millennials
Q133431,Adrola Dushi,10,0,Southern Europe_female_Millennials
Q133544886,Veena Praveenar Singh,17,0,South-eastern Asia_female_Generation Z
Q13392260,Nicole Bahls,30,1,South America_female_Millennials
Q13423321,Sara Stockbridge,34,1,Northern Europe_female_Generation X
Q13426146,Heather Christensen,18,1,Northern America_female_Generation X
Q134288714,Biliana Yotovska,17,0,Eastern Europe_female_Millennials
Q134290150,Melliza Xaviera,25,1,South-eastern Asia_female_Generation Z
Q134306039,Firsta Yufi,22,1,South-eastern Asia_female_Generation Z
Q13434469,Jana Příhodová,11,0,Eastern Europe_female_Millennials
Q134471857,Supitcha Predajaroen,18,1,South-eastern Asia_female_Generation Z
Q134576439,Khisa Khin,11,0,South-eastern Asia_female_Generation Z
Q13461825,Charlotte Labee,19,1,Western Europe_female_Millennials
Q13462221,Monica Leigh,26,1,Northern America_female_Millennials
Q134787673,Jordan Noelle Byrd,7,0,Northern America_female_Generation Z
Q134874920,Quỳnh Anh Shyn,17,0,South-eastern Asia_female_Generation Z
Q134963494,India Love,9,0,Northern America_female_Generation Z
Q134988717,Camila Vitorino,15,0,Southern Europe_female_Generation Z
Q135029383,Connie Chow,12,0,Northern Europe_female_Generation X
Q135030063,Heidi Lau,7,0,Northern Europe_female_Generation Z
Q135067573,Niki Kartsona,15,0,Southern Europe_female_Generation X
Q135101419,Karla Bacigalupo,19,1,South America_female_Millennials
Q135107236,Galina Becker,17,0,Northern America_female_Millennials
Q135236362,Laura Gnjatović,23,1,Southern Europe_female_Generation Z
Q1352779,Nicole Reinhardt,10,0,Western Europe_female_Generation X
Q135394443,Julia Ogun,19,1,Eastern Europe_female_Millennials
Q135470868,Yamilex Hernández,25,1,Northern America_female_Generation Z
Q13560265,Nichole Sakura,52,1,Northern America_female_Millennials
Q13560266,Sarah Oh,22,1,Northern America_female_Millennials
Q13560423,Dove Cameron,220,1,Northern America_female_Generation Z
Q13560424,Buffie Carruth,40,1,Northern America_female_Generation X
Q13561648,Ireland Baldwin,47,1,Northern America_female_Generation Z
Q13561649,Boni Blackstone,12,0,Northern America_female_Generation X
Q13561650,Nicole Boerner,13,0,Northern America_female_Millennials
Q13561652,Jewel Flowers,12,0,Northern America_female_Greatest Generation
Q13561658,Mariana Loya,15,0,Northern America_female_Generation X
Q13561664,Jennie Runk,17,0,Northern America_female_Millennials
Q13562563,Renata Kusmanto,19,1,South-eastern Asia_female_Millennials
Q13563304,Romina Lanaro,17,0,South America_female_Millennials
Q13571519,Guadalupe González,22,1,South America_female_Millennials
Q135748042,Ashley Alexiss,8,0,Northern America_female_Millennials
Q135767315,Karolin Kippasto,10,0,Northern Europe_female_Generation Z
Q135768933,,15,0,Northern America_female_Generation Z
Q135769849,,22,1,Northern America_female_Millennials
Q135909101,Zuri Aspiunza,22,1,Southern Europe_female_Millennials
Q135951052,Natalie Reynolds,7,0,Northern America_female_Generation Z
Q13598616,Branka Bebić Krstulović,10,0,Southern Europe_female_Generation X
Q136027497,Amanda Jensen,16,0,South-eastern Asia_female_Generation Z
Q136031827,Luna Luitel,9,0,Southern Asia_female_Generation Z
Q136036650,Lucilla Nori,19,1,Southern Europe_female_Generation Z
Q13606953,Doris Kemptner,14,0,Western Europe_female_Millennials
Q136091374,Meldra Rosenberg,5,0,Northern Europe_female_Generation Z
Q136119428,,13,0,South-eastern Asia_female_Millennials
Q136198512,Hana Klaut,16,0,Southern Europe_female_Generation Z
Q136323658,Jessica Tang,9,0,Northern Europe_female_Generation Z
Q136335855,Michelle Young,9,0,Northern Europe_female_Generation Z
Q136341057,Kaysee Jimenez,22,1,Northern America_female_Millennials
Q136379662,Bella Rother,11,0,Northern Europe_female_Generation Z
Q13638419,Irini Karra,15,0,Southern Europe_female_Millennials
Q136433933,Catalina Jacob,22,1,Southern Europe_female_Generation Z
Q136434008,Brigitta Schaback,10,0,Northern Europe_female_Generation Z
Q136465136,Mahogany Lox,6,0,Northern America_female_Millennials
Q136485617,Evangelina Anderson,22,1,South America_female_Millennials
Q136497492,Alina Lin,9,0,Northern Europe_female_Generation Z
Q136503606,Kavya Kapoor,14,0,Southern Asia_female_Generation Z
Q136540358,Melissa Sapini,20,1,Northern America_female_Generation Z
Q136540401,Ioanna Soulioti,18,1,Southern Europe_female_Generation X
Q136544442,Daniella Lundqvist,13,0,Northern Europe_female_Generation Z
Q136668873,Milky Lee,9,0,Northern Europe_female_Generation Z
Q136668898,Renee Wan,8,0,Northern Europe_female_Generation Z
Q136714086,Nicole Simeone,7,0,Southern Europe_female_Generation Z
Q136759672,Emily Yau,12,0,Northern America_female_Millennials
Q1367697,Heather Marks,31,1,Northern America_female_Millennials
Q136892335,Angel maleku,6,0,Northern America_female_Millennials
Q136929676,KYLESISTER,21,1,Northern America_female_Generation Z
Q136959573,,9,0,South-eastern Asia_female_Generation Z
Q1370137,Meggan Mallone,40,1,Northern America_female_Millennials
Q137185565,Anshika Rai,11,0,Southern Asia_female_Generation Z
Q137342,Casey Legler,36,1,Western Europe_female_Generation X
Q137362719,Stefanie Terra Velacchino,18,1,Southern Europe_female_Millennials
Q137381558,Katy Yeung Wing Tung,9,0,Northern Europe_female_Generation Z
Q137513862,Nutnacha Krusagayavong,19,1,South-eastern Asia_female_Generation Z
Q137651968,Chau Wai Kiu,8,0,Northern Europe_female_Generation Z
Q137796252,,8,0,Southern Europe_female_Generation Z
Q137884204,,12,0,Western Europe_female_Generation X
Q137886790,Sophie Longford,10,0,Northern Europe_female_Generation Z
Q137997080,Rebecca Mardikes,24,1,Northern America_female_Generation Z
Q138034854,Agnes Rahajeng,18,1,South-eastern Asia_female_Generation Z
Q138381985,Shania Fu,8,0,Northern America_female_Generation Z
Q138496343,Charlene Bi,8,0,Northern America_female_Generation Z
Q1393341,Gabriela Markus,22,1,South America_female_Millennials
Q1396569,Almudena Fernández,22,1,Southern Europe_female_Generation X
Q14094302,Elisavet Charalambidu,8,0,Eastern Europe_female_Millennials
Q14094628,Zina Šťovíčková,8,0,Eastern Europe_female_Millennials
Q14169699,Belle Mariano,25,1,South-eastern Asia_female_Generation Z
Q14316484,Izara Aishah,23,1,South-eastern Asia_female_Millennials
Q1445616,Christine Smith,23,1,Northern America_female_Generation X
Q1449528,Adriana Abenia,28,1,Southern Europe_female_Millennials
Q1450141,Franziska Knuppe,31,1,Western Europe_female_Generation X
Q14542188,Babi Rossi,19,1,South America_female_Millennials
Q14548304,Tara Lynn,14,0,Northern America_female_Millennials
Q14566791,Karen Soto,12,0,South America_female_Millennials
Q146059,Zana Krasniqi,13,0,Southern Europe_female_Millennials
Q1467437,Linda Zimány,23,1,Eastern Europe_female_Millennials
Q1469179,Jill Kussmacher,13,0,Western Europe_female_Millennials
Q1475360,Sabine Lamprecht,14,0,Southern Europe_female_Generation X
Q14864312,Cok Istri Krisnanda Widani,12,0,South-eastern Asia_female_Millennials
Q14912668,Dominique Rinderknecht,19,1,Western Europe_female_Millennials
Q14917363,Nina Davuluri,42,1,Northern America_female_Millennials
Q14917756,Lorenza Izzo,133,1,South America_female_Millennials
Q14931764,Jessica Burciaga,28,1,Northern America_female_Millennials
Q14949578,Naomi Preizler,25,1,South America_female_Millennials
Q14955028,Camila Andrade,14,0,South America_female_Millennials
Q14956451,Julia Barretto,36,1,South-eastern Asia_female_Generation Z
Q1502243,Karina Berger,12,0,Western Europe_female_Generation X
Q15044094,Moe Set Wine,10,0,South-eastern Asia_female_Millennials
Q15079571,Ilona Selina,14,0,Eastern Europe_female_Millennials
Q15079800,Alma Jodorowsky,53,1,Western Europe_female_Millennials
Q15104988,Sara Kulka,21,1,Eastern Europe_female_Millennials
Q15120693,Jakelyne Oliveira,22,1,South America_female_Millennials
Q15123123,Giulia Arena,23,1,Southern Europe_female_Millennials
Q15124125,Michaela Haladová,10,0,Eastern Europe_female_Millennials
Q15137788,Aleksandra Melnichenko,16,0,Southern Europe_female_Generation X
Q15140796,Cassandra Lynn,27,1,Northern America_female_Generation X
Q15141565,Sarah Elizabeth,20,1,Northern America_female_Millennials
Q15142284,Fabiana Granados,15,0,Central America_female_Millennials
Q15148556,Paulina Vega,36,1,South America_female_Millennials
Q151859,Alessandra Ambrosio,60,1,South America_female_Millennials
Q151866,Adriana Lima,85,1,South America_female_Millennials
Q15214868,Jourdan Miller,22,1,Northern America_female_Millennials
Q15215796,Novia Indriani Mamuaja,11,0,South-eastern Asia_female_Millennials
Q15222799,Erika Jordan,35,1,Western Europe_female_Millennials
Q152434,Mariana Bayón,15,0,Central America_female_Millennials
Q1524598,Katarína Manová,9,0,Eastern Europe_female_Millennials
Q152461,Karolína Kurková,68,1,Eastern Europe_female_Millennials
Q1527898,Giuliana Marino,21,1,Western Europe_female_Millennials
Q1528154,Carey Ng,13,0,South-eastern Asia_female_Millennials
Q153040,Larissa Riquelme,34,1,South America_female_Millennials
Q1531215,Bodine Koehler,17,0,Western Europe_female_Millennials
Q153233,María José Maldonado,11,0,South America_female_Millennials
Q1532647,Hinarani de Longeaux,15,0,Western Europe_female_Millennials
Q153422,Isabeli Fontana,55,1,South America_female_Millennials
Q153431,Taťána Kuchařová,50,1,Eastern Europe_female_Millennials
Q1536894,Mirjana Božović,11,0,Southern Europe_female_Millennials
Q15391053,Mutya Johanna Datul,19,1,South-eastern Asia_female_Millennials
Q15406808,Martina Hlavničková,8,0,Eastern Europe_female_Millennials
Q15406832,Gabriela Franková,17,0,Eastern Europe_female_Millennials
Q15407748,Zuleika Suárez,15,0,South America_female_Millennials
Q15436816,Ingrid Pavic,21,1,Southern Europe_female_Millennials
Q154519,Brigitte Nielsen,128,1,Northern Europe_female_Baby Boomers
Q15490865,Tereza Skoumalová,11,0,Eastern Europe_female_Millennials
Q15494800,Ena Kadić,19,1,Southern Europe_female_Millennials
Q15557931,Ruby Aldridge,27,1,Northern America_female_Millennials
Q15615741,Beau Hesling,11,0,Western Europe_female_Millennials
Q15618487,Luna Voce,20,1,Western Europe_female_Millennials
Q15623510,Laurence Langen,17,0,Western Europe_female_Millennials
Q15626914,Taťána Makarenko,17,0,Eastern Europe_female_Millennials
Q15634981,Johana Riva,20,1,South America_female_Millennials
Q1563876,Sara Corrales,27,1,South America_female_Millennials
Q15685231,Deanna Merryman,20,1,Northern America_female_Generation X
Q15690129,Elvira Devinamira,24,1,South-eastern Asia_female_Millennials
Q15690325,Elfin Rappa,17,0,South-eastern Asia_female_Generation Z
Q15694722,Jennifer Weller,21,1,Western Europe_female_Millennials
Q15695456,Katherina Contreras,14,0,South America_female_Millennials
Q15710784,Estelita Liana,16,0,South-eastern Asia_female_Millennials
Q15733377,Jen Selter,37,1,Northern America_female_Millennials
Q1574155,Hana Nitsche,32,1,Eastern Europe_female_Millennials
Q15741718,Génesis Carmona,26,1,South America_female_Millennials
Q1579932,Mel Fronckowiak,40,1,South America_female_Millennials
Q158233,Tabu,87,1,Southern Asia_female_Generation X
Q15825871,Liliana Matthäus,14,0,Eastern Europe_female_Millennials
Q15829736,Yasmine Petty,19,1,Northern America_female_Millennials
Q15850402,Tessa Bergmeier,27,1,Western Europe_female_Millennials
Q15852827,Victoria Paschold,12,0,Western Europe_female_Millennials
Q15875013,Estrella Pau,15,0,Western Europe_female_Millennials
Q15881468,Roos van Montfort,20,1,Western Europe_female_Millennials
Q15905350,Sarah Hunter,20,1,Northern America_female_Millennials
Q159166,Vidya Balan,92,1,Southern Asia_female_Generation X
Q15966550,Sara Matos,21,1,Southern Europe_female_Millennials
Q15973005,Kate Stoltzfus,22,1,Northern America_female_Millennials
Q15975285,Viola Haqi,12,0,Western Europe_female_Millennials
Q160009,Pink,265,1,Northern America_female_Generation X
Q16009690,Suki Potier,19,1,Northern Europe_female_Baby Boomers
Q16014236,Annie Morton,14,0,Northern America_female_Generation X
Q16019701,Helena Belmonte,18,1,Northern America_female_Millennials
Q16060916,Raquel Gibson,20,1,Northern America_female_Millennials
Q16060918,Vanessa Hoelsher,15,0,Northern America_female_Millennials
Q16063353,Camilla Vest,14,0,Northern Europe_female_Generation X
Q1608028,Valeria Marini,66,1,Southern Europe_female_Generation X
Q16113908,Blac Chyna,63,1,Northern America_female_Millennials
Q16138844,Metinee Kingpayome,35,1,Northern America_female_Generation X
Q16144285,Gabrielle Vilela,16,0,South America_female_Millennials
Q16146906,Daniela Álvarez,20,1,Central America_female_Millennials
Q16148211,Lorraine Chase,19,1,Northern Europe_female_Baby Boomers
Q16148921,Karoline Amaral,13,0,South America_female_Millennials
Q16149553,Jessica Amornkuldilok,15,0,South-eastern Asia_female_Millennials
Q16152162,Victoria Aitken,32,1,Northern Europe_female_Generation X
Q16154043,Jawahir Ahmed,9,0,Northern America_female_Millennials
Q16154519,Kirstie Joan Babor,10,0,South-eastern Asia_female_Millennials
Q16161615,Leah,8,0,Northern America_female_Millennials
Q16162324,Nikola Buranská,15,0,Eastern Europe_female_Millennials
Q16163842,Amanina Afiqah Ibrahim,23,1,South-eastern Asia_female_Generation Z
Q16164776,Simona Dvořáková,8,0,Eastern Europe_female_Millennials
Q16165581,Veronika Kašáková,25,1,Eastern Europe_female_Millennials
Q16166367,Amalia Rahayu Irdam,15,0,South-eastern Asia_female_Millennials
Q16183527,Jamie Ha,11,0,Northern America_female_Millennials
Q16184412,Kimmy Jayanti,18,1,South-eastern Asia_female_Millennials
Q16185782,Devon Windsor,34,1,Northern America_female_Millennials
Q16188675,Maria Asteria Sastrayu Rahajeng,20,1,South-eastern Asia_female_Millennials
Q16200514,Hannah Bronfman,22,1,Northern America_female_Millennials
Q16202232,Graciella Carvalho,11,0,South America_female_Millennials
Q16207691,Bárbara Evans,27,1,South America_female_Millennials
Q16210364,Sharon Ganish,10,0,Northern America_female_Millennials
Q16211677,Vanessa Mesquita,25,1,South America_female_Millennials
Q16212493,Jazz Ocampo,12,0,South-eastern Asia_female_Generation Z
Q16213246,Alba Galindo,11,0,Northern America_female_Millennials
Q16215065,Gabrielle Richens,20,1,Northern Europe_female_Generation X
Q16215414,Sarah Matravers,14,0,Northern Europe_female_Generation X
Q16216029,Sushama Reddy,19,1,Southern Asia_female_Generation X
Q16218900,Nataša Vojnović,21,1,Southern Europe_female_Generation X
Q16223280,Marie Meyer,14,0,Western Europe_female_Millennials
Q16223610,Luján Fernández,16,0,South America_female_Millennials
Q16223631,Isis Gomes,13,0,South America_female_Millennials
Q16223691,Nicole Johnson,25,1,Northern America_female_Millennials
Q16223911,Reisa Kartikasari,36,1,South-eastern Asia_female_Millennials
Q16231279,Denise Garrido,13,0,Northern America_female_Millennials
Q16231634,Anais Zanotti,17,0,Western Europe_female_Millennials
Q16231702,Stefanie Evangelista,12,0,Western Europe_female_Millennials
Q16231808,Diana Mendoza,12,0,Northern America_female_Millennials
Q16231993,Joyce Torresyap,9,0,South-eastern Asia_female_Millennials
Q16232176,Tsvetta Kaleynska,10,0,Eastern Europe_female_Millennials
Q16232261,Marline Barberena,13,0,Northern America_female_Millennials
Q16232523,Chalita Yaemwannang,11,0,South-eastern Asia_female_Millennials
Q16232590,Sara Ghulam,14,0,Northern America_female_Millennials
Q16232609,Héloïse Guérin,21,1,Western Europe_female_Millennials
Q16232897,Gwendoline Ruais,17,0,South-eastern Asia_female_Millennials
Q16233005,Brittanie Weaver,12,0,Northern America_female_Millennials
Q16233048,Juana Burga Cervera,26,1,South America_female_Millennials
Q16233053,Catharina Choi,17,0,South America_female_Millennials
Q16233284,Katherina Roshana,10,0,Northern America_female_Millennials
Q16233750,Andreea Diaconu,25,1,Eastern Europe_female_Millennials
Q16234168,Liyann Seet,13,0,South-eastern Asia_female_Millennials
Q16234314,Gaia Weiss,66,1,Western Europe_female_Millennials
Q16234596,Valerie van der Graaf,29,1,Western Europe_female_Millennials
Q16235108,Ivanna Vale,13,0,South America_female_Millennials
Q16235498,Nansi Karaboycheva,11,0,Eastern Europe_female_Millennials
Q16236008,Arnela Zeković,6,0,Southern Europe_female_Millennials
Q16236014,Stephanie de Zorzi,17,0,South America_female_Millennials
Q16236028,Michelle Bertolini,17,0,South America_female_Millennials
Q16236685,Kristina Bakiu,11,0,Southern Europe_female_Generation Z
Q16236945,Moa Madicken Öberg,11,0,Northern Europe_female_Generation Z
Q16240381,Bianca Umali,18,1,South-eastern Asia_female_Generation Z
Q16263828,Aline,11,0,South America_female_Millennials
Q1627337,Aurélie Claudel,25,1,Western Europe_female_Generation X
Q162862,Ledina Çelo,27,1,Southern Europe_female_Generation X
Q1629468,Rianne ten Haken,20,1,Western Europe_female_Millennials
Q16300356,Bárbara Vélez,20,1,South America_female_Millennials
Q16300856,Sofía Jaramillo,13,0,South America_female_Millennials
Q16301442,Mayra Vitoviz,9,0,South America_female_Millennials
Q16302618,Barbara Sánchez,16,0,South America_female_Millennials
Q16307449,Weluree Ditsayabut,14,0,South-eastern Asia_female_Millennials
Q16336468,Ana Ferreira,13,0,Southern Europe_female_Millennials
Q16336914,Bia Arantes,30,1,South America_female_Millennials
Q16337231,Cláudia Borges,14,0,Southern Europe_female_Millennials
Q16337551,Helena Coelho,15,0,Southern Europe_female_Millennials
Q16337611,Jani Gabriel,15,0,Southern Europe_female_Millennials
Q16337722,Kamila Hansen,12,0,South America_female_Millennials
Q16337973,Natalia Velez,12,0,South America_female_Millennials
Q1634144,Kristen Pazik,14,0,Northern America_female_Generation X
Q1636650,Nóra Takács,13,0,Eastern Europe_female_Millennials
Q1637620,Jeísa Chiminazzo,23,1,South America_female_Millennials
Q16380594,Soraja Vučelić,13,0,Southern Europe_female_Millennials
Q1648182,Irina Kulikova,20,1,Eastern Europe_female_Millennials
Q1648630,Aline Nakashima,16,0,South America_female_Millennials
Q1649529,Kader Loth,22,1,Western Europe_female_Generation X
Q16515258,Paris Berelc,51,1,Northern America_female_Generation Z
Q16519561,Fabiola Guajardo,33,1,Central America_female_Millennials
Q16531371,Barbara Fialho,25,1,South America_female_Millennials
Q1653597,Ilka Endres,10,0,Western Europe_female_Generation X
Q16541166,Chrystèle Saint-Louis Augustin,23,1,Western Europe_female_Generation X
Q16548392,Hana Mae Lee,50,1,Northern America_female_Millennials
Q16558899,Gessica Gusi,12,0,Southern Europe_female_Generation X
Q16563060,Helena Barquilla,15,0,Southern Europe_female_Generation X
Q16568685,Kate King,12,0,Northern America_female_Millennials
Q16568857,Keri Claussen,11,0,Northern America_female_Generation X
Q16581581,Natalia Siwiec,22,1,Eastern Europe_female_Millennials
Q1658858,Margrieta Wever,16,0,Western Europe_female_Generation X
Q16593477,Lavinia Pârva,11,0,Eastern Europe_female_Millennials
Q16594587,Kimberly Donley,16,0,Northern America_female_Generation X
Q16596081,Carina Persson,15,0,Northern Europe_female_Baby Boomers
Q16596111,Lina Posada,27,1,South America_female_Millennials
Q16602114,Renata Kuerten,18,1,South America_female_Millennials
Q16616022,Luana Vjollca,13,0,Southern Europe_female_Millennials
Q166169,Gwendolyn Osborne,20,1,Northern Europe_female_Generation X
Q16620233,Valerie Jean,18,1,Northern America_female_Generation X
Q16648136,Katherine Bodis,10,0,South America_female_Millennials
Q16663081,Marilhéa Peillard,15,0,Western Europe_female_Millennials
Q16663519,Martha Hunt,46,1,Northern America_female_Millennials
Q167062,Alesha Oreskovich,20,1,Northern America_female_Generation X
Q16727691,Julia Brown,17,0,Northern Europe_female_Generation Z
Q16729350,Angeli Dione Gomez,10,0,South-eastern Asia_female_Millennials
Q16730299,Jimena Espinoza,12,0,South America_female_Millennials
Q16731477,Sheena Liam,12,0,South-eastern Asia_female_Millennials
Q16734387,Julia Pereira,23,1,South America_female_Millennials
Q16735396,Alondra García-Miró,22,1,South America_female_Millennials
Q16735442,Keith Meneses,24,1,South America_female_Millennials
Q16738429,Nicole Dahm,25,1,Northern America_female_Generation X
Q16738430,Erica Dahm,26,1,Northern America_female_Generation X
Q16738433,Jaclyn Dahm,25,1,Northern America_female_Generation X
Q16752058,Debbie van der Putten,11,0,Western Europe_female_Millennials
Q16843706,Gigi Hadid,89,1,Northern America_female_Generation Z
Q1686929,Jennifer Ann Gerber,17,0,Western Europe_female_Millennials
Q16909455,Athena Lundberg,23,1,Northern America_female_Millennials
Q16913530,Julia Kuczyńska,25,1,Eastern Europe_female_Millennials
Q16939904,Bruna Quintas,16,0,Southern Europe_female_Generation Z
Q1694343,Sylvie Blum,33,1,Western Europe_female_Generation X
Q16955026,Natalia Stamuli,9,0,Southern Europe_female_Generation Z
Q16975552,Rym Amari,17,0,Western Europe_female_Millennials
Q17032235,María Lapiedra,45,1,Southern Europe_female_Millennials
Q17037428,Karina Ramos,14,0,Central America_female_Millennials
Q1707706,Karina González,15,0,Central America_female_Millennials
Q17107127,Eva Sannum,10,0,Northern Europe_female_Generation X
Q17107236,Birgitte Seyffarth,13,0,Northern Europe_female_Generation X
Q17151915,Anna Andres,19,1,Eastern Europe_female_Millennials
Q17183094,Mekayla Diehl,17,0,Northern America_female_Millennials
Q17198329,May Myat Noe,15,0,South-eastern Asia_female_Generation Z
Q1726849,Luisa Hartema,27,1,Western Europe_female_Millennials
Q172690,Vanessa Hegelmaier,28,1,Western Europe_female_Millennials
Q17274304,Laura Cover,23,1,Northern America_female_Generation X
Q17274701,Paula Méndez,15,0,Southern Europe_female_Millennials
Q17305202,Elise Dalby,12,0,Northern Europe_female_Generation Z
Q17305617,Andrés Cuervo,24,1,South America_male_Millennials
Q17305625,Annisa Ananda Nusyirwan,12,0,South-eastern Asia_female_Millennials
Q17305779,Kimberly Chia,14,0,South-eastern Asia_female_Generation Z
Q17322666,Julia Furdea,16,0,Eastern Europe_female_Millennials
Q17327795,Ludovica Caramis,13,0,Southern Europe_female_Millennials
Q1735995,Katharina Stahn,9,0,Western Europe_female_Millennials
Q1736704,Katrin Gray,13,0,Western Europe_female_Millennials
Q17386032,Amy Faye Hayes,9,0,Northern America_female_Generation X
Q17403484,Rosie Tapner,22,1,Northern Europe_female_Generation Z
Q17403503,Iris van Berne,20,1,Western Europe_female_Millennials
Q17409217,Romina Andonova,7,0,Eastern Europe_female_Millennials
Q17409264,Slavena Vatova,9,0,Eastern Europe_female_Millennials
Q17409287,Gergana Guncheva,7,0,Eastern Europe_female_Millennials
Q17410531,Olivia Fendry,15,0,South-eastern Asia_female_Millennials
Q17418708,Kelly Gale,49,1,Northern Europe_female_Generation Z
Q17445674,Harry Louis,22,1,South America_male_Millennials
Q17448462,Yukitora Keiji,34,1,South-eastern Asia_female_Generation Z
Q17466519,Tess Holliday,27,1,Northern America_female_Millennials
Q17466528,Myla Dalbesio,24,1,Northern America_female_Millennials
Q17484106,Alyssa Arce,34,1,Northern America_female_Millennials
Q17484218,Debora Menicucci,20,1,South America_female_Millennials
Q17489660,Samantha Hoopes,28,1,Northern America_female_Millennials
Q17501739,Jami Ferrell,28,1,Northern America_female_Generation X
Q17501747,Jillian Grace,26,1,Northern America_female_Millennials
Q17501748,Destiny Davis,30,1,Northern America_female_Millennials
Q17507042,Sharr Htut Eaindra,10,0,South-eastern Asia_female_Generation Z
Q17514292,Jesús de Alva,11,0,South America_male_Millennials
Q1751689,Kristen McMenamy,36,1,Northern America_female_Generation X
Q17517043,Genesis Davila,22,1,Northern America_female_Millennials
Q17523834,Louisa Jacobson,29,1,Northern America_female_Millennials
Q17563218,Milena López,19,1,South America_female_Millennials
Q17580360,Kirsten Owen,16,0,Northern America_female_Generation X
Q1758542,Emina Cunmulaj,27,1,Northern America_female_Millennials
Q17637535,Raphaëlle Dupire,13,0,Western Europe_female_Millennials
Q17686706,Loan Chabanol,35,1,Western Europe_female_Millennials
Q17686805,Stefanie Joosten,43,1,Western Europe_female_Millennials
Q1770624,Kylie Jenner,117,1,Northern America_female_Generation Z
Q17715128,Anais Pouliot,15,0,Northern America_female_Millennials
Q1775315,Jaslene Gonzalez,32,1,Northern America_female_Millennials
Q1775857,Kathrine Sørland,19,1,Northern Europe_female_Generation X
Q1776502,Sarah-Jane Hutt,14,0,Northern Europe_female_Baby Boomers
Q17916925,Lily McMenamy,33,1,Northern America_female_Millennials
Q1798160,Roswitha Wieland,12,0,Western Europe_female_Millennials
Q17995736,Mariana Jimenez,19,1,South America_female_Millennials
Q17998507,Ayu Puspa Ningtyas,8,0,South-eastern Asia_female_Millennials
Q18042835,Daniela Bouší Frantzová,8,0,Eastern Europe_female_Millennials
Q18044386,Kira Kazantsev,32,1,Northern America_female_Millennials
Q18046420,Clarissa Marchese,15,0,Southern Europe_female_Millennials
Q18145533,Melissa Gurgel,16,0,South America_female_Millennials
Q18153709,Sally Jara,10,0,South America_female_Millennials
Q18205822,Carmella,42,1,Northern America_female_Millennials
Q18207504,Katherine Lee Graham,18,1,Northern America_female_Generation Z
Q18210995,Mica Javier,14,0,South-eastern Asia_female_Millennials
Q18211082,Virginia Limongi,23,1,South America_female_Millennials
Q18211459,Alena Shishkova,24,1,Eastern Europe_female_Millennials
Q18211656,Bogdana Trifković,8,0,Southern Europe_female_Generation Z
Q18211719,Esonica Veira,15,0,Northern America_female_Millennials
Q18223999,Dayane Mello,27,1,South America_female_Millennials
Q18244129,Anastasia Kostenko,17,0,Eastern Europe_female_Millennials
Q18276232,Patricia Jordane,13,0,South America_female_Millennials
Q18276441,Júlia Gama,13,0,South America_female_Millennials
Q18277472,Ricardo Mariano Bijos Gomes,17,0,South America_male_Millennials
Q18278575,Natália Subtil,16,0,South America_female_Millennials
Q18330857,Maira Alexandra Rodríguez,15,0,South America_female_Millennials
Q18347706,Cindy Bruna,31,1,Western Europe_female_Millennials
Q18353446,Niketa Barker,9,0,South America_female_Millennials
Q18361661,Ana Luisa Montufar,12,0,Central America_female_Millennials
Q18388420,Desirée Cordero Ferrer,16,0,Southern Europe_female_Millennials
Q18419244,Kerly Ruiz,12,0,South America_female_Millennials
Q18421279,Pica Priscilla,9,0,South-eastern Asia_female_Millennials
Q18427614,Andrea Mantea,16,0,Eastern Europe_female_Millennials
Q18472703,Luísa Lopes,10,0,South America_female_Millennials
Q18473969,Agatha Moreira,38,1,South America_female_Millennials
Q18484787,Sinaira Machado,10,0,South America_female_Millennials
Q18516417,Kate Grigorieva,28,1,Eastern Europe_female_Millennials
Q18534279,Valerie Hernández,15,0,Northern America_female_Millennials
Q18543318,Kateřina Netolická,16,0,Eastern Europe_female_Millennials
Q18558450,Ariadna Gutiérrez,44,1,South America_female_Millennials
Q18573229,Myriam Arévalos,9,0,South America_female_Millennials
Q18609733,Camille Cerf,36,1,Western Europe_female_Millennials
Q18613330,Kate Bock,29,1,Northern America_female_Millennials
Q18629338,Nadine Leopold,26,1,Western Europe_female_Millennials
Q18634055,Tatyana Baitova,14,0,Eastern Europe_female_Millennials
Q18634601,Catarina Migliorini,14,0,South America_female_Millennials
Q18634738,Blanca Padilla,25,1,Southern Europe_female_Generation Z
Q18636410,Christie Desir,17,0,Northern America_female_Millennials
Q18636444,Kristina Georgieva,9,0,Eastern Europe_female_Millennials
Q18636447,Diana Harkusha,18,1,Eastern Europe_female_Millennials
Q18636647,Valentina Bonariva,15,0,Southern Europe_female_Millennials
Q18637225,César Curti,12,0,South America_male_Millennials
Q18637232,Carrie Wong,22,1,South-eastern Asia_female_Millennials
Q18637289,Daša Radosavljević,8,0,Southern Europe_female_Generation Z
Q18637316,Idda van Munster,10,0,Southern Europe_female_Millennials
Q18637555,Vika Kuropyatnikova,10,0,Eastern Europe_female_Millennials
Q18637588,Lucas Gil,13,0,South America_male_Millennials
Q18637683,Evelina Mambetova,16,0,Eastern Europe_female_Millennials
Q18637716,Stella Maxwell,49,1,Western Europe_female_Millennials
Q18637906,Alexis Ren,42,1,Northern America_female_Generation Z
Q18637951,Sanjana Sanghi,23,1,Southern Asia_female_Generation Z
Q18643008,Miša Novak,17,0,Southern Europe_female_Generation X
Q18644335,Andrea Luna,28,1,South America_female_Millennials
Q18688048,Eliza Joenck,16,0,South America_female_Millennials
Q18711264,Anaïs Delwaulle,17,0,Western Europe_female_Millennials
Q1871331,Laura Beyne,35,1,Western Europe_female_Millennials
Q1871489,Thyago Alves,22,1,South America_male_Millennials
Q18739146,Ana Cheri,30,1,Northern America_female_Millennials
Q18746072,Karolína Mrozková,12,0,Eastern Europe_female_Millennials
Q18763452,Hellen Toncio,13,0,South America_female_Millennials
Q18812015,Matilde Gioli,49,1,Southern Europe_female_Millennials
Q18818996,Ester Sátorová,11,0,Eastern Europe_female_Millennials
Q1884047,Erin O'Connor,36,1,Northern Europe_female_Generation X
Q18921057,Cvetina Dimitrova,6,0,Eastern Europe_female_Millennials
Q18977802,Cami-Li,14,0,Northern America_female_Millennials
Q1902869,Lonneke Engel,26,1,Western Europe_female_Millennials
Q1906604,María Laura Mederos,11,0,South America_female_Millennials
Q1917108,Megan Ewing,17,0,Northern America_female_Millennials
Q1921275,Whitney Thompson,26,1,Northern America_female_Millennials
Q192171,Linda Evangelista,72,1,Northern America_female_Generation X
Q19259428,Anna Ewers,30,1,Western Europe_female_Millennials
Q192887,Alexis Bledel,183,1,Northern America_female_Millennials
Q19320241,Charlotte Caniggia,18,1,South America_female_Millennials
Q1932113,Heather Kuzmich,13,0,Northern America_female_Millennials
Q1932178,Anagabriela Espinoza,20,1,Central America_female_Millennials
Q1935027,Laura Kirkpatrick,14,0,Northern America_female_Millennials
Q19351340,Gresya Amanda Maaliwuga,12,0,South-eastern Asia_female_Generation Z
Q19351550,Chintya Fabyola,16,0,South-eastern Asia_female_Generation Z
Q1936171,India Hicks,65,1,Northern Europe_female_Generation X
Q19368764,Kimberly Reyes,17,0,South America_female_Millennials
Q1937164,Elizabeth Mosquera,14,0,South America_female_Millennials
Q1938140,Miriam Höller,27,1,Western Europe_female_Millennials
Q1938165,Miriam Ruppert,15,0,Western Europe_female_Generation X
Q1938214,Mirja Du Mont,25,1,Western Europe_female_Generation X
Q1948717,McKey Sullivan,28,1,Northern America_female_Millennials
Q19519470,Edina Kulcsár,13,0,Eastern Europe_female_Millennials
Q19560743,Hinarere Taputu,14,0,Western Europe_female_Millennials
Q19566049,Ash by Elegance,52,1,Northern America_female_Millennials
Q19571502,Charlotte McKinney,58,1,Northern America_female_Millennials
Q19571619,Maria Harfanti,22,1,South-eastern Asia_female_Millennials
Q19630433,Grace Mahary,20,1,Northern America_female_Millennials
Q19630750,Laetitia Guarino,17,0,Western Europe_female_Millennials
Q1963323,Nadine Schmidt,12,0,Western Europe_female_Generation X
Q1963325,Nadine Strittmatter,19,1,Western Europe_female_Millennials
Q1966136,Jill de Jong,21,1,Western Europe_female_Millennials
Q19663476,Lisa Davies,15,0,Northern America_female_Millennials
Q19664043,Natalia Saenz,10,0,Northern America_female_Millennials
Q19665101,Jodilly Pendre,10,0,South-eastern Asia_female_Millennials
Q19665680,Devin Taylor,14,0,Northern America_female_Millennials
Q19665773,Patrizia Deitos,11,0,Southern Europe_female_Generation X
Q19666838,Katie George,11,0,Northern America_female_Millennials
Q19667921,Taylor Marie Hill,42,1,Northern America_female_Generation Z
Q19667969,Ina Lettmann,11,0,Western Europe_female_Generation X
Q19681829,Alix Sosa,21,1,South America_female_Millennials
Q19706923,Ralitsa Ivanova,7,0,Eastern Europe_female_Millennials
Q19709503,Kelley Thompson,20,1,Northern America_female_Millennials
Q1973906,Élise Crombez,22,1,Western Europe_female_Millennials
Q19745543,Baby Margaretha,23,1,South-eastern Asia_female_Millennials
Q19747406,Rakhmi Wijiharti,10,0,South-eastern Asia_female_Millennials
Q19750453,Andy Raconte,45,1,Western Europe_female_Millennials
Q19791141,Winnie Harlow,44,1,Northern America_female_Millennials
Q19816844,Nicole Carboni,11,0,Northern America_female_Millennials
Q1982642,Sara Varone,18,1,Southern Europe_female_Generation X
Q1983836,Laurie Simpson,12,0,Northern America_female_Generation X
Q1983845,Valerie Holmes,12,0,Northern Europe_female_Baby Boomers
Q1984158,Kandace Krueger,22,1,Northern America_female_Generation X
Q19871971,Sofia Nikitchuk,15,0,Eastern Europe_female_Millennials
Q1987389,Juncal Rivero,22,1,Southern Europe_female_Generation X
Q19879679,Daniela Braga,32,1,South America_female_Millennials
Q1988034,Lindsey Wixson,31,1,Northern America_female_Millennials
Q19881170,Nikol Švantnerová,19,1,Eastern Europe_female_Millennials
Q1989211,Crystle Stewart,36,1,Northern America_female_Millennials
Q1991399,Paula Guilló,17,0,Southern Europe_female_Millennials
Q199369,Naomi Campbell,195,1,Northern Europe_female_Generation X
Q1994623,Marigona Dragusha,13,0,Southern Europe_female_Millennials
Q19955739,Molly Bair,17,0,Northern America_female_Generation Z
Q1995688,Karin Ontiveros,15,0,Central America_female_Millennials
Q19964883,Carolina Thiele,19,1,Western Europe_female_Millennials
Q1996542,Laura Elizondo,19,1,Central America_female_Millennials
Q1996704,Virginie Claes,16,0,Western Europe_female_Millennials
Q1997600,Jitka Nováčková,31,1,Eastern Europe_female_Millennials
Q199801,Cindy Crawford,150,1,Northern America_female_Generation X
Q19985122,Hollie May Saker,11,0,Northern Europe_female_Generation Z
Q1998960,Anna Theresa Licaros,12,0,South-eastern Asia_female_Millennials
Q1999302,Nataly Chilet,17,0,South America_female_Millennials
Q1999506,Chanyasorn Sakornchan,10,0,South-eastern Asia_female_Millennials
Q20001066,Francesca Rebassa Truyols,12,0,Southern Europe_female_Millennials
Q2000409,Hasna Xhukiçi,12,0,Southern Europe_female_Millennials
Q20006893,Lana Roi,17,0,Northern America_female_Millennials
Q20011236,Gabriel Correa Guzmán,14,0,South America_male_Millennials
Q20011541,Ingrid Romero,12,0,Southern Europe_female_Millennials
Q2001602,Anastagia Pierre,17,0,Northern America_female_Millennials
Q20016253,Jean Carlos Montero,9,0,South America_male_Millennials
Q20017275,Natasha Sibaja,9,0,Central America_female_Millennials
Q2001803,Raveena Tandon,57,1,Southern Asia_female_Generation X
Q2002508,Brigitta Callens,19,1,Western Europe_female_Generation X
Q20025931,Nguyễn Cao Kỳ Duyên,20,1,South-eastern Asia_female_Generation Z
Q20026284,Vân Navy,7,0,South-eastern Asia_female_Millennials
Q20028538,Celine Cawley,14,0,Northern Europe_female_Baby Boomers
Q2003940,Sakshi Tanwar,31,1,Southern Asia_female_Generation X
Q20047957,Celso Santebanes,15,0,South America_male_Millennials
Q20048047,Franklin David,16,0,South America_male_Millennials
Q20048351,Romi Rain,83,1,Northern America_female_Millennials
Q20056601,Ava Smith,15,0,Northern America_female_Millennials
Q20062989,Khả Ngân,20,1,South-eastern Asia_female_Generation Z
Q20090333,Aimee Bradshaw,14,0,South-eastern Asia_female_Generation Z
Q20090750,Ayu Gani,14,0,South-eastern Asia_female_Millennials
Q2011084,Matilda Mecini,13,0,Southern Europe_female_Millennials
Q2012770,Karin Laasmäe,12,0,Northern Europe_female_Generation X
Q2012994,Yésica Toscanini,15,0,South America_female_Millennials
Q20160546,Anna Carla Winkes,10,0,Western Europe_female_Millennials
Q20165791,Sandra Vanessa Mercado,8,0,Northern America_female_Generation X
Q2020155,Saskia de Brauw,33,1,Western Europe_female_Millennials
Q20278544,Tiara Chairani Permata Dely,9,0,South-eastern Asia_female_Millennials
Q2032441,Giovanna Ewbank,45,1,South America_female_Millennials
Q2032700,Volha Khizhynkova,17,0,Eastern Europe_female_Millennials
Q2032912,Milena Toscano,33,1,South America_female_Millennials
Q2048362,Paloma Jiménez,16,0,Central America_female_Millennials
Q2049122,Anna Drijver,63,1,Western Europe_female_Millennials
Q20499028,Simona Evgenieva,7,0,Eastern Europe_female_Millennials
Q20500302,Violeta Sechkova,7,0,Eastern Europe_female_Millennials
Q20500864,Gabriela Vasileva,7,0,Eastern Europe_female_Millennials
Q2053679,Maria Selena,28,1,South-eastern Asia_female_Millennials
Q20540003,Victoria Xipolitakis,26,1,South America_female_Millennials
Q2055656,Olga Álava,20,1,South America_female_Millennials
Q20560101,Boonyanee Sungpirom,9,0,South-eastern Asia_female_Millennials
Q2056133,Chermarn Boonyasak,45,1,South-eastern Asia_female_Millennials
Q2056280,Astrid Yunadi,18,1,South-eastern Asia_female_Millennials
Q2056561,Leonora Jiménez,10,0,Central America_female_Millennials
Q2056984,Véronique De Kock,22,1,Western Europe_female_Generation X
Q2057006,Carina Beduschi,18,1,South America_female_Millennials
Q2057140,Natália Anderle,15,0,South America_female_Millennials
Q2057256,Patricia Patek,10,0,Western Europe_female_Generation X
Q2057390,Deniz Akkoyun,26,1,Western Europe_female_Millennials
Q2057531,Johanna Lind,17,0,Northern Europe_female_Generation X
Q2057771,Rafaela Zanella,16,0,South America_female_Millennials
Q2059421,Joke Van de Velde,13,0,Western Europe_female_Generation X
Q2059710,Melissa Sneekes,12,0,Western Europe_female_Millennials
Q2059824,Alizée Poulicek,27,1,Western Europe_female_Millennials
Q2059901,Sanne Nijhof,15,0,Western Europe_female_Millennials
Q20631085,Fiona Fussi,23,1,South-eastern Asia_female_Generation Z
Q20638091,Betty Maxwell,29,1,Northern America_female_Millennials
Q20641016,Ana Luísa Castro,13,0,South America_female_Millennials
Q20643344,Anyela Galante,8,0,South America_female_Millennials
Q20657648,Monika Radulovic,22,1,Southern Europe_female_Millennials
Q2066263,Marcelina Zawadzka,31,1,Eastern Europe_female_Millennials
Q20667594,Rachel Hilbert,26,1,Northern America_female_Generation Z
Q20676629,Hannah Ferguson,30,1,Northern America_female_Millennials
Q20684810,Mila Miletic,11,0,Southern Europe_female_Millennials
Q20687321,Fanny Neguesha,25,1,Western Europe_female_Millennials
Q2069176,Angelika Jakubowska,25,1,Eastern Europe_female_Millennials
Q20738906,Lulu Johnson,15,0,Northern America_female_Generation X
Q20740699,Aniporn Chalermburanawong,15,0,South-eastern Asia_female_Millennials
Q2074261,Rosa María Ojeda,13,0,Central America_female_Millennials
Q20744865,Carla García Barber,25,1,Southern Europe_female_Millennials
Q20754792,Joséphine Le Tutour,19,1,Western Europe_female_Millennials
Q2076087,Karen Elson,76,1,Northern Europe_female_Generation X
Q20764768,Brenda Castro,12,0,Central America_female_Millennials
Q20813693,Alina Zotea-Durnea,22,1,Eastern Europe_female_Millennials
Q20817414,Sarah Nowak,18,1,Western Europe_female_Millennials
Q2082731,Shannan Click,26,1,Northern America_female_Millennials
Q20828204,Elizabeth Coello,9,0,South America_female_Millennials
Q20882479,Anya Taylor-Joy,187,1,Northern America_female_Generation Z
Q20895867,Eve Jobs,28,1,Northern America_female_Generation Z
Q20899721,Thiessa Sickert,15,0,South America_female_Millennials
Q20900221,Sabrina Rose,26,1,Northern America_female_Millennials
Q20900355,Patricia Contreras,23,1,Central America_female_Millennials
Q20937943,Fernanda Sobarzo,15,0,South America_female_Millennials
Q20968365,Sofía Jiménez,18,1,South America_female_Millennials
Q20968386,Cinthia Vázquez,13,0,Central America_female_Millennials
Q20973718,Katherine Haik,19,1,Northern America_female_Generation Z
Q20982073,Aneta Vignerová,23,1,Eastern Europe_female_Millennials
Q20988924,Gloria Hatrick McLean,35,1,Northern America_female_Greatest Generation
Q20991120,Luma Grothe,20,1,South America_female_Millennials
Q20995622,Alice Sabatini,26,1,Southern Europe_female_Generation Z
Q21003581,Verónica Roberts Olcay,11,0,South America_female_Millennials
Q21006108,Nadine Ann Thomas,13,0,South-eastern Asia_female_Millennials
Q21006706,Sabrina Martinez,10,0,South America_female_Millennials
Q21019852,Yuriko Tiger,32,1,Southern Europe_female_Millennials
Q21031845,Myriam von M,20,1,Western Europe_female_Generation X
Q21032089,Xenia Deli,26,1,Eastern Europe_female_Millennials
Q21055141,Pauline Hoarau,45,1,Western Europe_female_Millennials
Q21062663,Nikki DuBose,19,1,Northern America_female_Millennials
Q21062711,Deniz Carolina Erbuğ,12,0,Northern America_female_Generation X
Q21063619,,9,0,Northern Europe_female_Generation Z
Q21064086,Taylor Bagley,15,0,Northern America_female_Millennials
Q21064181,Neha Khan,10,0,Southern Asia_female_Generation Z
Q21066176,Agnes Hedengård,12,0,Northern Europe_female_Generation Z
Q21067299,Chloe Nørgaard,11,0,Northern America_female_Millennials
Q21067343,Lisa Marie White,16,0,South-eastern Asia_female_Millennials
Q21070422,Frida Fornander,13,0,Northern Europe_female_Generation Z
Q21075642,Marica Pellegrinelli,19,1,Southern Europe_female_Millennials
Q21197935,Anea García,21,1,Northern America_female_Millennials
Q21198517,Dakota Rose,30,1,Northern America_female_Generation Z
Q21207531,Vittoria Ceretti,23,1,Southern Europe_female_Generation Z
Q21208774,Deanna Miller,15,0,Northern America_female_Millennials
Q21229578,Gunilla Persson,37,1,Northern Europe_female_Baby Boomers
Q21240798,Mireia Lalaguna Royo,29,1,Southern Europe_female_Millennials
Q2125238,Rachel Wacholder,16,0,Northern America_female_Generation X
Q212531,Kate Moss,115,1,Northern Europe_female_Generation X
Q21286612,Bella Hadid,79,1,Northern America_female_Generation Z
Q21290345,Lúcia Custódio,13,0,Southern Europe_female_Millennials
Q2131696,Raquel Reed,12,0,Northern America_female_Millennials
Q2134945,Rebecca Mir,29,1,Western Europe_female_Millennials
Q21448075,Windy Leigh,13,0,Northern America_female_Generation X
Q21515486,Marthina Brandt,15,0,South America_female_Millennials
Q21564343,Absalón de los Ríos,10,0,South America_male_Millennials
Q21573868,Sarah Duque Lovisoni,9,0,South America_female_Millennials
Q21621245,Iroshka Elvir,23,1,Central America_female_Millennials
Q21621501,Htet Htet Htun,10,0,South-eastern Asia_female_Millennials
Q21622070,Kelly Mittendorf,16,0,Northern America_female_Millennials
Q21622323,Hillarie Parungao,10,0,South-eastern Asia_female_Millennials
Q21622338,Lia Pavlova,17,0,Eastern Europe_female_Millennials
Q21623088,May Barani Thaw,12,0,South-eastern Asia_female_Millennials
Q21623154,Jealisse Andrea Tovar Velásquez,20,1,South America_female_Millennials
Q2164910,Louise Maselis,12,0,Western Europe_female_Millennials
Q21663352,Sadia Islam Mou,20,1,Southern Asia_female_Generation X
Q21665839,Daniela Ospina,29,1,South America_female_Millennials
Q2178143,Ingrid Seynhaeve,25,1,Western Europe_female_Generation X
Q21786391,Vita Sidorkina,21,1,Eastern Europe_female_Millennials
Q21786418,Binx Walton,20,1,Northern America_female_Generation Z
Q21813314,Rose Bertram,25,1,Western Europe_female_Millennials
Q21850665,Katerina Pospisilova,25,1,Eastern Europe_female_Millennials
Q21933511,Nicole Mitchell Murphy,32,1,Northern America_female_Generation X
Q21934493,Jade Leung Ka Yuk,15,0,Northern Europe_female_Generation X
Q2193721,Hanne Baekelandt,12,0,Western Europe_female_Millennials
Q2196104,Nathalie den Dekker,12,0,Western Europe_female_Millennials
Q21973693,Ricardo Baldin,13,0,South America_male_Millennials
Q22003189,Yasmine Arrington,13,0,Northern America_female_Millennials
Q22004550,Neelam Gill,19,1,Northern Europe_female_Generation Z
Q22007015,Lucky Morani,12,0,Southern Asia_female_Generation X
Q22007366,Karla Peniche,12,0,Central America_female_Millennials
Q22056369,Lenty Frans,13,0,Western Europe_female_Millennials
Q22079426,Madison Gesiotto Gilbert,38,1,Northern America_female_Millennials
Q22124025,Becky O'Donohue,22,1,Northern America_female_Generation X
Q22124034,Jessie O'Donohue,21,1,Northern America_female_Generation X
Q22133066,Ly Ranne,12,0,Northern Europe_female_Baby Boomers
Q2213382,Fernanda Cornejo,19,1,South America_female_Millennials
Q2216272,Linda Vojtova,27,1,Eastern Europe_female_Millennials
Q2221002,Sandra Hoffmann-Ursache,20,1,Western Europe_female_Generation X
Q2223704,Pimchanok Luevisadpaibul,37,1,South-eastern Asia_female_Millennials
Q2224397,Sarah Knappik,35,1,Western Europe_female_Millennials
Q2227078,Daisy Van Cauwenbergh,11,0,Western Europe_female_Generation X
Q2227287,Ly Jonaitis,16,0,South America_female_Millennials
Q22276689,Nadia Aboulhosn,20,1,Northern America_female_Millennials
Q22277743,Farah Shah,9,0,Southern Asia_female_Generation X
Q22279974,Nicole Magadia,8,0,South-eastern Asia_female_Generation Z
Q22280052,Avalon Robbins,16,0,Northern America_female_Generation Z
Q22280349,Samantha Scarlette,38,1,Northern America_female_Millennials
Q22295071,Danea Panta,15,0,South America_female_Millennials
Q2232603,Joanie Dodds,19,1,Northern America_female_Millennials
Q2233398,Chloé Mortaud,25,1,Western Europe_female_Millennials
Q2233475,Amanda Swafford,21,1,Northern America_female_Generation X
Q22350907,Raquel Bollo,22,1,Southern Europe_female_Generation X
Q2235451,Patricia Yurena Rodríguez,29,1,Southern Europe_female_Millennials
Q2236586,Anouck Lepere,25,1,Western Europe_female_Generation X
Q22399916,Lila Moss,16,0,Northern Europe_female_Generation Z
Q2248224,Karla Henry,17,0,South-eastern Asia_female_Millennials
Q2248266,Precious Lara Quigaman,29,1,South-eastern Asia_female_Millennials
Q2252441,Vanessa Incontrada,49,1,Southern Europe_female_Generation X
Q22569388,Paola Turani,20,1,Southern Europe_female_Millennials
Q2267067,Jaclyn Stapp,26,1,Northern America_female_Generation X
Q22670737,Rachel Cook,37,1,Northern America_female_Generation Z
Q22673974,Kaia Gerber,64,1,Northern America_female_Generation Z
Q22682265,Megan Puleri,12,0,Northern America_female_Generation Z
Q22683103,Loulou Robert,25,1,Western Europe_female_Millennials
Q22687419,Joelle Hatem,29,1,Northern America_female_Generation X
Q22687826,Julia Valet,23,1,Western Europe_female_Generation X
Q22712579,Tanya Mityushina,20,1,Eastern Europe_female_Millennials
Q2272759,Ann Ward,20,1,Northern America_female_Millennials
Q22752920,Kristal Silva Dávila,25,1,Central America_female_Millennials
Q2276733,Ymre Stiekema,13,0,Western Europe_female_Millennials
Q2277576,Shawne Fielding,21,1,Northern America_female_Generation X
Q2280205,Carolina Gynning,55,1,Northern Europe_female_Generation X
Q2286710,Silvia Hackl,12,0,Western Europe_female_Millennials
Q228706,Kelly Kelly,59,1,Northern America_female_Millennials
Q228798,Zuleyka Rivera Mendoza,39,1,Northern America_female_Millennials
Q22888908,Kezia Warouw,19,1,South-eastern Asia_female_Millennials
Q2288972,Theodora Richards,45,1,Northern America_female_Millennials
Q22901889,Felicia Hwang,16,0,South-eastern Asia_female_Millennials
Q22901924,Intan Aletrino,18,1,South-eastern Asia_female_Millennials
Q22909252,Anzhelika Tahir,31,1,Eastern Europe_female_Millennials
Q22921223,Giselle Gómez Rolón,20,1,South America_female_Millennials
Q2293075,Natasha Collins,33,1,Northern Europe_female_Generation X
Q229397,Helena Christensen,76,1,Northern Europe_female_Generation X
Q229566,Carmen Kass,57,1,Northern Europe_female_Generation X
Q22957879,Courtney Sixx,25,1,Northern America_female_Millennials
Q22958051,Mathilde Julia Frachon,16,0,Western Europe_female_Millennials
Q229689,Maryse Mizanin,71,1,Northern America_female_Millennials
Q22996290,Sailor Brinkley Cook,23,1,Northern America_female_Generation Z
Q22997568,Lottie Moss,34,1,Northern Europe_female_Generation Z
Q23007922,Jillian Mercado,33,1,Northern America_female_Millennials
Q230282,Brooklyn Decker,94,1,Northern America_female_Millennials
Q23070003,Bettina Nagy,13,0,Eastern Europe_female_Millennials
Q230821,Marisa Miller,59,1,Northern America_female_Generation X
Q2308356,Richard Lee Steele,37,1,Northern America_female_Millennials
Q231173,Torrie Wilson,66,1,Northern America_female_Generation X
Q2312889,Mamen Sanz,9,0,Southern Europe_female_Generation X
Q231536,Kate Upton,94,1,Northern America_female_Millennials
Q231749,Eva LaRue,80,1,Northern America_female_Generation X
Q23198002,Lilly Becker,21,1,Western Europe_female_Generation X
Q2320780,Elin Nordegren,30,1,Northern Europe_female_Generation X
Q2324979,Francesca Dani,20,1,Western Europe_female_Generation X
Q232677,Leryn Franco,43,1,South America_female_Millennials
Q232745,Azra Akın,50,1,Western Europe_female_Millennials
Q232754,Natalia Vodianova,93,1,Eastern Europe_female_Millennials
Q232769,Izabel Goulart,46,1,South America_female_Millennials
Q232776,Anna Chapman,64,1,Eastern Europe_female_Millennials
Q23309000,María Nela Sinisterra,15,0,South America_female_Millennials
Q2331814,Evandro Soldati,18,1,South America_male_Millennials
Q2341723,Laura Zúñiga,12,0,Central America_female_Millennials
Q234268,Ksenia Sukhinova,37,1,Eastern Europe_female_Millennials
Q234458,Irina Shayk,97,1,Eastern Europe_female_Millennials
Q234618,Paz Vega,94,1,Southern Europe_female_Generation X
Q234679,Charlotte Rampling,269,1,Northern Europe_female_Baby Boomers
Q234914,Ana Carolina Reston,20,1,South America_female_Millennials
Q2349691,Bregje Heinen,31,1,Western Europe_female_Millennials
Q23498177,Georgia Hilmer,13,0,Northern America_female_Millennials
Q235158,Chanel Iman,48,1,Northern America_female_Millennials
Q235443,Jessica Stam,38,1,Northern America_female_Millennials
Q2358751,Sasckya Porto,30,1,South America_female_Millennials
Q235986,Anja Rubik,34,1,Eastern Europe_female_Millennials
Q2361213,Natalie Gulbis,37,1,Northern America_female_Millennials
Q2363749,Gaëlle Garcia Diaz,27,1,Western Europe_female_Millennials
Q23641929,Vanesa Borghi,17,0,South America_female_Millennials
Q23649881,Sami Sheen,33,1,Northern America_female_Generation Z
Q236513,Christy Hemme,48,1,Northern America_female_Generation X
Q2365349,Summer Rayne Oakes,48,1,Northern America_female_Millennials
Q23658826,,7,0,Eastern Europe_female_Millennials
Q236731,Caroline Trentini,37,1,South America_female_Millennials
Q2367597,Véronique de la Cruz,13,0,Western Europe_female_Generation X
Q23715845,Michelle Arthamevia,13,0,South-eastern Asia_female_Generation Z
Q2371795,Svetlana Tsys,16,0,Eastern Europe_female_Millennials
Q23765796,Belen Galarraga,7,0,South America_female_Millennials
Q23771342,Brenda Jiménez,9,0,Northern America_female_Millennials
Q23772466,Andrea Bezděková,20,1,Eastern Europe_female_Millennials
Q237928,Coco Rocha,48,1,Northern America_female_Millennials
Q237973,Daria Werbowy,40,1,Eastern Europe_female_Millennials
Q23800544,Claudia Alende,18,1,South America_female_Millennials
Q23831207,Roxana Ionescu,5,0,Eastern Europe_female_Millennials
Q23874812,Alison Waite,29,1,Northern America_female_Millennials
Q23887859,Maryam Fatima,10,0,Southern Asia_female_Generation Z
Q23887908,Maxine Medina,21,1,South-eastern Asia_female_Millennials
Q23888226,Barbie Ferreira,107,1,Northern America_female_Generation Z
Q2390373,Kasia Struss,29,1,Eastern Europe_female_Millennials
Q23905298,Antonella Fiordelisi,39,1,Southern Europe_female_Generation Z
Q23905388,Flavia Lucini,13,0,South America_female_Millennials
Q23908620,Tímea Vajna,16,0,Eastern Europe_female_Millennials
Q2391059,Hope Dworaczyk Smith,49,1,Northern America_female_Millennials
Q23924974,Vanessa Moody,17,0,Northern America_female_Generation Z
Q23925271,Viviane Castro,13,0,South America_female_Millennials
Q2392661,Tanja Duhovich,11,0,Western Europe_female_Millennials
Q2392771,Tanja Wild,12,0,Western Europe_female_Generation X
Q239784,Ana Beatriz Barros,36,1,South America_female_Millennials
Q239828,Lara Stone,40,1,Western Europe_female_Millennials
Q23997,Tara Conner,41,1,Northern America_female_Millennials
Q2400248,Tadeja Ternar,19,1,Southern Europe_female_Millennials
Q24004775,Emma Coronel Aispuro,26,1,Northern America_female_Millennials
Q24004993,Sarah Hildebrand,15,0,South-eastern Asia_female_Millennials
Q24005966,Anca Verma,12,0,Eastern Europe_female_Millennials
Q24006318,Valeria Piazza,22,1,South America_female_Millennials
Q24006331,Priyadarshini Chatterjee,9,0,Southern Asia_female_Generation Z
Q240089,Karen Mulder,40,1,Western Europe_female_Generation X
Q240555,Natalie Glebova,45,1,Eastern Europe_female_Millennials
Q24063471,Ramona Bernhard,11,0,Western Europe_female_Millennials
Q24083923,Sanya Lopez,34,1,South-eastern Asia_female_Generation Z
Q24084850,Emma Golijanin,10,0,Southern Europe_female_Millennials
Q24088517,Fani Stipković,43,1,Southern Europe_female_Millennials
Q24090582,Natasha Udovenko,48,1,Eastern Europe_female_Millennials
Q2410656,Saadia Himi,12,0,Western Europe_female_Millennials
Q2410843,Candela Vetrano,32,1,South America_female_Millennials
Q2412701,Anya Rozova,20,1,Eastern Europe_female_Millennials
Q2412812,Allison Harvard (She loves dih),35,1,Northern America_female_Millennials
Q2413270,Maria Perrusi,19,1,Southern Europe_female_Millennials
Q2413451,Niki Taylor,41,1,Northern America_female_Generation X
Q24150973,Thaís Bianca,19,1,South America_female_Millennials
Q2415894,Danijela Dimitrovska,19,1,Southern Europe_female_Millennials
Q242015,Lisa Marie,45,1,Northern America_female_Generation X
Q2420343,Rafael Verga,13,0,South America_male_Millennials
Q2421299,Kim Kötter,33,1,Western Europe_female_Millennials
Q242368,Lily Aldridge,57,1,Northern America_female_Millennials
Q242451,Cameron Richardson,60,1,Northern America_female_Generation X
Q24251043,Wednesday Mourning,18,1,Northern America_female_Generation X
Q24256417,Emma Nyra,31,1,Northern America_female_Millennials
Q24257135,Elysia Rotaru,37,1,Northern America_female_Millennials
Q242592,Raquel Zimmermann,33,1,South America_female_Millennials
Q24266409,Katie May,17,0,Northern America_female_Millennials
Q24269259,Raquel,17,0,South America_female_Millennials
Q242700,Naima Mora,31,1,Northern America_female_Millennials
Q242883,Erica Campbell,55,1,Northern America_female_Millennials
Q242961,Naomi Russell,38,1,Northern America_female_Millennials
Q2434367,Sylvie De Caluwé,9,0,Western Europe_female_Millennials
Q24368,Barbara Palvin,69,1,Eastern Europe_female_Millennials
Q2438123,Gina Swainson,24,1,Northern Europe_female_Baby Boomers
Q24431233,Luiza Hryniewicz,14,0,Eastern Europe_female_Millennials
Q2443605,Nataliya Gotsiy,19,1,Eastern Europe_female_Millennials
Q24450331,Lindita Idrizi,14,0,Southern Europe_female_Generation Z
Q24450492,Bruna Hamú,25,1,South America_female_Millennials
Q24451759,Lindsey Pelas,49,1,Northern America_female_Millennials
Q24455659,Kylie Verzosa,20,1,South-eastern Asia_female_Millennials
Q2451366,Svetlana Koroleva,25,1,Eastern Europe_female_Millennials
Q2456128,Angela Martini,23,1,Southern Europe_female_Millennials
Q24565418,Patricia Gunawan,17,0,South-eastern Asia_female_Millennials
Q24572601,Tawan Kedkong,10,0,South-eastern Asia_female_Generation Z
Q24572687,Patty Mullen,31,1,Northern America_female_Generation X
Q2457667,Elisa Nájera,16,0,Central America_female_Millennials
Q2460688,Iveta Lutovská,22,1,Eastern Europe_female_Millennials
Q2461763,Ève Salvail,26,1,Northern America_female_Generation X
Q2465059,Tanya Dziahileva,33,1,Eastern Europe_female_Millennials
Q2465172,Julie Taton,33,1,Western Europe_female_Millennials
Q2465450,Tamara Ecclestone,38,1,Southern Europe_female_Millennials
Q24668621,Jessica Canizales,25,1,Northern America_female_Generation X
Q2469299,Mary Stävin,46,1,Northern Europe_female_Baby Boomers
Q24706730,Ivana Nadal,21,1,South America_female_Millennials
Q2478392,Brittani Kline,34,1,Northern America_female_Millennials
Q24807670,Angelica Camacho,11,0,South America_female_Millennials
Q24809880,Odette Pavlova,20,1,Eastern Europe_female_Millennials
Q2481964,Judit Mascó,45,1,Southern Europe_female_Generation X
Q2482670,Alexandra Ivanovskaya,13,0,Eastern Europe_female_Millennials
Q2484201,Maíra Vieira,13,0,South America_female_Millennials
Q24860917,Shanna Marie McLaughlin,26,1,Northern America_female_Millennials
Q24896428,Kajal Jain,9,0,Southern Asia_female_Generation X
Q249129,Michaela Hlaváčková,13,0,Eastern Europe_female_Millennials
Q24942555,Angelica Zacchigna,11,0,Southern Europe_female_Millennials
Q24955392,Stephania Vásquez Stegman,17,0,South America_female_Millennials
Q2496083,Cynthia Reekmans,22,1,Western Europe_female_Millennials
Q2499401,Nerena Ruinemans,12,0,Western Europe_female_Generation X
Q250878,Urassaya Sperbund,36,1,South-eastern Asia_female_Millennials
Q25094538,Alba Carrillo,32,1,Southern Europe_female_Millennials
Q2521871,Elettra Rossellini Wiedemann,33,1,Northern America_female_Millennials
Q2524744,Melissa Dettwiller,21,1,Northern America_female_Generation X
Q2533986,Anne Marie Pohtamo,27,1,Northern Europe_female_Baby Boomers
Q2534028,Chelsi Smith,46,1,Northern America_female_Generation X
Q2534137,Dani Evans,19,1,Northern America_female_Millennials
Q25345997,Jenny Balatsinou,22,1,Southern Europe_female_Generation X
Q253492,Crystal Renn,32,1,Northern America_female_Millennials
Q2535161,Priscilla Meirelles,21,1,South America_female_Millennials
Q25368005,Hajnalka Hornyák,11,0,Eastern Europe_female_Millennials
Q254108,María Julia Mantilla,43,1,South America_female_Millennials
Q25420418,Lexi Boling,15,0,Northern America_female_Millennials
Q25441101,Bruna Zanardo,10,0,South America_female_Millennials
Q25441363,Beatrice Fontoura,14,0,South America_female_Millennials
Q25448741,Aryane Steinkopf,16,0,South America_female_Millennials
Q2545369,Ann Van Elsen,20,1,Western Europe_female_Generation X
Q25462875,Syarifah Fajri Maulidiyah,11,0,South-eastern Asia_female_Generation Z
Q25463048,Laura Muljadi,12,0,South-eastern Asia_female_Millennials
Q25466603,Aldora Handoyo,10,0,South-eastern Asia_female_Millennials
Q25466918,Bianca Beatrice,11,0,South-eastern Asia_female_Millennials
Q25468747,Nina Jane Bustan,10,0,South-eastern Asia_female_Generation Z
Q25469601,Ariska Putri Pertiwi,17,0,South-eastern Asia_female_Generation Z
Q2547782,Alexandra Braun,31,1,South America_female_Millennials
Q25484647,Mawar Abdul Karim,9,0,South-eastern Asia_female_Millennials
Q254905,Brook Lee,32,1,Northern America_female_Generation X
Q254939,Alexandria Mills,21,1,Northern America_female_Millennials
Q254947,Riley Keough,207,1,Northern America_female_Millennials
Q255060,Kelly Brook,84,1,Northern Europe_female_Generation X
Q25542806,Tia Taveepanichpan,39,1,Northern America_female_Generation Z
Q2555308,Stella Tennant,59,1,Northern Europe_female_Generation X
Q255714,Ana Hickmann,43,1,South America_female_Millennials
Q2557751,Carolyn Murphy,44,1,Northern America_female_Generation X
Q256287,Brooke Adams,45,1,Northern America_female_Millennials
Q256362,Hilary Rhoda,40,1,Northern America_female_Millennials
Q2565614,Eva Ekvall,29,1,South America_female_Millennials
Q2567301,Mariana Bridi Costa,16,0,South America_female_Millennials
Q2568389,Mahima Chaudhry,35,1,Southern Asia_female_Generation X
Q25713929,Sofia Richie,46,1,Northern America_female_Generation Z
Q2577775,Scarlet Garcia,19,1,South-eastern Asia_female_Millennials
Q258407,Carrie Prejean,36,1,Northern America_female_Millennials
Q2586982,Yeorjia Salpa,26,1,Southern Europe_female_Millennials
Q25933448,Ewa Bożena Mielnicka,17,0,Eastern Europe_female_Millennials
Q259385,Whitney Port,47,1,Northern America_female_Millennials
Q2595507,Oksana Pochepa,68,1,Eastern Europe_female_Millennials
Q259587,Lindsay Ellingson,41,1,Northern America_female_Millennials
Q25999595,Suelyn Medeiros,15,0,Northern America_female_Millennials
Q25999627,Danielle Knudson,23,1,Northern America_female_Millennials
Q260854,,44,1,Western Europe_female_Millennials
Q26131621,Chalita Suansane,17,0,South-eastern Asia_female_Generation Z
Q26134366,Karin Booth,39,1,Northern America_female_Greatest Generation
Q261556,Rachel Roberts,45,1,Northern America_female_Generation X
Q2616544,Penny Lancaster,37,1,Northern Europe_female_Generation X
Q2617101,Snejana Onopka,25,1,Eastern Europe_female_Millennials
Q2619198,Constance Jablonski,36,1,Western Europe_female_Millennials
Q26206770,Karlie Hay,16,0,Northern America_female_Generation Z
Q26209492,Katelynne Cox,20,1,Northern America_female_Millennials
Q2621006,Rosalinde Kikstra,13,0,Western Europe_female_Millennials
Q26251458,Alla Kostromichova,16,0,Eastern Europe_female_Millennials
Q2625570,Irene Skliva,19,1,Southern Europe_female_Generation X
Q26256193,Saulo Meneghetti,19,1,South America_male_Millennials
Q26256280,Betina Korbes Schmidt,12,0,South America_female_Millennials
Q2625632,Nicole Fox,35,1,Northern America_female_Millennials
Q2625922,Margareta Arvidsson,32,1,Northern Europe_female_Baby Boomers
Q26262062,Kata Sarka,9,0,Eastern Europe_female_Millennials
Q2627289,Monika Jagaciak,31,1,Eastern Europe_female_Millennials
Q2627424,Chelsea Cooley,29,1,Northern America_female_Millennials
Q2628105,Susie Castillo,41,1,Northern America_female_Generation X
Q262871,Kristen Dalton,31,1,Northern America_female_Millennials
Q2629507,Vendela Kirsebom,54,1,Northern Europe_female_Generation X
Q2630408,Marelisa Gibson,17,0,South America_female_Millennials
Q2632262,Kim Noorda,19,1,Western Europe_female_Millennials
Q2632699,Filippa Hamilton,25,1,Western Europe_female_Millennials
Q2633181,Heather Whitestone,36,1,Northern America_female_Generation X
Q263334,Alyssa Campanella,42,1,Northern America_female_Millennials
Q2633486,Larissa Ramos,17,0,South America_female_Millennials
Q2636775,Larissa Costa,16,0,South America_female_Millennials
Q263819,Ameesha Patel,62,1,Southern Asia_female_Generation X
Q263826,Yukta Mookhey,28,1,Southern Asia_female_Generation X
Q263834,Diana Hayden,31,1,Southern Asia_female_Generation X
Q2638642,Natalie Gal,40,1,Eastern Europe_female_Millennials
Q2640381,Kahlen Rondot,15,0,Northern America_female_Millennials
Q2641511,Justine De Jonckheere,23,1,Western Europe_female_Millennials
Q2641519,Annelien Coorevits,21,1,Western Europe_female_Millennials
Q2641526,Cilou Annys,25,1,Western Europe_female_Millennials
Q2641623,Krista White,14,0,Northern America_female_Millennials
Q2642325,Yuliya Snigir,55,1,Eastern Europe_female_Millennials
Q2642457,Shamcey Supsup,17,0,South-eastern Asia_female_Millennials
Q2643644,Alexandra Philipps,10,0,Western Europe_female_Generation X
Q26490354,Trần Ngọc Lan Khuê,15,0,South-eastern Asia_female_Millennials
Q265076,Nicole Linkletter,24,1,Northern America_female_Millennials
Q2652495,Andrea Wagner,13,0,Western Europe_female_Millennials
Q2654816,Katya Shchekina,18,1,Eastern Europe_female_Millennials
Q2656441,Cristina Pedroche,39,1,Southern Europe_female_Millennials
Q2656682,Vanessa Gonçalves,29,1,South America_female_Millennials
Q2656727,Magdalena Frąckowiak,38,1,Eastern Europe_female_Millennials
Q2658278,Larysa Poznyak,15,0,Eastern Europe_female_Millennials
Q2658448,Chantal Jones,17,0,Northern America_female_Millennials
Q266568,Heather Mills,69,1,Northern Europe_female_Generation X
Q26695599,Marina Carozza,13,0,South America_female_Millennials
Q26709137,Carolina Rodriguez Duran,11,0,Central America_female_Millennials
Q2671091,Mia St. John,42,1,Northern America_female_Generation X
Q26722366,Ingrid Feldman,19,1,Western Europe_female_Generation X
Q2673333,Daniela Domröse,14,0,Western Europe_female_Millennials
Q267400,Rachael Harris,75,1,Northern America_female_Generation X
Q2679159,Gianne Albertoni,30,1,South America_female_Millennials
Q268332,Amy Acuff,32,1,Northern America_female_Generation X
Q26837694,Ida Ovmar,12,0,Northern Europe_female_Generation Z
Q26838089,Paulina García Robles,14,0,Central America_female_Millennials
Q26838667,Camila Barraza,10,0,Southern Europe_female_Generation Z
Q26857611,Rachele Risaliti,17,0,Southern Europe_female_Generation Z
Q26871089,Savvy Shields,31,1,Northern America_female_Generation Z
Q268940,Lou Doillon,116,1,Western Europe_female_Millennials
Q269137,Sarah Wright,52,1,Northern America_female_Millennials
Q269199,Maryna Linchuk,25,1,Eastern Europe_female_Millennials
Q26923135,Katerina Katakalides,7,0,Northern America_female_Generation Z
Q26923143,Niti Shah,10,0,Southern Asia_female_Generation Z
Q26923345,Lopamudra Raut,18,1,Southern Asia_female_Generation Z
Q26924400,Aarushi Sharma,17,0,Southern Asia_female_Generation Z
Q2695376,Zimra Geurts,17,0,Western Europe_female_Millennials
Q2696784,Lisa D'Amato,23,1,Northern America_female_Generation X
Q2699083,Arizona Muse,24,1,Northern America_female_Millennials
Q27016812,Inna Mikitas,10,0,Eastern Europe_female_Millennials
Q270426,Dorian Leigh,49,1,Northern America_female_Greatest Generation
Q2704884,Samantha Potter,17,0,Northern America_female_Millennials
Q27049380,Zoey Ivory,18,1,Western Europe_female_Millennials
Q27063749,Doina Ciobanu,19,1,Eastern Europe_female_Millennials
Q27077735,Dilone,28,1,Northern America_female_Millennials
Q2707885,Natália Guimarães,26,1,South America_female_Millennials
Q27080262,Marjan Jonkman,14,0,Western Europe_female_Millennials
Q2709668,Jeymmy Vargas,17,0,South America_female_Millennials
Q2711625,Gina Tolleson,27,1,Northern America_female_Generation X
Q27120693,Keysi Sayago,26,1,South America_female_Millennials
Q271456,Irina Lăzăreanu,30,1,Eastern Europe_female_Millennials
Q2716298,Anne Vyalitsyna,49,1,Eastern Europe_female_Millennials
Q2717756,Sabrina van der Donk,15,0,Western Europe_female_Millennials
Q2719368,Carol Francischini,21,1,South America_female_Millennials
Q271948,Rachel Ward,94,1,Northern Europe_female_Baby Boomers
Q27210416,Angelina Kirsch,18,1,Western Europe_female_Millennials
Q27215325,Claudia Ochoa Felix,18,1,Central America_female_Millennials
Q27244435,Fitria Yusuf,22,1,South-eastern Asia_female_Millennials
Q27267583,Manoella Alves,8,0,South America_female_Millennials
Q27306422,Katherine Espín,15,0,South America_female_Millennials
Q273139,Katarzyna Borowicz,18,1,Eastern Europe_female_Millennials
Q273246,Maxine Bahns,50,1,Northern America_female_Generation X
Q2734404,Jessica Mezey,10,0,Northern America_female_Generation Z
Q273760,Tiffany Limos,37,1,Northern America_female_Generation X
Q273778,Crystle Lightning,43,1,Northern America_female_Millennials
Q2739675,Karla Osuna,8,0,South America_female_Millennials
Q274119,Stephanie Heinrich,36,1,Northern America_female_Generation X
Q27449526,Camila Morrone,51,1,Northern America_female_Generation Z
Q2746115,Katy French,26,1,Western Europe_female_Millennials
Q2748041,Tiffany Taylor,25,1,Northern America_female_Generation X
Q27536220,Camila Alejandra Barraza,8,0,South America_female_Millennials
Q275414,Constance Dowling,64,1,Northern America_female_Greatest Generation
Q275613,Laure Sainclair,40,1,Western Europe_female_Generation X
Q276110,Maggie Rizer,22,1,Northern America_female_Generation X
Q2763087,Christina Curry,17,0,Northern America_female_Millennials
Q27671320,Michelle Gómez,14,0,South America_female_Millennials
Q27859546,Kanika Tiwari,12,0,Southern Asia_female_Generation Z
Q27861767,Lee Yvonne,8,0,South-eastern Asia_female_Millennials
Q27865627,Lameka Fox,14,0,Northern America_female_Generation Z
Q27899162,Lucas Malvacini,12,0,South America_male_Millennials
Q27901807,Hideo Muraoka,9,0,South America_male_Millennials
Q27929570,Anna Botova,11,0,Eastern Europe_female_Millennials
Q27943495,Daniela Lopez Osorio,13,0,South America_female_Millennials
Q27957345,Grace Elizabeth,24,1,Northern America_female_Generation Z
Q27959534,Sveva Alviti,36,1,Southern Europe_female_Millennials
Q27999333,Luisa Gan,8,0,South-eastern Asia_female_Millennials
Q28001907,María Almenta,13,0,Southern Europe_female_Generation Z
Q28039889,Armie Field,9,0,South-eastern Asia_female_Millennials
Q28059982,Abigail Ratchford,26,1,Northern America_female_Millennials
Q2806109,Georgina Stojiljković,19,1,Southern Europe_female_Millennials
Q2806168,Ivana Stanković,15,0,Southern Europe_female_Generation X
Q2806299,Mădălina Diana Ghenea,48,1,Eastern Europe_female_Millennials
Q28114717,Jasmine Waltz,16,0,Northern America_female_Generation X
Q28167038,Korina Rivadeneira,27,1,South America_female_Millennials
Q28193580,Lais Oliveira,13,0,South America_female_Millennials
Q2825068,Adriana Reverón,13,0,Southern Europe_female_Millennials
Q2830641,Alanna Ubach,80,1,Northern America_female_Generation X
Q2833310,Alexandra Richards,30,1,Northern America_female_Millennials
Q2835716,Ana Karina Áñez,14,0,South America_female_Millennials
Q2837772,Giselle Patrón,15,0,South America_female_Millennials
Q28381807,Tailor James,22,1,Northern America_female_Generation X
Q284034,Ivian Sarcos,23,1,South America_female_Millennials
Q284047,Christy Turlington,74,1,Northern America_female_Generation X
Q2840673,Alyson Le Borges,15,0,Western Europe_female_Millennials
Q2842007,Amber Mariano,34,1,Northern America_female_Generation X
Q2844991,Ana Luisa König,15,0,South America_female_Millennials
Q2845133,Anais Mali,27,1,Western Europe_female_Millennials
Q284576,Marina Pérez,18,1,Southern Europe_female_Millennials
Q2846351,Andrea Huisgen,14,0,Southern Europe_female_Millennials
Q28465007,Milett Figueroa,31,1,South America_female_Millennials
Q2846509,Andreia Rodrigues,22,1,Southern Europe_female_Millennials
Q28465151,Iris Law,29,1,Northern Europe_female_Generation Z
Q28470205,Anuthida Ploypetch,12,0,South-eastern Asia_female_Generation Z
Q2849412,Liliane Ferrarezi,18,1,South America_female_Millennials
Q2849551,Gracie Carvalho,29,1,South America_female_Millennials
Q28500685,,10,0,Eastern Europe_female_Millennials
Q28501015,Valeria de Santis,10,0,South America_female_Millennials
Q28555403,Rebecca Reid,19,1,Northern Europe_female_Generation Z
Q28599773,Sophia Sergio,14,0,Southern Europe_female_Millennials
Q28600070,S. Olvah Alhamid,24,1,South-eastern Asia_female_Millennials
Q28600072,Sara Mitić,9,0,Southern Europe_female_Generation Z
Q286698,Taliana Vargas,33,1,South America_female_Millennials
Q286733,Ximena Navarrete,48,1,Central America_female_Millennials
Q28679055,Leandro Lima,28,1,South America_male_Millennials
Q28680827,Felipe Roque,14,0,South America_male_Millennials
Q28702157,,10,0,Eastern Europe_female_Millennials
Q28723581,Kadambari Danave,11,0,Southern Asia_female_Generation Z
Q28747964,Vivien Neves,16,0,Northern Europe_female_Baby Boomers
Q28748040,Vaea Ferrand,10,0,Western Europe_female_Millennials
Q2874936,Aymeline Valade,35,1,Western Europe_female_Millennials
Q28752834,Sara Emilia Bernat,23,1,Eastern Europe_female_Millennials
Q28755521,Bianca Brandolini d’Adda,17,0,Western Europe_female_Millennials
Q28788247,Vivien Czene,9,0,Eastern Europe_female_Millennials
Q28793855,Candice Huffine,13,0,Northern America_female_Millennials
Q28807571,Alba Galocha,26,1,Southern Europe_female_Millennials
Q28816265,Zuri Tibby,14,0,Northern America_female_Generation Z
Q2881728,Didie Schackman,15,0,Western Europe_female_Generation X
Q2881769,Pilar Ruiz,16,0,South America_female_Millennials
Q28843691,Kika Silva,21,1,South America_female_Millennials
Q2889056,Mabel Cartagena,15,0,South America_female_Millennials
Q288956,Nadya Tolokonnikova,120,1,Eastern Europe_female_Millennials
Q28919207,Ann-Kathrin Götze,44,1,Western Europe_female_Millennials
Q28921807,India Gants,19,1,Northern America_female_Generation Z
Q28935099,Justine Biticon,25,1,Northern America_female_Generation Z
Q28942307,Courtney Culkin,23,1,Northern America_female_Millennials
Q28942314,Jamie Westenhiser,16,0,Northern America_female_Millennials
Q28945518,Alejandra Isaza,17,0,South America_female_Millennials
Q28945704,Cacau Colucci,14,0,South America_female_Millennials
Q28950104,Ashley Smith,21,1,Northern America_female_Millennials
Q28963792,Nadine Chanz,20,1,Western Europe_female_Generation X
Q289640,Stefanía Fernández,29,1,South America_female_Millennials
Q289662,Dayana Mendoza,47,1,South America_female_Millennials
Q28967966,Josephine Tan,9,0,South-eastern Asia_female_Millennials
Q28973855,Bruno Miranda,13,0,South America_male_Millennials
Q29018427,Ana Sofía Henao,22,1,South America_female_Millennials
Q29019845,Camila Dávalos,20,1,Northern America_female_Millennials
Q290438,Lara Dutta,74,1,Southern Asia_female_Generation X
Q29054512,Bunga Jelitha,19,1,South-eastern Asia_female_Millennials
Q2905926,Blanca Zumárraga,14,0,Central America_female_Millennials
Q29065146,Alexandra Kutas,13,0,Eastern Europe_female_Millennials
Q29098570,Irina Terehova,13,0,Eastern Europe_female_Millennials
Q29141301,Dea Rizkita,14,0,South-eastern Asia_female_Millennials
Q29145414,Kevin Lilliana,17,0,South-eastern Asia_female_Generation Z
Q29177802,Dounia Rijkschroeff,11,0,Western Europe_female_Millennials
Q292549,Bianca Balti,47,1,Southern Europe_female_Millennials
Q293114,Sophie Dahl,78,1,Northern Europe_female_Generation X
Q2935061,Camille Rowe,62,1,Western Europe_female_Millennials
Q29385452,Virginia Argueta,13,0,Central America_female_Millennials
Q29389363,Valerie Mason,22,1,Northern America_female_Millennials
Q29389564,Michelle McLaughlin,36,1,Northern America_female_Millennials
Q2940084,Caroline de Maigret,48,1,Western Europe_female_Generation X
Q2944319,Julia Montes,30,1,South-eastern Asia_female_Generation Z
Q2948377,Grazia Maria Pinto,17,0,Southern Europe_female_Millennials
Q29548178,Achintya Holte Nielsen,20,1,South-eastern Asia_female_Generation Z
Q29562208,Jessica Trainham,21,1,Northern America_female_Millennials
Q2957838,Charis Wilson,45,1,Northern America_female_Greatest Generation
Q2960977,Charlotte Free,16,0,Northern America_female_Millennials
Q29644068,Tulia Alemán,14,0,South America_female_Millennials
Q29651239,Noemí Sartal,12,0,Southern Europe_female_Generation Z
Q2978396,Claudia Cedro,10,0,Southern Europe_female_Millennials
Q29784980,Danyeshka Hernández,9,0,Northern America_female_Generation Z
Q29789505,Briana Roy,22,1,Northern America_female_Generation Z
Q297942,Afërdita Dreshaj,29,1,Northern America_female_Millennials
Q2981186,Kimberly Stewart,39,1,Northern America_female_Generation X
Q29834614,Julia Cumming,20,1,Northern America_female_Generation Z
Q29835,Alodia Gosiengfiao,44,1,South-eastern Asia_female_Millennials
Q29835624,Jessica Pereira,16,0,South America_female_Millennials
Q2984439,Juliana Imai,19,1,South America_female_Millennials
Q2985216,Shauna Sand,44,1,Northern America_female_Generation X
Q29884612,Anike Ekina,23,1,Western Europe_female_Millennials
Q2991123,Yasmeen Ghauri,27,1,Northern America_female_Generation X
Q29996165,Amanda Obdam,24,1,South-eastern Asia_female_Millennials
Q30023194,Ulrikke Høyer,11,0,Northern Europe_female_Generation Z
Q30074099,Amanda Denis,16,0,Southern Europe_female_Generation Z
Q30089783,Shvetha Jaishankar,10,0,Southern Asia_female_Generation X
Q30115025,Jana Zerlett,15,0,Western Europe_female_Millennials
Q30117154,Vanessa Pulgarin Monsalve,16,0,South America_female_Millennials
Q30134351,Galina Kokhvakko,14,0,Eastern Europe_female_Millennials
Q30223663,Pyper America,20,1,Northern America_female_Generation Z
Q3023005,Denisa Dvořáková,33,1,Eastern Europe_female_Millennials
Q3026133,Diana Avdiu,18,1,Southern Europe_female_Millennials
Q3026146,Diana Kovalchuk,15,0,Eastern Europe_female_Millennials
Q3026167,,21,1,Northern America_female_Millennials
Q30275506,Elena Correa,9,0,Central America_female_Millennials
Q30305828,Demi Rose,37,1,Northern Europe_female_Generation Z
Q30315889,Courtney Robertson,25,1,Northern America_female_Millennials
Q3032121,Michelle Rouillard,12,0,South America_female_Millennials
Q30329371,Annie Hoffmann,18,1,Western Europe_female_Millennials
Q30345159,Amberleigh West,30,1,Northern America_female_Millennials
Q3036186,Flavia de Oliveira,24,1,South America_female_Millennials
Q304123,Audrey Tautou,197,1,Western Europe_female_Generation X
Q3041832,Laura Sánchez,25,1,Western Europe_female_Generation X
Q3042392,Débora Nascimento,36,1,South America_female_Millennials
Q304340,Elisa Torrini,12,0,Southern Europe_female_Millennials
Q3049751,Raica Oliveira,22,1,South America_female_Millennials
Q3052375,Júlia Liptáková,16,0,Eastern Europe_female_Millennials
Q3056459,Erica Hubbard,35,1,Northern America_female_Generation X
Q3059591,Eugenia Silva,21,1,Southern Europe_female_Generation X
Q30638234,Sotheary Bee,9,0,South-eastern Asia_female_Generation Z
Q3069413,Fernanda Motta,24,1,South America_female_Millennials
Q3070298,Carmen Kool,14,0,Western Europe_female_Millennials
Q3076618,Marilyn Cole,29,1,Northern Europe_female_Baby Boomers
Q30820163,Cecilia Dean,16,0,Northern America_female_Generation X
Q30902866,Edyta Zając,14,0,Eastern Europe_female_Millennials
Q30920002,Mai Ngô,14,0,South-eastern Asia_female_Generation Z
Q30931682,Lauren Tsai,57,1,Northern America_female_Generation Z
Q30943562,Wendy Fiore,16,0,Northern America_female_Millennials
Q3099903,Gaëlle Voiry,22,1,Western Europe_female_Generation X
Q3105221,Chandra North,23,1,Northern America_female_Generation X
Q31092078,Bianka Bernát,10,0,Eastern Europe_female_Millennials
Q31192319,Veneta Kristeva,12,0,Eastern Europe_female_Millennials
Q31202566,Minh Tú,23,1,South-eastern Asia_female_Millennials
Q31212256,Blerta Leka,8,0,Southern Europe_female_Generation Z
Q31213356,Shikin Gomez,14,0,South-eastern Asia_female_Millennials
Q31284733,Olympia Chopsonidou,13,0,Eastern Europe_female_Millennials
Q3129104,Heather Stewart-Whyte,21,1,Northern Europe_female_Generation X
Q31351641,Pattiya Pongthai,8,0,South-eastern Asia_female_Millennials
Q3140685,Sema Şimşek,18,1,Western Europe_female_Generation X
Q3154419,Iris Mulej,14,0,Southern Europe_female_Millennials
Q3160413,Jade Foret,41,1,Western Europe_female_Millennials
Q31684753,Shelby Chesnes,24,1,Northern America_female_Millennials
Q31755222,Khin Wint Wah,12,0,South-eastern Asia_female_Millennials
Q3177081,Jennifer Lamiraqui,14,0,Western Europe_female_Generation X
Q3177091,Jennifer Messelier,14,0,Western Europe_female_Millennials
Q3177686,Jessica Van Der Steen,15,0,Western Europe_female_Millennials
Q31836104,Anna Ermakova,28,1,Northern Europe_female_Generation Z
Q31926358,Karina Zhosan,16,0,Eastern Europe_female_Millennials
Q3195444,Kerissa Fare,23,1,Northern America_female_Generation X
Q3196857,Kimberley Stanfield,19,1,Northern America_female_Millennials
Q3211211,Melissa Loza,21,1,South America_female_Millennials
Q3216058,Laeticia Boudou,38,1,Western Europe_female_Generation X
Q3216900,Lana Obad,13,0,Southern Europe_female_Millennials
Q32184359,Ajara Rodrigues,7,0,South America_female_Millennials
Q3218746,Laure Belleville,11,0,Western Europe_female_Generation X
Q3218833,Lauren Jones,28,1,Northern America_female_Millennials
Q32196,Katarina Ivanovska,31,1,Eastern Europe_female_Millennials
Q3229469,Lenka Janistinová,10,0,Eastern Europe_female_Millennials
Q32342,Sonali Bendre,69,1,Southern Asia_female_Generation X
Q32352804,Sonja Kinski,34,1,Western Europe_female_Millennials
Q3235610,Jéssica Pauletto,14,0,South America_female_Millennials
Q3239250,Eileen Roca,16,0,South America_female_Millennials
Q3241407,Danielle Souza,22,1,South America_female_Millennials
Q3242757,Andreína Castro,15,0,South America_female_Millennials
Q3245109,Sandrina Bencomo,10,0,South America_female_Millennials
Q3263922,Chantal Hanse,9,0,Western Europe_female_Millennials
Q3276624,Magda Kulpińska,10,0,Eastern Europe_female_Millennials
Q3285952,Manila Nazzaro,31,1,Southern Europe_female_Generation X
Q3289196,Victoria Hervey,46,1,Northern Europe_female_Generation X
Q3289781,Desiree van der Berg,11,0,Western Europe_female_Millennials
Q3290433,Mareva Georges,14,0,Western Europe_female_Generation X
Q3291017,Jennifer Lyn Jackson,26,1,Northern America_female_Generation X
Q3291549,Alyz Henrich,20,1,South America_female_Millennials
Q3293080,Elián Herrera,16,0,South America_female_Millennials
Q3293482,María Gabriela Isler,28,1,South America_female_Millennials
Q32999543,Antonela Roccuzzo,25,1,South America_female_Millennials
Q3300562,Yllka Berisha,23,1,Southern Europe_female_Millennials
Q3301904,Kristin Hogan,12,0,South America_female_Millennials
Q3302862,Agnesa Vuthaj,18,1,Southern Europe_female_Millennials
Q3304889,Hygerta Sako,12,0,Southern Europe_female_Generation X
Q3305447,Marianne Puglia,18,1,South America_female_Millennials
Q3306244,Laksmi Rodríguez,10,0,South America_female_Millennials
Q3308283,Karol Scott,11,0,South America_female_Millennials
Q3309086,Claudia Suárez,13,0,South America_female_Millennials
Q3309652,Dominika van Santen,15,0,South America_female_Millennials
Q3310500,Jictzad Viña,12,0,South America_female_Millennials
Q3313481,Lourdes Arévalos,12,0,South America_female_Millennials
Q3314011,Milana Keller,22,1,Eastern Europe_female_Millennials
Q3315514,Fiorella Viñas,12,0,South America_female_Millennials
Q33188994,Dani Newman,9,0,Northern Europe_female_Generation Z
Q3320723,Monica Lo,32,1,Northern America_female_Generation X
Q33245446,Vienna Kendall,19,1,Northern America_female_Generation Z
Q3330840,Mabel Lozano,46,1,Southern Europe_female_Generation X
Q3332871,Mélanie Dagréo,14,0,Western Europe_female_Millennials
Q3336445,Natane Adcock,14,0,Northern America_female_Generation X
Q3337907,Nell McAndrew,31,1,Northern Europe_female_Generation X
Q3338726,Çiljeta,14,0,Southern Europe_female_Millennials
Q3340904,Gioia Arismendi,18,1,South America_female_Millennials
Q3341087,Nicole Moreno,22,1,South America_female_Millennials
Q3341451,Jessica Barboza,15,0,South America_female_Millennials
Q3342806,Gabriella Ferrari,14,0,South America_female_Millennials
Q3342945,Laura Gonçalves,17,0,South America_female_Millennials
Q3343646,Noreen Carmody,12,0,Western Europe_female_Millennials
Q3344330,Emmarys Pinto,10,0,South America_female_Millennials
Q3344619,Isabela Ramos Cano,9,0,South America_female_Millennials
Q3345727,Noémie Happart,21,1,Western Europe_female_Millennials
Q3350456,Olga Sorokina,19,1,Eastern Europe_female_Millennials
Q33508315,Miranda Rynsburger,19,1,Western Europe_female_Generation X
Q3360805,Adriana Tarud,13,0,South America_female_Millennials
Q3364510,Milagros Schmoll,18,1,South America_female_Millennials
Q3372508,Ágnes Konkoly,13,0,Eastern Europe_female_Millennials
Q33729164,Georgina Rodríguez,45,1,South America_female_Millennials
Q3388381,Pilar Lastra,35,1,Northern America_female_Millennials
Q3391883,Laura Ponte,14,0,Southern Europe_female_Generation X
Q3393758,Paloma Lago,33,1,Southern Europe_female_Generation X
Q3402724,Sian Adey-Jones,17,0,Northern Europe_female_Baby Boomers
Q3430082,Anette Stai,23,1,Northern Europe_female_Baby Boomers
Q3436800,Roberta Murgo,11,0,South America_female_Millennials
Q3458653,Abigail Elizalde,14,0,Central America_female_Millennials
Q34662332,Dominika Myslivcová,27,1,Eastern Europe_female_Millennials
Q3473323,Sarah Brandner,29,1,Western Europe_female_Millennials
Q347922,Melissa Molinaro,50,1,Northern America_female_Millennials
Q3490466,Kateřina Sokolová,22,1,Eastern Europe_female_Millennials
Q3491056,Sophie Vaillancourt,15,0,Northern America_female_Millennials
Q3493844,Hana Svobodová,15,0,Eastern Europe_female_Millennials
Q3493957,Vanessa Bruno,31,1,Western Europe_female_Generation X
Q3494299,Neha Dhupia,55,1,Southern Asia_female_Generation X
Q3495461,Stacy Moran,21,1,Northern America_female_Generation X
Q3505631,Susanna Huckstep,15,0,Southern Europe_female_Generation X
Q3511854,Caroline Welz,9,0,Western Europe_female_Millennials
Q3516027,Tatiana-Laurence Delarue,22,1,Western Europe_female_Millennials
Q3522712,Richa Pallod,36,1,Southern Asia_female_Generation X
Q3529134,Tina Marie Jordan,32,1,Northern America_female_Generation X
Q3530637,Anu Hasan,32,1,Southern Asia_female_Generation X
Q3543017,Rakhi Sawant,44,1,Southern Asia_female_Generation X
Q3545750,Bianca Gonzalez,31,1,South-eastern Asia_female_Millennials
Q3547058,Nadine Samonte,18,1,Western Europe_female_Millennials
Q3548003,Riza Santos,27,1,Northern America_female_Millennials
Q3550741,Friedia Niimura,16,0,Western Europe_female_Generation X
Q3550878,Gionna Cabrera,10,0,South-eastern Asia_female_Millennials
Q3559626,Anna Litvinova,24,1,Eastern Europe_female_Millennials
Q3560727,Virginie Dechenaud,13,0,Western Europe_female_Millennials
Q3572221,Yessica Ramírez,11,0,Central America_female_Millennials
Q3574603,Zahia Dehar,63,1,Western Europe_female_Millennials
Q3574627,Zaira Nara,33,1,South America_female_Millennials
Q3576310,Zuzana Gregorová,15,0,Eastern Europe_female_Millennials
Q3595177,Jessica Lal,12,0,Southern Asia_female_Generation X
Q3605686,Adriana Zubiate,19,1,South America_female_Millennials
Q3607163,Ainett Stephens,24,1,South America_female_Millennials
Q3607842,Alba Riquelme,14,0,South America_female_Millennials
Q3609028,Jamie Eason,19,1,Northern America_female_Generation X
Q3609702,Alessandra Meloni,15,0,Southern Europe_female_Generation X
Q3610446,Alessia Merz,36,1,Southern Europe_female_Generation X
Q3610452,Alessia Ventura,26,1,Southern Europe_female_Generation X
Q3610818,Alexandra Crandell,14,0,Northern America_female_Millennials
Q3611624,Ali Stephens,16,0,Northern America_female_Millennials
Q3611711,Alice Taticchi,13,0,Southern Europe_female_Millennials
Q3611816,Aline Domingos,9,0,South America_female_Millennials
Q3611867,Alizée Gaillard,13,0,Western Europe_female_Millennials
Q3613586,Amber Campisi,25,1,Northern America_female_Millennials
Q3613588,Amanda Moore,15,0,Northern America_female_Generation X
Q3615038,Ananda Lewis,38,1,Northern America_female_Generation X
Q3615375,Andi Muise,28,1,Northern America_female_Millennials
Q3615974,Andrea Radonjic,11,0,Southern Europe_female_Millennials
Q3616579,Anedie Azael,14,0,Northern America_female_Millennials
Q3617676,Anna Bård,24,1,Northern Europe_female_Generation X
Q3617808,Anna Poslavska,13,0,Eastern Europe_female_Millennials
Q3617809,Anna Rigon,10,0,Southern Europe_female_Generation X
Q3618934,Antonella Mosetti,24,1,Southern Europe_female_Generation X
Q3624816,Melani Olivares,26,1,Southern Europe_female_Generation X
Q3630948,Avalon-Chanel Weyzig,13,0,Western Europe_female_Millennials
Q3634603,Barbara Clara,13,0,South America_female_Millennials
Q3637234,Beatrice Borromeo,45,1,Southern Europe_female_Millennials
Q3637974,Benazir Charles,13,0,Western Europe_female_Millennials
Q3639139,Bette Cooper,19,1,Northern America_female_Greatest Generation
Q3643651,Brandi Sherwood,28,1,Northern America_female_Generation X
Q3651382,Camila Alves,20,1,South America_female_Millennials
Q3651388,Camila Trindade,13,0,South America_female_Millennials
Q3651389,Camila Vezzoso,17,0,South America_female_Millennials
Q3651410,Camilla Sjoberg,15,0,Northern Europe_female_Generation X
Q3660531,Carole Gist,25,1,Northern America_female_Generation X
Q3660541,Carolina Fernández,14,0,South America_female_Millennials
Q3660557,Carolina Dementiev,24,1,Eastern Europe_female_Millennials
Q3660615,Carolyn Suzanne Sapp,21,1,Northern America_female_Generation X
Q3661501,Catherine Daza,14,0,South America_female_Millennials
Q3661749,Cash Casia,18,1,Northern America_female_Generation X
Q3663250,Catalina Robayo,15,0,South America_female_Millennials
Q3663525,Caterina Ravaglia,16,0,Southern Europe_female_Millennials
Q3664098,Cecilia Capriotti,22,1,Southern Europe_female_Generation X
Q3666097,Chananporn Rosjan,12,0,South-eastern Asia_female_Millennials
Q3666241,Chantal Zaky,10,0,Northern America_female_Millennials
Q3666767,Charlotte Di Calypso,24,1,Western Europe_female_Millennials
Q3667047,Chelsae Durocher,9,0,Northern America_female_Millennials
Q3667463,Chiara Baschetti,26,1,Southern Europe_female_Millennials
Q367609,Jordan Monroe,19,1,Northern America_female_Millennials
Q3676114,Chutima Durongdej,9,0,South-eastern Asia_female_Millennials
Q3678977,Claire Elizabeth Smith,12,0,Northern Europe_female_Generation X
Q3679847,Claudia Ferraris,14,0,Southern Europe_female_Millennials
Q3679849,Claudia Galanti,13,0,South America_female_Millennials
Q3679891,Claudia Schiess,14,0,South America_female_Millennials
Q3679893,Claudia Trieste,13,0,Southern Europe_female_Generation X
Q3695621,Costanza Caracciolo,25,1,Southern Europe_female_Millennials
Q36988005,Slick Woods,21,1,Northern America_female_Generation Z
Q3698907,Crystal McCahill,27,1,Northern America_female_Millennials
Q3702115,Daniella Álvarez,19,1,South America_female_Millennials
Q3704364,Debbye Turner,32,1,Northern America_female_Generation X
Q3704387,Debora Salvalaggio,14,0,Southern Europe_female_Millennials
Q3706349,Dewi Driegen,20,1,Western Europe_female_Millennials
Q3706746,Diana Curmei,9,0,Eastern Europe_female_Millennials
Q3714340,Dorota Gawron,14,0,Eastern Europe_female_Millennials
Q3714380,Dorothy Hann,13,0,Northern America_female_Greatest Generation
Q3716961,Débora Lyra,20,1,South America_female_Millennials
Q3718979,Edelfa Chiara Masciotta,20,1,Southern Europe_female_Millennials
Q3720110,Edílson Nascimento,12,0,South America_male_Millennials
Q3720482,Egni Eckert,16,0,South America_female_Millennials
Q3721502,Elena Semikina,24,1,Eastern Europe_female_Millennials
Q3721759,Elenoire Casalegno,23,1,Southern Europe_female_Generation X
Q3721810,Eleonora Resta,12,0,Southern Europe_female_Generation X
Q3723137,Elisa Isoardi,26,1,Southern Europe_female_Millennials
Q3723191,Elisabeth Reyes,25,1,Southern Europe_female_Millennials
Q3723234,Elisabetta Gregoraci,40,1,Southern Europe_female_Generation X
Q3723368,Elizabeta Burg,12,0,Southern Europe_female_Millennials
Q3723442,Elizaveta Golovanova,18,1,Eastern Europe_female_Millennials
Q3723490,Ellen Hidding,28,1,Western Europe_female_Generation X
Q3723811,Ema Jagodić,12,0,Southern Europe_female_Millennials
Q3725416,Enikő Mihalik,33,1,Eastern Europe_female_Millennials
Q3731637,Ericka Dunlap,25,1,Northern America_female_Millennials
Q3733452,Esther De Jong,13,0,Western Europe_female_Generation X
Q3733617,Estíbaliz Pereira,12,0,Southern Europe_female_Millennials
Q3735124,Eva Lisa Ljung,14,0,Northern Europe_female_Generation X
Q3735131,Eva Pedraza,35,1,Southern Europe_female_Generation X
Q3735158,Evalina Van Putten,12,0,Western Europe_female_Millennials
Q3736284,Lola Odusoga,42,1,Northern Europe_female_Generation X
Q3737570,Fabiane Niclotti,16,0,South America_female_Millennials
Q3739849,Farung Yuthithum,15,0,South-eastern Asia_female_Millennials
Q3740119,Fatimih Dávila,22,1,South America_female_Millennials
Q3741544,Federica Felini,21,1,Southern Europe_female_Millennials
Q3741547,Federica Fontana,24,1,Southern Europe_female_Generation X
Q3741561,Federica Nargi,28,1,Southern Europe_female_Millennials
Q3741987,Patrice Hollis,21,1,Northern America_female_Millennials
Q3742267,Felicita Arzú,12,0,Central America_female_Millennials
Q3743378,Amelia Windsor,49,1,Northern Europe_female_Generation Z
Q3745047,Filippa Lagerbäck,19,1,Northern Europe_female_Generation X
Q3745867,Fiorella Migliore,23,1,South America_female_Millennials
Q3746631,Flo Gennaro,17,0,South America_female_Millennials
Q3747508,Fonthip Watcharatrakul,26,1,South-eastern Asia_female_Millennials
Q3749348,Frances Marie Burke,16,0,Northern America_female_Greatest Generation
Q3752026,Frankie Rayder,26,1,Northern America_female_Generation X
Q3756223,Inés Sainz,17,0,Southern Europe_female_Generation X
Q3756244,Sheila Márquez,16,0,Southern Europe_female_Millennials
Q3756515,Gabriela Rejala,12,0,South America_female_Millennials
Q37639275,Ninoska Vásquez,15,0,South America_female_Millennials
Q3764277,Gilda Sansone,16,0,Southern Europe_female_Millennials
Q3765223,Giorgia Vecchini,22,1,Southern Europe_female_Generation X
Q3765263,Shruti Seth,28,1,Southern Asia_female_Generation X
Q3772422,Gloria Bellicchi,18,1,Southern Europe_female_Generation X
Q3772439,Gloria Zanin,16,0,Southern Europe_female_Generation X
Q377268,Romulo Pires,16,0,South America_male_Millennials
Q3776670,Gretchen Polhemus,21,1,Northern America_female_Generation X
Q3776850,Griselda Sanchez,10,0,South America_female_Millennials
Q3779682,Guinevere van Seenuscfdhxydygdt,17,0,Northern America_female_Generation X
Q378200,Claire Sinclair,38,1,Northern America_female_Millennials
Q3783986,Heather French Henry,30,1,Northern America_female_Generation X
Q3784117,Heidi Mount,20,1,Northern America_female_Millennials
Q3784511,Helen Lindes,33,1,Southern Europe_female_Millennials
Q37935318,Đỗ Mỹ Linh,19,1,South-eastern Asia_female_Generation Z
Q3796410,Iliana Papageorgiou,16,0,Southern Europe_female_Millennials
Q3796515,Ilse De Meulemeester,12,0,Western Europe_female_Generation X
Q3798729,Ingrid Marie Rivera,17,0,Northern America_female_Millennials
Q3804812,Ivana Mrázová,25,1,Eastern Europe_female_Millennials
Q3805999,Jacquelyn Jablonski,32,1,Northern America_female_Millennials
Q3807016,Jane Randall,16,0,Northern America_female_Millennials
Q3807875,Jennifer Barrientos,12,0,South-eastern Asia_female_Millennials
Q3807889,Jennifer Pazmiño,11,0,South America_female_Millennials
Q3808152,Jessica Scheel,11,0,Central America_female_Millennials
Q3808176,Jesus Luz,42,1,South America_male_Millennials
Q3808486,Jivago Santinni,9,0,South America_male_Millennials
Q3808515,Jo-Carroll Dennison,37,1,Northern America_female_Greatest Generation
Q3808574,Joanne Siegel,22,1,Northern America_female_Greatest Generation
Q3808917,Johanna Raunio,24,1,Northern Europe_female_Baby Boomers
Q3808918,Johanna Solano,17,0,Central America_female_Millennials
Q3811099,Juliana Moreira,31,1,South America_female_Millennials
Q3811116,Julie Mordovets,11,0,Eastern Europe_female_Millennials
Q3813007,Karina Buttner,10,0,South America_female_Millennials
Q3813350,Kateřina Smejkalová,14,0,Eastern Europe_female_Millennials
Q3813957,Katie Blair,24,1,Northern America_female_Millennials
Q38140,Alice Panikian,18,1,Eastern Europe_female_Millennials
Q3814409,Kelly Weekers,24,1,Western Europe_female_Millennials
Q3815276,Kim Ashfield,15,0,Northern Europe_female_Baby Boomers
Q3815321,Kim Stolz,26,1,Northern America_female_Millennials
Q3815339,Kimberley Leggett,18,1,South-eastern Asia_female_Millennials
Q3815343,Kimberly Clarice Aiken,21,1,Northern America_female_Generation X
Q3815344,Kimberly Holland,30,1,Northern America_female_Millennials
Q3815350,Kimberly Pressler,26,1,Northern America_female_Generation X
Q3815611,Kirsten Haglund,33,1,Northern America_female_Millennials
Q3816743,Florence Wysinger Allen,19,1,Northern America_female_Greatest Generation
Q3817030,Kristen Zang,18,1,Northern America_female_Generation X
Q38238309,Kristine Froseth,111,1,Northern America_female_Generation Z
Q38247866,Chili Mak,6,0,Northern Europe_female_Generation Z
Q3825479,Lady Mina,10,0,South America_female_Millennials
Q3826610,Lana Vladi,30,1,Eastern Europe_female_Millennials
Q3827729,Laura Barriales,25,1,Southern Europe_female_Millennials
Q3827784,Laura Godoy,14,0,Central America_female_Millennials
Q3829267,Leanza Cornett,35,1,Northern America_female_Generation X
Q3831458,Leyla Pafumi,12,0,Southern Europe_female_Generation X
Q3832329,Lika Roman,27,1,Eastern Europe_female_Millennials
Q3832606,Linda Hooks,14,0,Northern Europe_female_Baby Boomers
Q3832613,Linda Santaguida,12,0,Southern Europe_female_Generation X
Q3832632,Lindsay Frimodt,15,0,Northern America_female_Millennials
Q3833412,Liskula Cohen,13,0,Northern America_female_Generation X
Q3835662,Liz Gorman,19,1,Northern America_female_Millennials
Q3835719,Lyudmila Bikmullina,16,0,Eastern Europe_female_Millennials
Q3840993,Lydie Pages,12,0,Western Europe_female_Millennials
Q3841025,Lynn Tan,19,1,South-eastern Asia_female_Millennials
Q3841028,Lynnette Cole,22,1,Northern America_female_Generation X
Q3843100,Magdalena Graaf,35,1,Northern Europe_female_Generation X
Q384317,Laura Tanguy,17,0,Western Europe_female_Millennials
Q3843912,Malgosia Majewska,13,0,Eastern Europe_female_Millennials
Q3847007,Margie Stewart,41,1,Northern America_female_Greatest Generation
Q3847425,Maria Mazza,27,1,Northern America_female_Generation X
Q3847450,Maria Nowakowska,19,1,Eastern Europe_female_Millennials
Q3847934,Marija Vujović,16,0,Southern Europe_female_Millennials
Q3847975,Marilyn Meseke,18,1,Northern America_female_Greatest Generation
Q3848072,Marina Rodrigues,11,0,Southern Europe_female_Millennials
Q3849408,Marjorie Cevallos,12,0,South America_female_Millennials
Q3849676,Markéta Jánská,32,1,Eastern Europe_female_Millennials
Q3850183,Martina Nadalini,12,0,Southern Europe_female_Millennials
Q3850604,María José Besora,13,0,Southern Europe_female_Generation X
Q3850605,María Jesús Ruiz,26,1,Southern Europe_female_Millennials
Q3850624,María Reyes,14,0,Southern Europe_female_Generation X
Q3853210,Mayra Matos,22,1,Northern America_female_Millennials
Q3853433,Meaghan Waller,16,0,Northern America_female_Millennials
Q3853933,Megan Coleman,15,0,Northern America_female_Millennials
Q3855190,Merlisa George,9,0,Northern America_female_Millennials
Q3856313,Michaela Kocianova,18,1,Eastern Europe_female_Millennials
Q3856415,Michela Maggioni,12,0,Western Europe_female_Millennials
Q3856869,Michelle Buswell,19,1,Northern America_female_Millennials
Q3856882,Michelle Royer,23,1,Northern America_female_Generation X
Q3858947,Mirte Maas,20,1,Western Europe_female_Millennials
Q3859299,Missy Rayder,18,1,Northern America_female_Generation X
Q3870659,Natalia Bush,19,1,Southern Europe_female_Millennials
Q3870661,Natalia Rodríguez,13,0,South America_female_Millennials
Q3870669,Natalija Prica,9,0,Southern Europe_female_Millennials
Q3873483,Nazareth Cascante,11,0,Central America_female_Millennials
Q3876468,Nicole Johnson,35,1,Northern America_female_Generation X
Q3876983,Nikolina Lončar,9,0,Southern Europe_female_Millennials
Q3877060,Nina Seničar,37,1,Southern Europe_female_Millennials
Q3877703,Noelia López,15,0,Southern Europe_female_Millennials
Q3881589,Oleksandra Nikolayenko,16,0,Eastern Europe_female_Millennials
Q3881617,Olga Calpajiu,27,1,Eastern Europe_female_Millennials
Q388340,Emily DiDonato,29,1,Northern America_female_Millennials
Q3897698,Patricia Donnelly,18,1,Northern America_female_Greatest Generation
Q3897830,Patrizia Nanetti,11,0,Southern Europe_female_Generation X
Q389904,Nadège du Bospertus,26,1,Western Europe_female_Generation X
Q3899985,Perla Beltrán,17,0,Central America_female_Millennials
Q3901780,Pham Thu Hang,9,0,South-eastern Asia_female_Millennials
Q39060977,Jaimie Lynn Hilfiger,14,0,Northern America_female_Millennials
Q3919508,Olga Antropova,8,0,Eastern Europe_female_Millennials
Q3930304,Raquel Revuelta,14,0,Southern Europe_female_Generation X
Q3931229,Rebecca Ream,13,0,Northern America_female_Generation X
Q3932583,Renata Ruiz,22,1,South America_female_Millennials
Q3934177,Ria Antoniou,29,1,Southern Europe_female_Millennials
Q3938500,Roberta Capua,33,1,Southern Europe_female_Generation X
Q3938515,Roberta Giarrusso,25,1,Southern Europe_female_Millennials
Q3941316,Rosangela Bessi,10,0,Southern Europe_female_Generation X
Q3941410,Rose Coyle,17,0,Northern America_female_Greatest Generation
Q3944733,Sadina Alla,12,0,Southern Europe_female_Millennials
Q3946379,Samantha De Grenet,13,0,Southern Europe_female_Generation X
Q39476,Emma Watson,351,1,Western Europe_female_Millennials
Q3948178,Sandra Vinces,11,0,South America_female_Millennials
Q3948442,Sanja Papić,11,0,Southern Europe_female_Millennials
Q39487171,Prissila Howard,17,0,South America_female_Millennials
Q3949783,Regine Angeles,10,0,South-eastern Asia_female_Millennials
Q3950288,Sara Ziff,28,1,Northern America_female_Millennials
Q3950319,Sarah Calogero,21,1,Southern Europe_female_Millennials
Q3959050,Shakira Martin,21,1,Northern America_female_Millennials
Q3959099,Shana Zadrick,21,1,Northern America_female_Generation X
Q3959243,Shawnae Jebbia,25,1,Northern America_female_Generation X
Q3959245,Shawntel Smith,19,1,Northern America_female_Generation X
Q3959256,Shayna Jo Afaisen,8,0,Northern America_female_Millennials
Q3960614,Silvana Santaella,14,0,South America_female_Millennials
Q3960756,Silvia Ceccon,10,0,Southern Europe_female_Millennials
Q3960778,Silvia Novais,10,0,South America_female_Millennials
Q3963945,Sofia Bruscoli,16,0,Southern Europe_female_Millennials
Q3964013,Sofía Mazagatos,24,1,Southern Europe_female_Generation X
Q3973147,Stephanie Hodge,18,1,Northern America_female_Generation X
Q3973160,Stephany Ortega,14,0,South America_female_Millennials
Q3978221,Susan Akin,22,1,Northern America_female_Generation X
Q3978381,Keylin Suzette Gómez,12,0,Central America_female_Millennials
Q3981018,Tara Dawn Holland,30,1,Northern America_female_Generation X
Q3981497,Tatiana Kovylina,18,1,Eastern Europe_female_Millennials
Q3985448,Thais Souza Wiggers,26,1,South America_female_Millennials
Q3998704,Tricia Homer,11,0,Northern America_female_Millennials
Q4002994,Ujjwala Raut,23,1,Southern Asia_female_Generation X
Q4003296,Uma Blasini,11,0,Northern America_female_Millennials
Q4007704,Valentina Massi,13,0,Southern Europe_female_Millennials
Q4007708,Valentina Patruno,17,0,South America_female_Millennials
Q4007837,Valerie Lim,10,0,South-eastern Asia_female_Millennials
Q4007848,Valerija Kelava,13,0,Southern Europe_female_Millennials
Q4007940,Valeska Saab,12,0,South America_female_Millennials
Q4008552,Vanessa Mendoza,22,1,South America_female_Millennials
Q4008558,Vanessa Viola,21,1,Southern Europe_female_Generation X
Q4008580,Vania Millán,20,1,Southern Europe_female_Generation X
Q4009782,Venus Ramey,23,1,Northern America_female_Greatest Generation
Q4010314,Verónica Hidalgo,20,1,Southern Europe_female_Millennials
Q4011204,Vicki-Lee Walberg,11,0,Northern Europe_female_Generation X
Q4015715,Viviana Ortiz,14,0,Northern America_female_Millennials
Q4016762,Võ Hoàng Yến,17,0,South-eastern Asia_female_Millennials
Q4018552,Watsaporn Wattanakoon,11,0,South-eastern Asia_female_Millennials
Q4021796,Xhesika Berberi,12,0,Southern Europe_female_Millennials
Q4022613,Yayra Erica Nego,7,0,Northern America_female_Millennials
Q4022963,Whulandary Herman,32,1,South-eastern Asia_female_Millennials
Q4023324,Yésica Di Vincenzo,10,0,South America_female_Millennials
Q4025637,Ľubica Štepanová,9,0,Eastern Europe_female_Millennials
Q40322723,Mariana Dávalos,18,1,Northern America_female_Millennials
Q4062833,Clara Alonso,26,1,Southern Europe_female_Millennials
Q4063502,Angelie Almendare,15,0,Northern America_female_Generation X
Q40673733,Priscila Crivocapich,9,0,South America_female_Millennials
Q4068294,Caitlin Upton,25,1,Northern America_female_Millennials
Q40757296,Mirjam van Breeschoten,18,1,Western Europe_female_Generation X
Q40757322,Karin van Breeschoten,18,1,Western Europe_female_Generation X
Q4081199,Penny Baker,22,1,Northern America_female_Generation X
Q4086833,Brittany Binger,31,1,Northern America_female_Millennials
Q40938283,Sofía del Prado,23,1,Southern Europe_female_Millennials
Q41049686,Iana Kasian,16,0,Eastern Europe_female_Millennials
Q4106170,Maud Welzen,22,1,Western Europe_female_Millennials
Q4118081,Laura Croft,24,1,Northern America_female_Millennials
Q41249446,Martina Big,30,1,Western Europe_female_Millennials
Q4135106,Ana Vrcelj,10,0,Southern Europe_female_Millennials
Q4135151,Micaela Orsi,15,0,South America_female_Millennials
Q4144488,Aarthi Aggarwal,23,1,Northern America_female_Millennials
Q4145853,Jen Dawson,11,0,Northern Europe_female_Generation X
Q4152384,Karina Gurina,14,0,Eastern Europe_female_Millennials
Q4157339,Allison Alderson,28,1,Northern America_female_Generation X
Q41590038,Jessia Islam,20,1,Southern Asia_female_Generation Z
Q4160423,Matías Godoy,21,1,Northern America_female_Generation X
Q41671670,Baby Ariel,100,1,Northern America_female_Generation Z
Q41672783,Zhenya Katava,14,0,Eastern Europe_female_Millennials
Q41673178,Charlotte Pirroni,17,0,Western Europe_female_Millennials
Q4168451,Inga Drozdova,19,1,Northern Europe_female_Generation X
Q41804549,Manuela Bruntraeger,9,0,South-eastern Asia_female_Millennials
Q4183875,Necar Zadegan,37,1,Western Europe_female_Millennials
Q4210104,Angelika Kallio,21,1,Northern Europe_female_Generation X
Q4210569,Leigh Lezark,14,0,Northern America_female_Millennials
Q42110528,Tatjana Maul,15,0,Western Europe_female_Millennials
Q42211304,Chloe East,46,1,Northern America_female_Generation Z
Q42211368,Greta Varlese,14,0,Southern Europe_female_Generation Z
Q42211433,Sarah Brannon,16,0,Northern America_female_Generation Z
Q42225265,Patricia,14,0,South-eastern Asia_female_Generation Z
Q422581,Cynthia Olavarría,25,1,Northern America_female_Millennials
Q42289956,Lauren Howe,12,0,Northern America_female_Millennials
Q4231011,Darya Konovalova,18,1,Eastern Europe_female_Millennials
Q42328799,Betty Taube-Günter,20,1,Western Europe_female_Millennials
Q42356664,María José Lora,27,1,South America_female_Millennials
Q4236414,Jade Chantel Cole,16,0,Northern America_female_Generation X
Q4257523,Alie Layus,14,0,Northern America_female_Millennials
Q4261938,Audrey Lindvall,19,1,Northern America_female_Millennials
Q4263655,Katsyaryna Litsvinava,12,0,Eastern Europe_female_Millennials
Q4290887,Mary Beth Decker,17,0,Northern America_female_Millennials
Q429964,Shannon Marketic,25,1,Northern America_female_Generation X
Q4302453,Ranya Mordanova,18,1,Eastern Europe_female_Millennials
Q430587,Nicole Faverón,13,0,South America_female_Millennials
Q43085322,Katie Meade,9,0,Northern America_female_Millennials
Q431974,Claudia Hernández,18,1,South America_female_Millennials
Q432473,Melania Trump,154,1,Southern Europe_female_Generation X
Q433126,Taruni Sachdev,18,1,Southern Asia_female_Generation Z
Q434129,Lola Albright,74,1,Northern America_female_Greatest Generation
Q434292,Vittoria Belvedere,51,1,Southern Europe_female_Generation X
Q434414,Yoanna House,26,1,Northern America_female_Generation X
Q4347715,Qiana Chase,29,1,Northern America_female_Millennials
Q4348107,Suzanne Stokes,33,1,Northern America_female_Generation X
Q4350015,Natalia Pereverzeva,20,1,Eastern Europe_female_Millennials
Q435055,Rhea Durham,39,1,Northern America_female_Generation X
Q4352390,Hannah Graaf,21,1,Northern Europe_female_Generation X
Q4355149,Connie Chiu,12,0,Northern Europe_female_Generation X
Q4355481,Camila Finn,18,1,South America_female_Millennials
Q4355739,Christina Schmidt,15,0,Northern America_female_Millennials
Q437269,Markéta Bělonohá,26,1,Eastern Europe_female_Millennials
Q43767173,Karolina Waz,11,0,Eastern Europe_female_Millennials
Q43767281,Keke Lindgard,13,0,Northern America_female_Millennials
Q43900798,Mica Argañaraz,16,0,South America_female_Millennials
Q4392756,Shana Hiatt,22,1,Northern America_female_Generation X
Q440519,Luisel Ramos,18,1,South America_female_Millennials
Q440543,Jodie Kidd,71,1,Northern Europe_female_Generation X
Q4411627,Karita Tykkä,21,1,Northern Europe_female_Generation X
Q441188,Sarah Murdoch,44,1,Northern Europe_female_Generation X
Q441418,Inela Nogić,11,0,Southern Europe_female_Generation X
Q44155688,Maria Minogarova,38,1,Eastern Europe_female_Millennials
Q441770,Sabina Behlić,9,0,Southern Europe_female_Millennials
Q4419864,Anansa Sims,10,0,Northern America_female_Generation X
Q4419866,Jena Sims,35,1,Northern America_female_Millennials
Q443063,Jackie Sandler,53,1,Northern America_female_Generation X
Q44414404,Karen Bray,20,1,South America_female_Millennials
Q4442881,Heather Stohler,12,0,Northern America_female_Generation X
Q4453753,Krissy Taylor,23,1,Northern America_female_Generation X
Q445855,Heather Bratton,22,1,Northern America_female_Millennials
Q446037,Helen Svedin,16,0,Northern Europe_female_Generation X
Q446195,Pamela Gidley,61,1,Northern America_female_Generation X
Q446817,Lisa Hanna,48,1,Northern America_female_Generation X
Q447093,Yfke Sturm,33,1,Western Europe_female_Millennials
Q447126,Daphne Groeneveld,26,1,Western Europe_female_Millennials
Q448552,Amber Lee Ettinger,36,1,Northern America_female_Millennials
Q448602,Jaime Hammer,39,1,Northern America_female_Millennials
Q448850,Ana Cláudia Michels,24,1,South America_female_Millennials
Q4491724,Alena Fonina,15,0,Eastern Europe_female_Millennials
Q450184,Bridget Hall,27,1,Northern America_female_Generation X
Q451090,Vicky Kaya,39,1,Southern Europe_female_Generation X
Q451852,Eugenia Volodina,26,1,Eastern Europe_female_Millennials
Q452113,Cintia Dicker,25,1,South America_female_Millennials
Q452308,Nina Morić,29,1,Southern Europe_female_Generation X
Q452968,Natalia Gantimurova,24,1,Eastern Europe_female_Millennials
Q4531808,Kristi Angus,19,1,Northern America_female_Generation X
Q453340,Joan Smalls,39,1,Northern America_female_Millennials
Q454210,Emanuela de Paula,31,1,South America_female_Millennials
Q454883,Sofia Rudieva,21,1,Eastern Europe_female_Millennials
Q454962,Morgane Dubled,28,1,Western Europe_female_Millennials
Q456169,Lauren Bush,36,1,Northern America_female_Millennials
Q4564060,Pernille Holmboe,11,0,Northern Europe_female_Generation X
Q457600,Sibyl Buck,34,1,Western Europe_female_Generation X
Q45854479,Maëva Coucke,27,1,Western Europe_female_Millennials
Q458809,Camila Alves,50,1,South America_female_Millennials
Q45925600,Amanda Booth,28,1,Northern America_female_Millennials
Q45926238,Dani Mathers,40,1,Northern America_female_Millennials
Q459923,Alina Pușcău,31,1,Eastern Europe_female_Millennials
Q460513,K. D. Aubert,64,1,Northern America_female_Generation X
Q460561,Cory Kennedy,19,1,Northern America_female_Millennials
Q461032,Marija Karan,32,1,Southern Europe_female_Millennials
Q461729,Amelie Klever,18,1,Western Europe_female_Millennials
Q462776,Helene Rask,26,1,Northern Europe_female_Generation X
Q463361,Dany Verissimo,54,1,Western Europe_female_Millennials
Q463371,Isabelle Pasco,50,1,Western Europe_female_Generation X
Q463535,Eralda Hitaj,13,0,Southern Europe_female_Millennials
Q46532701,RoxxyX,10,0,Western Europe_female_Millennials
Q4661550,Aanchal Kumar,19,1,Southern Asia_female_Generation X
Q4662644,Aarti Gupta,13,0,Northern America_female_Generation Z
Q4663990,Abbey Curran,23,1,Northern America_female_Millennials
Q466705,Anna Falchi,89,1,Northern Europe_female_Generation X
Q467403,Nafisa Joseph,34,1,Southern Asia_female_Generation X
Q4678396,Adahisa Peña,11,0,South America_female_Millennials
Q4682472,Danielle DiLorenzo,17,0,Northern America_female_Millennials
Q4696230,Ahmo Hight,18,1,Northern America_female_Generation X
Q4696916,Aikaterini Evangelinou,15,0,Southern Europe_female_Millennials
Q4699158,Aishah Sinclair,24,1,Northern Europe_female_Generation X
Q4699195,Aisleyne Horgan-Wallace,51,1,Northern Europe_female_Generation X
Q46999810,Kristina Bazan,17,0,Eastern Europe_female_Millennials
Q47009872,Giulia Maenza,23,1,Southern Europe_female_Generation Z
Q47069925,Natalia Barulich,25,1,Northern America_female_Millennials
Q4708172,Alana Zimmer,14,0,Northern America_female_Millennials
Q47090654,H'Hen Niê,17,0,South-eastern Asia_female_Millennials
Q47090871,Ambra Gutierrez,16,0,Southern Europe_female_Millennials
Q47146246,Markéta Galuszková,14,0,Eastern Europe_female_Millennials
Q4716120,Alena Martanovicova,12,0,Eastern Europe_female_Millennials
Q47169817,Corine Lauret,11,0,Western Europe_female_Generation X
Q4720681,Alexandra Liao,14,0,South America_female_Millennials
Q4721500,Alexis Haines,28,1,Northern America_female_Millennials
Q4725015,Ali Michael,39,1,Northern America_female_Millennials
Q47251066,Jane Teoh,10,0,South-eastern Asia_female_Generation Z
Q4726263,Alicia Hall,15,0,Northern America_female_Millennials
Q4726776,Aline Weber,24,1,South America_female_Millennials
Q4727153,Alison Nix,17,0,Northern America_female_Millennials
Q47306,Angela Fong,33,1,Northern America_female_Millennials
Q4732779,Allison Kreiger,17,0,Northern America_female_Millennials
Q47359642,Ebonee Davis,26,1,Northern America_female_Millennials
Q4738771,Alyssa Miller,34,1,Northern America_female_Millennials
Q4739561,Amanda Blair,31,1,Northern America_female_Millennials
Q4739579,Amanda Brunker,19,1,Northern Europe_female_Generation X
Q4739585,Amanda Byram,25,1,Northern Europe_female_Generation X
Q4739587,Amanda Carraway,21,1,Northern America_female_Generation X
Q4739666,Amanda Laine,15,0,Northern America_female_Millennials
Q4739668,Amanda Lamb,27,1,Northern Europe_female_Generation X
Q4746083,Ami Cusack,22,1,Northern America_female_Generation X
Q47472354,Anja Polzer,18,1,Western Europe_female_Millennials
Q47485784,Laura Tobón,26,1,South America_female_Millennials
Q4749286,Amy Lemons,18,1,Northern America_female_Millennials
Q47492927,Selena Forrest,13,0,Northern America_female_Generation Z
Q4749294,Amy Lynn Baxter,32,1,Northern America_female_Generation X
Q47493349,Apple Martin,17,0,Northern Europe_female_Generation Z
Q4749446,Amy Wesson,15,0,Northern America_female_Generation X
Q47499871,Ariela Machado,7,0,South America_female_Millennials
Q4750456,Ana Mihajlović,17,0,Southern Europe_female_Millennials
Q4750468,Ana Paula Araújo,15,0,South America_female_Millennials
Q4750534,Ana Álvarez,48,1,Southern Europe_female_Generation X
Q4751881,Anastasia Perraki,15,0,Southern Europe_female_Millennials
Q47537705,Giovanni Venturini,13,0,South America_male_Millennials
Q47537808,Diogo Oliveira,16,0,South America_male_Millennials
Q4754135,Lucie Kovandová,14,0,Eastern Europe_female_Millennials
Q47541509,Aline Campos,22,1,South America_female_Millennials
Q47541517,Ana Isabel Pereira,10,0,Southern Europe_female_Generation X
Q47545115,Pamela Pasinetti,17,0,South-eastern Asia_female_Millennials
Q47545203,,8,0,South-eastern Asia_female_Millennials
Q47545219,,8,0,South-eastern Asia_female_Generation Z
Q4755188,Andrea Milroy,12,0,South America_female_Millennials
Q4755254,Andrea Roche,13,0,Northern Europe_female_Generation X
Q4759263,Andreína Gomes,11,0,South America_female_Millennials
Q4762541,Angela Ruiz,12,0,South America_female_Millennials
Q4762776,Angelique Burgos,12,0,Northern America_female_Generation X
Q4763184,Angie Best,20,1,Northern Europe_female_Baby Boomers
Q4763219,Angie Ng,14,0,South-eastern Asia_female_Millennials
Q4765695,Anja Konstantinova,20,1,Eastern Europe_female_Millennials
Q4765768,Anjana Sukhani,26,1,Southern Asia_female_Generation X
Q4766187,Hana Mašlíková,15,0,Eastern Europe_female_Millennials
Q4766848,Anna Benson,13,0,Northern America_female_Generation X
Q4766942,Anna Daly,14,0,Northern Europe_female_Generation X
Q4767317,Anna Maris Igpit,11,0,South-eastern Asia_female_Millennials
Q4768057,Anne-Catherine Lacroix,14,0,Western Europe_female_Generation X
Q4768602,Anne Marie Kortright,13,0,Western Europe_female_Millennials
Q4768643,Anne Meister,11,0,Western Europe_female_Millennials
Q4768970,Anneliese Seubert,12,0,Western Europe_female_Generation X
Q4776255,Antonia Petrova Beredin,21,1,Eastern Europe_female_Millennials
Q4782048,April Love Jordan,21,1,South-eastern Asia_female_Millennials
Q4784157,Arantxa Santamaria,10,0,Southern Europe_female_Millennials
Q4790213,Ariana Barouk,12,0,Northern America_female_Millennials
Q4790220,Ariana Rodriguez,10,0,Northern America_female_Millennials
Q4790435,Ariel Meredith,18,1,Northern America_female_Millennials
Q48009,Anna Ryder Richardson,16,0,Northern Europe_female_Baby Boomers
Q4804500,Asha Gill,18,1,Northern Europe_female_Generation X
Q4805290,Ashlee Greenwell,12,0,Northern America_female_Millennials
Q4805465,Ashley Harder,14,0,Northern America_female_Millennials
Q4805500,Ashley Lauren Fisher,14,0,Northern America_female_Generation X
Q4805569,Ashley Richardson,15,0,Northern America_female_Generation X
Q4811434,Astrid Muñoz,19,1,Northern America_female_Generation X
Q4817705,Tülin Şahin,33,1,Northern Europe_female_Generation X
Q4850850,Bali Rodríguez,13,0,Central America_female_Millennials
Q4862399,Anja Šaranović,17,0,Southern Europe_female_Millennials
Q48679554,Danielle Herrington,18,1,Northern America_female_Millennials
Q4891791,Beri Smither,11,0,Northern America_female_Generation X
Q4893875,Bernardita Zúñiga,12,0,South America_female_Millennials
Q48943428,Amanda Murphy,15,0,Northern America_female_Millennials
Q4894369,Bernie Dexter,14,0,Northern America_female_Generation X
Q4898396,Bette Franke,19,1,Western Europe_female_Millennials
Q49056103,Mau Thuy,8,0,South-eastern Asia_female_Millennials
Q49056277,Ngọc Trinh,18,1,South-eastern Asia_female_Millennials
Q49090949,Ilaria Galbusera,21,1,Southern Europe_female_Millennials
Q4922451,Nattaporn Temeerak,28,1,South-eastern Asia_female_Millennials
Q49232245,Sirey Morán,10,0,Central America_female_Millennials
Q4923651,Stephenie LaGrossa,29,1,Northern America_female_Generation X
Q4924498,Danni Boatwright,26,1,Northern America_female_Generation X
Q4935470,Ramona Amiri,11,0,Northern America_female_Generation X
Q4947071,Ulrika Eriksson,12,0,Northern Europe_female_Generation X
Q4959076,Bre Scullark,17,0,Northern America_female_Millennials
Q4960008,Jennifer Krum,11,0,Northern America_female_Generation X
Q4960758,Brenda Schad,18,1,Northern America_female_Generation X
Q4967473,Dolly Minhas,17,0,Southern Asia_female_Generation X
Q4969611,Emma Helena Nilsson,13,0,Northern Europe_female_Generation X
Q4970916,Jessica Olérs,12,0,Northern Europe_female_Generation X
Q4971592,Brittany Evans,19,1,Northern America_female_Generation X
Q4971612,Brittany Mason,17,0,Northern America_female_Millennials
Q4972317,Kari Ann Peniche,28,1,Northern America_female_Millennials
Q4972791,Natacha Peyre,15,0,Southern Europe_female_Millennials
Q4973509,Laura Michelle Prestin,9,0,Northern America_female_Millennials
Q4978837,Bruna Erhardt,13,0,South America_female_Millennials
Q4978841,Bruna Linzmeyer,41,1,South America_female_Millennials
Q4984243,Jurgita Valts,13,0,Northern Europe_female_Generation X
Q498454,Julie Henderson,27,1,Northern America_female_Millennials
Q4993311,Lisa Lents,20,1,Eastern Europe_female_Millennials
Q5008096,Paula Echevarría,34,1,Southern Europe_female_Generation X
Q501994,Lorena Hermida,11,0,South America_female_Millennials
Q5026365,Cameron Russell,45,1,Northern America_female_Millennials
Q50291468,Mária Trošková,12,0,Eastern Europe_female_Millennials
Q5031571,Candace Otto,15,0,Northern America_female_Generation X
Q5031701,Candice Sanders,14,0,Northern America_female_Generation X
Q50348912,Carolina Soto,16,0,South America_female_Millennials
Q50365110,Katarina Rodriguez,14,0,Northern America_female_Millennials
Q50379567,Alice Ong,14,0,South-eastern Asia_female_Millennials
Q5039591,"Princess Carina, Princess of Sayn-Wittgenstein-Berleburg",35,1,Northern America_female_Generation X
Q5039706,Carissa Putri,16,0,Western Europe_female_Millennials
Q5041027,Carla Baumann,12,0,Northern America_female_Millennials
Q5041090,Carla Matadinho,15,0,Southern Europe_female_Millennials
Q5044253,Carol Baumgartner,15,0,South America_female_Millennials
Q5044567,Carol Smillie,27,1,Northern Europe_female_Baby Boomers
Q5044849,Carolina Guerra,34,1,South America_female_Millennials
Q5046295,Carrie Salmon,13,0,Northern America_female_Generation X
Q5048564,Casey Reinhardt,19,1,Northern America_female_Millennials
Q5051281,Catalina Vallejos,11,0,South America_female_Millennials
Q5052964,Catherine Warren,14,0,Northern America_female_Millennials
Q5057972,Celia Ammerman,10,0,Northern America_female_Millennials
Q50676821,Sonia Fergina Citra,17,0,South-eastern Asia_female_Millennials
Q5072628,Chantal Sutherland,30,1,Northern America_female_Generation X
Q5074558,Chariz Solomon,16,0,South-eastern Asia_female_Millennials
Q5074646,Charlene Almarvez,17,0,South-eastern Asia_female_Millennials
Q50759989,Alya Nurshabrina,14,0,South-eastern Asia_female_Generation Z
Q508359,Nona Gaye,60,1,Northern America_female_Generation X
Q5085785,Charlott Cordes,14,0,Western Europe_female_Millennials
Q5086400,Charm Osathanond,15,0,South-eastern Asia_female_Millennials
Q5086588,Charo Ronquillo,13,0,South-eastern Asia_female_Millennials
Q5087001,Charyl Chacón,13,0,South America_female_Millennials
Q508802,Cindy Margolis,43,1,Northern America_female_Generation X
Q5094569,Cheyenne Brando,29,1,Western Europe_female_Generation X
Q510248,Alice Dellal,22,1,South America_female_Millennials
Q5108601,Chrissa Miller,13,0,Northern America_female_Millennials
Q5109047,Christabelle Howie,9,0,Southern Asia_female_Generation X
Q5109141,Christelle Lefranc,12,0,Western Europe_female_Generation X
Q5110837,Christina Mendez,15,0,Northern America_female_Millennials
Q5111002,Christine Dolce,22,1,Northern America_female_Millennials
Q5111016,Christine Fetzer,12,0,Northern America_female_Generation X
Q5111202,Chrissy Teigen,83,1,Northern America_female_Millennials
Q51120443,Veruska Ljubisavljevic,7,0,South America_female_Millennials
Q5120550,Cindy Kurleto,14,0,South-eastern Asia_female_Millennials
Q5129228,Claudia Moro,13,0,Southern Europe_female_Millennials
Q5129244,Claudia Romani,25,1,Southern Europe_female_Millennials
Q5129275,Claudia Wagner,12,0,Northern America_female_Generation X
Q513054,Vũ Hoàng My,20,1,South-eastern Asia_female_Millennials
Q51540190,Sommer Ray,33,1,Northern America_female_Generation Z
Q516317,Egla Harxhi,15,0,Southern Europe_female_Millennials
Q5169408,Cora Skinner,23,1,Northern America_female_Millennials
Q517320,Marzena Cieślik,18,1,Eastern Europe_female_Millennials
Q51756548,Shrinkhala Khatiwada,11,0,Southern Asia_female_Generation Z
Q51756966,Priya Sigdel,8,0,Southern Asia_female_Generation Z
Q51757185,Ronali Amatya,12,0,Southern Asia_female_Generation Z
Q51763923,Diana León,15,0,South America_female_Millennials
Q51816075,Juliana Franco,12,0,South America_female_Millennials
Q5186116,Cristal Camden,16,0,Northern America_female_Millennials
Q5186397,Cristine Reyes,31,1,South-eastern Asia_female_Millennials
Q51880683,Rern Nat,11,0,South-eastern Asia_female_Generation Z
Q519024,Vanja Rupena,14,0,Southern Europe_female_Generation X
Q51906397,Coral Simanovich,21,1,Northern America_female_Millennials
Q520453,Orsi Kocsis,20,1,Eastern Europe_female_Millennials
Q5209064,Daiana Menezes,15,0,South America_female_Millennials
Q5209065,Daiane Conterato,18,1,South America_female_Millennials
Q521039,Kështjella Pepshi,11,0,Southern Europe_female_Millennials
Q52111839,Aubry Beer,13,0,South-eastern Asia_female_Millennials
Q5211998,Damaris Lewis,41,1,Northern America_female_Millennials
Q5215948,Dang Thi Ngoc Han,16,0,South-eastern Asia_female_Millennials
Q5216247,Dani Reeves,15,0,Northern America_female_Millennials
Q5219232,Daniela Morales,11,0,South America_female_Millennials
Q5219237,Daniela Ramos,17,0,South America_female_Millennials
Q5219253,Daniela de Jesus Cosio,15,0,Central America_female_Millennials
Q5219347,Danielle Castaño,15,0,Northern America_female_Millennials
Q5219402,Danielle Lineker,23,1,Northern Europe_female_Generation X
Q5223814,Darla Baker,16,0,Northern America_female_Millennials
Q5223816,Darla Pacheco,10,0,Northern America_female_Millennials
Q5226569,Dasha Kapustina,14,0,Eastern Europe_female_Millennials
Q523002,Megan Hauserman,28,1,Northern America_female_Millennials
Q524243,Kaitlyn,44,1,Northern America_female_Millennials
Q524254,Nimue Smit,18,1,Western Europe_female_Millennials
Q5243032,Dayana Borges,10,0,South America_female_Millennials
Q5243034,Dayana Colmenares,16,0,South America_female_Millennials
Q5243746,Daša Živković,10,0,Southern Europe_female_Millennials
Q5247931,Debbie Greenwood,15,0,Northern Europe_female_Baby Boomers
Q5248005,Debbie Travis,40,1,Northern Europe_female_Baby Boomers
Q5248039,Debee Ashby,19,1,Northern Europe_female_Generation X
Q5248219,Deborah Corrigan,17,0,Northern Europe_female_Generation X
Q5248273,Deborah Hutton,20,1,Northern Europe_female_Baby Boomers
Q5251768,Degen Kasper,12,0,Northern America_female_Millennials
Q5257792,Denise van Outen,46,1,Northern Europe_female_Generation X
Q52586703,Solveig Mørk Hansen,18,1,Northern Europe_female_Generation Z
Q52635226,Kristina Romanova,13,0,Eastern Europe_female_Millennials
Q5264512,Desiree Lowry,12,0,Northern America_female_Generation X
Q5271379,Diandra Soares,23,1,Southern Asia_female_Generation X
Q5271482,Diane Henry,17,0,Northern America_female_Millennials
Q5277788,,22,1,South-eastern Asia_female_Millennials
Q52818214,Willow Hand,13,0,Northern America_female_Generation Z
Q52818592,Sara Grace Wallerstedt,9,0,Northern America_female_Generation Z
Q5284166,Jonas Sulzbach,14,0,South America_male_Millennials
Q5285144,Diána Mészáros,14,0,Eastern Europe_female_Millennials
Q528794,Cynthia Calderón,13,0,South America_female_Millennials
Q5290053,Doménica Saporiti,16,0,South America_female_Millennials
Q5291170,Dominique Reighard,15,0,Northern America_female_Millennials
Q52928155,Mia Pojatina,14,0,Southern Europe_female_Generation Z
Q5296342,Donna Ewin,18,1,Northern Europe_female_Generation X
Q5298237,Dorothea Church,19,1,Northern America_female_Greatest Generation
Q5302217,Doukissa Nomikou,27,1,Southern Europe_female_Millennials
Q5304927,Dragana Atlija,13,0,Southern Europe_female_Millennials
Q53094988,Saskia Atzerodt,11,0,Western Europe_female_Millennials
Q531585,Jade Jagger,61,1,Western Europe_female_Generation X
Q5320187,Débora Sulca,14,0,South America_female_Millennials
Q53359007,Telma Madeira,13,0,Southern Europe_female_Generation Z
Q5346944,Edwina Brudenell,27,1,Northern Europe_female_Baby Boomers
Q5346982,Edyta Śliwińska,24,1,Eastern Europe_female_Millennials
Q5353227,Elaine Irwin,27,1,Northern America_female_Generation X
Q5353659,Elba Fahsbender,13,0,South America_female_Millennials
Q5353881,Elda Dushi,11,0,Southern Europe_female_Millennials
Q536045,Fabiana Tambosi,12,0,South America_female_Millennials
Q5361372,Elisa Mouliaá,28,1,Southern Europe_female_Millennials
Q5361628,Elisandra Tomacheski,13,0,South America_female_Millennials
Q536283,Anna Prelević,28,1,Southern Europe_female_Millennials
Q5362975,Elizabeth Hilden,20,1,Northern America_female_Generation X
Q5363212,Elizabeth Miklosi,24,1,Northern America_female_Millennials
Q5368539,Elyse Taylor,20,1,Western Europe_female_Millennials
Q537027,Natalia Zabala,24,1,Southern Europe_female_Millennials
Q537035,Jennifer Berry,23,1,Northern America_female_Millennials
Q537170,Kim McLagan,33,1,Northern Europe_female_Baby Boomers
Q5371730,Jarah Mariano,33,1,Northern America_female_Millennials
Q5372727,Emma B,18,1,Northern Europe_female_Generation X
Q5372882,Emma Ledden,36,1,Northern Europe_female_Generation X
Q537290,Ruth Malcomson,23,1,Northern America_female_Greatest Generation
Q5374590,Empress Schuck,17,0,South-eastern Asia_female_Millennials
Q53781959,Hailey Colborn,12,0,Northern America_female_Generation Z
Q5387851,Erica Ash,58,1,Northern America_female_Generation X
Q5388994,Erika Michelle Barré,20,1,Northern America_female_Generation X
Q5389177,Erin Lucas,14,0,Northern America_female_Millennials
Q538973,Kuljeet Randhawa,20,1,Southern Asia_female_Generation X
Q5398997,Natalie Pack,25,1,Northern America_female_Millennials
Q5401613,Marita Hakala,13,0,Northern Europe_female_Generation X
Q5407907,Eugenia Mandzhieva,23,1,Eastern Europe_female_Millennials
Q541180,Linda Brava,73,1,Northern Europe_female_Generation X
Q5415628,Evangelia Aravani,17,0,Southern Europe_female_Millennials
Q5416363,Evelyn Lozada,28,1,Northern America_female_Generation X
Q5416436,Evelyn Sharma,44,1,Western Europe_female_Millennials
Q5418296,Evi Adam,18,1,Western Europe_female_Generation X
Q5418297,Evheniya Tulchevska,10,0,Eastern Europe_female_Millennials
Q541897,Rafaela Franić,11,0,Southern Europe_female_Millennials
Q54247365,Ashima Narwal,23,1,Southern Asia_female_Generation Z
Q54268878,Pierina Wong,11,0,South America_female_Millennials
Q5427709,Fabiana Semprebom,30,1,South America_female_Millennials
Q542828,Lois Delander,21,1,Northern America_female_Greatest Generation
Q542880,Norma Smallwood,28,1,Northern America_female_Greatest Generation
Q54313607,Nara Almeida,13,0,South America_female_Millennials
Q54318691,Mayra Dias,32,1,South America_female_Millennials
Q543198,Lili St. Cyr,51,1,Northern America_female_Greatest Generation
Q54326248,Ahtisa Manalo,17,0,South-eastern Asia_female_Generation Z
Q54326306,Yuliana Korolkova,8,0,Eastern Europe_female_Millennials
Q543483,Marian Bergeron,22,1,Northern America_female_Greatest Generation
Q543558,Henrietta Leaver,17,0,Northern America_female_Greatest Generation
Q543602,Mary Katherine Campbell,33,1,Northern America_female_Greatest Generation
Q543638,Margaret Gorman,27,1,Northern America_female_Greatest Generation
Q544019,Thaila Ayala,38,1,South America_female_Millennials
Q5440944,Federica Guzmán,11,0,South America_female_Millennials
Q54475640,Marine Deleeuw,16,0,Western Europe_female_Millennials
Q54614034,Vanessa Ponce de León,24,1,Central America_female_Millennials
Q546588,Marlon Teixeira,32,1,South America_male_Millennials
Q546741,Anika Scheibe,13,0,Western Europe_female_Millennials
Q54705241,Luciana Fernández,12,0,South America_female_Millennials
Q547463,Cynthia Lander,15,0,South America_female_Millennials
Q5478661,Agustina Casanova,19,1,South America_female_Millennials
Q54801034,Alexa Medina Ku Hall,22,1,Northern America_female_Millennials
Q54861040,070 Shake,138,1,Northern America_female_Generation Z
Q54861134,Celeste Cortesi,21,1,South-eastern Asia_female_Generation Z
Q5487300,Taíza Thomsen,11,0,South America_female_Millennials
Q54941769,Gomita Monster,12,0,Northern America_female_Millennials
Q55080910,Adesuwa Aighewi,18,1,Northern America_female_Millennials
Q55080952,Gizele Oliveira,12,0,South America_female_Millennials
Q55091580,Andrea Moberg,13,0,South America_female_Millennials
Q55106151,Jessica Marasigan,10,0,Northern America_female_Millennials
Q551134,Anja Hörnich,13,0,Western Europe_female_Generation X
Q55159349,Gia Marie,20,1,Northern America_female_Millennials
Q5515939,Gabriela Bertante,20,1,South America_female_Millennials
Q5515948,Gabriela Concepción,14,0,South America_female_Millennials
Q5515951,Gabriela Fernández,11,0,South America_female_Millennials
Q5515973,Gabriela Palacio,14,0,Central America_female_Millennials
Q5516148,Gaby Dela Merced,17,0,South-eastern Asia_female_Millennials
Q55163524,Kassie Lyn Logsdon,28,1,Northern America_female_Millennials
Q55163588,Katie Vernola,22,1,Northern America_female_Millennials
Q55164043,Raquel Pomplun,44,1,Northern America_female_Millennials
Q55169268,Alana Campos,24,1,South America_female_Millennials
Q5517090,Gail Harris,26,1,Northern Europe_female_Baby Boomers
Q5517131,Gail McKenna,21,1,Northern Europe_female_Generation X
Q55172628,Ciara Price,29,1,Northern America_female_Millennials
Q55190884,Samantha Torres,25,1,Southern Europe_female_Generation X
Q55190959,Tiffany Toth,33,1,Northern America_female_Millennials
Q55193683,Beth Williams,28,1,Northern America_female_Millennials
Q55193766,Heather Knox,24,1,Northern America_female_Millennials
Q55208123,Cheryl Bachman,21,1,Northern America_female_Generation X
Q55216941,Pamela Horton,36,1,Northern America_female_Millennials
Q55220379,Jaime Faith Edmondson,36,1,Northern America_female_Generation X
Q55224644,Holley Ann Dorrough,22,1,Northern America_female_Millennials
Q55231396,Julia Schober,12,0,Western Europe_female_Millennials
Q55281311,Adelaide De Martino,15,0,Southern Europe_female_Millennials
Q55314841,Trejsi Sejdini,18,1,Southern Europe_female_Generation Z
Q5533063,Genevieve Chappell,11,0,Northern America_female_Generation X
Q5533613,Gentiana Ramadani,9,0,Southern Europe_female_Millennials
Q55380534,Lexi Murphy,13,0,Northern America_female_Millennials
Q55386683,Jaya Mahesh,7,0,Southern Asia_female_Generation X
Q55433836,Ratu Vashti Annisa,6,0,South-eastern Asia_female_Generation Z
Q55437706,Elena Perminova,15,0,Eastern Europe_female_Millennials
Q55442902,Sophida Jiratritarn,12,0,South-eastern Asia_female_Generation Z
Q5547335,Yeorjia Apostolou,17,0,Southern Europe_female_Generation X
Q5548313,Georgina Wilson,33,1,Northern America_female_Millennials
Q5549747,Geraldine Doyle,20,1,Northern America_female_Greatest Generation
Q5552513,Gerren Taylor,13,0,Northern America_female_Millennials
Q555663,Jesús Zambrano,12,0,South America_male_Millennials
Q5558220,Giannina Rufinelli,10,0,South America_female_Millennials
Q55583801,Elizabeth Pipko,21,1,Northern America_female_Generation Z
Q55585027,Francesca Mifsud,13,0,Southern Europe_female_Generation Z
Q5559610,Patricia Montero,33,1,Southern Europe_female_Millennials
Q5561334,Mariana Weickert,30,1,South America_female_Millennials
Q5564933,Giselli Monteiro,25,1,South America_female_Millennials
Q55692545,,9,0,Eastern Europe_female_Millennials
Q55719363,Amy Lo,21,1,Central America_female_Millennials
Q55731268,Stefanie Michova,20,1,Western Europe_female_Millennials
Q55739405,Sandra Valencia,13,0,South America_female_Millennials
Q55739637,Andrea Melgarejo,7,0,South America_female_Millennials
Q55739640,Rebecca Rath,10,0,Central America_female_Millennials
Q55739644,Zuzana Kollarova,7,0,Eastern Europe_female_Millennials
Q55739646,Lucija Potočnik,10,0,Southern Europe_female_Millennials
Q55739647,Teodora Dan,9,0,Eastern Europe_female_Millennials
Q55739649,Florecita Cobián,11,0,Central America_female_Millennials
Q55755074,Renata Santos,12,0,South America_female_Millennials
Q55760260,Rubini Sambanthan,7,0,South-eastern Asia_female_Millennials
Q5587,Marloes Horst,25,1,Western Europe_female_Millennials
Q55992959,Alex Best,22,1,Northern Europe_female_Generation X
Q56015542,Puti Kaisar-Mihara,30,1,South-eastern Asia_female_Millennials
Q56036928,Daniela Crudu,15,0,Eastern Europe_female_Millennials
Q56044778,Paula Manzanal,36,1,South America_female_Millennials
Q56044849,Tatjana Genrich,8,0,Eastern Europe_female_Millennials
Q56073402,Aniska Tonge,15,0,Northern America_female_Millennials
Q56073423,Susanne Næss Guttorm,17,0,Northern Europe_female_Generation Z
Q5607453,Grendel Alvarado,11,0,South-eastern Asia_female_Millennials
Q56190369,Tirsana Budhathoki,7,0,Southern Asia_female_Generation Z
Q5619906,Gurdeep Kohli,22,1,Southern Asia_female_Generation X
Q56222461,A’yana Keshelle Phillips,7,0,Northern Europe_female_Generation Z
Q56223705,Marta Stepien,11,0,Eastern Europe_female_Millennials
Q56223989,Celine Willers,13,0,Western Europe_female_Millennials
Q56224002,Andrea Díaz,13,0,South America_female_Millennials
Q56224159,Hanna Begovic,9,0,Northern America_female_Generation Z
Q5623422,Gwen Garci,21,1,South-eastern Asia_female_Millennials
Q56250258,Belen Alderete,9,0,South America_female_Millennials
Q56254379,Carla Rodrigues,11,0,South America_female_Millennials
Q56258529,Victoria Elise,15,0,Western Europe_female_Millennials
Q56299410,Amwin,42,1,Northern Europe_female_Generation Z
Q56351063,Paulo Lessa,14,0,South America_male_Millennials
Q56351889,Samuel Costa,8,0,South America_male_Millennials
Q5639249,Hailey Clauson,28,1,Northern America_female_Generation Z
Q56393605,Vania Fitryanti Herlambang,17,0,South-eastern Asia_female_Generation Z
Q56463499,Bryci,24,1,Northern America_female_Millennials
Q56465291,Cherry Crush,44,1,Northern America_female_Millennials
Q56485362,Chiara Scelsi,13,0,Southern Europe_female_Generation Z
Q56486648,Matilde Lima,11,0,Southern Europe_female_Generation Z
Q5648816,Hannah Jeter,33,1,Northern America_female_Millennials
Q5648850,Hannah Holman,21,1,Northern America_female_Millennials
Q56522624,Han Thi,8,0,South-eastern Asia_female_Generation Z
Q56544033,Angel Lamung,10,0,South-eastern Asia_female_Generation Z
Q56544057,Larissa Ping Liew,10,0,South-eastern Asia_female_Generation Z
Q56553687,Nia Franklin,25,1,Northern America_female_Millennials
Q56599965,Helena Heuser,10,0,Northern Europe_female_Generation Z
Q56609122,Ramona Zamzam,17,0,South-eastern Asia_female_Millennials
Q56631083,Alisha Cowie,6,0,Northern Europe_female_Generation Z
Q56641619,Nicolene Pichapa Limsnukan,10,0,Northern America_female_Generation Z
Q56651201,Trần Tiểu Vy,18,1,South-eastern Asia_female_Generation Z
Q56651226,Abbey-Anne Gyles,9,0,Northern Europe_female_Generation Z
Q56651307,Krystal Xamairy,7,0,Northern America_female_Generation Z
Q5665324,Alejandro Nones,27,1,South America_male_Millennials
Q5665902,Alessandra Denegri,22,1,South America_female_Millennials
Q56681502,Marisa Butler,14,0,Northern America_female_Millennials
Q56681504,Kiara Ortega,14,0,Northern America_female_Millennials
Q5668722,Alicia Bogo,14,0,Southern Europe_female_Generation X
Q56701809,Alanna Arrington,23,1,Northern America_female_Generation Z
Q5673822,Ana Katalina Torres,11,0,South America_female_Millennials
Q56759755,Athena Eva McNinch,8,0,Northern America_female_Generation Z
Q56759762,Galina Lukina,8,0,Eastern Europe_female_Millennials
Q5676200,Andrés Wiese,28,1,South America_male_Millennials
Q56778768,Archana Gautam,15,0,Southern Asia_female_Generation Z
Q56798229,Nay Chi Oo,15,0,South-eastern Asia_female_Millennials
Q568057,Laurence Borremans,17,0,Western Europe_female_Generation X
Q56810689,Konstantina Spyropoulou,16,0,Southern Europe_female_Millennials
Q56850052,Ioanna Bella,11,0,Southern Europe_female_Generation Z
Q56867956,Yu Thandar Tin,11,0,South-eastern Asia_female_Millennials
Q5686930,Haylynn Cohen,13,0,Northern America_female_Generation X
Q5687845,Hazel Ann Mendoza,16,0,Central America_female_Millennials
Q568958,Isis Casalduc,11,0,Northern America_female_Millennials
Q56949514,Nirada Chetsadapriyakun,7,0,South-eastern Asia_female_Millennials
Q5702280,Arancha Bonete,13,0,Southern Europe_female_Generation X
Q5703617,Argenis Rea,10,0,South America_male_Millennials
Q5703731,Helena Seger,13,0,Northern Europe_female_Generation X
Q5708239,Ashley Kahsaklahwee,9,0,Northern America_female_Generation X
Q5714695,Aylin Alp,10,0,Western Europe_female_Millennials
Q57150244,Alexandra Meza,16,0,South America_female_Millennials
Q5724891,Begoña Narváez,27,1,Central America_female_Millennials
Q57269307,Josie Canseco,35,1,Northern America_female_Generation Z
Q575689,Kourtney Kardashian,131,1,Northern America_female_Generation X
Q5758731,Cati Caballero,15,0,South America_female_Millennials
Q5761507,Hildaly Domínguez,9,0,South America_female_Millennials
Q5763442,Toccara Jones,40,1,Northern America_female_Millennials
Q5770491,Hiromi,14,0,South-eastern Asia_female_Millennials
Q57766563,Clara Sosa,17,0,South America_female_Millennials
Q5785515,Javiera Acevedo,22,1,South America_female_Millennials
Q5791510,Cristina Piaget,34,1,Southern Europe_female_Generation X
Q57915292,Ari Westphal,8,0,South America_female_Millennials
Q579183,Cristina Chiabotto,31,1,Southern Europe_female_Millennials
Q579404,Corinne Coman,17,0,Western Europe_female_Millennials
Q5797578,Daisy de la Hoya,15,0,Northern America_female_Millennials
Q5799100,Fiorella Flores,16,0,South America_female_Millennials
Q5801553,Deive Garcés,11,0,South America_male_Millennials
Q58189078,Nguyễn Phương Khánh,23,1,South-eastern Asia_female_Generation Z
Q58215824,Haley Kalil,25,1,Northern America_female_Millennials
Q58303300,Maggie Laine,11,0,Northern America_female_Generation Z
Q58322229,Katie Moore,9,0,Northern America_female_Generation Z
Q58323064,Jasmine Sanders,28,1,Western Europe_female_Millennials
Q584022,Kylie Bisutti,26,1,Northern America_female_Millennials
Q58479401,Verena Stangl,16,0,Western Europe_female_Millennials
Q5849228,Estefanía Godoy,15,0,South America_female_Millennials
Q5849230,Estefanía López,20,1,South America_female_Millennials
Q58573648,Catherine Haduca,14,0,Western Europe_female_Millennials
Q5857994,Felicia Provost,11,0,Northern America_female_Millennials
Q58641628,Harleth Kuusik,10,0,Northern Europe_female_Generation Z
Q5866749,Francisco Medina,11,0,South America_male_Millennials
Q5874412,Hoang Khanh Ngoc,9,0,South-eastern Asia_female_Millennials
Q58766608,Amanda Balk,11,0,Western Europe_female_Millennials
Q588090,Natalia Navarro,17,0,South America_female_Millennials
Q58813054,Kelsey Merritt,23,1,South-eastern Asia_female_Generation Z
Q5882124,Holly Kiser,13,0,Northern America_female_Millennials
Q58838587,Linda Morselli,37,1,Southern Europe_female_Millennials
Q58838589,Rachele Fogar,59,1,Southern Europe_female_Millennials
Q58886859,Jourdana Phillips,12,0,Northern America_female_Millennials
Q58888056,Nam Em,21,1,South-eastern Asia_female_Generation Z
Q5891815,Hannah Álvarez Correa,16,0,Southern Europe_female_Millennials
Q59043408,Lorena Rae,32,1,Western Europe_female_Millennials
Q5915635,Inessa Tushkanova,43,1,Eastern Europe_female_Millennials
Q59208192,Brittany Herrera,15,0,Northern America_female_Millennials
Q59209884,Jordyn Woods,34,1,Northern America_female_Generation Z
Q5926544,Leeann Tweeden,35,1,Northern America_female_Generation X
Q5927864,Javier Jattin,26,1,South America_male_Millennials
Q5929767,Jessica Umaña,10,0,Central America_female_Millennials
Q59356457,Charlotte D’Alessio,13,0,Northern America_female_Generation Z
Q5936652,Josefina Montané,28,1,South America_female_Millennials
Q59423060,Aiden Curtiss,13,0,Northern Europe_female_Generation Z
Q59484380,Alisa Ahmann,12,0,Western Europe_female_Millennials
Q59484394,Olympia Campbell,15,0,Northern Europe_female_Generation Z
Q5954777,Juliana Galvis,17,0,South America_female_Millennials
Q5954863,Julieta Gómez,12,0,South America_female_Millennials
Q5958525,Katarzyna Dolinska,12,0,Northern America_female_Millennials
Q5958625,Katie Fey,32,1,Eastern Europe_female_Millennials
Q59589928,Erica De Matteis,11,0,Southern Europe_female_Millennials
Q59604489,Roosmarijn de Kok,14,0,Western Europe_female_Millennials
Q59618569,Renatta Teruel,13,0,South America_female_Millennials
Q5962203,Nicole Abe,26,1,South-eastern Asia_female_Millennials
Q59654496,Nora Attal,18,1,Northern Europe_female_Generation Z
Q59655822,Peyton Knight,8,0,Northern America_female_Generation Z
Q5971585,Laura Acuña,28,1,South America_female_Millennials
Q5971611,Laura Cantillo,10,0,South America_female_Millennials
Q59753355,Isabella Rodríguez,12,0,South America_female_Millennials
Q59777710,Anna Durytska,16,0,Eastern Europe_female_Millennials
Q598023,Pamela Díaz,30,1,South America_female_Millennials
Q5984770,Luli Fernández,21,1,South America_female_Millennials
Q5984816,Luna Albagli,9,0,South America_male_Millennials
Q5985022,Luz Valdenebro,30,1,Southern Europe_female_Generation X
Q5995161,Mar Saura,33,1,Southern Europe_female_Generation X
Q5997269,Maria Dalmazzo,15,0,South America_female_Millennials
Q5997444,Mariana Marino,10,0,South America_female_Millennials
Q5999414,Maritza Medina,16,0,Northern America_female_Generation X
Q60027652,Anaïs Rizzo,28,1,Northern America_female_Generation Z
Q6003107,Marva Wright,11,0,Central America_female_Millennials
Q6003230,Iman Ali,33,1,Southern Asia_female_Generation X
Q60036,Heidi Klum,242,1,Western Europe_female_Generation X
Q6004702,María Teresa Rodríguez,9,0,Central America_female_Millennials
Q600852,Blanca Romero,32,1,Southern Europe_female_Generation X
Q6009587,Melina Ramírez Serna,13,0,South America_female_Millennials
Q601072,Arianny Celeste,37,1,Northern America_female_Millennials
Q6013199,Ina Ivanova,11,0,Eastern Europe_female_Millennials
Q601805,Yasmin Le Bon,36,1,Northern Europe_female_Baby Boomers
Q6018129,Mireia Canalda,18,1,Southern Europe_female_Millennials
Q60197110,Martina Graf,14,0,South America_female_Millennials
Q6026877,Indraja,16,0,Southern Asia_female_Generation X
Q60291956,Bruna Lirio,18,1,South America_female_Millennials
Q60297619,Priscila Pires,23,1,South America_female_Millennials
Q60308226,Carol Dias,11,0,South America_female_Millennials
Q60309450,Mari Gonzalez,23,1,South America_female_Millennials
Q60309702,Babi Muniz,25,1,South America_female_Millennials
Q60309829,Aline Mineiro,17,0,South America_female_Millennials
Q6032084,Ingeborg Sørensen,22,1,Northern Europe_female_Baby Boomers
Q6033254,Ingrid Parewijck,13,0,Western Europe_female_Generation X
Q6036206,Mónica Martínez,19,1,Southern Europe_female_Generation X
Q6036243,Mònica Pont,27,1,Southern Europe_female_Generation X
Q603700,Goizeder Azúa,17,0,South America_female_Millennials
Q6037377,Nadia Theoduloz,10,0,South America_female_Millennials
Q6037766,Nani Gaitan,31,1,Southern Europe_female_Generation X
Q6038459,Natalia Durán,17,0,South America_female_Millennials
Q6038580,Nataly Umaña,13,0,South America_female_Millennials
Q604398,Daniela Di Giacomo,30,1,South America_female_Millennials
Q60463595,Oksana Voevodina,17,0,Eastern Europe_female_Millennials
Q604782,Ana Belena,17,0,Central America_female_Millennials
Q60503860,Kelleth Cuthbert,19,1,Northern America_female_Millennials
Q60540007,Gisele Oppermann,19,1,South America_female_Millennials
Q6059149,Paloma López,18,1,Southern Europe_female_Millennials
Q6059297,Pamela Soprani,11,0,South America_female_Millennials
Q60607865,Matilda Lowther,13,0,Northern Europe_female_Generation Z
Q60622777,Bryanna Elkins,14,0,Northern America_female_Generation Z
Q6066442,Patricia Arbués,21,1,Southern Europe_female_Generation Z
Q6077724,Isabel Oli,19,1,South-eastern Asia_female_Millennials
Q60781426,Francine Piaia,23,1,South America_female_Millennials
Q60829948,Daria Klyukin,11,0,Eastern Europe_female_Millennials
Q60838396,,7,0,Eastern Europe_female_Millennials
Q6086825,Priscila Trejo,8,0,Central America_female_Millennials
Q6086990,Açalya Samyeli Danoğlu,10,0,Western Europe_female_Millennials
Q6095651,Iva Grijalva Pashova,10,0,Eastern Europe_female_Millennials
Q6097959,Ivana Horvat,10,0,Southern Europe_female_Generation X
Q6098037,Ivana Žnidarić,11,0,Southern Europe_female_Millennials
Q60983961,Frances Vorne,15,0,Northern America_female_Greatest Generation
Q60999906,Stephanie Pröglhöf,10,0,South America_female_Millennials
Q6100258,Iwa Moto,22,1,South-eastern Asia_female_Millennials
Q61035895,Meghan Roche,19,1,Northern America_female_Generation Z
Q61070508,Pamela Tóth-Hódi,11,0,Eastern Europe_female_Millennials
Q61112721,,8,0,Eastern Europe_female_Millennials
Q61117902,Namoey Chanaphan‎,12,0,South-eastern Asia_female_Millennials
Q61118921,Aditya Novika,12,0,South-eastern Asia_female_Millennials
Q61119029,Valeria Vázquez,20,1,Northern America_female_Millennials
Q61139281,Nora Shopova,13,0,Eastern Europe_female_Millennials
Q61196416,Carla Cruz,11,0,South America_female_Millennials
Q6121319,Jade Lopez,17,0,South-eastern Asia_female_Millennials
Q6121340,Jade Parfitt,16,0,Northern Europe_female_Generation X
Q6121822,Sarah Ćosić,13,0,Southern Europe_female_Millennials
Q6123809,Jaime Koeppe,13,0,Northern America_female_Millennials
Q6127354,Siad Char,12,0,South America_female_Millennials
Q6128536,Silvia Cornejo,13,0,South America_female_Millennials
Q6128551,Silvia Fominaya,21,1,Southern Europe_female_Generation X
Q612998,Claudia Ortiz de Zevallos,13,0,South America_female_Millennials
Q6131279,Sofía Viacava,12,0,South America_female_Millennials
Q6132549,Solange Wilvert,18,1,South America_female_Millennials
Q614173,Anna Jagodzińska,24,1,Eastern Europe_female_Millennials
Q61440298,Kyra Kennedy,20,1,Northern America_female_Generation Z
Q6147485,Jamie Solinger,18,1,Northern America_female_Generation X
Q6147810,Jamillette Gaxiola,11,0,Central America_female_Millennials
Q6150590,Jana Thompson,29,1,Northern America_female_Generation X
Q6151182,Jane Borges,14,0,South America_female_Millennials
Q6153022,Janel Bishop,14,0,Northern America_female_Generation X
Q6154333,Janice Prishwalko,12,0,Northern America_female_Millennials
Q6154520,Janina San Miguel,16,0,South-eastern Asia_female_Millennials
Q6154546,Janine Gutierrez,29,1,South-eastern Asia_female_Millennials
Q61600769,Kenya Kinski-Jones,31,1,Northern America_female_Millennials
Q6160723,Verónica González,10,0,Central America_female_Millennials
Q6161799,Jasmine Borrero Tookes,45,1,Northern America_female_Millennials
Q6165782,Javiera Díaz de Valdés,31,1,South America_female_Millennials
Q6166827,Wendy Wiltz,9,0,Northern America_female_Millennials
Q61694830,Sarina Nowak,20,1,Western Europe_female_Millennials
Q6169821,Yassi Pressman,25,1,Northern Europe_female_Generation Z
Q6169917,Alejandra torres,18,1,South America_female_Millennials
Q6171898,Zulma Rey,16,0,South America_female_Millennials
Q6171906,Jeanette Sliwinski,14,0,Northern America_female_Millennials
Q6172655,Jedah Hernandez,9,0,South-eastern Asia_female_Millennials
Q6177509,Jeniffer Viturino,13,0,South America_female_Millennials
Q6178219,Jennifer Cole,16,0,Northern America_female_Generation X
Q6178221,Jennifer Colón,14,0,Northern America_female_Millennials
Q6178674,Jennifer Nicole Lee,32,1,Northern America_female_Generation X
Q6179099,Jennipher Bortolas,7,0,South America_female_Millennials
Q6179208,Jenny Cho,13,0,Northern America_female_Millennials
Q61793423,Indira Scott,12,0,Northern America_female_Generation Z
Q61793495,Gisele Fox,16,0,Northern America_female_Generation Z
Q61806007,Elena Blinovskaya,43,1,Eastern Europe_female_Millennials
Q61861434,Rahel Kapsaski,18,1,Western Europe_female_Millennials
Q6186778,Jesse Randhawa,19,1,Southern Asia_female_Generation X
Q6187243,Jessica Hall,25,1,Northern America_female_Millennials
Q6187370,Jessica Miller,16,0,Northern America_female_Millennials
Q6187580,Jessica de Abreu,9,0,South America_female_Millennials
Q61876174,Sharina Gutierrez,8,0,Northern America_female_Millennials
Q6187622,Jessie Belle Smothers,23,1,Northern America_female_Millennials
Q6192721,Jill Ann Weatherwax,14,0,Northern America_female_Generation X
Q6192942,Jill Vedder,27,1,Northern America_female_Generation X
Q6192956,Jill McLain,10,0,Northern America_female_Millennials
Q619327,Malvina Seferi,9,0,Southern Europe_female_Millennials
Q61958,Janine Tugonon,17,0,South-eastern Asia_female_Millennials
Q61965500,Camille Kostek,37,1,Northern America_female_Millennials
Q61988563,Elly Mayday,21,1,Northern America_female_Millennials
Q6199185,Jimena Elías,15,0,South America_female_Millennials
Q61997527,Frederika Alexis Cull,25,1,South-eastern Asia_female_Generation Z
Q61999077,Jolene Marie Rotinsulu,46,1,Northern America_female_Generation Z
Q62017605,Júlia Horta,22,1,South America_female_Millennials
Q62024137,Princess Megonondo,15,0,South-eastern Asia_female_Generation Z
Q6204445,Jo Wood,25,1,Northern Europe_female_Baby Boomers
Q62050730,Hannah Brown,32,1,Northern America_female_Millennials
Q62056631,Olga Safari,18,1,Northern America_female_Millennials
Q62059845,Oksana Kononets,10,0,Eastern Europe_female_Millennials
Q6206060,Joanne Black,11,0,Northern Europe_female_Generation X
Q6206148,Joanne Jordan,23,1,Northern America_female_Greatest Generation
Q6206152,Joanne Latham,15,0,Northern Europe_female_Baby Boomers
Q62065126,Vendela Lindblom,24,1,Northern Europe_female_Generation Z
Q6207163,Jocelyn Osorio,22,1,South America_female_Millennials
Q62097311,Cinthia Santos,21,1,South America_female_Millennials
Q62117704,Shweta Sekhon,11,0,South-eastern Asia_female_Generation Z
Q62273559,Jesica Fitriana,18,1,South-eastern Asia_female_Generation Z
Q62310426,Teeyapar Sretsirisuvarna,7,0,South-eastern Asia_female_Millennials
Q62324269,Olivia Tracey,19,1,Northern Europe_female_Baby Boomers
Q62508,Barbara Meier,65,1,Western Europe_female_Millennials
Q62593144,Karen Gallman,14,0,South-eastern Asia_female_Millennials
Q62886345,Bruno Mooneyhan,9,0,South America_male_Millennials
Q6291089,Jossie Nikita,16,0,South America_female_Millennials
Q6292998,José Manuel Flores Sánchez,10,0,South America_male_Millennials
Q629328,Eva González,37,1,Southern Europe_female_Generation X
Q6306681,Julia Restoin Roitfeld,23,1,Western Europe_female_Generation X
Q6306797,Julia Timonina,13,0,Eastern Europe_female_Millennials
Q6307761,Juliana Martins,14,0,South America_female_Millennials
Q6307787,Juliana Thiessen-Day,12,0,Northern America_female_Generation X
Q6308529,Julie Stepan,9,0,Northern America_female_Millennials
Q63100328,Katerina Rozmajzl,17,0,Eastern Europe_female_Millennials
Q63152756,Irene Kim,32,1,Northern America_female_Millennials
Q6321141,Jakki Degg,22,1,Northern Europe_female_Generation X
Q63229538,Mica Viciconte,13,0,South America_female_Millennials
Q63237571,Jennie Pegouskie,19,1,Northern America_female_Millennials
Q63247731,Celine Farach,27,1,Northern America_female_Generation Z
Q63352665,Mia Rkman,8,0,Southern Europe_female_Generation Z
Q63379595,Kaliegh Garris,15,0,Northern America_female_Generation Z
Q63380296,Sella Sharlin,17,0,Northern America_female_Generation Z
Q63431959,Kirstin Liljegren,11,0,Northern Europe_female_Generation Z
Q63441714,Cheslie Kryst,45,1,Northern America_female_Millennials
Q6357362,Kamie Crawford,36,1,Northern America_female_Millennials
Q6358023,Kamila Filipcikova,16,0,Eastern Europe_female_Millennials
Q6364167,Kanny Theng,11,0,South-eastern Asia_female_Millennials
Q6365777,Kanya Yaemdet,18,1,South-eastern Asia_female_Millennials
Q6369990,Karen Reyes,13,0,South-eastern Asia_female_Generation Z
Q6370055,"Karen Spencer, Countess Spencer",34,1,Northern America_female_Generation X
Q6371007,Karina Rivero,11,0,South America_female_Millennials
Q6372430,Karla Carrillo,17,0,Central America_female_Millennials
Q6373025,Karol Castillo,21,1,South America_female_Millennials
Q6373182,Karolina Zakrzewska,16,0,Eastern Europe_female_Millennials
Q6375462,Kate Dillon Levin,21,1,Northern America_female_Generation X
Q6375484,Kate Elson,21,1,Northern Europe_female_Generation X
Q6375518,Kate Groombridge,22,1,Northern Europe_female_Generation X
Q6375596,Kate Lawler,24,1,Northern Europe_female_Generation X
Q6375895,Katee Doland,18,1,Northern America_female_Generation X
Q6375969,Katerina Georgiadou,13,0,Southern Europe_female_Millennials
Q6376571,Katherine Webb,29,1,Northern America_female_Millennials
Q6377256,Kathy Lloyd,19,1,Northern Europe_female_Generation X
Q6377368,Katia Margaritoglou,13,0,Southern Europe_female_Millennials
Q6377372,Katia Zygouli,26,1,Southern Europe_female_Generation X
Q6377866,Nastassja Bolívar,17,0,Northern America_female_Millennials
Q6378553,Katya Santos,22,1,South-eastern Asia_female_Millennials
Q6378554,Katya Zharkova,16,0,Eastern Europe_female_Millennials
Q6383569,Keidy Moreno,12,0,South America_female_Millennials
Q6385955,Kelly Brannigan,10,0,Northern America_female_Millennials
Q6385974,Kelly Carrington,27,1,Northern America_female_Millennials
Q6386132,Kelly Killoren Bensimon,41,1,Northern America_female_Generation X
Q6386205,Kelly Misa,12,0,South-eastern Asia_female_Millennials
Q6386506,Kelsey Moore,12,0,Northern America_female_Millennials
Q6388830,Kenda Perez,25,1,Northern America_female_Millennials
Q6389009,Kendra Spears,38,1,Northern America_female_Millennials
Q6392969,Kenza Fourati,28,1,Western Europe_female_Millennials
Q6394370,Kerri Hoskins,24,1,Northern America_female_Generation X
Q63952993,Michaela Salačová,14,0,Eastern Europe_female_Millennials
Q63953295,Hermann Nicoli,13,0,South America_male_Millennials
Q6398320,Keylee Sue Sanders,18,1,Northern America_female_Generation X
Q64009049,Cora Emmanuel,18,1,Western Europe_female_Millennials
Q64009491,Pradeepta Adhikari,8,0,Southern Asia_female_Generation Z
Q64009495,Riya Basnet,8,0,Southern Asia_female_Generation Z
Q64009497,Meera Kakshapati,6,0,Southern Asia_female_Generation Z
Q64009672,Cara Taylor,11,0,Northern America_female_Generation Z
Q64010026,Nina Marker,14,0,Northern Europe_female_Generation Z
Q6405332,Kiera Gormley,14,0,Northern Europe_female_Generation Z
Q6405354,Carolina Sepúlveda,24,1,South America_female_Millennials
Q6408329,Kim Alley,11,0,Northern America_female_Generation X
Q6408503,Kim Cloutier,21,1,Northern America_female_Millennials
Q6410167,Kimmarie Johnson,21,1,Northern America_female_Generation X
Q6416169,Kirsty Hume,23,1,Northern Europe_female_Generation X
Q6419806,Klaudia Ungerman,20,1,Eastern Europe_female_Millennials
Q64248945,Kinsey Wolanski,25,1,Northern America_female_Generation Z
Q643170,Carolina de Moras,23,1,South America_female_Millennials
Q6437136,Kris Bernal,20,1,South-eastern Asia_female_Millennials
Q6437680,Krista Kelly,19,1,Northern America_female_Generation X
Q6437837,Kristi Addis,16,0,Northern America_female_Generation X
Q64392228,Natálie Kotková,13,0,Eastern Europe_female_Millennials
Q6440741,Ksenia Kahnovich,15,0,Eastern Europe_female_Millennials
Q644190,Jessica Cecchini,16,0,Southern Europe_female_Millennials
Q64495916,Dominique Piek,10,0,Northern America_female_Millennials
Q64495931,Michelle Vawer,22,1,Northern America_female_Millennials
Q6450227,Manuela Arbeláez,27,1,South America_female_Millennials
Q64519427,Gazini Ganados,13,0,South-eastern Asia_female_Generation Z
Q64540608,Noni Dounia,24,1,Southern Europe_female_Generation X
Q64582558,Nishtha Dudeja,11,0,Southern Asia_female_Generation Z
Q6458882,LJ Reyes,16,0,South-eastern Asia_female_Millennials
Q6467944,Hillary Fisher,24,1,Northern America_female_Millennials
Q64692943,Giada Pezzaioli,7,0,Southern Europe_female_Millennials
Q64706262,Maria Polverino,14,0,Southern Europe_female_Millennials
Q6474117,Lais Ribeiro,41,1,South America_female_Millennials
Q64746817,Riley Montana,11,0,Northern America_female_Millennials
Q64746818,Rina Fukushi,9,0,South-eastern Asia_female_Generation Z
Q64747015,Shreya Shanker,10,0,Southern Asia_female_Generation Z
Q64748108,Harriotte Lane,10,0,Northern Europe_female_Generation Z
Q64748139,Katja Stokholm,11,0,Northern Europe_female_Generation Z
Q64752847,Jean Campbell,34,1,Northern Europe_female_Generation Z
Q64754467,Mehr Eliezer,10,0,Southern Asia_female_Generation Z
Q64756727,Somnang Alyna,8,0,South-eastern Asia_female_Generation Z
Q64759141,Madison Anderson,18,1,Northern America_female_Generation Z
Q64781479,Neybronjames,8,0,Northern America_female_Millennials
Q64785889,Gemma Louise,39,1,Northern Europe_female_Generation Z
Q6482854,Lana Ogilvie,12,0,Northern America_female_Generation X
Q64852987,Ariana Madix,24,1,Northern America_female_Millennials
Q6485417,Lane Lindell,14,0,Northern America_female_Millennials
Q6487105,Lanisha Cole,19,1,Northern America_female_Millennials
Q64893490,Anna Kostenko,9,0,Eastern Europe_female_Millennials
Q6491993,Laryssa Dias,17,0,South America_female_Millennials
Q64960,Toni Garrn,51,1,Western Europe_female_Millennials
Q6498798,Laura Chukanov,13,0,Eastern Europe_female_Millennials
Q6499043,Laura James,30,1,Northern America_female_Millennials
Q6500167,Katsia Damankova,12,0,Eastern Europe_female_Millennials
Q6500328,Lauren Parkes,12,0,Northern America_female_Millennials
Q65006915,Alexa Dol,22,1,Eastern Europe_female_Millennials
Q65023,Tatjana Patitz,53,1,Western Europe_female_Generation X
Q65034890,Shay Evans,34,1,Northern America_female_Millennials
Q6507677,,5,0,Eastern Europe_female_Millennials
Q651155,Sessilee Lopez,18,1,Northern America_female_Millennials
Q651177,Diana Dondoe,20,1,Eastern Europe_female_Millennials
Q6515719,Leeann Tingley,13,0,Northern America_female_Millennials
Q65162676,Maria Emilia Araújo,8,0,Southern Europe_female_Millennials
Q65163007,Lucas Buelvas,9,0,South America_male_Millennials
Q65163622,Peggy O'Neill,27,1,Northern America_female_Greatest Generation
Q65170283,Juliana Valcézia,9,0,South America_female_Millennials
Q6519922,Leilani Dowding,31,1,Northern Europe_female_Generation X
Q65216356,Nikoletta Molnár,15,0,Eastern Europe_female_Millennials
Q6527958,Carla Ossa,16,0,South America_female_Millennials
Q65312947,Denice Lam,20,1,South-eastern Asia_female_Millennials
Q6533379,Leticia Cline,24,1,Northern America_female_Generation X
Q6540872,,5,0,Eastern Europe_female_Millennials
Q6546652,Ligia Hernández,14,0,South America_female_Millennials
Q6547739,Liliana Domínguez,11,0,Central America_female_Millennials
Q6547760,Liliana Santos,24,1,Southern Europe_female_Generation X
Q6547774,Liliane Klein,22,1,Northern America_female_Generation X
Q6551778,Linda Lusardi,31,1,Northern Europe_female_Baby Boomers
Q6552688,Lindsay Davis,16,0,Northern America_female_Millennials
Q6555222,Linzi Drew,34,1,Northern Europe_female_Baby Boomers
Q6557855,Lisa Butcher,20,1,Northern Europe_female_Generation X
Q6558538,Lisalla Montenegro,14,0,South America_female_Millennials
Q65613251,Arayha Suparurk,19,1,South-eastern Asia_female_Millennials
Q65682513,Fran Summers,13,0,Northern Europe_female_Generation Z
Q65767066,Alex star,32,1,Northern America_female_Generation Z
Q6577813,Sevda Demirel,21,1,Western Europe_female_Generation X
Q6579049,Kanokkorn Jaicheun,23,1,South-eastern Asia_female_Millennials
Q65941420,Paola Chacón,14,0,Central America_female_Millennials
Q6594286,Carly Lauren,33,1,Northern America_female_Millennials
Q65966463,Laura Cremaschi,11,0,Southern Europe_female_Millennials
Q65994087,Taylor Malkov,35,1,Northern America_female_Generation Z
Q6603889,Nicole Halperin,12,0,Northern America_female_Generation X
Q66085268,Hannah Motler,12,0,Northern Europe_female_Generation Z
Q66091715,Bhasha Mukherjee,10,0,Southern Asia_female_Generation Z
Q66119485,Jordan Emanuel,27,1,Northern America_female_Millennials
Q66316863,Sylvie Silva,10,0,Southern Europe_female_Generation Z
Q663337,Lorena Ayala,20,1,Western Europe_female_Millennials
Q66360818,Inês Brusselmans,7,0,Southern Europe_female_Millennials
Q66360836,Fionnghuala O'Reilly,15,0,Northern America_female_Millennials
Q66362738,Helene Abildsnes,9,0,Northern Europe_female_Generation Z
Q66363129,Lương Thùy Linh,18,1,South-eastern Asia_female_Generation Z
Q6638471,yvonna Krogliak,13,0,Northern Europe_female_Generation X
Q66459204,Carolina Liquito,8,0,Southern Europe_female_Generation Z
Q66490661,Thoung Mala,7,0,South-eastern Asia_female_Generation Z
Q66584165,Clauvid Dály,11,0,Northern America_female_Generation Z
Q6660144,Liz Fuller,24,1,Northern Europe_female_Generation X
Q6660369,Liza Campbell,46,1,Northern Europe_female_Baby Boomers
Q6660403,Liza Kennedy,23,1,Western Europe_female_Millennials
Q6660603,Lizeth González,12,0,South America_female_Millennials
Q6661002,Ljupka Gojić,12,0,Southern Europe_female_Millennials
Q66750904,Sofia Trimarco,13,0,Southern Europe_female_Generation Z
Q66764575,Cinthia Kusuma Rani,14,0,South-eastern Asia_female_Generation Z
Q66771295,Vidisha Baliyan,8,0,Southern Asia_female_Generation Z
Q66817370,Zahara Davis,12,0,Northern America_female_Generation Z
Q6688757,Louise Germaine,23,1,Northern Europe_female_Generation X
Q6689629,Loulou von Brochwitz,12,0,Western Europe_female_Millennials
Q66901870,Nguyễn Tường San,13,0,South-eastern Asia_female_Generation Z
Q6696617,Lucia Aldana,15,0,South America_female_Millennials
Q6696638,Lucia Dvorská,13,0,Eastern Europe_female_Millennials
Q6696755,Luciane Escouto,14,0,South America_female_Millennials
Q6696982,Lucie Králová,19,1,Eastern Europe_female_Millennials
Q6698298,Lucy Helmore,36,1,Northern Europe_female_Baby Boomers
Q669951,Silvia Battisti,14,0,Southern Europe_female_Millennials
Q6699807,Lugina Cabezas,9,0,South America_female_Millennials
Q6706874,Luísa Beirão,16,0,Southern Europe_female_Generation X
Q67080556,Paula Rejon-Alcalde,19,1,Southern Europe_female_Generation Z
Q6710942,Zuzanna Bijoch,22,1,Eastern Europe_female_Millennials
Q67145844,Kalyssa Alynn,22,1,Northern America_female_Generation Z
Q67174647,Astrid Pinel,12,0,Central America_female_Millennials
Q67180087,Destinee Arnold,10,0,Central America_female_Millennials
Q67182039,Carolina Stramare,17,0,Southern Europe_female_Generation Z
Q67184198,Jesús Marcano,18,1,South America_male_Millennials
Q6727437,Madhu Sapre,17,0,Southern Asia_female_Generation X
Q6729620,Magali Amadei,27,1,Western Europe_female_Generation X
Q6733711,Mahek Chahal,30,1,Northern Europe_female_Generation X
Q6733983,Mahii Vij,24,1,Southern Asia_female_Generation X
Q6734708,Mahnoor Baloch,27,1,Northern America_female_Generation X
Q673494,Lia Andrea Ramos,12,0,South-eastern Asia_female_Millennials
Q6737300,Maja Cvjetković,11,0,Southern Europe_female_Millennials
Q6737321,Maja Latinović,13,0,Southern Europe_female_Generation X
Q6743698,Malin Persson,17,0,Northern Europe_female_Generation X
Q67439890,Madison Headrick,12,0,Northern America_female_Millennials
Q6744272,Mallory Hagan,34,1,Northern America_female_Millennials
Q6748298,Mandy Jiroux,24,1,Northern America_female_Millennials
Q6756373,Marcelle Bittar,18,1,South America_female_Millennials
Q6761597,Maria Spiridaki,16,0,Southern Europe_female_Millennials
Q6762056,Mariana Molina,17,0,South America_female_Millennials
Q6762073,Mariana Valente,12,0,South America_female_Millennials
Q6762266,Marianne Schröder,10,0,Northern Europe_female_Generation Z
Q6762651,Marie-Claude Bourbonnais,32,1,Northern America_female_Generation X
Q6763217,Marietta Chrousala,31,1,Southern Europe_female_Millennials
Q6763406,Marika Fingerroos,17,0,Northern Europe_female_Generation X
Q6764204,Marine Renoir,19,1,Western Europe_female_Millennials
Q6765607,Marisela Puicón,28,1,South America_female_Millennials
Q6772268,Maro Mavri,9,0,Southern Europe_female_Generation X
Q6774100,Marta Cecchetto,14,0,Southern Europe_female_Generation X
Q6781951,María Cristina Díaz-Granados,14,0,South America_female_Millennials
Q6781966,María Del Cerro,24,1,South America_female_Millennials
Q6782048,María Lourdes Caldera,10,0,South America_female_Millennials
Q6782154,María de Luz Da Silva,12,0,South America_female_Millennials
Q6782156,María de la Paz Vargas,13,0,South America_female_Millennials
Q6783054,Masha Novoselova,18,1,Eastern Europe_female_Millennials
Q6794660,Max Collins,21,1,Northern America_female_Millennials
Q6797936,Mayra Suarez,11,0,Central America_female_Millennials
Q680875,Ana Lucía Domínguez,34,1,South America_female_Millennials
Q6809033,Meghan Allen,23,1,Northern America_female_Generation X
Q6809036,Meghan Collison,19,1,Northern America_female_Millennials
Q6811362,Melanie Sykes,37,1,Northern Europe_female_Generation X
Q6812630,Melissa Baker,17,0,Northern America_female_Millennials
Q6812720,Melissa Haro,21,1,Northern America_female_Millennials
Q6812901,Melissa Varón,15,0,South America_female_Millennials
Q6812911,Melissa Witek,24,1,Northern America_female_Millennials
Q6813339,Melodie Monrose,23,1,Western Europe_female_Millennials
Q6813488,Melody Woodin,15,0,Northern America_female_Millennials
Q6814158,Melyssa Ford,39,1,Northern America_female_Generation X
Q6820335,Merritt Cabal,17,0,Northern America_female_Generation X
Q682919,Olesya Stefanko,19,1,Eastern Europe_female_Millennials
Q6837146,Michelle Manhart,15,0,Northern America_female_Generation X
Q6837166,Michelle Monkhouse,15,0,Northern America_female_Millennials
Q6837305,Michelle de Swarte,14,0,Northern Europe_female_Generation X
Q6851500,Miles Ocampo,21,1,South-eastern Asia_female_Generation Z
Q6862673,Mina Cvetković,16,0,Southern Europe_female_Millennials
Q6872829,"Miranda, Countess of Stockton",35,1,Northern Europe_female_Baby Boomers
Q6873400,Miriam Pabón,10,0,Northern America_female_Millennials
Q6873814,Miro Moreira,12,0,South America_male_Millennials
Q6876422,Miss Crash,15,0,Northern America_female_Millennials
Q6890022,Moe Yu San,11,0,South-eastern Asia_female_Millennials
Q6897695,Mona Alawi,13,0,South-eastern Asia_female_Generation Z
Q6899878,Monic Pérez,13,0,Northern America_female_Millennials
Q6899929,Monica Day,23,1,Northern America_female_Millennials
Q6900058,Monica Reeves,11,0,Northern America_female_Generation X
Q6900376,Monique Olsen,18,1,South America_female_Millennials
Q6937854,Emily Sander,17,0,Northern America_female_Millennials
Q6938695,Murielle Adrienne Orais,7,0,South-eastern Asia_female_Millennials
Q69431417,Mona Tougaard,15,0,Northern Europe_female_Generation Z
Q6950257,Mónica Pastrana,9,0,Northern America_female_Millennials
Q69628,Mandala Tayde,40,1,Western Europe_female_Generation X
Q6963002,Nancy Sorrell,31,1,Northern Europe_female_Generation X
Q6963433,Nang Khin Zay Yar,14,0,South-eastern Asia_female_Millennials
Q6965558,Narayani Shastri,20,1,Southern Asia_female_Generation X
Q6968096,Natalia Valenzuela,11,0,South America_female_Millennials
Q6968198,Natalie Lennox,22,1,Northern America_female_Generation X
Q6968418,Natascha Brandt,10,0,South America_female_Millennials
Q6968452,Natasha Domínguez,14,0,South America_female_Millennials
Q6968822,Nathaly Navas,9,0,South America_female_Millennials
Q69881447,Mahira Sharma,16,0,Southern Asia_female_Generation Z
Q6991410,Nena Ristić,15,0,Southern Europe_female_Millennials
Q69919888,Mijo Mihaljcic,6,0,Southern Europe_female_Millennials
Q70150986,Alexis SueAnn Seow,9,0,South-eastern Asia_female_Generation Z
Q7022888,Nguyen Ngoc Kieu Khanh,9,0,Western Europe_female_Millennials
Q7035257,Nikki Samonte,11,0,South-eastern Asia_female_Generation Z
Q7036384,Nikoleta Lozanova,15,0,Eastern Europe_female_Millennials
Q70386256,Zsuzsanna Ripli,17,0,Eastern Europe_female_Millennials
Q7049801,Noor Bukhari,17,0,Southern Asia_female_Generation X
Q7067793,Nuala Holloway,15,0,Northern Europe_female_Baby Boomers
Q7070304,Elfira Loy,21,1,South-eastern Asia_female_Millennials
Q7070333,Nuša Šenk,18,1,Southern Europe_female_Millennials
Q7071536,Núria Madruga,20,1,Southern Europe_female_Generation X
Q7077752,Odette Henriette Jacqmin,15,0,Western Europe_female_Millennials
Q7077802,Odilia Garcia,17,0,Southern Europe_female_Millennials
Q7088902,Olya Ivanisevic,12,0,Southern Europe_female_Millennials
Q7097897,Ophelia DeVore,16,0,Northern America_female_Greatest Generation
Q7129247,Pamela Rooke,38,1,Northern Europe_female_Baby Boomers
Q7133009,Papillon Soo Soo,17,0,Northern Europe_female_Baby Boomers
Q71337382,Sara Uribe,15,0,South America_female_Millennials
Q71402,Aslı Bayram,44,1,Western Europe_female_Millennials
Q7145578,Patricia Fernandez,13,0,South-eastern Asia_female_Millennials
Q7145666,Patricia Kara,20,1,Northern America_female_Generation X
Q7145828,Patricia Schmid,18,1,Western Europe_female_Millennials
Q7145910,Patricia van der Vliet,19,1,Western Europe_female_Millennials
Q7148166,Patrycja Mikula,24,1,Eastern Europe_female_Millennials
Q7154656,Paula Chaves,26,1,South America_female_Millennials
Q7154695,Paula Hamilton,28,1,Northern Europe_female_Baby Boomers
Q7164390,Penny Irving,19,1,Northern Europe_female_Baby Boomers
Q71682,Natascha Börger,16,0,South America_female_Millennials
Q71730498,Simrithi Bathija,11,0,Southern Asia_female_Generation Z
Q7186444,Phire Dawson,14,0,Northern America_female_Millennials
Q7187618,"Erika ""Nik"" Pace",8,0,Northern America_female_Millennials
Q7188399,Phway Phway,13,0,South-eastern Asia_female_Millennials
Q71948060,Charmaine Chew,8,0,South-eastern Asia_female_Generation Z
Q7227802,Pongchanok Kanklab,11,0,South-eastern Asia_female_Millennials
Q7237298,Prachee Shah Pandya,28,1,Southern Asia_female_Generation X
Q72644847,Valeriia Karaman,19,1,Eastern Europe_female_Millennials
Q7266110,Jessica Cambensy,29,1,Northern America_female_Millennials
Q726625,Alessia Fabiani,28,1,Southern Europe_female_Generation X
Q7271358,Querelle Jansen,15,0,Western Europe_female_Millennials
Q7277671,RR Enriquez,10,0,South-eastern Asia_female_Millennials
Q7279199,Rachel Clark,13,0,Northern America_female_Millennials
Q7279480,Rachelle Leah,31,1,Northern America_female_Millennials
Q7294425,Raquel Beezley,16,0,Northern America_female_Millennials
Q729757,Natasha Poly,45,1,Eastern Europe_female_Millennials
Q7301720,Rebecca DiPietro,17,0,Northern America_female_Generation X
Q7301762,Rebecca Hardy,13,0,Northern America_female_Millennials
Q73066072,Sem Graham,8,0,Northern America_female_Generation Z
Q7312577,Renata Christian,13,0,Northern America_female_Millennials
Q7312969,Renee Alway,16,0,Northern America_female_Millennials
Q732109,Patricia Spehar,22,1,Western Europe_female_Generation X
Q7321373,RhondaLee Quaresma,21,1,Northern America_female_Generation X
Q73228848,Beatrice Valli,9,0,Southern Europe_female_Generation Z
Q7336585,Rita Pereira,21,1,Southern Europe_female_Millennials
Q734429,Yvonne Ryding,39,1,Northern Europe_female_Baby Boomers
Q734601,Leena Brusiin,29,1,Northern Europe_female_Baby Boomers
Q734706,Johanna Lasic,15,0,South America_female_Millennials
Q7356082,Rocío Guirao Díaz,24,1,South America_female_Millennials
Q7367618,RoseMarie Reyes,18,1,Northern America_female_Millennials
Q7369055,Roslyn Fuller,26,1,Northern America_female_Generation X
Q7383608,Ruxandra Popa,13,0,Eastern Europe_female_Millennials
Q7402581,Saiyma Haroon,6,0,Northern Europe_female_Generation X
Q7408545,Saman Hasnain,11,0,Southern Asia_female_Generation X
Q7415430,Sana Nawaz,17,0,Southern Asia_female_Generation X
Q7415964,Sandali Sinha,20,1,Southern Asia_female_Generation X
Q7417165,Sandy Bentley,19,1,Northern America_female_Generation X
Q7417916,Sangita Ghosh,28,1,Southern Asia_female_Generation X
Q7421638,Sara Gjoni,11,0,Southern Europe_female_Millennials
Q7422007,Sarah-Elizabeth Langford,17,0,Northern America_female_Generation X
Q7422639,Sarah Nile,21,1,Southern Europe_female_Millennials
Q742600,Brenda Costa,17,0,South America_female_Millennials
Q74434820,Alejandra Guilmant,18,1,Central America_female_Millennials
Q74435412,Charis Boyle,22,1,Northern America_female_Generation X
Q74436714,Allie Silva,16,0,Northern America_female_Millennials
Q74436776,Amanda Streich,17,0,Eastern Europe_female_Millennials
Q74436958,Amelia Talon,22,1,Northern America_female_Millennials
Q74437105,Amy Leigh Andrews,19,1,Northern America_female_Millennials
Q745670,Vilayna LaSalle,21,1,Northern America_female_Millennials
Q74646175,Sireethorn Leearamwat,27,1,South-eastern Asia_female_Millennials
Q7488641,Shanice Marcus,20,1,Western Europe_female_Millennials
Q7488653,Shanira Blanco,14,0,Northern America_female_Millennials
Q7488947,Shannon Rusbuldt,9,0,Northern America_female_Millennials
Q74899204,Lianna Grethel,11,0,Northern America_female_Generation X
Q7491019,Shauna Baker,19,1,Northern America_female_Millennials
Q7491024,Shauna Gambill,15,0,Northern America_female_Generation X
Q7492542,Sheetal Mallar,18,1,Southern Asia_female_Generation X
Q7496021,Shibani Dandekar,21,1,Southern Asia_female_Generation X
Q7509473,Sidorela Kola,10,0,Southern Europe_female_Generation X
Q7515698,Silvana Vásquez,11,0,South America_female_Millennials
Q7520172,Simona Andrejić,16,0,Southern Europe_female_Millennials
Q75239273,Rosario Nadal,32,1,Southern Europe_female_Generation X
Q7532422,Ooha,13,0,Southern Asia_female_Generation X
Q75333151,Lady Sophia Hamilton,27,1,Northern Europe_female_Generation X
Q7540593,Slim Keith,43,1,Northern America_female_Greatest Generation
Q7553752,Sofija Milošević,12,0,Southern Europe_female_Millennials
Q7561708,Sonia Ferrer,29,1,Southern Europe_female_Generation X
Q7562955,Sophie Anderton,22,1,Northern Europe_female_Generation X
Q7562961,Sophie Blake,13,0,Northern Europe_female_Generation X
Q75767455,Maja Synke Meinert,21,1,Western Europe_female_Generation X
Q75839686,Michelle Gemelli,9,0,South America_female_Millennials
Q75854412,Mariana Felicio,21,1,South America_female_Millennials
Q75993060,Nuelle Alves,14,0,South America_female_Millennials
Q7605999,Stef Prescott,18,1,Northern America_female_Millennials
Q7606383,Stefanie Gossweiler,12,0,Western Europe_female_Millennials
Q7607058,Stella Díaz,10,0,Northern America_female_Millennials
Q7608379,Stephanie Retuya,10,0,South-eastern Asia_female_Millennials
Q76425118,Bruna Manzon,17,0,South America_female_Millennials
Q7647653,Susan Carrizo,13,0,South America_female_Millennials
Q7647971,Susan Holmes,18,1,Northern America_female_Generation X
Q7650690,Suzana Al-Salkini,8,0,Eastern Europe_female_Millennials
Q7652538,Svetlana Stepankovskaya,12,0,Eastern Europe_female_Millennials
Q7661099,Syma Chowdhry,16,0,Northern America_female_Generation X
Q76669208,Amanda Gontijo,13,0,South America_female_Millennials
Q767060,Bojana Lečić,11,0,Southern Europe_female_Millennials
Q7676177,Taina,10,0,Northern America_female_Generation X
Q7676774,Tajana Jeremić,12,0,Southern Europe_female_Millennials
Q76809904,Ingrid Aceitón Hormazabal,14,0,South America_female_Millennials
Q7681197,Tami Farrell,25,1,Northern America_female_Millennials
Q7681584,Tammy Horton,13,0,Northern America_female_Millennials
Q7684863,Tapur Chatterjee,15,0,Southern Asia_female_Generation X
Q7685109,Tara Moss,50,1,Northern America_female_Generation X
Q7685149,Tara Stiles,42,1,Northern America_female_Millennials
Q7686986,Taryn Davidson,15,0,Northern America_female_Millennials
Q7687176,Tasha Tilberg,20,1,Northern America_female_Generation X
Q7688067,Tatiana Cotliar,15,0,South America_female_Millennials
Q7688101,Tatiana Najera,11,0,South America_female_Millennials
Q76909970,Luciana Picorelli,21,1,South America_female_Millennials
Q76910604,Juliana Araujo,7,0,South America_female_Millennials
Q7694857,Asifuzzaman Shakib,10,0,Northern America_female_Millennials
Q7702328,Tereza Budková,16,0,Eastern Europe_female_Millennials
Q7705560,Tess Daly,43,1,Northern Europe_female_Generation X
Q7705577,Tess Taylor,27,1,Northern America_female_Millennials
Q7711606,Thaís Pacholek,17,0,South America_female_Millennials
Q77179678,Aliya Wolf,20,1,Northern America_female_Generation X
Q77296363,Laura Escanes,30,1,Southern Europe_female_Generation Z
Q773732,Helen Morgan,20,1,Northern Europe_female_Baby Boomers
Q77435,Lena Gercke,53,1,Western Europe_female_Millennials
Q77443,Julia Stegner,30,1,Western Europe_female_Millennials
Q77620,Sara Nuru,40,1,Western Europe_female_Millennials
Q776435,Jenny Boyd,34,1,Northern Europe_female_Baby Boomers
Q77838,Jennifer Hof,23,1,Western Europe_female_Millennials
Q77915301,Anntonia Porsild,19,1,Southern Asia_female_Generation Z
Q7801191,Tiffany Andrade Roche,11,0,South America_female_Millennials
Q7801808,Tijana Arnautović,15,0,Southern Europe_female_Millennials
Q7801810,Tijana Rakić,9,0,Southern Europe_female_Millennials
Q7801813,Tijana Stajšić,7,0,Southern Europe_female_Millennials
Q7825760,Tori Praver,23,1,Northern America_female_Millennials
Q7831735,Tracy Freundt,11,0,South America_female_Millennials
Q78331381,Lera Abova,31,1,Eastern Europe_female_Millennials
Q7833324,Trần Thị Thùy Dung,16,0,South-eastern Asia_female_Millennials
Q7860188,Tyler Willis,14,0,Northern America_female_Generation X
Q787917,Ellen Petri,17,0,Western Europe_female_Millennials
Q789566,Edina Balogh,23,1,Eastern Europe_female_Millennials
Q7909312,Valbona Selimllari,9,0,Southern Europe_female_Generation X
Q7916120,Varsha Usgaonkar,23,1,Southern Asia_female_Generation X
Q7918025,Vedrana Grbović,7,0,Southern Europe_female_Millennials
Q7919711,Venessa Fisher,13,0,Northern America_female_Millennials
Q7922444,Veronica Portillo,13,0,Northern America_female_Generation X
Q7922513,Veronika Červenková,14,0,Eastern Europe_female_Millennials
Q7925405,Vicki Hodge,21,1,Northern Europe_female_Baby Boomers
Q7926560,Victoria Arlen,33,1,Northern America_female_Millennials
Q79267134,Mama Cax,23,1,Northern America_female_Millennials
Q7928402,Viera Schottertova,11,0,Eastern Europe_female_Millennials
Q7937813,Viviana Ramos,9,0,South America_female_Millennials
Q7943273,Vu Hoang Diep,15,0,South-eastern Asia_female_Millennials
Q7967127,Wanda Nara,42,1,South America_female_Millennials
Q7982627,Wendy Cordero,11,0,Central America_female_Millennials
Q80128151,Marta Shkop,20,1,Eastern Europe_female_Millennials
Q8039365,Wutt Hmone Shwe Yi,14,0,South-eastern Asia_female_Millennials
Q8049830,Yasmin Brunet,43,1,South America_female_Millennials
Q8051327,Yeidy Bosques,10,0,Northern America_female_Millennials
Q8054446,Yohana Benítez,10,0,South America_female_Millennials
Q80589343,Janni Ree,13,0,Northern Europe_female_Generation X
Q8069672,Zeryl Lim,10,0,South-eastern Asia_female_Millennials
Q8075472,Zuzana Jandová,18,1,Eastern Europe_female_Millennials
Q8075479,Zuzana Snow,9,0,Eastern Europe_female_Millennials
Q8076556,Ágnes Dobó,11,0,Eastern Europe_female_Millennials
Q81753687,Joselyn Cano,19,1,Northern America_female_Millennials
Q8204247,Ariadne Artiles,21,1,Southern Europe_female_Millennials
Q8265341,Cissy Wang,18,1,South America_female_Millennials
Q83452155,Jordy Murray,19,1,Northern America_female_Millennials
Q835868,Zsuzsanna Laky,14,0,Eastern Europe_female_Millennials
Q83827832,Natalia Bryant,49,1,Northern America_female_Generation Z
Q84082164,Silvana Denker,9,0,Western Europe_female_Millennials
Q842173,Shannon Stewart,25,1,Northern America_female_Millennials
Q8431959,Radka Kocurová,16,0,Eastern Europe_female_Millennials
Q84365055,Hannah Ann Sluss,17,0,Northern America_female_Generation Z
Q845736,Elyse Sewell,17,0,Northern America_female_Millennials
Q846070,Elizabeth Gutiérrez,34,1,Northern America_female_Generation X
Q8462139,Constanza Báez,15,0,South America_female_Millennials
Q84703730,Garima Chaurasia,15,0,Southern Asia_female_Generation Z
Q84996373,A Nyein Phyu,10,0,South-eastern Asia_female_Generation Z
Q8506034,Denisa Grossmanová,7,0,Eastern Europe_female_Millennials
Q8506589,Gabriela Kratochvílová,21,1,Eastern Europe_female_Millennials
Q85295676,Ludovica Pagani,14,0,Southern Europe_female_Generation Z
Q854865,Sylvi Bódi,15,0,Eastern Europe_female_Millennials
Q85678955,Thinzar Wint Kyaw,13,0,South-eastern Asia_female_Millennials
Q85697,Alexandra Kamp,48,1,Western Europe_female_Generation X
Q85745984,Lela Ceterová,15,0,Eastern Europe_female_Millennials
Q85865766,Maryla Morydz,11,0,Eastern Europe_female_Millennials
Q85913338,Carla Yules,21,1,South-eastern Asia_female_Generation Z
Q85973853,Jachin Manere,7,0,South-eastern Asia_female_Generation Z
Q85985117,Wanna Ali,16,0,South-eastern Asia_female_Generation Z
Q85989007,Ayu Maulida,20,1,South-eastern Asia_female_Generation Z
Q85999,Aylin Kösetürk,10,0,Western Europe_female_Millennials
Q86010694,Nguyễn Thị Ngọc Châu,20,1,South-eastern Asia_female_Millennials
Q86080744,Aavriti Choudhary,12,0,Southern Asia_female_Generation Z
Q865249,Birgit Jahn,10,0,Western Europe_female_Generation X
Q87276493,Keleigh Sperry,20,1,Northern America_female_Millennials
Q87328119,Sarah Baderna,11,0,Southern Europe_female_Millennials
Q87363518,Brittany Weiss,12,0,Northern America_female_Generation X
Q874640,Cecilia Méndez,19,1,South America_female_Millennials
Q87517903,Giulia Ragazzini,10,0,Southern Europe_female_Generation Z
Q87737224,Thandar Bo,11,0,South-eastern Asia_female_Millennials
Q87850885,Robin Schenk,29,1,Western Europe_female_Millennials
Q87876939,Ivana Alawi,26,1,South-eastern Asia_female_Generation Z
Q88100594,Danijela Vinš,16,0,Southern Europe_female_Millennials
Q88105,Lydia Nnenna Obute,13,0,Western Europe_female_Millennials
Q88965321,Maria Suarez,17,0,Northern America_female_Millennials
Q89020,Céline Roscheck,19,1,Western Europe_female_Millennials
Q8925853,Eugena Washington,34,1,Northern America_female_Millennials
Q8927305,Lisa Jackson,14,0,Northern America_female_Millennials
Q8951675,Archduchess Eleonore of Austria,39,1,Western Europe_female_Millennials
Q8953615,Vika Falileeva,12,0,Eastern Europe_female_Millennials
Q8959420,Leila Goldkuhl,23,1,Northern America_female_Millennials
Q89894250,Elisabeth Aronis,12,0,Western Europe_female_Millennials
Q89899,Christine Reiler,19,1,Western Europe_female_Millennials
Q9012825,Kati Nescher,16,0,Eastern Europe_female_Millennials
Q901426,Jázmin Dammak,18,1,Eastern Europe_female_Millennials
Q9020852,Laura de la Calle,13,0,Southern Europe_female_Generation X
Q902331,Diana Starkova,23,1,Western Europe_female_Millennials
Q9027133,Malena Costa Sjögren,21,1,Southern Europe_female_Millennials
Q9028923,Mariana Velho,11,0,South America_female_Millennials
Q9030626,Olga Sherer,15,0,Eastern Europe_female_Millennials
Q9030679,Nastasia Scott,14,0,Northern America_female_Millennials
Q903186,Zita Debreczeni,12,0,Eastern Europe_female_Millennials
Q90416236,Marisa Papen,16,0,Western Europe_female_Millennials
Q9049956,Nicole Santamaria,14,0,South America_female_Millennials
Q905439,Elisa Bridges,29,1,Northern America_female_Generation X
Q9077361,Silvana Altahona,10,0,South America_female_Millennials
Q9079846,Stephanie Cardone,12,0,South America_female_Millennials
Q9087669,Tilsa Lozano,25,1,South America_female_Millennials
Q910953,Regina Dukai,15,0,Eastern Europe_female_Millennials
Q9150331,Anais Alexander,25,1,Northern America_female_Generation X
Q91512524,Val Keil,26,1,Northern America_female_Millennials
Q91515898,Ashley Mattingly,21,1,Northern America_female_Millennials
Q9154448,Aneta Piotrowska,12,0,Eastern Europe_female_Millennials
Q9154641,Ania Golędzinowska,17,0,Eastern Europe_female_Millennials
Q9155234,Anna Jamróz,16,0,Eastern Europe_female_Millennials
Q9155735,Anna Szarek,23,1,Eastern Europe_female_Millennials
Q9165622,Barbara Tatara,18,1,Eastern Europe_female_Millennials
Q91827984,Ivy Moraes,22,1,South America_female_Millennials
Q9185437,Cecilia Chancellor,20,1,Northern Europe_female_Generation X
Q91902,Janine Habeck,29,1,Western Europe_female_Millennials
Q9203067,Debbie Deitering,12,0,Northern America_female_Generation X
Q9203089,Debra Shaw,12,0,Northern America_female_Generation X
Q9252817,Eliska Sursova,16,0,Northern America_female_Millennials
Q9253712,Emma Balfour,12,0,Northern Europe_female_Generation X
Q9265281,Gail Elliott,15,0,Northern Europe_female_Generation X
Q9276312,Greta Ludziejewska,13,0,Eastern Europe_female_Millennials
Q92896529,Ainhoa Sánchez,11,0,Southern Europe_female_Millennials
Q9317341,Larisa Bakurova,32,1,Eastern Europe_female_Millennials
Q9322781,Rosemary Ferguson,12,0,Northern Europe_female_Baby Boomers
Q9332712,Saffron Aldridge,22,1,Northern Europe_female_Generation X
Q93675150,Micol Di Segni,16,0,Southern Europe_female_Millennials
Q94706986,Yuriko Londono,15,0,South America_female_Millennials
Q94831926,Anneke Necro,25,1,Southern Europe_female_Millennials
Q950000,Priscila Machado,17,0,South America_female_Millennials
Q95019,Norma Shearer,149,1,Northern America_female_Greatest Generation
Q95089994,Martina Kopřivová,13,0,Eastern Europe_female_Millennials
Q950960,Daniella Sarahyba,29,1,South America_female_Millennials
Q951015,Gabriela Zavala,12,0,Central America_female_Millennials
Q95224430,Vanja Rašova,9,0,Western Europe_female_Millennials
Q954225,Erin Everly,18,1,Northern America_female_Generation X
Q95560296,Victoria Blair Rhemrev,24,1,Northern America_female_Generation Z
Q959460,Kara Lord,12,0,South America_female_Millennials
Q96069,Doris Schmidts,18,1,Eastern Europe_female_Millennials
Q96094189,Sonica Rokaya,18,1,Southern Asia_female_Generation Z
Q9631377,Arthur Sales,15,0,South America_male_Millennials
Q963474,Mona Grudt,36,1,Northern Europe_female_Generation X
Q96472836,Juliette Norton,17,0,Northern Europe_female_Generation X
Q964777,Barbara Chiappini,31,1,Southern Europe_female_Generation X
Q9653214,Matheus Song,16,0,South America_male_Millennials
Q966938,Saleisha Stowers,28,1,Northern America_female_Millennials
Q96739518,Sara Croce,16,0,Southern Europe_female_Generation Z
Q96741538,Romina Malaspina,26,1,South America_female_Millennials
Q96748489,Hugo García,19,1,South America_male_Millennials
Q96790689,Isabella Zuniga,7,0,South America_female_Millennials
Q96803124,Rocky Barnes,10,0,Northern America_female_Millennials
Q968326,Jazmín De Grazia,19,1,South America_female_Millennials
Q96841992,Marie Claire Harp,16,0,South America_female_Millennials
Q96855,Jana Beller,27,1,Eastern Europe_female_Millennials
Q9697678,Carolina Thaler,15,0,South America_female_Millennials
Q9697686,Caroline Bittencourt,21,1,South America_female_Millennials
Q97183328,Liza Kei,19,1,Eastern Europe_female_Millennials
Q97194686,Aurra Kharishma,15,0,South-eastern Asia_female_Generation Z
Q97278265,,9,0,Eastern Europe_female_Millennials
Q97382977,Sunerah Binte Kamal,13,0,Southern Asia_female_Generation Z
Q97405820,Sully Sáenz,19,1,South America_female_Millennials
Q974387,Valérie Claisse,16,0,Western Europe_female_Generation X
Q97458986,Aída Martínez,13,0,South America_female_Millennials
Q97570968,Guty Carrera,17,0,South America_male_Millennials
Q97574601,Khrystyana Kazakova,19,1,Eastern Europe_female_Millennials
Q97672344,,9,0,Eastern Europe_female_Millennials
Q97828333,Khay Sett Thwin,9,0,South-eastern Asia_female_Millennials
Q97840197,Nay Chi Shoon Lak,10,0,South-eastern Asia_female_Generation Z
Q97860444,Diogo Hens,13,0,South America_male_Millennials
Q979262,JWoww,50,1,Northern America_female_Millennials
Q97932940,Lorena Durán,14,0,Southern Europe_female_Millennials
Q97942472,Than Thar Moe Theint,8,0,South-eastern Asia_female_Generation Z
Q98106253,Heaven Peralejo,17,0,South-eastern Asia_female_Millennials
Q98165672,Mia Regan,12,0,Northern Europe_female_Generation Z
Q98280511,Irina Vodolazova,13,0,Eastern Europe_female_Millennials
Q983105,Francisco Lachowski,26,1,South America_male_Millennials
Q98318131,Kristin Hoppe,12,0,Western Europe_female_Millennials
Q98382874,Bryana Holly,19,1,Northern America_female_Millennials
Q98556634,Francisca Luhong James,11,0,South-eastern Asia_female_Generation Z
Q98594957,Andromeda Peters,12,0,Northern America_female_Millennials
Q98598259,Cristiana Silva,11,0,Southern Europe_female_Generation Z
Q98940568,Shalini Quattlebaum,11,0,Northern America_female_Generation Z
Q99519786,Theresia Fischer,21,1,Western Europe_female_Millennials
Q99521818,Nataša Pinoza,9,0,Southern Europe_female_Millennials
Q99560782,Anamarija Avbelj,8,0,Southern Europe_female_Millennials
Q99850381,Priscilla Quintana,22,1,Northern America_female_Millennials
